5.0000 0.0000 0.0000
10.0000 0.0000 0.0000
15.0000 0.0000 0.0000
20.0000 0.0000 0.0000
25.0000 0.0045 0.0000
30.0000 0.0160 0.0001
35.0000 0.0318 0.0002
40.0000 0.0318 0.0002
45.0000 0.0318 0.0002
50.0000 0.0318 0.0002
55.0000 0.0355 0.0002
60.0000 0.0467 0.0003
65.0000 0.0574 0.0003
70.0000 0.0574 0.0003
75.0000 0.0574 0.0003
80.0000 0.0574 0.0003
85.0000 0.0981 0.0016
90.0000 0.1064 0.0016
95.0000 0.1176 0.0017
100.0000 0.1176 0.0017
105.0000 0.1176 0.0017
110.0000 0.1176 0.0017
115.0000 0.1581 0.0027
120.0000 0.1703 0.0027
125.0000 0.1810 0.0027
130.0000 0.2265 0.0046
135.0000 0.2265 0.0046
140.0000 0.2305 0.0046
145.0000 0.2449 0.0046
150.0000 0.2449 0.0046
155.0000 0.2791 0.0047
160.0000 0.2889 0.0048
165.0000 0.2920 0.0048
170.0000 0.2968 0.0048
175.0000 0.3045 0.0047
180.0000 0.3174 0.0048
185.0000 0.3275 0.0048
190.0000 0.3325 0.0048
195.0000 0.3325 0.0048
200.0000 0.3400 0.0048
205.0000 0.3400 0.0048
210.0000 0.3516 0.0048
215.0000 0.3516 0.0048
220.0000 0.3561 0.0048
225.0000 0.3704 0.0049
230.0000 0.3739 0.0049
235.0000 0.3739 0.0049
240.0000 0.3835 0.0049
245.0000 0.3963 0.0049
250.0000 0.4022 0.0049
255.0000 0.4093 0.0049
260.0000 0.4141 0.0050
265.0000 0.4261 0.0052
270.0000 0.4381 0.0052
275.0000 0.4381 0.0052
280.0000 0.4417 0.0053
285.0000 0.4509 0.0053
290.0000 0.4963 0.0070
295.0000 0.5280 0.0074
300.0000 0.5319 0.0074
305.0000 0.5378 0.0074
310.0000 0.5424 0.0074
315.0000 0.5579 0.0076
320.0000 0.5692 0.0078
325.0000 0.5749 0.0078
330.0000 0.6320 0.0087
335.0000 0.6320 0.0087
340.0000 0.6421 0.0088
345.0000 0.6472 0.0089
350.0000 0.6867 0.0113
355.0000 0.7444 0.0128
360.0000 0.7499 0.0128
365.0000 0.7803 0.0155
370.0000 0.8120 0.0200
375.0000 0.8436 0.0205
380.0000 0.8484 0.0205
385.0000 0.8565 0.0205
390.0000 0.8615 0.0205
395.0000 0.8656 0.0205
400.0000 0.8703 0.0205
405.0000 0.8703 0.0205
410.0000 0.8750 0.0205
415.0000 0.8800 0.0204
420.0000 0.8880 0.0207
425.0000 0.8994 0.0206
430.0000 0.9060 0.0206
435.0000 0.9117 0.0206
440.0000 0.9216 0.0206
445.0000 0.9216 0.0206
450.0000 0.9405 0.0206
455.0000 1.0225 0.0217
460.0000 1.0638 0.0247
465.0000 1.0638 0.0247
470.0000 1.0832 0.0248
475.0000 1.0975 0.0248
480.0000 1.1097 0.0248
485.0000 1.1284 0.0249
490.0000 1.1783 0.0260
495.0000 1.1829 0.0259
500.0000 1.1873 0.0259
505.0000 1.1916 0.0259
510.0000 1.1984 0.0259
515.0000 1.2285 0.0261
520.0000 1.3192 0.0334
525.0000 1.3901 0.0451
530.0000 1.4219 0.0478
535.0000 1.4588 0.0535
540.0000 1.4634 0.0535
545.0000 1.4760 0.0536
550.0000 1.4815 0.0537
555.0000 1.5056 0.0538
560.0000 1.5169 0.0536
565.0000 1.5213 0.0536
570.0000 1.5289 0.0536
575.0000 1.5444 0.0536
580.0000 1.5503 0.0535
585.0000 1.5916 0.0583
590.0000 1.7242 0.0667
595.0000 1.7242 0.0667
600.0000 1.7416 0.0668
605.0000 1.7514 0.0669
610.0000 1.7514 0.0669
615.0000 1.7558 0.0669
620.0000 1.7558 0.0669
625.0000 1.7558 0.0669
630.0000 1.7766 0.0668
635.0000 1.7798 0.0668
640.0000 1.7981 0.0670
645.0000 1.8098 0.0674
650.0000 1.8681 0.0724
655.0000 1.9203 0.0799
660.0000 1.9398 0.0799
665.0000 1.9435 0.0798
670.0000 1.9552 0.0798
675.0000 1.9628 0.0799
680.0000 1.9773 0.0797
685.0000 2.0454 0.0886
690.0000 2.0567 0.0885
695.0000 2.0635 0.0885
700.0000 2.1010 0.0967
705.0000 2.1010 0.0967
710.0000 2.1532 0.1115
715.0000 2.1885 0.1133
720.0000 2.1885 0.1133
725.0000 2.1996 0.1132
730.0000 2.2844 0.1340
735.0000 2.3214 0.1333
740.0000 2.3279 0.1333
745.0000 2.3810 0.1521
750.0000 2.4343 0.1723
755.0000 2.4343 0.1723
760.0000 2.4827 0.1721
765.0000 2.4997 0.1717
770.0000 2.5072 0.1716
775.0000 2.5361 0.1725
780.0000 2.5463 0.1722
785.0000 2.5532 0.1721
790.0000 2.5598 0.1721
795.0000 2.5676 0.1719
800.0000 2.5766 0.1720
805.0000 2.5766 0.1720
810.0000 2.6748 0.1733
815.0000 2.6830 0.1732
820.0000 2.6931 0.1731
825.0000 2.6931 0.1731
830.0000 2.7005 0.1729
835.0000 2.7033 0.1729
840.0000 2.7315 0.1730
845.0000 2.7726 0.1872
850.0000 2.7922 0.1872
855.0000 2.8017 0.1872
860.0000 2.8181 0.1871
865.0000 2.8300 0.1869
870.0000 2.8627 0.1880
875.0000 2.8843 0.1881
880.0000 2.8843 0.1881
885.0000 2.8934 0.1881
890.0000 2.8934 0.1881
895.0000 2.9400 0.2013
900.0000 2.9838 0.2172
905.0000 3.0044 0.2168
910.0000 3.0179 0.2168
915.0000 3.0277 0.2166
920.0000 3.0318 0.2165
925.0000 3.0318 0.2165
930.0000 3.0447 0.2164
935.0000 3.0544 0.2165
940.0000 3.1319 0.2170
945.0000 3.1685 0.2205
950.0000 3.2558 0.2336
955.0000 3.2936 0.2361
960.0000 3.2984 0.2361
965.0000 3.3302 0.2364
970.0000 3.3650 0.2448
975.0000 3.3729 0.2443
980.0000 3.3764 0.2443
985.0000 3.4105 0.2464
990.0000 3.4222 0.2464
995.0000 3.4342 0.2460
1000.0000 3.5064 0.2450
1005.0000 3.5532 0.2477
1010.0000 3.5532 0.2477
1015.0000 3.5583 0.2477
1020.0000 3.5932 0.2513
1025.0000 3.5988 0.2512
1030.0000 3.6188 0.2510
1035.0000 3.6347 0.2514
1040.0000 3.6394 0.2513
1045.0000 3.6676 0.2500
1050.0000 3.6753 0.2496
1055.0000 3.7155 0.2484
1060.0000 3.7219 0.2481
1065.0000 3.7219 0.2481
1070.0000 3.7778 0.2463
1075.0000 3.7860 0.2460
1080.0000 3.7949 0.2459
1085.0000 3.8817 0.2900
1090.0000 3.9716 0.3131
1095.0000 3.9863 0.3129
1100.0000 4.1007 0.3333
1105.0000 4.1176 0.3332
1110.0000 4.1334 0.3334
1115.0000 4.2121 0.3414
1120.0000 4.2621 0.3492
1125.0000 4.2621 0.3492
1130.0000 4.3282 0.3743
1135.0000 4.3663 0.3769
1140.0000 4.3744 0.3766
1145.0000 4.3897 0.3761
1150.0000 4.4462 0.3810
1155.0000 4.4549 0.3809
1160.0000 4.4873 0.3858
1165.0000 4.5456 0.3868
1170.0000 4.5585 0.3867
1175.0000 4.5710 0.3860
1180.0000 4.5710 0.3860
1185.0000 4.6078 0.3939
1190.0000 4.6525 0.3976
1195.0000 4.6722 0.3977
1200.0000 4.6816 0.3978
1205.0000 4.7294 0.3978
1210.0000 4.7452 0.3979
1215.0000 4.8202 0.4054
1220.0000 4.8316 0.4052
1225.0000 4.8893 0.4042
1230.0000 4.9089 0.4037
1235.0000 4.9686 0.4058
1240.0000 5.0378 0.4099
1245.0000 5.0608 0.4101
1250.0000 5.1047 0.4153
1255.0000 5.1144 0.4151
1260.0000 5.1751 0.4146
1265.0000 5.2898 0.4314
1270.0000 5.3072 0.4306
1275.0000 5.3101 0.4305
1280.0000 5.3893 0.4548
1285.0000 5.4255 0.4523
1290.0000 5.4360 0.4518
1295.0000 5.4766 0.4553
1300.0000 5.4997 0.4559
1305.0000 5.5510 0.4564
1310.0000 5.5908 0.4603
1315.0000 5.6069 0.4615
1320.0000 5.6328 0.4600
1325.0000 5.6781 0.4661
1330.0000 5.7565 0.4620
1335.0000 5.7744 0.4616
1340.0000 5.8168 0.4585
1345.0000 5.8564 0.4588
1350.0000 6.0149 0.4837
1355.0000 6.0520 0.4813
1360.0000 6.1170 0.4996
1365.0000 6.2434 0.5499
1370.0000 6.2570 0.5499
1375.0000 6.2781 0.5502
1380.0000 6.3328 0.5575
1385.0000 6.3961 0.5556
1390.0000 6.4451 0.5563
1395.0000 6.5100 0.5543
1400.0000 6.5813 0.5627
1405.0000 6.5882 0.5629
1410.0000 6.6761 0.5788
1415.0000 6.6958 0.5785
1420.0000 6.7467 0.5966
1425.0000 6.7515 0.5964
1430.0000 6.8271 0.5969
1435.0000 6.8414 0.5968
1440.0000 6.8866 0.6111
1445.0000 6.8995 0.6104
1450.0000 6.9931 0.6536
1455.0000 7.0091 0.6532
1460.0000 7.0867 0.6572
1465.0000 7.1336 0.6605
1470.0000 7.1473 0.6604
1475.0000 7.1513 0.6602
1480.0000 7.2364 0.6838
1485.0000 7.3455 0.7256
1490.0000 7.3720 0.7237
1495.0000 7.4070 0.7230
1500.0000 7.4278 0.7226
1505.0000 7.4826 0.7289
1510.0000 7.5012 0.7290
1515.0000 7.5720 0.7517
1520.0000 7.6269 0.7556
1525.0000 7.6687 0.7539
1530.0000 7.7207 0.7809
1535.0000 7.7666 0.7877
1540.0000 7.8068 0.8102
1545.0000 7.8226 0.8092
1550.0000 7.8226 0.8092
1555.0000 7.8356 0.8085
1560.0000 7.8753 0.8132
1565.0000 7.8801 0.8125
1570.0000 7.9317 0.8191
1575.0000 7.9863 0.8291
1580.0000 7.9969 0.8285
1585.0000 8.0005 0.8280
1590.0000 8.0408 0.8277
1595.0000 8.0900 0.8576
1600.0000 8.1009 0.8571
1605.0000 8.1209 0.8561
1610.0000 8.1360 0.8551
1615.0000 8.1487 0.8553
1620.0000 8.1580 0.8546
1625.0000 8.2191 0.8639
1630.0000 8.2582 0.8657
1635.0000 8.2759 0.8648
1640.0000 8.3116 0.8642
1645.0000 8.3190 0.8635
1650.0000 8.3299 0.8629
1655.0000 8.3391 0.8625
1660.0000 8.3559 0.8616
1665.0000 8.3604 0.8616
1670.0000 8.3846 0.8601
1675.0000 8.3943 0.8596
1680.0000 8.4109 0.8586
1685.0000 8.4793 0.8678
1690.0000 8.5604 0.8829
1695.0000 8.6138 0.8999
1700.0000 8.6619 0.8987
1705.0000 8.7192 0.9051
1710.0000 8.7824 0.9324
1715.0000 8.8916 0.9722
1720.0000 8.9011 0.9721
1725.0000 8.9045 0.9719
1730.0000 8.9091 0.9714
1735.0000 8.9206 0.9710
1740.0000 8.9366 0.9692
1745.0000 8.9442 0.9686
1750.0000 8.9442 0.9686
1755.0000 8.9595 0.9679
1760.0000 8.9595 0.9679
1765.0000 8.9697 0.9672
1770.0000 8.9799 0.9664
1775.0000 8.9938 0.9657
1780.0000 8.9938 0.9657
1785.0000 9.0019 0.9647
1790.0000 9.0090 0.9641
1795.0000 9.0165 0.9630
1800.0000 9.0244 0.9622
1805.0000 9.0358 0.9607
1810.0000 9.0584 0.9596
1815.0000 9.0654 0.9587
1820.0000 9.0732 0.9581
1825.0000 9.1088 0.9743
1830.0000 9.1502 0.9689
1835.0000 9.1581 0.9682
1840.0000 9.2205 1.0078
1845.0000 9.3317 1.0517
1850.0000 9.3427 1.0521
1855.0000 9.3637 1.0527
1860.0000 9.3810 1.0537
1865.0000 9.4048 1.0530
1870.0000 9.4502 1.0524
1875.0000 9.5326 1.1110
1880.0000 9.5518 1.1096
1885.0000 9.5645 1.1090
1890.0000 9.5759 1.1083
1895.0000 9.5886 1.1070
1900.0000 9.6723 1.1302
1905.0000 9.6857 1.1295
1910.0000 9.6958 1.1292
1915.0000 9.6958 1.1292
1920.0000 9.7004 1.1286
1925.0000 9.7193 1.1268
1930.0000 9.7453 1.1250
1935.0000 9.7788 1.1213
1940.0000 9.7928 1.1210
1945.0000 9.8291 1.1172
1950.0000 9.9427 1.1654
1955.0000 10.0561 1.2016
1960.0000 10.0979 1.2260
1965.0000 10.1413 1.2336
1970.0000 10.1838 1.2408
1975.0000 10.2604 1.2781
1980.0000 10.2777 1.2768
1985.0000 10.2903 1.2753
1990.0000 10.2903 1.2753
1995.0000 10.2903 1.2753
2000.0000 10.2903 1.2753
2005.0000 10.3834 1.3123
2010.0000 10.4706 1.3533
2015.0000 10.5544 1.3732
2020.0000 10.5620 1.3719
2025.0000 10.5704 1.3707
2030.0000 10.5704 1.3707
2035.0000 10.5829 1.3700
2040.0000 10.6808 1.3940
2045.0000 10.6953 1.3940
2050.0000 10.7591 1.3997
2055.0000 10.7714 1.3991
2060.0000 10.7802 1.3989
2065.0000 10.8300 1.4046
2070.0000 10.8497 1.4026
2075.0000 10.8595 1.4018
2080.0000 10.8595 1.4018
2085.0000 10.8634 1.4013
2090.0000 10.8828 1.4004
2095.0000 10.9057 1.3990
2100.0000 10.9200 1.3978
2105.0000 10.9297 1.3973
2110.0000 10.9590 1.4249
2115.0000 10.9627 1.4242
2120.0000 11.0098 1.4317
2125.0000 11.0131 1.4312
2130.0000 11.0388 1.4301
2135.0000 11.0574 1.4287
2140.0000 11.1304 1.4909
2145.0000 11.1439 1.4907
2150.0000 11.1488 1.4909
2155.0000 11.1712 1.4878
2160.0000 11.1930 1.4853
2165.0000 11.2174 1.4830
2170.0000 11.2456 1.4812
2175.0000 11.2640 1.4790
2180.0000 11.2992 1.4756
2185.0000 11.4044 1.5006
2190.0000 11.4304 1.4987
2195.0000 11.5376 1.5839
2200.0000 11.6420 1.5917
2205.0000 11.6558 1.5908
2210.0000 11.7085 1.6146
2215.0000 11.7561 1.6349
2220.0000 11.8106 1.6336
2225.0000 11.8409 1.6624
2230.0000 11.8805 1.6668
2235.0000 11.9285 1.6805
2240.0000 11.9767 1.6952
2245.0000 12.0346 1.7098
2250.0000 12.0428 1.7084
2255.0000 12.0717 1.7161
2260.0000 12.1175 1.7402
2265.0000 12.1533 1.7506
2270.0000 12.1568 1.7500
2275.0000 12.1758 1.7498
2280.0000 12.1984 1.7488
2285.0000 12.2033 1.7485
2290.0000 12.2453 1.7737
2295.0000 12.3375 1.8369
2300.0000 12.3783 1.8669
2305.0000 12.4572 1.9070
2310.0000 12.4944 1.9268
2315.0000 12.5461 1.9524
2320.0000 12.6572 2.0175
2325.0000 12.7104 2.0486
2330.0000 12.7801 2.1118
2335.0000 12.8040 2.1091
2340.0000 12.8154 2.1082
2345.0000 12.8154 2.1082
2350.0000 12.8204 2.1080
2355.0000 12.8929 2.1232
2360.0000 12.9547 2.1762
2365.0000 13.0358 2.1866
2370.0000 13.1370 2.2171
2375.0000 13.1926 2.2647
2380.0000 13.2955 2.2904
2385.0000 13.3003 2.2904
2390.0000 13.3041 2.2898
2395.0000 13.3149 2.2893
2400.0000 13.3243 2.2889
2405.0000 13.3280 2.2884
2410.0000 13.3411 2.2872
2415.0000 13.3928 2.2991
2420.0000 13.4343 2.3097
2425.0000 13.4414 2.3086
2430.0000 13.5210 2.3035
2435.0000 13.5885 2.3166
2440.0000 13.5885 2.3166
2445.0000 13.6306 2.3465
2450.0000 13.6422 2.3453
2455.0000 13.6422 2.3453
2460.0000 13.6837 2.3697
2465.0000 13.6953 2.3674
2470.0000 13.7231 2.3651
2475.0000 13.7701 2.4007
2480.0000 13.7701 2.4007
2485.0000 13.7792 2.3990
2490.0000 13.7792 2.3990
2495.0000 13.7847 2.3986
2500.0000 13.7961 2.3979
2505.0000 13.8570 2.4071
2510.0000 13.8650 2.4075
2515.0000 13.8797 2.4067
2520.0000 13.9274 2.4394
2525.0000 14.0395 2.4553
2530.0000 14.0794 2.4736
2535.0000 14.0941 2.4726
2540.0000 14.1366 2.4853
2545.0000 14.1690 2.4824
2550.0000 14.1960 2.4795
2555.0000 14.2069 2.4787
2560.0000 14.2945 2.5083
2565.0000 14.3197 2.5053
2570.0000 14.3413 2.5019
2575.0000 14.3503 2.5004
2580.0000 14.3663 2.4990
2585.0000 14.3756 2.4990
2590.0000 14.3892 2.4981
2595.0000 14.4085 2.4979
2600.0000 14.4129 2.4969
2605.0000 14.4623 2.5185
2610.0000 14.4674 2.5184
2615.0000 14.4815 2.5166
2620.0000 14.5588 2.5570
2625.0000 14.5736 2.5567
2630.0000 14.5832 2.5568
2635.0000 14.6014 2.5563
2640.0000 14.6257 2.5538
2645.0000 14.6751 2.5943
2650.0000 14.6911 2.5917
2655.0000 14.6989 2.5900
2660.0000 14.7080 2.5883
2665.0000 14.7560 2.6236
2670.0000 14.8018 2.6281
2675.0000 14.8184 2.6249
2680.0000 14.8266 2.6235
2685.0000 14.8350 2.6219
2690.0000 14.8392 2.6211
2695.0000 14.8522 2.6189
2700.0000 14.8705 2.6163
2705.0000 14.8784 2.6153
2710.0000 14.9170 2.6417
2715.0000 14.9259 2.6422
2720.0000 14.9410 2.6413
2725.0000 15.0089 2.6843
2730.0000 15.0285 2.6833
2735.0000 15.0317 2.6835
2740.0000 15.0520 2.6826
2745.0000 15.0635 2.6814
2750.0000 15.0817 2.6805
2755.0000 15.1072 2.6805
2760.0000 15.1359 2.6792
2765.0000 15.1448 2.6796
2770.0000 15.1500 2.6799
2775.0000 15.1608 2.6795
2780.0000 15.1980 2.6803
2785.0000 15.2372 2.6919
2790.0000 15.2447 2.6916
2795.0000 15.2447 2.6916
2800.0000 15.2447 2.6916
2805.0000 15.2526 2.6905
2810.0000 15.2649 2.6885
2815.0000 15.2701 2.6879
2820.0000 15.2870 2.6860
2825.0000 15.2995 2.6849
2830.0000 15.3401 2.6846
2835.0000 15.3401 2.6846
2840.0000 15.3878 2.6803
2845.0000 15.4841 2.7148
2850.0000 15.5221 2.7329
2855.0000 15.5338 2.7314
2860.0000 15.5496 2.7303
2865.0000 15.5620 2.7290
2870.0000 15.5965 2.7268
2875.0000 15.6462 2.7352
2880.0000 15.7046 2.7383
2885.0000 15.7279 2.7390
2890.0000 15.7326 2.7394
2895.0000 15.7388 2.7398
2900.0000 15.8123 2.7547
2905.0000 15.8178 2.7554
2910.0000 15.8257 2.7561
2915.0000 15.8402 2.7568
2920.0000 15.9002 2.7698
2925.0000 15.9186 2.7678
2930.0000 15.9384 2.7683
2935.0000 15.9463 2.7696
2940.0000 16.0317 2.8161
2945.0000 16.0605 2.8529
2950.0000 16.1266 2.8979
2955.0000 16.1614 2.8981
2960.0000 16.2457 2.9611
2965.0000 16.3106 2.9952
2970.0000 16.3247 2.9957
2975.0000 16.4583 3.0897
2980.0000 16.5184 3.1421
2985.0000 16.5922 3.2226
2990.0000 16.6537 3.2774
2995.0000 16.7415 3.3587
3000.0000 16.7358 3.3501
3005.0000 16.7503 3.3632
3010.0000 16.7662 3.3645
3015.0000 16.8506 3.3771
3020.0000 16.9313 3.4049
3025.0000 16.9554 3.4249
3030.0000 17.0072 3.4501
3035.0000 16.9920 3.4086
3040.0000 17.0008 3.4076
3045.0000 17.0192 3.4054
3050.0000 17.0518 3.4347
3055.0000 17.1140 3.4607
3060.0000 17.1597 3.4764
3065.0000 17.1749 3.4764
3070.0000 17.2147 3.4942
3075.0000 17.2238 3.4929
3080.0000 17.2945 3.5278
3085.0000 17.4469 3.5710
3090.0000 17.5024 3.5874
3095.0000 17.5081 3.5870
3100.0000 17.5510 3.6183
3105.0000 17.6015 3.6679
3110.0000 17.6067 3.6676
3115.0000 17.6307 3.6664
3120.0000 17.6961 3.6801
3125.0000 17.6961 3.6801
3130.0000 17.7377 3.7083
3135.0000 17.7510 3.7089
3140.0000 17.7708 3.7073
3145.0000 17.8323 3.7236
3150.0000 17.8494 3.7235
3155.0000 17.8494 3.7235
3160.0000 17.8546 3.7230
3165.0000 17.9252 3.7463
3170.0000 17.9252 3.7463
3175.0000 17.9643 3.7842
3180.0000 18.0114 3.8073
3185.0000 18.0114 3.8073
3190.0000 18.0114 3.8073
3195.0000 18.0150 3.8066
3200.0000 18.0235 3.8051
3205.0000 18.0325 3.8039
3210.0000 18.0932 3.8129
3215.0000 18.1225 3.8138
3220.0000 18.1360 3.8144
3225.0000 18.1487 3.8125
3230.0000 18.1712 3.8091
3235.0000 18.2544 3.8446
3240.0000 18.3501 3.8676
3245.0000 18.3955 3.8788
3250.0000 18.4084 3.8761
3255.0000 18.4367 3.8723
3260.0000 18.4504 3.8710
3265.0000 18.4670 3.8701
3270.0000 18.4844 3.8694
3275.0000 18.5526 3.8862
3280.0000 18.5975 3.8934
3285.0000 18.6358 3.9219
3290.0000 18.7685 4.0146
3295.0000 18.8269 4.0555
3300.0000 18.9140 4.1368
3305.0000 18.9274 4.1203
3310.0000 19.0078 4.1489
3315.0000 19.0471 4.1588
3320.0000 19.0835 4.1779
3325.0000 19.1263 4.2289
3330.0000 19.1734 4.2729
3335.0000 19.1887 4.2721
3340.0000 19.2422 4.3125
3345.0000 19.2726 4.3068
3350.0000 19.3346 4.3421
3355.0000 19.3511 4.3396
3360.0000 19.3599 4.3401
3365.0000 19.3599 4.3401
3370.0000 19.4054 4.3816
3375.0000 19.4311 4.3763
3380.0000 19.4371 4.3761
3385.0000 19.4559 4.3732
3390.0000 19.4683 4.3714
3395.0000 19.5141 4.4079
3400.0000 19.5477 4.4415
3405.0000 19.5563 4.4394
3410.0000 19.5677 4.4405
3415.0000 19.6079 4.4749
3420.0000 19.6182 4.4728
3425.0000 19.6564 4.4975
3430.0000 19.6795 4.4967
3435.0000 19.7483 4.4921
3440.0000 19.8510 4.5288
3445.0000 19.9114 4.5714
3450.0000 19.9489 4.6088
3455.0000 19.9703 4.6041
3460.0000 19.9908 4.6019
3465.0000 19.9944 4.6011
3470.0000 19.9994 4.6000
3475.0000 19.9994 4.6000
3480.0000 20.0358 4.6323
3485.0000 20.0423 4.6314
3490.0000 20.0562 4.6298
3495.0000 20.0735 4.6289
3500.0000 20.1225 4.6551
3505.0000 20.1770 4.6873
3510.0000 20.1876 4.6882
3515.0000 20.2790 4.7170
3520.0000 20.3177 4.7311
3525.0000 20.3223 4.7300
3530.0000 20.3439 4.7264
3535.0000 20.3540 4.7255
3540.0000 20.4285 4.8116
3545.0000 20.4341 4.8099
3550.0000 20.5167 4.8852
3555.0000 20.6052 4.9050
3560.0000 20.6645 4.9385
3565.0000 20.7277 5.0010
3570.0000 20.7416 5.0027
3575.0000 20.7536 5.0033
3580.0000 20.8093 5.0440
3585.0000 20.8596 5.0646
3590.0000 20.8990 5.0811
3595.0000 20.9021 5.0800
3600.0000 20.9478 5.1204
3605.0000 20.9669 5.1191
3610.0000 20.9715 5.1184
3615.0000 21.0453 5.1960
3620.0000 21.0596 5.1948
3625.0000 21.0596 5.1948
3630.0000 21.1428 5.2713
3635.0000 21.1994 5.2668
3640.0000 21.2439 5.2690
3645.0000 21.2810 5.2717
3650.0000 21.3330 5.2922
3655.0000 21.3330 5.2922
3660.0000 21.3330 5.2922
3665.0000 21.4344 5.3918
3670.0000 21.4576 5.3904
3675.0000 21.4733 5.3903
3680.0000 21.5249 5.4303
3685.0000 21.5391 5.4290
3690.0000 21.5391 5.4290
3695.0000 21.5575 5.4262
3700.0000 21.5575 5.4262
3705.0000 21.5635 5.4267
3710.0000 21.6463 5.4827
3715.0000 21.7024 5.5234
3720.0000 21.7534 5.5783
3725.0000 21.7729 5.5734
3730.0000 21.8288 5.5735
3735.0000 21.8419 5.5707
3740.0000 21.9288 5.6512
3745.0000 21.9484 5.6468
3750.0000 22.0302 5.6585
3755.0000 22.1144 5.6637
3760.0000 22.1874 5.7223
3765.0000 22.1677 5.6543
3770.0000 22.1835 5.6525
3775.0000 22.1955 5.6494
3780.0000 22.2155 5.6443
3785.0000 22.2355 5.6442
3790.0000 22.3531 5.6289
3795.0000 22.3905 5.6250
3800.0000 22.4075 5.6231
3805.0000 22.4268 5.6200
3810.0000 22.5041 5.6574
3815.0000 22.5292 5.6169
3820.0000 22.6207 5.6308
3825.0000 22.6891 5.6377
3830.0000 22.7385 5.6422
3835.0000 22.7967 5.7020
3840.0000 22.7967 5.7020
3845.0000 22.8063 5.6993
3850.0000 22.8492 5.7081
3855.0000 22.8492 5.7081
3860.0000 22.9261 5.7820
3865.0000 22.9395 5.7789
3870.0000 22.9972 5.7762
3875.0000 23.0038 5.7752
3880.0000 23.0221 5.7736
3885.0000 23.0423 5.7752
3890.0000 23.0792 5.7783
3895.0000 23.2498 5.8166
3900.0000 23.3007 5.8313
3905.0000 23.4348 5.8926
3910.0000 23.5120 5.9280
3915.0000 23.5659 5.9800
3920.0000 23.6050 6.0109
3925.0000 23.6413 6.0161
3930.0000 23.6856 6.0223
3935.0000 23.7158 6.0259
3940.0000 23.7230 6.0248
3945.0000 23.7407 6.0195
3950.0000 23.7447 6.0179
3955.0000 23.7707 6.0143
3960.0000 23.7856 6.0094
3965.0000 23.8450 6.0266
3970.0000 23.8661 6.0258
3975.0000 23.8715 6.0250
3980.0000 23.8441 5.9866
3985.0000 23.8515 5.9845
3990.0000 23.8648 5.9850
3995.0000 23.8795 5.9973
4000.0000 23.8795 5.9973
4005.0000 23.9334 6.0173
4010.0000 23.9395 6.0185
4015.0000 23.9499 6.0160
4020.0000 23.9668 6.0117
4025.0000 23.9766 6.0110
4030.0000 23.9957 6.0095
4035.0000 24.0794 6.0502
4040.0000 24.1338 6.0726
4045.0000 24.2231 6.1333
4050.0000 24.2860 6.1742
4055.0000 24.2912 6.1728
4060.0000 24.3356 6.2009
4065.0000 24.4181 6.2268
4070.0000 24.4181 6.2268
4075.0000 24.4559 6.2661
4080.0000 24.4656 6.2655
4085.0000 24.5668 6.3141
4090.0000 24.6497 6.3434
4095.0000 24.6583 6.3454
4100.0000 24.6989 6.3580
4105.0000 24.7450 6.3880
4110.0000 24.7594 6.3838
4115.0000 24.8532 6.4693
4120.0000 24.8946 6.4995
4125.0000 24.9074 6.4965
4130.0000 24.9589 6.5001
4135.0000 24.9801 6.4962
4140.0000 25.0138 6.4918
4145.0000 25.0370 6.4886
4150.0000 25.0712 6.4817
4155.0000 25.1080 6.5227
4160.0000 25.1390 6.5258
4165.0000 25.2010 6.5380
4170.0000 25.2090 6.5263
4175.0000 25.2968 6.5876
4180.0000 25.3648 6.6298
4185.0000 25.4250 6.6749
4190.0000 25.4381 6.6722
4195.0000 25.4548 6.6676
4200.0000 25.4715 6.6650
4205.0000 25.4890 6.6605
4210.0000 25.5425 6.6585
4215.0000 25.6377 6.7111
4220.0000 25.7471 6.7212
4225.0000 25.7964 6.7160
4230.0000 25.8420 6.7465
4235.0000 25.8603 6.7464
4240.0000 25.8864 6.7444
4245.0000 25.8908 6.7456
4250.0000 25.8990 6.7451
4255.0000 25.9234 6.7527
4260.0000 25.9302 6.7504
4265.0000 25.9450 6.7448
4270.0000 25.9798 6.7635
4275.0000 25.9835 6.7624
4280.0000 25.9927 6.7598
4285.0000 26.0554 6.8311
4290.0000 26.0587 6.8307
4295.0000 26.0680 6.8305
4300.0000 26.0835 6.8275
4305.0000 26.1191 6.8400
4310.0000 26.2161 6.9341
4315.0000 26.2211 6.9327
4320.0000 26.2275 6.9309
4325.0000 26.2307 6.9352
4330.0000 26.2072 6.8737
4335.0000 26.2261 6.8680
4340.0000 26.2491 6.8599
4345.0000 26.2614 6.8560
4350.0000 26.2755 6.8543
4355.0000 26.3507 6.9062
4360.0000 26.3732 6.9057
4365.0000 26.4693 6.9902
4370.0000 26.4693 6.9902
4375.0000 26.5891 7.0338
4380.0000 26.6337 7.0729
4385.0000 26.6337 7.0729
4390.0000 26.6337 7.0729
4395.0000 26.6507 7.0680
4400.0000 26.7047 7.0977
4405.0000 26.7568 7.1271
4410.0000 26.7686 7.1242
4415.0000 26.7642 7.1038
4420.0000 26.7724 7.1020
4425.0000 26.7880 7.0984
4430.0000 26.8226 7.1195
4435.0000 26.8455 7.1130
4440.0000 26.8549 7.1099
4445.0000 26.8899 7.1161
4450.0000 26.9778 7.1672
4455.0000 27.0377 7.1972
4460.0000 27.1288 7.2037
4465.0000 27.1531 7.1996
4470.0000 27.1271 7.1354
4475.0000 27.1351 7.1314
4480.0000 27.1595 7.1240
4485.0000 27.2168 7.1494
4490.0000 27.2704 7.2055
4495.0000 27.2751 7.2041
4500.0000 27.3133 7.2072
4505.0000 27.3494 7.2423
4510.0000 27.3494 7.2423
4515.0000 27.3640 7.2388
4520.0000 27.3640 7.2388
4525.0000 27.4109 7.2892
4530.0000 27.4152 7.2886
4535.0000 27.4090 7.2805
4540.0000 27.4405 7.2977
4545.0000 27.5280 7.3702
4550.0000 27.5388 7.3678
4555.0000 27.5591 7.3642
4560.0000 27.6391 7.3931
4565.0000 27.6594 7.3900
4570.0000 27.6472 7.3486
4575.0000 27.6835 7.3383
4580.0000 27.7355 7.3689
4585.0000 27.7555 7.3662
4590.0000 27.7758 7.3601
4595.0000 27.8556 7.3809
4600.0000 27.8740 7.3758
4605.0000 27.8841 7.3741
4610.0000 27.8841 7.3741
4615.0000 27.8898 7.3722
4620.0000 27.9013 7.3708
4625.0000 27.9581 7.3874
4630.0000 28.0143 7.4236
4635.0000 28.0462 7.4178
4640.0000 28.0639 7.4169
4645.0000 28.0765 7.4164
4650.0000 28.1121 7.4108
4655.0000 28.1310 7.4087
4660.0000 28.1363 7.4086
4665.0000 28.1439 7.4064
4670.0000 28.1489 7.4061
4675.0000 28.1651 7.4022
4680.0000 28.2248 7.4178
4685.0000 28.2818 7.4407
4690.0000 28.3215 7.4744
4695.0000 28.3333 7.4701
4700.0000 28.3866 7.4960
4705.0000 28.3982 7.4934
4710.0000 28.4066 7.4907
4715.0000 28.3842 7.4410
4720.0000 28.3966 7.4375
4725.0000 28.4632 7.4740
4730.0000 28.5296 7.4646
4735.0000 28.5996 7.5067
4740.0000 28.6900 7.5624
4745.0000 28.6985 7.5621
4750.0000 28.7501 7.5925
4755.0000 28.7643 7.5884
4760.0000 28.7163 7.5251
4765.0000 28.7869 7.5664
4770.0000 28.7970 7.5643
4775.0000 28.8402 7.5706
4780.0000 28.9329 7.6229
4785.0000 28.9329 7.6229
4790.0000 28.9226 7.6093
4795.0000 28.9255 7.6131
4800.0000 28.8937 7.5582
4805.0000 29.0269 7.6455
4810.0000 29.0669 7.6486
4815.0000 29.1468 7.7042
4820.0000 29.1468 7.7042
4825.0000 29.1529 7.7023
4830.0000 29.1573 7.7007
4835.0000 29.1762 7.6969
4840.0000 29.2245 7.7431
4845.0000 29.2819 7.7612
4850.0000 29.3139 7.7590
4855.0000 29.3628 7.7929
4860.0000 29.3881 7.7892
4865.0000 29.4041 7.7851
4870.0000 29.4138 7.7837
4875.0000 29.4285 7.7829
4880.0000 29.4805 7.8238
4885.0000 29.5792 7.9131
4890.0000 29.6330 7.9475
4895.0000 29.6449 7.9454
4900.0000 29.6535 7.9458
4905.0000 29.6597 7.9461
4910.0000 29.6695 7.9456
4915.0000 29.6695 7.9456
4920.0000 29.7644 8.0333
4925.0000 29.7713 8.0334
4930.0000 29.7288 7.9781
4935.0000 29.7349 7.9768
4940.0000 29.7464 7.9737
4945.0000 29.7668 7.9670
4950.0000 29.8040 7.9770
4955.0000 29.8100 7.9759
4960.0000 29.8637 8.0277
4965.0000 29.9078 8.0444
4970.0000 29.9452 8.0603
4975.0000 29.9690 8.0644
4980.0000 29.9746 8.0487
4985.0000 29.9813 8.0468
4990.0000 30.0291 8.0597
4995.0000 30.0343 8.0589
5000.0000 30.0513 8.0563
5005.0000 30.1341 8.1397
5010.0000 30.2223 8.1476
5015.0000 30.3231 8.2062
5020.0000 30.3600 8.2208
5025.0000 30.3610 8.2025
5030.0000 30.3610 8.2025
5035.0000 30.4102 8.2065
5040.0000 30.4192 8.2035
5045.0000 30.4524 8.2460
5050.0000 30.5044 8.2708
5055.0000 30.5158 8.2689
5060.0000 30.5647 8.2662
5065.0000 30.5683 8.2650
5070.0000 30.5825 8.2596
5075.0000 30.6721 8.3597
5080.0000 30.7215 8.3793
5085.0000 30.6658 8.2758
5090.0000 30.6719 8.2733
5095.0000 30.6402 8.2332
5100.0000 30.7351 8.3024
5105.0000 30.7727 8.3232
5110.0000 30.7829 8.3208
5115.0000 30.7950 8.3169
5120.0000 30.8378 8.3710
5125.0000 30.8521 8.3672
5130.0000 30.8980 8.3801
5135.0000 30.9183 8.3748
5140.0000 30.8850 8.3153
5145.0000 30.9495 8.3710
5150.0000 30.9616 8.3688
5155.0000 30.9819 8.3627
5160.0000 31.0273 8.3808
5165.0000 31.0444 8.3748
5170.0000 31.1095 8.4028
5175.0000 31.1373 8.4061
5180.0000 31.1916 8.4533
5185.0000 31.2138 8.4487
5190.0000 31.1976 8.4007
5195.0000 31.2153 8.4045
5200.0000 31.1770 8.3462
5205.0000 31.2276 8.3760
5210.0000 31.2511 8.3692
5215.0000 31.2456 8.3100
5220.0000 31.2594 8.3060
5225.0000 31.2723 8.3025
5230.0000 31.2822 8.3002
5235.0000 31.2901 8.2985
5240.0000 31.4126 8.3786
5245.0000 31.4206 8.3762
5250.0000 31.4990 8.4134
5255.0000 31.5165 8.4119
5260.0000 31.5754 8.4704
5265.0000 31.6231 8.5030
5270.0000 31.6911 8.5191
5275.0000 31.8078 8.5862
5280.0000 31.8893 8.6394
5285.0000 31.8698 8.5914
5290.0000 31.8817 8.5888
5295.0000 31.8817 8.5888
5300.0000 31.9099 8.5879
5305.0000 32.0573 8.7306
5310.0000 32.0616 8.7300
5315.0000 32.0826 8.7270
5320.0000 32.1175 8.7625
5325.0000 32.1574 8.7883
5330.0000 32.2646 8.8453
5335.0000 32.3593 8.9207
5340.0000 32.3650 8.9200
5345.0000 32.3494 8.8818
5350.0000 32.3585 8.8797
5355.0000 32.3828 8.8716
5360.0000 32.3931 8.8433
5365.0000 32.3525 8.7801
5370.0000 32.3608 8.7772
5375.0000 32.3744 8.7735
5380.0000 32.4686 8.8146
5385.0000 32.5013 8.8085
5390.0000 32.5488 8.8025
5395.0000 32.5935 8.8348
5400.0000 32.6493 8.8538
5405.0000 32.6727 8.8500
5410.0000 32.7578 8.9099
5415.0000 32.7719 8.9100
5420.0000 32.7804 8.9072
5425.0000 32.8368 8.9303
5430.0000 32.9046 8.9925
5435.0000 32.9364 9.0215
5440.0000 32.8926 8.9635
5445.0000 32.9157 8.9592
5450.0000 32.9795 9.0110
5455.0000 32.9892 9.0187
5460.0000 32.9892 9.0187
5465.0000 33.0416 9.0791
5470.0000 33.0475 9.0766
5475.0000 33.0982 9.1012
5480.0000 33.1117 9.0983
5485.0000 33.1181 9.0966
5490.0000 33.1267 9.1013
5495.0000 33.1707 9.1567
5500.0000 33.1707 9.1567
5505.0000 33.2320 9.2083
5510.0000 33.2464 9.2021
5515.0000 33.2496 9.2016
5520.0000 33.2653 9.2003
5525.0000 33.2883 9.1961
5530.0000 33.2794 9.1616
5535.0000 33.2973 9.1612
5540.0000 33.2574 9.0969
5545.0000 33.2618 9.0951
5550.0000 33.2618 9.0951
5555.0000 33.2618 9.0951
5560.0000 33.2618 9.0951
5565.0000 33.2400 9.0514
5570.0000 33.2807 9.0686
5575.0000 33.2489 9.0099
5580.0000 33.3187 9.0558
5585.0000 33.3317 9.0520
5590.0000 33.3652 9.0454
5595.0000 33.3963 9.0462
5600.0000 33.4206 9.0352
5605.0000 33.4167 9.0078
5610.0000 33.4298 9.0046
5615.0000 33.4430 9.0020
5620.0000 33.4588 9.0003
5625.0000 33.4937 8.9935
5630.0000 33.5144 8.9909
5635.0000 33.5597 9.0228
5640.0000 33.5882 9.0229
5645.0000 33.6071 9.0209
5650.0000 33.7008 9.0607
5655.0000 33.7135 9.0620
5660.0000 33.7321 9.0608
5665.0000 33.7457 9.0583
5670.0000 33.7502 9.0568
5675.0000 33.7564 9.0549
5680.0000 33.7635 9.0528
5685.0000 33.7736 9.0498
5690.0000 33.7826 9.0415
5695.0000 33.7956 9.0398
5700.0000 33.8391 9.0653
5705.0000 33.8488 9.0627
5710.0000 33.8637 9.0608
5715.0000 33.8797 9.0541
5720.0000 33.8987 9.0469
5725.0000 33.9168 9.0412
5730.0000 33.9301 9.0392
5735.0000 33.9370 9.0365
5740.0000 33.9423 9.0360
5745.0000 33.9548 9.0317
5750.0000 33.9999 9.0703
5755.0000 34.0231 9.0639
5760.0000 34.0302 9.0626
5765.0000 34.0645 9.0793
5770.0000 34.0698 9.0773
5775.0000 34.1058 9.0762
5780.0000 34.1279 9.0711
5785.0000 34.1494 9.0652
5790.0000 34.1594 9.0621
5795.0000 34.1709 9.0585
5800.0000 34.2266 9.0782
5805.0000 34.2514 9.0686
5810.0000 34.2554 9.0675
5815.0000 34.2608 9.0653
5820.0000 34.2929 9.0998
5825.0000 34.2982 9.0977
5830.0000 34.3019 9.0968
5835.0000 34.2767 9.0406
5840.0000 34.3320 9.0976
5845.0000 34.3499 9.1011
5850.0000 34.3499 9.1011
5855.0000 34.3579 9.0991
5860.0000 34.3656 9.0962
5865.0000 34.3836 9.0910
5870.0000 34.4873 9.1466
5875.0000 34.4571 9.0915
5880.0000 34.4647 9.0895
5885.0000 34.4717 9.0795
5890.0000 34.4886 9.0814
5895.0000 34.4977 9.0805
5900.0000 34.5144 9.0815
5905.0000 34.5213 9.0837
5910.0000 34.6104 9.1662
5915.0000 34.6178 9.1553
5920.0000 34.6358 9.1513
5925.0000 34.6600 9.1508
5930.0000 34.6468 9.1210
5935.0000 34.6628 9.1274
5940.0000 34.6060 9.0412
5945.0000 34.6320 9.0361
5950.0000 34.6580 9.0339
5955.0000 34.6781 9.0288
5960.0000 34.7433 9.0682
5965.0000 34.7596 9.0660
5970.0000 34.7800 9.0645
5975.0000 34.8472 9.0812
5980.0000 34.8680 9.0771
5985.0000 34.8456 9.0299
5990.0000 34.8526 9.0302
5995.0000 34.8964 9.0641
6000.0000 34.9485 9.1232
6005.0000 34.9938 9.1519
6010.0000 35.1110 9.2451
6015.0000 35.1301 9.2031
6020.0000 35.1540 9.2025
6025.0000 35.1658 9.2018
6030.0000 35.2263 9.2193
6035.0000 35.2394 9.2159
6040.0000 35.2837 9.2178
6045.0000 35.3016 9.2135
6050.0000 35.3074 9.2125
6055.0000 35.3153 9.2112
6060.0000 35.3766 9.2651
6065.0000 35.3929 9.2616
6070.0000 35.3983 9.2310
6075.0000 35.4197 9.2317
6080.0000 35.4344 9.2306
6085.0000 35.4312 9.2194
6090.0000 35.4308 9.2010
6095.0000 35.4396 9.2001
6100.0000 35.4705 9.1962
6105.0000 35.5235 9.1823
6110.0000 35.5435 9.1817
6115.0000 35.5420 9.1743
6120.0000 35.5902 9.2207
6125.0000 35.6004 9.2187
6130.0000 35.6126 9.2083
6135.0000 35.6251 9.2068
6140.0000 35.6389 9.2059
6145.0000 35.6389 9.2059
6150.0000 35.6426 9.2042
6155.0000 35.6284 9.1471
6160.0000 35.6582 9.1526
6165.0000 35.7265 9.1913
6170.0000 35.7312 9.1894
6175.0000 35.7359 9.1874
6180.0000 35.7396 9.1870
6185.0000 35.7470 9.1853
6190.0000 35.7470 9.1853
6195.0000 35.7656 9.1797
6200.0000 35.7656 9.1797
6205.0000 35.8894 9.2689
6210.0000 36.0150 9.3555
6215.0000 36.0565 9.3911
6220.0000 36.0042 9.3027
6225.0000 36.0340 9.3077
6230.0000 36.1034 9.3465
6235.0000 36.1593 9.3915
6240.0000 36.1749 9.3818
6245.0000 36.1749 9.3818
6250.0000 36.2220 9.4192
6255.0000 36.2695 9.4335
6260.0000 36.2789 9.4304
6265.0000 36.2870 9.4283
6270.0000 36.3259 9.4457
6275.0000 36.3382 9.4422
6280.0000 36.3136 9.3879
6285.0000 36.3233 9.3850
6290.0000 36.3798 9.4331
6295.0000 36.3928 9.4310
6300.0000 36.4089 9.4278
6305.0000 36.4266 9.4251
6310.0000 36.4087 9.3483
6315.0000 36.4317 9.3714
6320.0000 36.4487 9.3671
6325.0000 36.4569 9.3647
6330.0000 36.4818 9.3643
6335.0000 36.4944 9.3647
6340.0000 36.5289 9.3748
6345.0000 36.6343 9.4897
6350.0000 36.6548 9.4849
6355.0000 36.6710 9.4835
6360.0000 36.6867 9.4821
6365.0000 36.6969 9.4799
6370.0000 36.6901 9.4648
6375.0000 36.7008 9.4615
6380.0000 36.7600 9.5102
6385.0000 36.7719 9.4999
6390.0000 36.7898 9.4958
6395.0000 36.8058 9.4916
6400.0000 36.8259 9.4877
6405.0000 36.9062 9.5674
6410.0000 36.9547 9.6013
6415.0000 36.9648 9.5652
6420.0000 36.9429 9.5249
6425.0000 36.9631 9.5279
6430.0000 36.9631 9.5279
6435.0000 37.0352 9.5959
6440.0000 37.0400 9.5920
6445.0000 37.0523 9.5869
6450.0000 37.0578 9.5931
6455.0000 37.0565 9.5788
6460.0000 37.0177 9.5349
6465.0000 37.0231 9.5329
6470.0000 37.0280 9.5307
6475.0000 37.0280 9.5307
6480.0000 37.0334 9.5286
6485.0000 37.0716 9.5244
6490.0000 37.1222 9.5723
6495.0000 37.1717 9.6190
6500.0000 37.1523 9.5901
6505.0000 37.2051 9.6159
6510.0000 37.1815 9.5760
6515.0000 37.2230 9.6057
6520.0000 37.2926 9.6592
6525.0000 37.2863 9.6326
6530.0000 37.2964 9.6321
6535.0000 37.3232 9.6404
6540.0000 37.3515 9.6390
6545.0000 37.3722 9.6396
6550.0000 37.3884 9.6387
6555.0000 37.4037 9.6372
6560.0000 37.4745 9.6617
6565.0000 37.4985 9.6602
6570.0000 37.5156 9.6599
6575.0000 37.5631 9.6785
6580.0000 37.5818 9.6728
6585.0000 37.5626 9.6387
6590.0000 37.5856 9.6376
6595.0000 37.6398 9.6720
6600.0000 37.6646 9.6701
6605.0000 37.7121 9.6982
6610.0000 37.7301 9.6878
6615.0000 37.7437 9.6836
6620.0000 37.7164 9.6313
6625.0000 37.7265 9.6282
6630.0000 37.7442 9.6231
6635.0000 37.8011 9.6446
6640.0000 37.7772 9.6138
6645.0000 37.8760 9.6973
6650.0000 37.9001 9.6915
6655.0000 37.8821 9.6562
6660.0000 37.9426 9.6982
6665.0000 37.9508 9.6948
6670.0000 37.9780 9.6926
6675.0000 38.0057 9.6878
6680.0000 38.0235 9.6866
6685.0000 38.0490 9.6822
6690.0000 38.1214 9.7197
6695.0000 38.1267 9.6948
6700.0000 38.1088 9.6502
6705.0000 38.1730 9.6910
6710.0000 38.1923 9.6861
6715.0000 38.2596 9.7345
6720.0000 38.3224 9.7789
6725.0000 38.3044 9.7326
6730.0000 38.3322 9.7640
6735.0000 38.3540 9.7269
6740.0000 38.3405 9.6792
6745.0000 38.4013 9.7279
6750.0000 38.4244 9.7410
6755.0000 38.4507 9.7336
6760.0000 38.4708 9.7290
6765.0000 38.4986 9.7330
6770.0000 38.5095 9.7326
6775.0000 38.5134 9.7326
6780.0000 38.5726 9.7810
6785.0000 38.5894 9.7772
6790.0000 38.6061 9.7770
6795.0000 38.6255 9.7712
6800.0000 38.6925 9.7723
6805.0000 38.7027 9.7693
6810.0000 38.6761 9.7178
6815.0000 38.6966 9.7134
6820.0000 38.6774 9.6462
6825.0000 38.6823 9.6451
6830.0000 38.6919 9.6410
6835.0000 38.7369 9.6734
6840.0000 38.6758 9.5875
6845.0000 38.7036 9.5811
6850.0000 38.7141 9.5765
6855.0000 38.7186 9.5765
6860.0000 38.7480 9.5819
6865.0000 38.7857 9.5728
6870.0000 38.8325 9.5940
6875.0000 38.8515 9.5885
6880.0000 38.8674 9.5847
6885.0000 38.9444 9.6416
6890.0000 38.9478 9.6326
6895.0000 38.9543 9.6146
6900.0000 38.9574 9.6131
6905.0000 39.0654 9.7192
6910.0000 39.0135 9.6501
6915.0000 39.0500 9.6855
6920.0000 39.0700 9.6989
6925.0000 39.0778 9.6982
6930.0000 39.1039 9.6902
6935.0000 39.1316 9.6923
6940.0000 39.1506 9.6939
6945.0000 39.1782 9.7018
6950.0000 39.2179 9.6981
6955.0000 39.2540 9.6942
6960.0000 39.2682 9.6944
6965.0000 39.2923 9.6974
6970.0000 39.3086 9.6937
6975.0000 39.3187 9.6928
6980.0000 39.3276 9.6918
6985.0000 39.3461 9.6874
6990.0000 39.3519 9.6876
6995.0000 39.4065 9.7118
7000.0000 39.4465 9.7396
7005.0000 39.4637 9.7399
7010.0000 39.4445 9.6821
7015.0000 39.4538 9.6831
7020.0000 39.4725 9.6854
7025.0000 39.5237 9.7240
7030.0000 39.5513 9.7193
7035.0000 39.6689 9.8086
7040.0000 39.6916 9.8061
7045.0000 39.6721 9.7703
7050.0000 39.6798 9.7721
7055.0000 39.7031 9.7699
7060.0000 39.6991 9.7655
7065.0000 39.6582 9.7195
7070.0000 39.6582 9.7195
7075.0000 39.6653 9.7204
7080.0000 39.6785 9.7194
7085.0000 39.7060 9.7126
7090.0000 39.7375 9.7288
7095.0000 39.7511 9.7383
7100.0000 39.7722 9.7442
7105.0000 39.7833 9.7446
7110.0000 39.8043 9.7363
7115.0000 39.7266 9.6492
7120.0000 39.7317 9.6473
7125.0000 39.7250 9.6399
7130.0000 39.7102 9.6055
7135.0000 39.7602 9.6535
7140.0000 39.7878 9.6394
7145.0000 39.8263 9.6564
7150.0000 39.7714 9.5962
7155.0000 39.7714 9.5962
7160.0000 39.7756 9.5949
7165.0000 39.7848 9.5941
7170.0000 39.7950 9.5963
7175.0000 39.8120 9.5919
7180.0000 39.8301 9.6068
7185.0000 39.9066 9.6791
7190.0000 39.9583 9.7206
7195.0000 39.9737 9.7194
7200.0000 39.9828 9.7035
7205.0000 39.9604 9.6793
7210.0000 39.9876 9.6886
7215.0000 39.9984 9.6900
7220.0000 40.0023 9.6901
7225.0000 40.0023 9.6901
7230.0000 40.0146 9.6852
7235.0000 40.0508 9.7200
7240.0000 40.0580 9.7179
7245.0000 40.0882 9.7304
7250.0000 40.0882 9.7304
7255.0000 40.0990 9.7378
7260.0000 40.0526 9.6766
7265.0000 39.9752 9.5848
7270.0000 40.0391 9.6350
7275.0000 40.1634 9.7531
7280.0000 40.1746 9.7507
7285.0000 40.1928 9.7462
7290.0000 40.2187 9.7388
7295.0000 40.2744 9.7916
7300.0000 40.2990 9.7896
7305.0000 40.3676 9.8280
7310.0000 40.3216 9.7540
7315.0000 40.3257 9.7351
7320.0000 40.3776 9.7722
7325.0000 40.3996 9.7624
7330.0000 40.4600 9.7615
7335.0000 40.4738 9.7569
7340.0000 40.5081 9.7689
7345.0000 40.4959 9.6853
7350.0000 40.5303 9.6866
7355.0000 40.5500 9.6821
7360.0000 40.5709 9.6831
7365.0000 40.5879 9.6789
7370.0000 40.6659 9.7130
7375.0000 40.7121 9.7316
7380.0000 40.7197 9.7179
7385.0000 40.7615 9.7049
7390.0000 40.8076 9.7266
7395.0000 40.8778 9.7599
7400.0000 40.9410 9.7991
7405.0000 40.9644 9.7927
7410.0000 40.9788 9.7891
7415.0000 40.9871 9.7852
7420.0000 40.9909 9.7844
7425.0000 41.0223 9.8150
7430.0000 41.0348 9.8229
7435.0000 41.0561 9.8121
7440.0000 41.0580 9.7975
7445.0000 41.0167 9.7523
7450.0000 41.0647 9.7966
7455.0000 41.1163 9.8109
7460.0000 41.1205 9.8100
7465.0000 41.0898 9.7564
7470.0000 41.0948 9.7559
7475.0000 41.0557 9.7059
7480.0000 41.0602 9.7044
7485.0000 41.1090 9.7503
7490.0000 41.1211 9.7626
7495.0000 41.1450 9.7609
7500.0000 41.1421 9.7500
7505.0000 41.1635 9.7560
7510.0000 41.1828 9.7583
7515.0000 41.1747 9.7318
7520.0000 41.1687 9.7039
7525.0000 41.1899 9.7025
7530.0000 41.2592 9.7510
7535.0000 41.2574 9.7189
7540.0000 41.2833 9.7102
7545.0000 41.3387 9.7552
7550.0000 41.3499 9.7355
7555.0000 41.3685 9.7311
7560.0000 41.4313 9.6962
7565.0000 41.5769 9.8059
7570.0000 41.5999 9.8000
7575.0000 41.6256 9.7957
7580.0000 41.6919 9.8241
7585.0000 41.7603 9.8689
7590.0000 41.7621 9.8315
7595.0000 41.8385 9.8473
7600.0000 41.7893 9.7653
7605.0000 41.7605 9.7168
7610.0000 41.7542 9.7104
7615.0000 41.8299 9.7827
7620.0000 41.8355 9.7813
7625.0000 41.8591 9.7751
7630.0000 41.8735 9.7764
7635.0000 41.8882 9.7745
7640.0000 41.8660 9.7379
7645.0000 41.8738 9.7434
7650.0000 41.8924 9.7400
7655.0000 42.0005 9.8120
7660.0000 42.0393 9.8233
7665.0000 42.0935 9.8462
7670.0000 42.1168 9.8501
7675.0000 42.1260 9.8560
7680.0000 42.1331 9.8540
7685.0000 42.2320 9.9423
7690.0000 42.1697 9.8614
7695.0000 42.2014 9.8944
7700.0000 42.1502 9.8125
7705.0000 42.1308 9.7630
7710.0000 42.1923 9.7941
7715.0000 42.2164 9.7921
7720.0000 42.2117 9.7724
7725.0000 42.2093 9.7646
7730.0000 42.2204 9.7530
7735.0000 42.2520 9.7646
7740.0000 42.2594 9.7489
7745.0000 42.2335 9.7112
7750.0000 42.2335 9.7112
7755.0000 42.2335 9.7112
7760.0000 42.2315 9.7023
7765.0000 42.2539 9.6978
7770.0000 42.2731 9.6881
7775.0000 42.2070 9.6170
7780.0000 42.1884 9.5974
7785.0000 42.2823 9.6911
7790.0000 42.2874 9.6887
7795.0000 42.2461 9.6336
7800.0000 42.2704 9.6391
7805.0000 42.2520 9.6077
7810.0000 42.3510 9.6621
7815.0000 42.2824 9.5872
7820.0000 42.3247 9.6223
7825.0000 42.3247 9.6223
7830.0000 42.3420 9.6166
7835.0000 42.3174 9.5918
7840.0000 42.3230 9.5972
7845.0000 42.3286 9.5959
7850.0000 42.4514 9.7144
7855.0000 42.4056 9.6536
7860.0000 42.4326 9.6688
7865.0000 42.4421 9.6628
7870.0000 42.4307 9.6383
7875.0000 42.4463 9.6372
7880.0000 42.4463 9.6372
7885.0000 42.4518 9.6345
7890.0000 42.4856 9.6640
7895.0000 42.5057 9.6608
7900.0000 42.5024 9.6434
7905.0000 42.5075 9.6416
7910.0000 42.5172 9.6384
7915.0000 42.5186 9.6399
7920.0000 42.5486 9.6612
7925.0000 42.5754 9.6543
7930.0000 42.6007 9.6801
7935.0000 42.5698 9.6482
7940.0000 42.5470 9.6123
7945.0000 42.5564 9.6071
7950.0000 42.5679 9.5913
7955.0000 42.6473 9.6554
7960.0000 42.6538 9.6410
7965.0000 42.6657 9.6377
7970.0000 42.6936 9.6278
7975.0000 42.6985 9.6048
7980.0000 42.7172 9.5992
7985.0000 42.7277 9.5870
7990.0000 42.7833 9.6292
7995.0000 42.8156 9.6566
8000.0000 42.8673 9.6815
8005.0000 42.8765 9.6752
8010.0000 42.8816 9.6727
8015.0000 42.8991 9.6687
8020.0000 42.9048 9.6580
8025.0000 42.8673 9.6190
8030.0000 42.8446 9.5963
8035.0000 42.8586 9.5988
8040.0000 42.8208 9.5530
8045.0000 42.8351 9.5544
8050.0000 42.8406 9.5527
8055.0000 42.8853 9.5945
8060.0000 42.8443 9.5484
8065.0000 42.9230 9.5877
8070.0000 42.9331 9.5843
8075.0000 42.9655 9.5783
8080.0000 43.0316 9.5955
8085.0000 43.0994 9.6549
8090.0000 43.1601 9.6902
8095.0000 43.1698 9.6865
8100.0000 43.1825 9.6852
8105.0000 43.1858 9.6841
8110.0000 43.1936 9.6849
8115.0000 43.1935 9.6797
8120.0000 43.2088 9.6755
8125.0000 43.2699 9.6861
8130.0000 43.3056 9.6933
8135.0000 43.3107 9.6935
8140.0000 43.3107 9.6935
8145.0000 43.2870 9.6615
8150.0000 43.3447 9.6877
8155.0000 43.3225 9.6352
8160.0000 43.3385 9.6288
8165.0000 43.3421 9.6275
8170.0000 43.3499 9.6247
8175.0000 43.3499 9.6137
8180.0000 43.4469 9.6802
8185.0000 43.4667 9.6726
8190.0000 43.4825 9.6711
8195.0000 43.4825 9.6711
8200.0000 43.5101 9.6693
8205.0000 43.5010 9.6180
8210.0000 43.6153 9.6898
8215.0000 43.6590 9.7196
8220.0000 43.6812 9.7208
8225.0000 43.7118 9.7144
8230.0000 43.7579 9.7151
8235.0000 43.7830 9.7124
8240.0000 43.7995 9.7072
8245.0000 43.8528 9.7430
8250.0000 43.8675 9.7421
8255.0000 43.8918 9.7403
8260.0000 43.9099 9.7415
8265.0000 43.8891 9.7013
8270.0000 43.8895 9.6707
8275.0000 43.9136 9.6694
8280.0000 43.9037 9.6292
8285.0000 43.9078 9.6276
8290.0000 43.9172 9.6158
8295.0000 43.9435 9.6121
8300.0000 43.9692 9.6140
8305.0000 44.0077 9.6084
8310.0000 44.0426 9.6024
8315.0000 44.1192 9.6529
8320.0000 44.1688 9.6802
8325.0000 44.2127 9.6749
8330.0000 44.2335 9.6715
8335.0000 44.2575 9.6803
8340.0000 44.2786 9.6808
8345.0000 44.3338 9.7084
8350.0000 44.3446 9.6748
8355.0000 44.3482 9.6524
8360.0000 44.3748 9.6561
8365.0000 44.3962 9.6504
8370.0000 44.3627 9.6084
8375.0000 44.3674 9.6074
8380.0000 44.3851 9.6017
8385.0000 44.3821 9.5927
8390.0000 44.4090 9.6137
8395.0000 44.3728 9.5726
8400.0000 44.3421 9.5427
8405.0000 44.3465 9.5413
8410.0000 44.3664 9.5408
8415.0000 44.3664 9.5408
8420.0000 44.3706 9.5393
8425.0000 44.4316 9.5594
8430.0000 44.4316 9.5594
8435.0000 44.4761 9.5969
8440.0000 44.4596 9.5764
8445.0000 44.5209 9.6147
8450.0000 44.4964 9.5700
8455.0000 44.5081 9.5661
8460.0000 44.5186 9.5540
8465.0000 44.5486 9.5482
8470.0000 44.5742 9.5446
8475.0000 44.5892 9.5418
8480.0000 44.6325 9.5671
8485.0000 44.6467 9.5677
8490.0000 44.6719 9.5616
8495.0000 44.7551 9.6172
8500.0000 44.7647 9.6141
8505.0000 44.8148 9.6559
8510.0000 44.8203 9.6560
8515.0000 44.8276 9.6409
8520.0000 44.8500 9.6507
8525.0000 44.8949 9.6885
8530.0000 44.9617 9.7147
8535.0000 45.0174 9.7490
8540.0000 45.0018 9.7110
8545.0000 45.0248 9.7079
8550.0000 45.0474 9.7083
8555.0000 45.0687 9.7099
8560.0000 45.1719 9.7669
8565.0000 45.1591 9.7329
8570.0000 45.1839 9.7347
8575.0000 45.1777 9.7135
8580.0000 45.1974 9.7276
8585.0000 45.2201 9.7312
8590.0000 45.2289 9.7259
8595.0000 45.2447 9.7322
8600.0000 45.2537 9.7316
8605.0000 45.3093 9.7781
8610.0000 45.3146 9.7794
8615.0000 45.3152 9.7707
8620.0000 45.2759 9.7131
8625.0000 45.2842 9.7100
8630.0000 45.3162 9.7058
8635.0000 45.2498 9.6275
8640.0000 45.2402 9.6184
8645.0000 45.2513 9.6169
8650.0000 45.2435 9.5865
8655.0000 45.2851 9.6055
8660.0000 45.3213 9.6353
8665.0000 45.3170 9.6323
8670.0000 45.3269 9.6353
8675.0000 45.3364 9.6351
8680.0000 45.3524 9.6302
8685.0000 45.3644 9.6114
8690.0000 45.3732 9.6115
8695.0000 45.3783 9.6122
8700.0000 45.4078 9.6404
8705.0000 45.4070 9.6333
8710.0000 45.4503 9.6725
8715.0000 45.4495 9.6610
8720.0000 45.4818 9.6877
8725.0000 45.4691 9.6754
8730.0000 45.4830 9.6742
8735.0000 45.4970 9.6687
8740.0000 45.5100 9.6687
8745.0000 45.5698 9.7063
8750.0000 45.5492 9.6510
8755.0000 45.5609 9.6476
8760.0000 45.5940 9.6576
8765.0000 45.6121 9.6545
8770.0000 45.6214 9.6504
8775.0000 45.5973 9.6200
8780.0000 45.5960 9.6056
8785.0000 45.5921 9.5832
8790.0000 45.6537 9.6239
8795.0000 45.6821 9.6137
8800.0000 45.7606 9.6466
8805.0000 45.7712 9.6431
8810.0000 45.7105 9.5770
8815.0000 45.7312 9.5678
8820.0000 45.7386 9.5648
8825.0000 45.7892 9.5648
8830.0000 45.8522 9.5992
8835.0000 45.8573 9.5860
8840.0000 45.8779 9.5769
8845.0000 45.8931 9.5726
8850.0000 45.9479 9.5929
8855.0000 45.9900 9.6159
8860.0000 46.0052 9.6126
8865.0000 46.0340 9.6055
8870.0000 46.0451 9.6047
8875.0000 46.0323 9.5674
8880.0000 46.0814 9.5741
8885.0000 46.1035 9.5742
8890.0000 46.1276 9.5710
8895.0000 46.1481 9.5722
8900.0000 46.1675 9.5666
8905.0000 46.1655 9.5509
8910.0000 46.2487 9.6158
8915.0000 46.2619 9.6146
8920.0000 46.2277 9.5755
8925.0000 46.2758 9.5933
8930.0000 46.2887 9.5918
8935.0000 46.3028 9.5933
8940.0000 46.3302 9.6034
8945.0000 46.3812 9.6386
8950.0000 46.3900 9.6350
8955.0000 46.4002 9.6316
8960.0000 46.4209 9.6286
8965.0000 46.3899 9.5808
8970.0000 46.4411 9.5987
8975.0000 46.4153 9.5565
8980.0000 46.4452 9.5572
8985.0000 46.4421 9.5394
8990.0000 46.4485 9.5402
8995.0000 46.4816 9.5686
9000.0000 46.5107 9.5924
9005.0000 46.5205 9.5917
9010.0000 46.5400 9.5888
9015.0000 46.5467 9.5807
9020.0000 46.5568 9.5799
9025.0000 46.5690 9.5794
9030.0000 46.5220 9.5286
9035.0000 46.5177 9.5152
9040.0000 46.5187 9.5161
9045.0000 46.5316 9.5121
9050.0000 46.5448 9.5246
9055.0000 46.5303 9.4961
9060.0000 46.5794 9.5317
9065.0000 46.5851 9.5293
9070.0000 46.5879 9.5276
9075.0000 46.6634 9.5960
9080.0000 46.6804 9.5992
9085.0000 46.6410 9.5610
9090.0000 46.6478 9.5588
9095.0000 46.6505 9.5573
9100.0000 46.6965 9.6028
9105.0000 46.7261 9.6018
9110.0000 46.7158 9.5755
9115.0000 46.7455 9.5709
9120.0000 46.7624 9.5701
9125.0000 46.7827 9.5670
9130.0000 46.8026 9.5655
9135.0000 46.8441 9.5605
9140.0000 46.8858 9.5597
9145.0000 46.9407 9.5940
9150.0000 46.9720 9.5936
9155.0000 46.9919 9.5957
9160.0000 46.9287 9.5294
9165.0000 46.9388 9.5253
9170.0000 46.8951 9.4792
9175.0000 46.8988 9.4827
9180.0000 46.9034 9.4817
9185.0000 46.9171 9.4765
9190.0000 46.9460 9.4627
9195.0000 46.9453 9.4574
9200.0000 46.9581 9.4541
9205.0000 46.9688 9.4503
9210.0000 46.9802 9.4463
9215.0000 46.9802 9.4463
9220.0000 46.9786 9.4449
9225.0000 46.9634 9.4080
9230.0000 46.9835 9.4247
9235.0000 47.0160 9.4393
9240.0000 47.0333 9.4422
9245.0000 47.0840 9.4773
9250.0000 47.1037 9.4792
9255.0000 47.1189 9.4769
9260.0000 47.1189 9.4769
9265.0000 47.1250 9.4762
9270.0000 47.1101 9.4533
9275.0000 47.1203 9.4547
9280.0000 47.1310 9.4509
9285.0000 47.1112 9.4269
9290.0000 47.1222 9.4369
9295.0000 47.1262 9.4357
9300.0000 47.2301 9.5260
9305.0000 47.2017 9.4933
9310.0000 47.2104 9.4913
9315.0000 47.2483 9.5193
9320.0000 47.2508 9.5192
9325.0000 47.2623 9.5179
9330.0000 47.2653 9.5179
9335.0000 47.2811 9.5110
9340.0000 47.3010 9.5056
9345.0000 47.3054 9.5056
9350.0000 47.3132 9.5057
9355.0000 47.2902 9.4587
9360.0000 47.3243 9.4514
9365.0000 47.3275 9.4501
9370.0000 47.3382 9.4481
9375.0000 47.3482 9.4464
9380.0000 47.4326 9.5156
9385.0000 47.3830 9.4587
9390.0000 47.3937 9.4630
9395.0000 47.3988 9.4638
9400.0000 47.4374 9.4933
9405.0000 47.4413 9.4916
9410.0000 47.4918 9.5146
9415.0000 47.4617 9.4694
9420.0000 47.4315 9.4268
9425.0000 47.4430 9.4228
9430.0000 47.4612 9.4364
9435.0000 47.4368 9.4091
9440.0000 47.5152 9.4705
9445.0000 47.5286 9.4722
9450.0000 47.5550 9.4947
9455.0000 47.5642 9.4900
9460.0000 47.5329 9.4442
9465.0000 47.5239 9.4228
9470.0000 47.5370 9.4211
9475.0000 47.5553 9.4127
9480.0000 47.6052 9.4520
9485.0000 47.6153 9.4509
9490.0000 47.5940 9.4204
9495.0000 47.6503 9.4627
9500.0000 47.6050 9.4020
9505.0000 47.6444 9.4216
9510.0000 47.6713 9.4242
9515.0000 47.6858 9.4232
9520.0000 47.6656 9.3871
9525.0000 47.6667 9.3701
9530.0000 47.6916 9.3768
9535.0000 47.7031 9.3709
9540.0000 47.7031 9.3709
9545.0000 47.7064 9.3722
9550.0000 47.7138 9.3716
9555.0000 47.7040 9.3386
9560.0000 47.7213 9.3425
9565.0000 47.7580 9.3737
9570.0000 47.7663 9.3708
9575.0000 47.7712 9.3692
9580.0000 47.7906 9.3650
9585.0000 47.7676 9.3254
9590.0000 47.7810 9.3120
9595.0000 47.7772 9.3003
9600.0000 47.7566 9.2765
9605.0000 47.7657 9.2704
9610.0000 47.7617 9.2496
9615.0000 47.8243 9.2956
9620.0000 47.7976 9.2617
9625.0000 47.7818 9.2466
9630.0000 47.7874 9.2518
9635.0000 47.8031 9.2565
9640.0000 47.7976 9.2426
9645.0000 47.8148 9.2379
9650.0000 47.8315 9.2296
9655.0000 47.8738 9.2686
9660.0000 47.8911 9.2800
9665.0000 47.9563 9.3167
9670.0000 47.9714 9.3104
9675.0000 47.9991 9.3053
9680.0000 47.9935 9.2806
9685.0000 48.0092 9.2775
9690.0000 48.0254 9.2724
9695.0000 48.0469 9.2663
9700.0000 48.0149 9.2185
9705.0000 48.0468 9.2081
9710.0000 48.0648 9.2020
9715.0000 48.0785 9.1985
9720.0000 48.1194 9.2194
9725.0000 48.1250 9.2056
9730.0000 48.1382 9.2018
9735.0000 48.1591 9.2000
9740.0000 48.2061 9.2319
9745.0000 48.2464 9.2643
9750.0000 48.2617 9.2594
9755.0000 48.2734 9.2564
9760.0000 48.2429 9.2094
9765.0000 48.2136 9.1644
9770.0000 48.2992 9.2381
9775.0000 48.2528 9.1965
9780.0000 48.2509 9.1901
9785.0000 48.2737 9.2021
9790.0000 48.3106 9.2267
9795.0000 48.3090 9.2253
9800.0000 48.3294 9.2334
9805.0000 48.3357 9.2393
9810.0000 48.3144 9.2136
9815.0000 48.3165 9.2034
9820.0000 48.3330 9.1964
9825.0000 48.3534 9.2016
9830.0000 48.3364 9.1777
9835.0000 48.3499 9.1813
9840.0000 48.4018 9.2197
9845.0000 48.4256 9.2167
9850.0000 48.4356 9.2176
9855.0000 48.4450 9.2184
9860.0000 48.4450 9.2184
9865.0000 48.4500 9.2141
9870.0000 48.4639 9.2101
9875.0000 48.4844 9.2060
9880.0000 48.5051 9.2029
9885.0000 48.5100 9.2018
9890.0000 48.5100 9.2018
9895.0000 48.5247 9.2010
9900.0000 48.5280 9.2014
9905.0000 48.5031 9.1627
9910.0000 48.5091 9.1606
9915.0000 48.5336 9.1828
9920.0000 48.5689 9.2168
9925.0000 48.5709 9.2147
9930.0000 48.5770 9.2151
9935.0000 48.5403 9.1705
9940.0000 48.5929 9.2046
9945.0000 48.5966 9.2025
9950.0000 48.5966 9.2025
9955.0000 48.6490 9.2431
9960.0000 48.6050 9.1721
9965.0000 48.6763 9.2115
9970.0000 48.7182 9.2291
9975.0000 48.7312 9.2413
9980.0000 48.7312 9.2413
9985.0000 48.7418 9.2366
9990.0000 48.7307 9.2222
9995.0000 48.7490 9.2288
10000.0000 48.7490 9.2288
10005.0000 48.7531 9.2283
10010.0000 48.7563 9.2255
10015.0000 48.7522 9.2045
10020.0000 48.8046 9.2233
10025.0000 48.7612 9.1836
10030.0000 48.7254 9.1514
10035.0000 48.7530 9.1767
10040.0000 48.7595 9.1749
10045.0000 48.7269 9.1344
10050.0000 48.7017 9.0984
10055.0000 48.7961 9.1718
10060.0000 48.8454 9.2020
10065.0000 48.8541 9.1963
10070.0000 48.8812 9.2021
10075.0000 48.8908 9.1943
10080.0000 48.9208 9.1897
10085.0000 48.9431 9.1868
10090.0000 48.9586 9.1832
10095.0000 48.8867 9.1068
10100.0000 48.9031 9.1028
10105.0000 48.9233 9.1014
10110.0000 48.9465 9.1024
10115.0000 48.9524 9.1020
10120.0000 48.9777 9.1241
10125.0000 48.9879 9.1211
10130.0000 48.9929 9.1192
10135.0000 49.0176 9.1369
10140.0000 49.0228 9.1360
10145.0000 49.0265 9.1347
10150.0000 49.0296 9.1328
10155.0000 48.9967 9.1013
10160.0000 49.0347 9.1261
10165.0000 49.0417 9.1242
10170.0000 49.0129 9.0938
10175.0000 49.0172 9.0933
10180.0000 49.0227 9.0921
10185.0000 49.0101 9.0718
10190.0000 49.0090 9.0658
10195.0000 49.0138 9.0646
10200.0000 49.0219 9.0629
10205.0000 49.1167 9.1348
10210.0000 49.1260 9.1368
10215.0000 49.1400 9.1372
10220.0000 49.1770 9.1571
10225.0000 49.1415 9.1168
10230.0000 49.1457 9.1174
10235.0000 49.1959 9.1505
10240.0000 49.2245 9.1777
10245.0000 49.2350 9.1762
10250.0000 49.2222 9.1528
10255.0000 49.2251 9.1521
10260.0000 49.2218 9.1373
10265.0000 49.1864 9.0882
10270.0000 49.1927 9.0856
10275.0000 49.1927 9.0856
10280.0000 49.2009 9.0884
10285.0000 49.2442 9.1263
10290.0000 49.2442 9.1263
10295.0000 49.2537 9.1284
10300.0000 49.2763 9.1212
10305.0000 49.3228 9.1463
10310.0000 49.3228 9.1463
10315.0000 49.2773 9.1063
10320.0000 49.2773 9.1063
10325.0000 49.2980 9.1041
10330.0000 49.3132 9.1001
10335.0000 49.3598 9.1333
10340.0000 49.3648 9.1322
10345.0000 49.3648 9.1322
10350.0000 49.3445 9.1146
10355.0000 49.3482 9.1163
10360.0000 49.3581 9.1124
10365.0000 49.3378 9.0732
10370.0000 49.3890 9.1170
10375.0000 49.4012 9.1257
10380.0000 49.4334 9.1500
10385.0000 49.4431 9.1504
10390.0000 49.4703 9.1660
10395.0000 49.4545 9.1319
10400.0000 49.4698 9.1365
10405.0000 49.3965 9.0625
10410.0000 49.4054 9.0647
10415.0000 49.4285 9.0711
10420.0000 49.4865 9.0912
10425.0000 49.5356 9.1131
10430.0000 49.5392 9.1111
10435.0000 49.5841 9.1492
10440.0000 49.6029 9.1568
10445.0000 49.6077 9.1543
10450.0000 49.6152 9.1501
10455.0000 49.7228 9.2144
10460.0000 49.7367 9.2136
10465.0000 49.7549 9.2112
10470.0000 49.7618 9.2135
10475.0000 49.7850 9.2137
10480.0000 49.7601 9.1871
10485.0000 49.8095 9.2294
10490.0000 49.7784 9.1896
10495.0000 49.7846 9.1944
10500.0000 49.7586 9.1660
10505.0000 49.7270 9.1283
10510.0000 49.7562 9.1549
10515.0000 49.7634 9.1553
10520.0000 49.7756 9.1501
10525.0000 49.7791 9.1469
10530.0000 49.7791 9.1469
10535.0000 49.7861 9.1471
10540.0000 49.8129 9.1464
10545.0000 49.8551 9.1692
10550.0000 49.8709 9.1689
10555.0000 49.9134 9.2021
10560.0000 49.9309 9.2117
10565.0000 49.8909 9.1758
10570.0000 49.8450 9.1307
10575.0000 49.8566 9.1339
10580.0000 49.8604 9.1317
10585.0000 49.8471 9.1155
10590.0000 49.8516 9.1136
10595.0000 49.8652 9.1099
10600.0000 49.9260 9.1500
10605.0000 49.9517 9.1496
10610.0000 49.9708 9.1582
10615.0000 49.9667 9.1545
10620.0000 49.9667 9.1545
10625.0000 50.0147 9.1971
10630.0000 50.0543 9.2273
10635.0000 50.1058 9.2515
10640.0000 50.1270 9.2578
10645.0000 50.0851 9.2166
10650.0000 50.0748 9.2071
10655.0000 50.0598 9.1934
10660.0000 50.0632 9.1924
10665.0000 50.0374 9.1547
10670.0000 50.0496 9.1554
10675.0000 50.0620 9.1609
10680.0000 50.0620 9.1609
10685.0000 50.0701 9.1595
10690.0000 50.0823 9.1531
10695.0000 50.0943 9.1491
10700.0000 50.0938 9.1403
10705.0000 50.1064 9.1359
10710.0000 50.0678 9.0925
10715.0000 50.0512 9.0617
10720.0000 50.0621 9.0617
10725.0000 50.1031 9.0700
10730.0000 50.1363 9.0824
10735.0000 50.1769 9.1188
10740.0000 50.2125 9.1496
10745.0000 50.2238 9.1485
10750.0000 50.2356 9.1372
10755.0000 50.2723 9.1511
10760.0000 50.2664 9.1426
10765.0000 50.2437 9.1192
10770.0000 50.2212 9.0945
10775.0000 50.2345 9.0965
10780.0000 50.1958 9.0420
10785.0000 50.2292 9.0614
10790.0000 50.2544 9.0654
10795.0000 50.2751 9.0730
10800.0000 50.2859 9.0740
10805.0000 50.2739 9.0325
10810.0000 50.2871 9.0403
10815.0000 50.2871 9.0403
10820.0000 50.3054 9.0313
10825.0000 50.3087 9.0300
10830.0000 50.3265 9.0221
10835.0000 50.3427 9.0189
10840.0000 50.3709 9.0279
10845.0000 50.3749 9.0272
10850.0000 50.3869 9.0234
10855.0000 50.3956 9.0215
10860.0000 50.3991 9.0202
10865.0000 50.4223 9.0149
10870.0000 50.4376 9.0248
10875.0000 50.4323 9.0200
10880.0000 50.4359 9.0179
10885.0000 50.4456 9.0159
10890.0000 50.4543 9.0145
10895.0000 50.4733 9.0178
10900.0000 50.5520 9.0818
10905.0000 50.5647 9.0875
10910.0000 50.5807 9.0898
10915.0000 50.6067 9.0939
10920.0000 50.6281 9.0969
10925.0000 50.6508 9.0998
10930.0000 50.6214 9.0655
10935.0000 50.6214 9.0655
10940.0000 50.6669 9.0971
10945.0000 50.6577 9.0720
10950.0000 50.6380 9.0389
10955.0000 50.6633 9.0335
10960.0000 50.6615 9.0195
10965.0000 50.6860 9.0358
10970.0000 50.7217 9.0640
10975.0000 50.6210 8.9722
10980.0000 50.6227 8.9717
10985.0000 50.6791 9.0175
10990.0000 50.6881 9.0148
10995.0000 50.6756 9.0039
11000.0000 50.7131 9.0253
11005.0000 50.7264 9.0274
11010.0000 50.7598 9.0344
11015.0000 50.7862 9.0317
11020.0000 50.8467 9.0733
11025.0000 50.8808 9.0855
11030.0000 50.9110 9.0830
11035.0000 50.8758 9.0459
11040.0000 50.8976 9.0529
11045.0000 50.9097 9.0573
11050.0000 50.9312 9.0593
11055.0000 50.9470 9.0607
11060.0000 50.9550 9.0562
11065.0000 50.9682 9.0528
11070.0000 50.9891 9.0535
11075.0000 50.9937 9.0546
11080.0000 51.0483 9.0771
11085.0000 51.0687 9.0770
11090.0000 51.0506 9.0532
11095.0000 51.1097 9.0884
11100.0000 51.1709 9.1360
11105.0000 51.1882 9.1326
11110.0000 51.2076 9.1401
11115.0000 51.3000 9.2070
11120.0000 51.2664 9.1693
11125.0000 51.3157 9.2113
11130.0000 51.3231 9.2182
11135.0000 51.3350 9.2176
11140.0000 51.3349 9.2040
11145.0000 51.2196 9.0805
11150.0000 51.1637 9.0221
11155.0000 51.1770 9.0189
11160.0000 51.1770 9.0189
11165.0000 51.1826 9.0177
11170.0000 51.1866 9.0175
11175.0000 51.1946 9.0142
11180.0000 51.1946 9.0142
11185.0000 51.2018 9.0116
11190.0000 51.2125 9.0108
11195.0000 51.2257 9.0113
11200.0000 51.2454 9.0185
11205.0000 51.2199 8.9794
11210.0000 51.2224 8.9796
11215.0000 51.2265 8.9801
11220.0000 51.2565 8.9883
11225.0000 51.2558 8.9877
11230.0000 51.2676 8.9862
11235.0000 51.3248 9.0301
11240.0000 51.3165 9.0201
11245.0000 51.3286 9.0268
11250.0000 51.3518 9.0267
11255.0000 51.4063 9.0641
11260.0000 51.4021 9.0336
11265.0000 51.3927 9.0128
11270.0000 51.3552 8.9629
11275.0000 51.3912 8.9831
11280.0000 51.4492 9.0186
11285.0000 51.4923 9.0321
11290.0000 51.5035 9.0251
11295.0000 51.5445 9.0285
11300.0000 51.5340 9.0031
11305.0000 51.6141 9.0542
11310.0000 51.6185 9.0409
11315.0000 51.6599 9.0395
11320.0000 51.7337 9.0725
11325.0000 51.7562 9.0743
11330.0000 51.7774 9.0796
11335.0000 51.8153 9.0852
11340.0000 51.8468 9.0840
11345.0000 51.8451 9.0625
11350.0000 51.8794 9.0701
11355.0000 51.8966 9.0679
11360.0000 51.9605 9.0976
11365.0000 51.9969 9.1036
11370.0000 52.0236 9.1037
11375.0000 52.0399 9.1075
11380.0000 52.0382 9.1018
11385.0000 52.0091 9.0609
11390.0000 52.0464 9.0876
11395.0000 52.0584 9.0904
11400.0000 52.1263 9.1356
11405.0000 52.1136 9.1045
11410.0000 52.0854 9.0707
11415.0000 52.0961 9.0741
11420.0000 52.1187 9.0846
11425.0000 52.1270 9.0873
11430.0000 52.1628 9.0856
11435.0000 52.2050 9.1144
11440.0000 52.2535 9.1346
11445.0000 52.2562 9.1268
11450.0000 52.2718 9.1248
11455.0000 52.2844 9.1225
11460.0000 52.3018 9.1177
11465.0000 52.2401 9.0513
11470.0000 52.2252 9.0154
11475.0000 52.2149 9.0023
11480.0000 52.2149 9.0023
11485.0000 52.2464 8.9978
11490.0000 52.2520 8.9769
11495.0000 52.2731 8.9754
11500.0000 52.3206 9.0077
11505.0000 52.3342 9.0055
11510.0000 52.3375 8.9945
11515.0000 52.4113 9.0573
11520.0000 52.3998 9.0303
11525.0000 52.4714 9.0686
11530.0000 52.4768 9.0667
11535.0000 52.4685 9.0562
11540.0000 52.4685 9.0562
11545.0000 52.4819 9.0625
11550.0000 52.4987 9.0638
11555.0000 52.4815 9.0388
11560.0000 52.5141 9.0586
11565.0000 52.5202 9.0517
11570.0000 52.5271 9.0420
11575.0000 52.5995 9.0884
11580.0000 52.6263 9.0918
11585.0000 52.6532 9.0944
11590.0000 52.6960 9.1235
11595.0000 52.7229 9.1452
11600.0000 52.6934 9.1099
11605.0000 52.6700 9.0758
11610.0000 52.6681 9.0593
11615.0000 52.6892 9.0581
11620.0000 52.6929 9.0439
11625.0000 52.6811 9.0139
11630.0000 52.6928 9.0161
11635.0000 52.7196 9.0183
11640.0000 52.7312 9.0133
11645.0000 52.7471 9.0180
11650.0000 52.7658 9.0201
11655.0000 52.7775 9.0236
11660.0000 52.8239 9.0632
11665.0000 52.8333 9.0605
11670.0000 52.8416 9.0578
11675.0000 52.8416 9.0578
11680.0000 52.8468 9.0527
11685.0000 52.8166 9.0133
11690.0000 52.7980 8.9923
11695.0000 52.8361 9.0148
11700.0000 52.8322 9.0039
11705.0000 52.8332 9.0024
11710.0000 52.8835 9.0353
11715.0000 52.8573 9.0078
11720.0000 52.8672 9.0040
11725.0000 52.9163 9.0393
11730.0000 52.9191 9.0377
11735.0000 52.8814 9.0008
11740.0000 52.8902 9.0001
11745.0000 52.8629 8.9684
11750.0000 52.8414 8.9469
11755.0000 52.8913 8.9898
11760.0000 52.9047 8.9883
11765.0000 52.8411 8.9338
11770.0000 52.8569 8.9390
11775.0000 52.8699 8.9394
11780.0000 52.9300 8.9732
11785.0000 52.9236 8.9462
11790.0000 52.9309 8.9441
11795.0000 52.9412 8.9397
11800.0000 52.9842 8.9543
11805.0000 53.0063 8.9493
11810.0000 53.0145 8.9479
11815.0000 53.0223 8.9447
11820.0000 53.0263 8.9432
11825.0000 53.0536 8.9349
11830.0000 53.0693 8.9316
11835.0000 53.0814 8.9317
11840.0000 53.1057 8.9458
11845.0000 53.1338 8.9531
11850.0000 53.1452 8.9560
11855.0000 53.1606 8.9532
11860.0000 53.1718 8.9502
11865.0000 53.1879 8.9476
11870.0000 53.2033 8.9437
11875.0000 53.2080 8.9403
11880.0000 53.2082 8.9255
11885.0000 53.2345 8.9179
11890.0000 53.2570 8.9188
11895.0000 53.2690 8.9140
11900.0000 53.3094 8.9369
11905.0000 53.3938 9.0038
11910.0000 53.4362 9.0242
11915.0000 53.4516 9.0176
11920.0000 53.4667 9.0200
11925.0000 53.4844 9.0327
11930.0000 53.4842 9.0325
11935.0000 53.4352 8.9907
11940.0000 53.4386 8.9835
11945.0000 53.4357 8.9670
11950.0000 53.4453 8.9664
11955.0000 53.4594 8.9714
11960.0000 53.4638 8.9713
11965.0000 53.4379 8.9468
11970.0000 53.4170 8.9255
11975.0000 53.4341 8.9269
11980.0000 53.4667 8.9488
11985.0000 53.4742 8.9515
11990.0000 53.4808 8.9568
11995.0000 53.5267 8.9815
12000.0000 53.5901 9.0177
12005.0000 53.5998 9.0173
12010.0000 53.6062 9.0154
12015.0000 53.6181 9.0177
12020.0000 53.6200 9.0169
12025.0000 53.6391 9.0123
12030.0000 53.6447 9.0100
12035.0000 53.6598 9.0065
12040.0000 53.6706 9.0021
12045.0000 53.6757 9.0063
12050.0000 53.6756 9.0062
12055.0000 53.6918 9.0073
12060.0000 53.6918 9.0073
12065.0000 53.7115 9.0114
12070.0000 53.7706 9.0467
12075.0000 53.7557 9.0241
12080.0000 53.7757 9.0390
12085.0000 53.7948 9.0488
12090.0000 53.8260 9.0542
12095.0000 53.8853 9.0937
12100.0000 53.8708 9.0692
12105.0000 53.8900 9.0853
12110.0000 53.9043 9.0967
12115.0000 54.0092 9.1575
12120.0000 54.0092 9.1575
12125.0000 53.9857 9.1333
12130.0000 53.9857 9.1333
12135.0000 54.0353 9.1720
12140.0000 54.0320 9.1409
12145.0000 54.0625 9.1421
12150.0000 54.1311 9.1778
12155.0000 54.1014 9.1484
12160.0000 54.1044 9.1467
12165.0000 54.1475 9.1722
12170.0000 54.1620 9.1672
12175.0000 54.1735 9.1670
12180.0000 54.1310 9.1228
12185.0000 54.1469 9.1240
12190.0000 54.1634 9.1288
12195.0000 54.2071 9.1503
12200.0000 54.2276 9.1480
12205.0000 54.2358 9.1484
12210.0000 54.1659 9.0845
12215.0000 54.1094 9.0241
12220.0000 54.1193 9.0214
12225.0000 54.1296 9.0201
12230.0000 54.1424 9.0194
12235.0000 54.1684 9.0172
12240.0000 54.1390 8.9778
12245.0000 54.1347 8.9588
12250.0000 54.1306 8.9556
12255.0000 54.1423 8.9651
12260.0000 54.1397 8.9492
12265.0000 54.1444 8.9462
12270.0000 54.1943 8.9806
12275.0000 54.1989 8.9836
12280.0000 54.2062 8.9883
12285.0000 54.2403 9.0080
12290.0000 54.2522 9.0147
12295.0000 54.2610 9.0106
12300.0000 54.2671 9.0084
12305.0000 54.2693 9.0092
12310.0000 54.2693 9.0092
12315.0000 54.3302 9.0582
12320.0000 54.3389 9.0487
12325.0000 54.3204 9.0234
12330.0000 54.3246 9.0245
12335.0000 54.3424 9.0191
12340.0000 54.2647 8.9524
12345.0000 54.2813 8.9549
12350.0000 54.2852 8.9533
12355.0000 54.3489 9.0059
12360.0000 54.3572 9.0071
12365.0000 54.3921 9.0207
12370.0000 54.3921 9.0207
12375.0000 54.4210 9.0443
12380.0000 54.4348 9.0383
12385.0000 54.4352 9.0387
12390.0000 54.4449 9.0416
12395.0000 54.4449 9.0416
12400.0000 54.4221 9.0206
12405.0000 54.5028 9.0745
12410.0000 54.5063 9.0719
12415.0000 54.5107 9.0754
12420.0000 54.5107 9.0754
12425.0000 54.5195 9.0736
12430.0000 54.5339 9.0710
12435.0000 54.4976 9.0353
12440.0000 54.4672 8.9824
12445.0000 54.4697 8.9713
12450.0000 54.4782 8.9667
12455.0000 54.4900 8.9650
12460.0000 54.5204 8.9593
12465.0000 54.5680 8.9783
12470.0000 54.5178 8.9358
12475.0000 54.4952 8.9030
12480.0000 54.4745 8.8776
12485.0000 54.5165 8.9060
12490.0000 54.5227 8.9108
12495.0000 54.5239 8.9056
12500.0000 54.5426 8.9102
12505.0000 54.5088 8.8827
12510.0000 54.5131 8.8796
12515.0000 54.5288 8.8829
12520.0000 54.5392 8.8803
12525.0000 54.5433 8.8780
12530.0000 54.5619 8.8734
12535.0000 54.5619 8.8734
12540.0000 54.5586 8.8663
12545.0000 54.5586 8.8663
12550.0000 54.5625 8.8663
12555.0000 54.5701 8.8652
12560.0000 54.5949 8.8857
12565.0000 54.6557 8.9242
12570.0000 54.6656 8.9221
12575.0000 54.6916 8.9422
12580.0000 54.6287 8.8881
12585.0000 54.6339 8.8902
12590.0000 54.6369 8.8899
12595.0000 54.6233 8.8796
12600.0000 54.6680 8.9071
12605.0000 54.7320 8.9483
12610.0000 54.7370 8.9477
12615.0000 54.7410 8.9508
12620.0000 54.7092 8.9200
12625.0000 54.7126 8.9195
12630.0000 54.7647 8.9453
12635.0000 54.8013 8.9583
12640.0000 54.7991 8.9514
12645.0000 54.8306 8.9726
12650.0000 54.8643 8.9919
12655.0000 54.9464 9.0546
12660.0000 54.9599 9.0604
12665.0000 54.9789 9.0600
12670.0000 55.0281 9.0894
12675.0000 55.0450 9.0857
12680.0000 55.0496 9.0839
12685.0000 55.0191 9.0525
12690.0000 55.0223 9.0523
12695.0000 55.0024 9.0265
12700.0000 55.0066 9.0268
12705.0000 55.0094 9.0253
12710.0000 55.0433 9.0522
12715.0000 55.0577 9.0485
12720.0000 55.0336 9.0159
12725.0000 54.9916 8.9794
12730.0000 55.0013 8.9806
12735.0000 55.0494 9.0135
12740.0000 55.0663 9.0108
12745.0000 55.0703 9.0121
12750.0000 55.0911 9.0196
12755.0000 55.0994 9.0182
12760.0000 55.1037 9.0185
12765.0000 55.1119 9.0198
12770.0000 55.0776 8.9910
12775.0000 55.0351 8.9310
12780.0000 55.0907 8.9641
12785.0000 55.1079 8.9668
12790.0000 55.1171 8.9653
12795.0000 55.1237 8.9654
12800.0000 55.1369 8.9673
12805.0000 55.1455 8.9652
12810.0000 55.1443 8.9580
12815.0000 55.1577 8.9600
12820.0000 55.2248 8.9940
12825.0000 55.2400 8.9940
12830.0000 55.2445 8.9954
12835.0000 55.2545 8.9966
12840.0000 55.2414 8.9795
12845.0000 55.2511 8.9811
12850.0000 55.2511 8.9811
12855.0000 55.2445 8.9758
12860.0000 55.2528 8.9751
12865.0000 55.2620 8.9739
12870.0000 55.2700 8.9770
12875.0000 55.2128 8.9237
12880.0000 55.2233 8.9318
12885.0000 55.2325 8.9292
12890.0000 55.2459 8.9272
12895.0000 55.2505 8.9244
12900.0000 55.2251 8.8929
12905.0000 55.2379 8.8957
12910.0000 55.2346 8.8896
12915.0000 55.2762 8.9093
12920.0000 55.2954 8.9071
12925.0000 55.3067 8.9135
12930.0000 55.3104 8.9024
12935.0000 55.3386 8.9103
12940.0000 55.3636 8.9149
12945.0000 55.4388 8.9419
12950.0000 55.4620 8.9364
12955.0000 55.4808 8.9325
12960.0000 55.4951 8.9311
12965.0000 55.4951 8.9311
12970.0000 55.4977 8.9327
12975.0000 55.5445 8.9635
12980.0000 55.5984 9.0010
12985.0000 55.5749 8.9644
12990.0000 55.5830 8.9655
12995.0000 55.6012 8.9698
13000.0000 55.6486 9.0001
13005.0000 55.6576 9.0009
13010.0000 55.6713 8.9967
13015.0000 55.6803 8.9996
13020.0000 55.6700 8.9919
13025.0000 55.6700 8.9919
13030.0000 55.6700 8.9919
13035.0000 55.6912 8.9877
13040.0000 55.6349 8.9393
13045.0000 55.6473 8.9356
13050.0000 55.6514 8.9370
13055.0000 55.6514 8.9370
13060.0000 55.6560 8.9390
13065.0000 55.7033 8.9639
13070.0000 55.7662 8.9996
13075.0000 55.7662 8.9996
13080.0000 55.7269 8.9651
13085.0000 55.7339 8.9645
13090.0000 55.7627 8.9614
13095.0000 55.7911 8.9618
13100.0000 55.8060 8.9660
13105.0000 55.8177 8.9623
13110.0000 55.8574 8.9921
13115.0000 55.8671 8.9898
13120.0000 55.8335 8.9488
13125.0000 55.8608 8.9407
13130.0000 55.8608 8.9407
13135.0000 55.9095 8.9721
13140.0000 55.9095 8.9721
13145.0000 55.8735 8.9398
13150.0000 55.8509 8.9057
13155.0000 55.8552 8.8944
13160.0000 55.8946 8.9180
13165.0000 55.8795 8.9064
13170.0000 55.8851 8.9080
13175.0000 55.8952 8.9101
13180.0000 55.9309 8.9358
13185.0000 55.9158 8.9017
13190.0000 55.9222 8.8998
13195.0000 55.9222 8.8919
13200.0000 55.9701 8.9263
13205.0000 55.9847 8.9370
13210.0000 56.0260 8.9565
13215.0000 56.0386 8.9516
13220.0000 56.0656 8.9506
13225.0000 56.0748 8.9530
13230.0000 56.0876 8.9545
13235.0000 56.1165 8.9604
13240.0000 56.1441 8.9671
13245.0000 56.1728 8.9702
13250.0000 56.1802 8.9699
13255.0000 56.1438 8.9376
13260.0000 56.1177 8.9142
13265.0000 56.1454 8.9148
13270.0000 56.1202 8.8707
13275.0000 56.1725 8.8930
13280.0000 56.2353 8.9195
13285.0000 56.2377 8.9095
13290.0000 56.2905 8.9308
13295.0000 56.3236 8.9393
13300.0000 56.3425 8.9503
13305.0000 56.2876 8.9054
13310.0000 56.3834 8.9631
13315.0000 56.3357 8.9152
13320.0000 56.3512 8.9149
13325.0000 56.3520 8.8982
13330.0000 56.3694 8.8978
13335.0000 56.3837 8.9025
13340.0000 56.3568 8.8782
13345.0000 56.4113 8.9196
13350.0000 56.4202 8.9164
13355.0000 56.4232 8.9110
13360.0000 56.4687 8.9397
13365.0000 56.4760 8.9384
13370.0000 56.4174 8.8877
13375.0000 56.4667 8.9070
13380.0000 56.4667 8.9070
13385.0000 56.4667 8.9070
13390.0000 56.4368 8.8765
13395.0000 56.4771 8.9019
13400.0000 56.5142 8.9257
13405.0000 56.5008 8.8999
13410.0000 56.4720 8.8756
13415.0000 56.4692 8.8679
13420.0000 56.5081 8.8894
13425.0000 56.4797 8.8583
13430.0000 56.5051 8.8643
13435.0000 56.5277 8.8739
13440.0000 56.5482 8.8785
13445.0000 56.5741 8.8895
13450.0000 56.5838 8.8876
13455.0000 56.5664 8.8572
13460.0000 56.5939 8.8620
13465.0000 56.6082 8.8573
13470.0000 56.5846 8.8275
13475.0000 56.5936 8.8271
13480.0000 56.6111 8.8248
13485.0000 56.6396 8.8253
13490.0000 56.6708 8.8215
13495.0000 56.6781 8.8078
13500.0000 56.6730 8.7908
13505.0000 56.6876 8.7890
13510.0000 56.6836 8.7749
13515.0000 56.7387 8.8097
13520.0000 56.6978 8.7768
13525.0000 56.7031 8.7736
13530.0000 56.7114 8.7769
13535.0000 56.7226 8.7781
13540.0000 56.7484 8.7894
13545.0000 56.7550 8.7938
13550.0000 56.7672 8.8001
13555.0000 56.7733 8.7983
13560.0000 56.7733 8.7983
13565.0000 56.7815 8.7975
13570.0000 56.8340 8.8288
13575.0000 56.8393 8.8133
13580.0000 56.8908 8.8395
13585.0000 56.8758 8.8242
13590.0000 56.8792 8.8223
13595.0000 56.8460 8.7952
13600.0000 56.8632 8.8057
13605.0000 56.8340 8.7816
13610.0000 56.8383 8.7798
13615.0000 56.8789 8.8038
13620.0000 56.9235 8.8169
13625.0000 56.8959 8.7791
13630.0000 56.9322 8.7802
13635.0000 56.9561 8.7816
13640.0000 56.9785 8.7707
13645.0000 56.9873 8.7707
13650.0000 56.9873 8.7707
13655.0000 57.0275 8.8005
13660.0000 57.0444 8.7989
13665.0000 57.0505 8.7988
13670.0000 57.0497 8.7951
13675.0000 57.0677 8.7883
13680.0000 57.0854 8.7891
13685.0000 57.0584 8.7581
13690.0000 57.0452 8.7458
13695.0000 57.0202 8.7271
13700.0000 57.0291 8.7246
13705.0000 57.0611 8.7489
13710.0000 57.1120 8.7758
13715.0000 57.1556 8.8100
13720.0000 57.1969 8.8144
13725.0000 57.2036 8.8103
13730.0000 57.2257 8.8139
13735.0000 57.2366 8.8146
13740.0000 57.2409 8.8143
13745.0000 57.2599 8.8168
13750.0000 57.2774 8.8124
13755.0000 57.2862 8.8132
13760.0000 57.2941 8.8101
13765.0000 57.3286 8.8324
13770.0000 57.4157 8.8948
13775.0000 57.4488 8.9016
13780.0000 57.4523 8.8978
13785.0000 57.4683 8.9053
13790.0000 57.4640 8.9022
13795.0000 57.4640 8.9022
13800.0000 57.5114 8.9149
13805.0000 57.5398 8.9196
13810.0000 57.5490 8.9163
13815.0000 57.5640 8.9134
13820.0000 57.6230 8.9460
13825.0000 57.6406 8.9421
13830.0000 57.6674 8.9424
13835.0000 57.6430 8.9079
13840.0000 57.6689 8.9269
13845.0000 57.6866 8.9416
13850.0000 57.6982 8.9390
13855.0000 57.7149 8.9418
13860.0000 57.7290 8.9299
13865.0000 57.7319 8.9213
13870.0000 57.7421 8.9130
13875.0000 57.7498 8.9097
13880.0000 57.7610 8.9006
13885.0000 57.7705 8.8953
13890.0000 57.7676 8.8707
13895.0000 57.7278 8.8420
13900.0000 57.7778 8.8723
13905.0000 57.7821 8.8722
13910.0000 57.7874 8.8763
13915.0000 57.8318 8.8938
13920.0000 57.8492 8.8814
13925.0000 57.8254 8.8580
13930.0000 57.8603 8.8761
13935.0000 57.8772 8.8807
13940.0000 57.8749 8.8791
13945.0000 57.9185 8.9150
13950.0000 57.9348 8.9103
13955.0000 57.9348 8.9103
13960.0000 57.9000 8.8838
13965.0000 57.9276 8.8934
13970.0000 57.8976 8.8572
13975.0000 57.8849 8.8352
13980.0000 57.9181 8.8322
13985.0000 57.9260 8.8327
13990.0000 57.9382 8.8248
13995.0000 57.9485 8.8232
14000.0000 57.9971 8.8429
14005.0000 57.9630 8.8110
14010.0000 57.9913 8.8131
14015.0000 58.0047 8.8134
14020.0000 58.0230 8.8117
14025.0000 58.0370 8.8142
14030.0000 58.0334 8.8006
14035.0000 58.0692 8.8129
14040.0000 58.0839 8.8196
14045.0000 58.1202 8.8219
14050.0000 58.1400 8.8264
14055.0000 58.1589 8.8293
14060.0000 58.1822 8.8350
14065.0000 58.1907 8.8375
14070.0000 58.2230 8.8382
14075.0000 58.2576 8.8459
14080.0000 58.3152 8.8868
14085.0000 58.3297 8.8950
14090.0000 58.3405 8.8993
14095.0000 58.3854 8.9259
14100.0000 58.3846 8.9181
14105.0000 58.4119 8.9118
14110.0000 58.3524 8.8608
14115.0000 58.3721 8.8635
14120.0000 58.3832 8.8650
14125.0000 58.3971 8.8627
14130.0000 58.4066 8.8609
14135.0000 58.4382 8.8772
14140.0000 58.4529 8.8724
14145.0000 58.4529 8.8724
14150.0000 58.5109 8.8946
14155.0000 58.5109 8.8946
14160.0000 58.4955 8.8812
14165.0000 58.4778 8.8539
14170.0000 58.4952 8.8549
14175.0000 58.4923 8.8416
14180.0000 58.5053 8.8429
14185.0000 58.5209 8.8514
14190.0000 58.5309 8.8545
14195.0000 58.5740 8.8768
14200.0000 58.5951 8.8852
14205.0000 58.6887 8.9352
14210.0000 58.6640 8.9041
14215.0000 58.6059 8.8568
14220.0000 58.6772 8.8961
14225.0000 58.6999 8.9008
14230.0000 58.7634 8.9323
14235.0000 58.7843 8.9298
14240.0000 58.7986 8.9347
14245.0000 58.7644 8.9106
14250.0000 58.8027 8.9367
14255.0000 58.8087 8.9389
14260.0000 58.6913 8.8519
14265.0000 58.7087 8.8547
14270.0000 58.7463 8.8706
14275.0000 58.7197 8.8500
14280.0000 58.7494 8.8610
14285.0000 58.7239 8.8408
14290.0000 58.7377 8.8483
14295.0000 58.7548 8.8484
14300.0000 58.7685 8.8582
14305.0000 58.7801 8.8600
14310.0000 58.7924 8.8606
14315.0000 58.8288 8.8751
14320.0000 58.8401 8.8717
14325.0000 58.8660 8.8739
14330.0000 58.8961 8.8917
14335.0000 58.8870 8.8855
14340.0000 58.8849 8.8762
14345.0000 58.8589 8.8478
14350.0000 58.8558 8.8360
14355.0000 58.9503 8.9005
14360.0000 58.9161 8.8752
14365.0000 58.9247 8.8754
14370.0000 58.9357 8.8779
14375.0000 58.9357 8.8779
14380.0000 58.9425 8.8827
14385.0000 58.9493 8.8807
14390.0000 58.9665 8.8766
14395.0000 58.9878 8.8730
14400.0000 58.9991 8.8711
14405.0000 58.9991 8.8711
14410.0000 59.0339 8.8866
14415.0000 59.0516 8.8861
14420.0000 59.0559 8.8853
14425.0000 59.0050 8.8477
14430.0000 59.0192 8.8518
14435.0000 59.0282 8.8512
14440.0000 59.0310 8.8512
14445.0000 59.0833 8.8807
14450.0000 59.0833 8.8807
14455.0000 59.1344 8.9167
14460.0000 59.1459 8.9176
14465.0000 59.1189 8.8954
14470.0000 59.0987 8.8746
14475.0000 59.1629 8.9119
14480.0000 59.1964 8.9326
14485.0000 59.2207 8.9330
14490.0000 59.2434 8.9312
14495.0000 59.2745 8.9333
14500.0000 59.3440 8.9581
14505.0000 59.3973 8.9818
14510.0000 59.3673 8.9528
14515.0000 59.3813 8.9504
14520.0000 59.4262 8.9666
14525.0000 59.4435 8.9730
14530.0000 59.4382 8.9612
14535.0000 59.4420 8.9521
14540.0000 59.4748 8.9599
14545.0000 59.5093 8.9574
14550.0000 59.5342 8.9543
14555.0000 59.5052 8.9231
14560.0000 59.5541 8.9504
14565.0000 59.5066 8.9105
14570.0000 59.5370 8.9227
14575.0000 59.5651 8.9400
14580.0000 59.5902 8.9385
14585.0000 59.5583 8.9066
14590.0000 59.5771 8.9161
14595.0000 59.6033 8.9276
14600.0000 59.6137 8.9251
14605.0000 59.6176 8.9248
14610.0000 59.6223 8.9286
14615.0000 59.6476 8.9462
14620.0000 59.6401 8.9401
14625.0000 59.6700 8.9528
14630.0000 59.6889 8.9481
14635.0000 59.6351 8.8940
14640.0000 59.7719 8.9873
14645.0000 59.7889 8.9913
14650.0000 59.7444 8.9496
14655.0000 59.7041 8.9187
14660.0000 59.7188 8.9164
14665.0000 59.6825 8.8714
14670.0000 59.6824 8.8604
14675.0000 59.6889 8.8626
14680.0000 59.7074 8.8607
14685.0000 59.7250 8.8546
14690.0000 59.7253 8.8491
14695.0000 59.7584 8.8607
14700.0000 59.7628 8.8642
14705.0000 59.7242 8.8374
14710.0000 59.7317 8.8381
14715.0000 59.7454 8.8337
14720.0000 59.7271 8.8103
14725.0000 59.7871 8.8302
14730.0000 59.8045 8.8428
14735.0000 59.8254 8.8570
14740.0000 59.8351 8.8544
14745.0000 59.8514 8.8554
14750.0000 59.8108 8.8277
14755.0000 59.8108 8.8277
14760.0000 59.8529 8.8553
14765.0000 59.8091 8.8175
14770.0000 59.8156 8.8200
14775.0000 59.8238 8.8205
14780.0000 59.8122 8.8125
14785.0000 59.8122 8.8125
14790.0000 59.8162 8.8142
14795.0000 59.8207 8.8149
14800.0000 59.8546 8.8260
14805.0000 59.8469 8.8137
14810.0000 59.8618 8.8268
14815.0000 59.8474 8.8164
14820.0000 59.8504 8.8164
14825.0000 59.8731 8.8186
14830.0000 59.9201 8.8471
14835.0000 59.9369 8.8518
14840.0000 59.9554 8.8628
14845.0000 59.9928 8.8848
14850.0000 60.0115 8.8852
14855.0000 60.0169 8.8860
14860.0000 60.0474 8.9064
14865.0000 60.0502 8.9027
14870.0000 60.0099 8.8712
14875.0000 60.0137 8.8694
14880.0000 60.0236 8.8682
14885.0000 60.0357 8.8768
14890.0000 60.0126 8.8522
14895.0000 60.0155 8.8408
14900.0000 60.0476 8.8583
14905.0000 60.0155 8.8297
14910.0000 60.0297 8.8229
14915.0000 60.0478 8.8203
14920.0000 60.0626 8.8264
14925.0000 60.0965 8.8497
14930.0000 60.1096 8.8490
14935.0000 60.1249 8.8506
14940.0000 60.0876 8.8192
14945.0000 60.0831 8.8065
14950.0000 60.0712 8.7979
14955.0000 60.0749 8.8004
14960.0000 60.0941 8.8010
14965.0000 60.1400 8.8295
14970.0000 60.1578 8.8295
14975.0000 60.1738 8.8274
14980.0000 60.1904 8.8237
14985.0000 60.2024 8.8229
14990.0000 60.1620 8.7911
14995.0000 60.2670 8.8541
15000.0000 60.2809 8.8557
15005.0000 60.3256 8.8821
15010.0000 60.3754 8.8992
15015.0000 60.3697 8.8780
15020.0000 60.3923 8.8765
15025.0000 60.4081 8.8673
15030.0000 60.4509 8.8890
15035.0000 60.4688 8.8896
15040.0000 60.4769 8.8841
15045.0000 60.4840 8.8795
15050.0000 60.4984 8.8749
15055.0000 60.5162 8.8736
15060.0000 60.5424 8.8656
15065.0000 60.5478 8.8623
15070.0000 60.5218 8.8387
15075.0000 60.5280 8.8336
15080.0000 60.5415 8.8242
15085.0000 60.5442 8.8191
15090.0000 60.5618 8.8245
15095.0000 60.5858 8.8224
15100.0000 60.6037 8.8237
15105.0000 60.5650 8.7829
15110.0000 60.5792 8.7817
15115.0000 60.5541 8.7605
15120.0000 60.5336 8.7328
15125.0000 60.5095 8.7030
15130.0000 60.4869 8.6783
15135.0000 60.5115 8.6757
15140.0000 60.5216 8.6742
15145.0000 60.5190 8.6722
15150.0000 60.5190 8.6722
15155.0000 60.5258 8.6698
15160.0000 60.5300 8.6730
15165.0000 60.5361 8.6725
15170.0000 60.5510 8.6701
15175.0000 60.5673 8.6676
15180.0000 60.5970 8.6879
15185.0000 60.6088 8.6854
15190.0000 60.6966 8.7435
15195.0000 60.6516 8.7149
15200.0000 60.6743 8.7201
15205.0000 60.7230 8.7387
15210.0000 60.7250 8.7250
15215.0000 60.6732 8.6779
15220.0000 60.6673 8.6645
15225.0000 60.6759 8.6631
15230.0000 60.6861 8.6596
15235.0000 60.6878 8.6542
15240.0000 60.7035 8.6564
15245.0000 60.6999 8.6536
15250.0000 60.7182 8.6623
15255.0000 60.7229 8.6621
15260.0000 60.7279 8.6620
15265.0000 60.7519 8.6609
15270.0000 60.7575 8.6614
15275.0000 60.7636 8.6615
15280.0000 60.8140 8.6833
15285.0000 60.8330 8.6843
15290.0000 60.8575 8.6876
15295.0000 60.8846 8.6909
15300.0000 60.9463 8.7324
15305.0000 60.9820 8.7420
15310.0000 60.9845 8.7369
15315.0000 60.9252 8.6896
15320.0000 60.9322 8.6868
15325.0000 60.9338 8.6804
15330.0000 60.9928 8.7101
15335.0000 60.9574 8.6826
15340.0000 60.9972 8.7075
15345.0000 60.9965 8.6993
15350.0000 61.0133 8.6997
15355.0000 61.0259 8.7045
15360.0000 61.0334 8.7015
15365.0000 61.0334 8.7015
15370.0000 61.0848 8.7227
15375.0000 61.0945 8.7214
15380.0000 61.1048 8.7221
15385.0000 61.1195 8.7202
15390.0000 61.1195 8.7202
15395.0000 61.1231 8.7186
15400.0000 61.1195 8.7105
15405.0000 61.1322 8.7148
15410.0000 61.1758 8.7292
15415.0000 61.2062 8.7484
15420.0000 61.1339 8.6940
15425.0000 61.1377 8.6928
15430.0000 61.1488 8.6987
15435.0000 61.1678 8.6975
15440.0000 61.2035 8.6945
15445.0000 61.2082 8.6965
15450.0000 61.2155 8.6923
15455.0000 61.2314 8.6884
15460.0000 61.2417 8.6851
15465.0000 61.2453 8.6844
15470.0000 61.2453 8.6844
15475.0000 61.2526 8.6892
15480.0000 61.2958 8.7038
15485.0000 61.2783 8.6836
15490.0000 61.2865 8.6821
15495.0000 61.2865 8.6821
15500.0000 61.2937 8.6817
15505.0000 61.2992 8.6817
15510.0000 61.3712 8.7257
15515.0000 61.3858 8.7237
15520.0000 61.3949 8.7252
15525.0000 61.4503 8.7565
15530.0000 61.4303 8.7367
15535.0000 61.4486 8.7411
15540.0000 61.4611 8.7405
15545.0000 61.4725 8.7455
15550.0000 61.4778 8.7474
15555.0000 61.4663 8.7279
15560.0000 61.4794 8.7312
15565.0000 61.4969 8.7236
15570.0000 61.5317 8.7422
15575.0000 61.5587 8.7502
15580.0000 61.5746 8.7499
15585.0000 61.5865 8.7554
15590.0000 61.5791 8.7476
15595.0000 61.5791 8.7476
15600.0000 61.5050 8.6952
15605.0000 61.5143 8.6932
15610.0000 61.5143 8.6932
15615.0000 61.5582 8.7155
15620.0000 61.5745 8.7103
15625.0000 61.5499 8.6803
15630.0000 61.5615 8.6772
15635.0000 61.6036 8.7043
15640.0000 61.6018 8.6944
15645.0000 61.6062 8.6964
15650.0000 61.6187 8.6901
15655.0000 61.6231 8.6888
15660.0000 61.6134 8.6811
15665.0000 61.6310 8.6875
15670.0000 61.5317 8.6087
15675.0000 61.5531 8.6202
15680.0000 61.5742 8.6329
15685.0000 61.6613 8.6931
15690.0000 61.6643 8.6886
15695.0000 61.6899 8.6912
15700.0000 61.7050 8.6924
15705.0000 61.7225 8.6968
15710.0000 61.7434 8.7029
15715.0000 61.7610 8.7009
15720.0000 61.8000 8.7161
15725.0000 61.7994 8.6932
15730.0000 61.7806 8.6649
15735.0000 61.7860 8.6613
15740.0000 61.7747 8.6542
15745.0000 61.8197 8.6737
15750.0000 61.8836 8.7028
15755.0000 61.9664 8.7245
15760.0000 61.9840 8.7293
15765.0000 62.0190 8.7405
15770.0000 62.0225 8.7342
15775.0000 62.0594 8.7535
15780.0000 62.0723 8.7546
15785.0000 62.0899 8.7583
15790.0000 62.1036 8.7652
15795.0000 62.1220 8.7636
15800.0000 62.1367 8.7714
15805.0000 62.1356 8.7683
15810.0000 62.1736 8.7915
15815.0000 62.1382 8.7585
15820.0000 62.1492 8.7477
15825.0000 62.1438 8.7399
15830.0000 62.1056 8.7102
15835.0000 62.1236 8.7094
15840.0000 62.1695 8.7334
15845.0000 62.2119 8.7547
15850.0000 62.2259 8.7635
15855.0000 62.1842 8.7301
15860.0000 62.1768 8.7191
15865.0000 62.2078 8.7356
15870.0000 62.2126 8.7343
15875.0000 62.2421 8.7486
15880.0000 62.2461 8.7419
15885.0000 62.2716 8.7509
15890.0000 62.2765 8.7527
15895.0000 62.2761 8.7525
15900.0000 62.2807 8.7521
15905.0000 62.2963 8.7515
15910.0000 62.3072 8.7486
15915.0000 62.3362 8.7533
15920.0000 62.3445 8.7539
15925.0000 62.3066 8.7254
15930.0000 62.3498 8.7559
15935.0000 62.3845 8.7771
15940.0000 62.3982 8.7761
15945.0000 62.4325 8.7995
15950.0000 62.4407 8.7971
15955.0000 62.4053 8.7721
15960.0000 62.3932 8.7579
15965.0000 62.3622 8.7267
15970.0000 62.3665 8.7242
15975.0000 62.3665 8.7242
15980.0000 62.3771 8.7250
15985.0000 62.3816 8.7251
15990.0000 62.3931 8.7252
15995.0000 62.3979 8.7254
16000.0000 62.4212 8.7212
16005.0000 62.4243 8.7202
16010.0000 62.4225 8.7156
16015.0000 62.4328 8.7162
16020.0000 62.4315 8.7086
16025.0000 62.4427 8.7130
16030.0000 62.5079 8.7476
16035.0000 62.4280 8.6820
16040.0000 62.4359 8.6803
16045.0000 62.4462 8.6774
16050.0000 62.4462 8.6774
16055.0000 62.5289 8.7206
16060.0000 62.5262 8.7156
16065.0000 62.5258 8.7097
16070.0000 62.5254 8.7008
16075.0000 62.5682 8.7240
16080.0000 62.6148 8.7543
16085.0000 62.6241 8.7544
16090.0000 62.6414 8.7569
16095.0000 62.6483 8.7549
16100.0000 62.6277 8.7326
16105.0000 62.6600 8.7471
16110.0000 62.6756 8.7446
16115.0000 62.6893 8.7400
16120.0000 62.7226 8.7602
16125.0000 62.7180 8.7572
16130.0000 62.7082 8.7487
16135.0000 62.6696 8.7189
16140.0000 62.6844 8.7110
16145.0000 62.6935 8.7086
16150.0000 62.6897 8.7063
16155.0000 62.6897 8.7063
16160.0000 62.6918 8.7034
16165.0000 62.7026 8.7040
16170.0000 62.7568 8.7280
16175.0000 62.7435 8.7043
16180.0000 62.7860 8.7287
16185.0000 62.7860 8.7287
16190.0000 62.7435 8.6961
16195.0000 62.7366 8.6871
16200.0000 62.7593 8.6956
16205.0000 62.7513 8.6902
16210.0000 62.7455 8.6815
16215.0000 62.7570 8.6830
16220.0000 62.7618 8.6838
16225.0000 62.7737 8.6827
16230.0000 62.7827 8.6859
16235.0000 62.8138 8.6946
16240.0000 62.8275 8.6948
16245.0000 62.7464 8.6355
16250.0000 62.8039 8.6646
16255.0000 62.8963 8.7141
16260.0000 62.8980 8.7128
16265.0000 62.9025 8.7139
16270.0000 62.9074 8.7108
16275.0000 62.9127 8.7102
16280.0000 62.9365 8.7202
16285.0000 62.9388 8.7192
16290.0000 62.9139 8.7038
16295.0000 62.9175 8.7055
16300.0000 62.9205 8.6995
16305.0000 62.9936 8.7352
16310.0000 63.0056 8.7339
16315.0000 63.0182 8.7303
16320.0000 63.0023 8.7153
16325.0000 63.0364 8.7380
16330.0000 63.0750 8.7624
16335.0000 63.0357 8.7317
16340.0000 63.0614 8.7345
16345.0000 63.1482 8.7886
16350.0000 63.1521 8.7875
16355.0000 63.1899 8.8065
16360.0000 63.1938 8.8047
16365.0000 63.2039 8.8072
16370.0000 63.1450 8.7693
16375.0000 63.1835 8.7937
16380.0000 63.1948 8.7976
16385.0000 63.1916 8.7953
16390.0000 63.2051 8.7964
16395.0000 63.1725 8.7726
16400.0000 63.1747 8.7742
16405.0000 63.1784 8.7694
16410.0000 63.2174 8.7898
16415.0000 63.1664 8.7515
16420.0000 63.1722 8.7507
16425.0000 63.1868 8.7548
16430.0000 63.1562 8.7311
16435.0000 63.1654 8.7292
16440.0000 63.1688 8.7285
16445.0000 63.1274 8.6994
16450.0000 63.1471 8.6990
16455.0000 63.1592 8.6996
16460.0000 63.1629 8.6977
16465.0000 63.1734 8.6976
16470.0000 63.1869 8.6978
16475.0000 63.1537 8.6591
16480.0000 63.1643 8.6601
16485.0000 63.1898 8.6613
16490.0000 63.2135 8.6618
16495.0000 63.2254 8.6610
16500.0000 63.2389 8.6602
16505.0000 63.2484 8.6598
16510.0000 63.2577 8.6607
16515.0000 63.2665 8.6639
16520.0000 63.2780 8.6640
16525.0000 63.2834 8.6650
16530.0000 63.2951 8.6634
16535.0000 63.3036 8.6635
16540.0000 63.3848 8.7087
16545.0000 63.4001 8.7091
16550.0000 63.4356 8.7280
16555.0000 63.4445 8.7261
16560.0000 63.4470 8.7243
16565.0000 63.4606 8.7245
16570.0000 63.4606 8.7245
16575.0000 63.4786 8.7294
16580.0000 63.4786 8.7294
16585.0000 63.4825 8.7314
16590.0000 63.5269 8.7445
16595.0000 63.5193 8.7368
16600.0000 63.4884 8.7166
16605.0000 63.4981 8.7183
16610.0000 63.5239 8.7309
16615.0000 63.5363 8.7359
16620.0000 63.5402 8.7347
16625.0000 63.5463 8.7302
16630.0000 63.5118 8.7091
16635.0000 63.4805 8.6893
16640.0000 63.4839 8.6913
16645.0000 63.4748 8.6855
16650.0000 63.4923 8.6864
16655.0000 63.5061 8.6841
16660.0000 63.5172 8.6835
16665.0000 63.5083 8.6730
16670.0000 63.5510 8.6908
16675.0000 63.5730 8.6863
16680.0000 63.5825 8.6842
16685.0000 63.5873 8.6853
16690.0000 63.5907 8.6872
16695.0000 63.5995 8.6904
16700.0000 63.6423 8.7062
16705.0000 63.6835 8.7093
16710.0000 63.6862 8.7103
16715.0000 63.7132 8.7188
16720.0000 63.7331 8.7153
16725.0000 63.7438 8.7131
16730.0000 63.7438 8.7131
16735.0000 63.7553 8.7152
16740.0000 63.7592 8.7176
16745.0000 63.8213 8.7544
16750.0000 63.8368 8.7516
16755.0000 63.8707 8.7540
16760.0000 63.8627 8.7393
16765.0000 63.8758 8.7425
16770.0000 63.8858 8.7473
16775.0000 63.8918 8.7456
16780.0000 63.9390 8.7755
16785.0000 63.9053 8.7522
16790.0000 63.9103 8.7557
16795.0000 63.8662 8.7207
16800.0000 63.8601 8.7163
16805.0000 63.8312 8.6981
16810.0000 63.8375 8.6982
16815.0000 63.8197 8.6862
16820.0000 63.8280 8.6921
16825.0000 63.8692 8.7135
16830.0000 63.9247 8.7400
16835.0000 63.9314 8.7415
16840.0000 63.9315 8.7386
16845.0000 63.9304 8.7362
16850.0000 63.9306 8.7363
16855.0000 63.9342 8.7343
16860.0000 63.9130 8.7206
16865.0000 63.9181 8.7193
16870.0000 63.9290 8.7216
16875.0000 63.9290 8.7216
16880.0000 63.9332 8.7205
16885.0000 63.9320 8.7138
16890.0000 63.9357 8.7131
16895.0000 63.9175 8.6967
16900.0000 63.8472 8.6532
16905.0000 63.8472 8.6532
16910.0000 63.8953 8.6803
16915.0000 63.9054 8.6782
16920.0000 63.8659 8.6475
16925.0000 63.8708 8.6494
16930.0000 63.9124 8.6714
16935.0000 63.9661 8.7033
16940.0000 63.9321 8.6825
16945.0000 63.9386 8.6850
16950.0000 63.9493 8.6809
16955.0000 63.9494 8.6797
16960.0000 63.9667 8.6883
16965.0000 63.9675 8.6887
16970.0000 63.9737 8.6925
16975.0000 64.0061 8.7052
16980.0000 64.0261 8.7061
16985.0000 63.9944 8.6869
16990.0000 63.9944 8.6869
16995.0000 63.9999 8.6883
17000.0000 64.0065 8.6859
17005.0000 64.0268 8.6862
17010.0000 64.0535 8.6858
17015.0000 64.0954 8.6987
17020.0000 64.1178 8.6952
17025.0000 64.1403 8.6896
17030.0000 64.1370 8.6805
17035.0000 64.1682 8.6945
17040.0000 64.1682 8.6945
17045.0000 64.1771 8.6945
17050.0000 64.2220 8.7087
17055.0000 64.2441 8.7096
17060.0000 64.2541 8.7093
17065.0000 64.2721 8.7107
17070.0000 64.2863 8.7072
17075.0000 64.3103 8.7086
17080.0000 64.3036 8.6997
17085.0000 64.3417 8.7139
17090.0000 64.3453 8.7116
17095.0000 64.3560 8.7110
17100.0000 64.3518 8.7086
17105.0000 64.3595 8.7090
17110.0000 64.3660 8.7069
17115.0000 64.3851 8.7022
17120.0000 64.3894 8.6982
17125.0000 64.3992 8.7014
17130.0000 64.3830 8.6822
17135.0000 64.4317 8.6958
17140.0000 64.4311 8.6954
17145.0000 64.4267 8.6898
17150.0000 64.4255 8.6884
17155.0000 64.3947 8.6708
17160.0000 64.4445 8.6944
17165.0000 64.4347 8.6809
17170.0000 64.5086 8.7231
17175.0000 64.5168 8.7280
17180.0000 64.5260 8.7343
17185.0000 64.5436 8.7369
17190.0000 64.5436 8.7369
17195.0000 64.5573 8.7365
17200.0000 64.5452 8.7148
17205.0000 64.5452 8.7148
17210.0000 64.5905 8.7380
17215.0000 64.5238 8.6968
17220.0000 64.5696 8.7237
17225.0000 64.5782 8.7143
17230.0000 64.5552 8.7007
17235.0000 64.5631 8.7015
17240.0000 64.5703 8.7054
17245.0000 64.5730 8.7072
17250.0000 64.6294 8.7399
17255.0000 64.6421 8.7456
17260.0000 64.6551 8.7426
17265.0000 64.6649 8.7393
17270.0000 64.6963 8.7529
17275.0000 64.6696 8.7380
17280.0000 64.6696 8.7380
17285.0000 64.7270 8.7619
17290.0000 64.7358 8.7638
17295.0000 64.7358 8.7638
17300.0000 64.7423 8.7623
17305.0000 64.7423 8.7623
17310.0000 64.7487 8.7608
17315.0000 64.7518 8.7629
17320.0000 64.7561 8.7618
17325.0000 64.7625 8.7588
17330.0000 64.7675 8.7578
17335.0000 64.7675 8.7578
17340.0000 64.7792 8.7524
17345.0000 64.8400 8.7764
17350.0000 64.8550 8.7816
17355.0000 64.8419 8.7698
17360.0000 64.8554 8.7715
17365.0000 64.8871 8.7889
17370.0000 64.8587 8.7521
17375.0000 64.8423 8.7264
17380.0000 64.8454 8.7285
17385.0000 64.7995 8.6970
17390.0000 64.8404 8.7151
17395.0000 64.8529 8.7106
17400.0000 64.8873 8.7175
17405.0000 64.8556 8.6939
17410.0000 64.8602 8.6929
17415.0000 64.8626 8.6945
17420.0000 64.8364 8.6712
17425.0000 64.8429 8.6682
17430.0000 64.8522 8.6709
17435.0000 64.8944 8.6847
17440.0000 64.8943 8.6847
17445.0000 64.8991 8.6869
17450.0000 64.8800 8.6756
17455.0000 64.8956 8.6802
17460.0000 64.9068 8.6836
17465.0000 64.9160 8.6799
17470.0000 64.9728 8.7022
17475.0000 64.9813 8.7047
17480.0000 64.9961 8.7051
17485.0000 64.9615 8.6719
17490.0000 64.9659 8.6694
17495.0000 64.9617 8.6562
17500.0000 64.9707 8.6522
17505.0000 64.9813 8.6481
17510.0000 65.0221 8.6655
17515.0000 65.0441 8.6730
17520.0000 65.0503 8.6743
17525.0000 65.0724 8.6755
17530.0000 65.0306 8.6350
17535.0000 64.9908 8.6067
17540.0000 65.0426 8.6264
17545.0000 65.0461 8.6220
17550.0000 65.0190 8.6040
17555.0000 65.0694 8.6271
17560.0000 65.1384 8.6698
17565.0000 65.0967 8.6402
17570.0000 65.1018 8.6397
17575.0000 65.1071 8.6385
17580.0000 65.1008 8.6342
17585.0000 65.0625 8.6120
17590.0000 65.1212 8.6430
17595.0000 65.1116 8.6322
17600.0000 65.1801 8.6694
17605.0000 65.2148 8.6901
17610.0000 65.2195 8.6924
17615.0000 65.2036 8.6835
17620.0000 65.2179 8.6867
17625.0000 65.1578 8.6443
17630.0000 65.1728 8.6453
17635.0000 65.1532 8.6269
17640.0000 65.2053 8.6548
17645.0000 65.2493 8.6779
17650.0000 65.2668 8.6837
17655.0000 65.3334 8.7136
17660.0000 65.3262 8.7045
17665.0000 65.3708 8.7271
17670.0000 65.4131 8.7483
17675.0000 65.4243 8.7534
17680.0000 65.4490 8.7574
17685.0000 65.3656 8.7030
17690.0000 65.3005 8.6595
17695.0000 65.3432 8.6740
17700.0000 65.4105 8.6923
17705.0000 65.4166 8.6896
17710.0000 65.4309 8.6895
17715.0000 65.4351 8.6915
17720.0000 65.4701 8.6905
17725.0000 65.4118 8.6563
17730.0000 65.4668 8.6881
17735.0000 65.4733 8.6886
17740.0000 65.4695 8.6865
17745.0000 65.4617 8.6762
17750.0000 65.4878 8.6776
17755.0000 65.5406 8.7072
17760.0000 65.5406 8.7072
17765.0000 65.5371 8.7017
17770.0000 65.5334 8.6996
17775.0000 65.5608 8.7110
17780.0000 65.5904 8.7202
17785.0000 65.5846 8.7136
17790.0000 65.5979 8.7182
17795.0000 65.5951 8.6986
17800.0000 65.5808 8.6784
17805.0000 65.6080 8.6845
17810.0000 65.6062 8.6829
17815.0000 65.6476 8.7071
17820.0000 65.6782 8.7231
17825.0000 65.6946 8.7269
17830.0000 65.6993 8.7218
17835.0000 65.7171 8.7290
17840.0000 65.7541 8.7501
17845.0000 65.7189 8.7298
17850.0000 65.7532 8.7435
17855.0000 65.7512 8.7360
17860.0000 65.7697 8.7451
17865.0000 65.8207 8.7731
17870.0000 65.7381 8.7234
17875.0000 65.7381 8.7234
17880.0000 65.7695 8.7394
17885.0000 65.7680 8.7375
17890.0000 65.8233 8.7617
17895.0000 65.8311 8.7603
17900.0000 65.7941 8.7347
17905.0000 65.8000 8.7387
17910.0000 65.8047 8.7360
17915.0000 65.8091 8.7382
17920.0000 65.8264 8.7401
17925.0000 65.8675 8.7661
17930.0000 65.8675 8.7661
17935.0000 65.8920 8.7795
17940.0000 65.9042 8.7781
17945.0000 65.8730 8.7577
17950.0000 65.8499 8.7379
17955.0000 65.8499 8.7379
17960.0000 65.8925 8.7627
17965.0000 65.9287 8.7797
17970.0000 65.9080 8.7559
17975.0000 65.8574 8.7270
17980.0000 65.8763 8.7228
17985.0000 65.8429 8.6931
17990.0000 65.8603 8.6908
17995.0000 65.9018 8.7071
18000.0000 65.9086 8.7088
18005.0000 65.7185 8.6258
18010.0000 65.4376 8.5322
18015.0000 65.2552 8.5374
18020.0000 65.0410 8.4999
18025.0000 64.9323 8.4613
18030.0000 64.8996 8.4531
18035.0000 64.8752 8.4434
18040.0000 64.8789 8.4364
18045.0000 64.9195 8.4599
18050.0000 64.9424 8.4625
18055.0000 64.9667 8.4677
18060.0000 64.9693 8.4919
18065.0000 64.6424 8.3308
18070.0000 64.2809 8.2233
18075.0000 64.0845 8.2008
18080.0000 63.9354 8.1874
18085.0000 63.8540 8.1725
18090.0000 63.8015 8.1601
18095.0000 63.7958 8.1597
18100.0000 63.7980 8.1581
18105.0000 63.8209 8.1569
18110.0000 63.8899 8.1908
18115.0000 63.9223 8.1972
18120.0000 63.9712 8.2209
18125.0000 63.8150 8.1464
18130.0000 63.7656 8.1450
18135.0000 63.6583 8.1342
18140.0000 63.6224 8.1482
18145.0000 63.5718 8.1355
18150.0000 63.5380 8.1274
18155.0000 63.5307 8.1231
18160.0000 63.5206 8.1162
18165.0000 63.5291 8.1116
18170.0000 63.5037 8.0924
18175.0000 63.5196 8.0909
18180.0000 63.5357 8.1214
18185.0000 63.2866 7.9811
18190.0000 62.8755 7.7972
18195.0000 62.6242 7.7527
18200.0000 62.4673 7.7440
18205.0000 62.4673 7.7431
18210.0000 62.4213 7.7301
18215.0000 62.4187 7.7291
18220.0000 62.4472 7.7471
18225.0000 62.4568 7.7523
18230.0000 62.5176 7.7884
18235.0000 62.5210 7.7826
18240.0000 62.5720 7.8041
18245.0000 62.4335 7.7349
18250.0000 62.2390 7.6606
18255.0000 62.1622 7.6672
18260.0000 62.0690 7.6801
18265.0000 62.0710 7.6870
18270.0000 62.1014 7.7194
18275.0000 62.1347 7.7441
18280.0000 62.1270 7.7381
18285.0000 62.1395 7.7357
18290.0000 62.1572 7.7368
18295.0000 62.2138 7.7657
18300.0000 62.2038 7.7811
18305.0000 61.9155 7.6366
18310.0000 61.7960 7.6142
18315.0000 61.6302 7.6046
18320.0000 61.5301 7.5934
18325.0000 61.5166 7.5956
18330.0000 61.4993 7.6015
18335.0000 61.4903 7.6075
18340.0000 61.4985 7.6097
18345.0000 61.5095 7.6068
18350.0000 61.5202 7.6117
18355.0000 61.5312 7.6077
18360.0000 61.5210 7.6216
18365.0000 61.3483 7.5405
18370.0000 61.0330 7.4417
18375.0000 60.8028 7.4100
18380.0000 60.6419 7.3707
18385.0000 60.5627 7.3461
18390.0000 60.5530 7.3596
18395.0000 60.5792 7.3837
18400.0000 60.6013 7.4049
18405.0000 60.6643 7.4410
18410.0000 60.7000 7.4537
18415.0000 60.7180 7.4582
18420.0000 60.7368 7.4733
18425.0000 60.5247 7.3725
18430.0000 60.2929 7.3140
18435.0000 60.2724 7.3691
18440.0000 60.1808 7.3617
18445.0000 60.1716 7.3572
18450.0000 60.1313 7.3443
18455.0000 60.1919 7.3752
18460.0000 60.2854 7.4328
18465.0000 60.3094 7.4485
18470.0000 60.3381 7.4545
18475.0000 60.3309 7.4495
18480.0000 60.3405 7.4559
18485.0000 59.9320 7.2417
18490.0000 59.6178 7.1342
18495.0000 59.3915 7.0998
18500.0000 59.2729 7.0756
18505.0000 59.3419 7.1240
18510.0000 59.3218 7.1189
18515.0000 59.3067 7.0993
18520.0000 59.3193 7.1056
18525.0000 59.3732 7.1305
18530.0000 59.3868 7.1296
18535.0000 59.4110 7.1349
18540.0000 59.4167 7.1483
18545.0000 59.3305 7.0977
18550.0000 59.3587 7.1117
18555.0000 59.2826 7.1267
18560.0000 59.1877 7.1180
18565.0000 59.1519 7.0949
18570.0000 59.1264 7.0858
18575.0000 59.1789 7.1320
18580.0000 59.2283 7.1598
18585.0000 59.2441 7.1594
18590.0000 59.2551 7.1594
18595.0000 59.2619 7.1594
18600.0000 59.2747 7.1639
18605.0000 58.9931 7.0049
18610.0000 58.8212 6.9449
18615.0000 58.7296 6.9598
18620.0000 58.6622 6.9653
18625.0000 58.6286 6.9521
18630.0000 58.6038 6.9421
18635.0000 58.6175 6.9423
18640.0000 58.6382 6.9429
18645.0000 58.6526 6.9469
18650.0000 58.7486 7.0053
18655.0000 58.8018 7.0236
18660.0000 58.8147 7.0313
18665.0000 58.8138 7.0360
18670.0000 58.7737 7.0173
18675.0000 58.7652 7.0570
18680.0000 58.7011 7.0625
18685.0000 58.6585 7.0545
18690.0000 58.6067 7.0228
18695.0000 58.6036 7.0225
18700.0000 58.6025 7.0176
18705.0000 58.6101 7.0088
18710.0000 58.6101 7.0088
18715.0000 58.6643 7.0418
18720.0000 58.7043 7.0548
18725.0000 58.4386 6.9305
18730.0000 58.1213 6.8400
18735.0000 57.8871 6.8222
18740.0000 57.8502 6.8669
18745.0000 57.7847 6.8441
18750.0000 57.7937 6.8590
18755.0000 57.7788 6.8282
18760.0000 57.8214 6.8532
18765.0000 57.8243 6.8486
18770.0000 57.8647 6.8768
18775.0000 57.8714 6.8805
18780.0000 57.8650 6.8821
18785.0000 57.7919 6.8359
18790.0000 57.3735 6.7055
18795.0000 57.2145 6.6783
18800.0000 57.0864 6.6679
18805.0000 57.0787 6.6803
18810.0000 57.0525 6.6743
18815.0000 57.0483 6.6731
18820.0000 57.1113 6.7022
18825.0000 57.1215 6.7032
18830.0000 57.1274 6.7047
18835.0000 57.1274 6.7047
18840.0000 57.1682 6.7398
18845.0000 56.9964 6.6543
18850.0000 56.9990 6.6754
18855.0000 56.8900 6.6919
18860.0000 56.7854 6.7057
18865.0000 56.7404 6.6863
18870.0000 56.7191 6.6856
18875.0000 56.7285 6.6944
18880.0000 56.7269 6.6971
18885.0000 56.7621 6.7079
18890.0000 56.7687 6.7124
18895.0000 56.8200 6.7472
18900.0000 56.8094 6.7598
18905.0000 56.5395 6.6219
18910.0000 56.3511 6.5889
18915.0000 56.2240 6.5872
18920.0000 56.2205 6.6117
18925.0000 56.2681 6.6496
18930.0000 56.3761 6.7024
18935.0000 56.4132 6.7213
18940.0000 56.4561 6.7509
18945.0000 56.4267 6.7101
18950.0000 56.4831 6.7410
18955.0000 56.5521 6.7582
18960.0000 56.6130 6.7802
18965.0000 56.6170 6.7898
18970.0000 56.6177 6.7930
18975.0000 56.5649 6.7843
18980.0000 56.5063 6.7862
18985.0000 56.5342 6.7908
18990.0000 56.5608 6.8167
18995.0000 56.5689 6.8161
19000.0000 56.6159 6.8293
19005.0000 56.6647 6.8463
19010.0000 56.7057 6.8714
19015.0000 56.7190 6.8812
19020.0000 56.8127 6.9216
19025.0000 56.7569 6.9012
19030.0000 56.7606 6.9428
19035.0000 56.7521 6.9863
19040.0000 56.7526 7.0248
19045.0000 56.7011 7.0048
19050.0000 56.6813 7.0061
19055.0000 56.7186 7.0244
19060.0000 56.6988 6.9974
19065.0000 56.7428 7.0216
19070.0000 56.8260 7.0696
19075.0000 56.8348 7.0692
19080.0000 56.8534 7.0716
19085.0000 56.7238 7.0011
19090.0000 56.6812 6.9874
19095.0000 56.6048 6.9882
19100.0000 56.5353 6.9753
19105.0000 56.5693 7.0012
19110.0000 56.5678 7.0054
19115.0000 56.6193 7.0323
19120.0000 56.6374 7.0333
19125.0000 56.6812 7.0549
19130.0000 56.7177 7.0713
19135.0000 56.7056 7.0577
19140.0000 56.7224 7.0609
19145.0000 56.6019 6.9950
19150.0000 56.4964 6.9508
19155.0000 56.3805 6.9493
19160.0000 56.3012 6.9590
19165.0000 56.2260 6.9450
19170.0000 56.1920 6.9424
19175.0000 56.1902 6.9435
19180.0000 56.2497 6.9810
19185.0000 56.2919 7.0042
19190.0000 56.2919 7.0042
19195.0000 56.3787 7.0556
19200.0000 56.4027 7.0734
19205.0000 56.0353 6.8612
19210.0000 55.8364 6.7766
19215.0000 55.7319 6.7612
19220.0000 55.7357 6.7974
19225.0000 55.7434 6.8103
19230.0000 55.7684 6.8390
19235.0000 55.7719 6.8401
19240.0000 55.7748 6.8380
19245.0000 55.7848 6.8398
19250.0000 55.8015 6.8396
19255.0000 55.8140 6.8432
19260.0000 55.8246 6.8476
19265.0000 55.8083 6.8257
19270.0000 55.8058 6.8525
19275.0000 55.7611 6.8432
19280.0000 55.8029 6.8976
19285.0000 55.7878 6.8951
19290.0000 55.8081 6.9124
19295.0000 55.8139 6.9106
19300.0000 55.8583 6.9166
19305.0000 55.9082 6.9497
19310.0000 55.9148 6.9475
19315.0000 55.9464 6.9654
19320.0000 55.9481 6.9639
19325.0000 55.9164 6.9672
19330.0000 55.7118 6.8720
19335.0000 55.5941 6.8660
19340.0000 55.5162 6.8713
19345.0000 55.4849 6.8750
19350.0000 55.4446 6.8693
19355.0000 55.5308 6.9238
19360.0000 55.5325 6.9218
19365.0000 55.5325 6.9218
19370.0000 55.5810 6.9423
19375.0000 55.6123 6.9561
19380.0000 55.6427 6.9628
19385.0000 55.6313 6.9454
19390.0000 55.6074 6.9545
19395.0000 55.5384 6.9409
19400.0000 55.4789 6.9484
19405.0000 55.4570 6.9455
19410.0000 55.4451 6.9474
19415.0000 55.4450 6.9461
19420.0000 55.4451 6.9442
19425.0000 55.4343 6.9200
19430.0000 55.4666 6.9280
19435.0000 55.5600 6.9804
19440.0000 55.6159 7.0134
19445.0000 55.6024 6.9932
19450.0000 55.6038 7.0074
19455.0000 55.5375 7.0402
19460.0000 55.5071 7.0367
19465.0000 55.5277 7.0409
19470.0000 55.5183 7.0340
19475.0000 55.5128 7.0319
19480.0000 55.5092 7.0315
19485.0000 55.5454 7.0538
19490.0000 55.5800 7.0579
19495.0000 55.6224 7.0695
19500.0000 55.5946 7.0519
19505.0000 55.3979 6.9425
19510.0000 55.2520 6.8662
19515.0000 55.1526 6.8540
19520.0000 55.0729 6.8563
19525.0000 55.0601 6.8792
19530.0000 55.0259 6.8642
19535.0000 55.0806 6.8986
19540.0000 55.0782 6.8975
19545.0000 55.1339 6.9276
19550.0000 55.1450 6.9260
19555.0000 55.2070 6.9633
19560.0000 55.2453 6.9824
19565.0000 54.9848 6.8576
19570.0000 54.6247 6.7228
19575.0000 54.5357 6.7518
19580.0000 54.5320 6.8078
19585.0000 54.4875 6.7890
19590.0000 54.5106 6.8049
19595.0000 54.5476 6.8392
19600.0000 54.5418 6.8385
19605.0000 54.5579 6.8407
19610.0000 54.6167 6.8477
19615.0000 54.6881 6.8761
19620.0000 54.6896 6.8487
19625.0000 54.7024 6.8410
19630.0000 54.7239 6.8432
19635.0000 54.7058 6.8427
19640.0000 54.6541 6.8600
19645.0000 54.6598 6.8607
19650.0000 54.7139 6.8907
19655.0000 54.7911 6.9500
19660.0000 54.8064 6.9569
19665.0000 54.8500 6.9824
19670.0000 54.9070 7.0114
19675.0000 54.8797 6.9823
19680.0000 54.9151 7.0106
19685.0000 54.9294 7.0149
19690.0000 54.9400 7.0668
19695.0000 54.8826 7.0645
19700.0000 54.8800 7.0654
19705.0000 54.8730 7.0614
19710.0000 54.8609 7.0555
19715.0000 54.8686 7.0598
19720.0000 54.9226 7.1018
19725.0000 54.9314 7.1000
19730.0000 54.9224 7.0648
19735.0000 54.9377 7.0613
19740.0000 54.9384 7.0721
19745.0000 54.9007 7.0507
19750.0000 54.8432 7.0033
19755.0000 54.7483 7.0015
19760.0000 54.7951 7.0394
19765.0000 54.8498 7.0865
19770.0000 54.8241 7.0774
19775.0000 54.8308 7.0756
19780.0000 54.8638 7.1002
19785.0000 54.9436 7.1481
19790.0000 54.9635 7.1446
19795.0000 54.9770 7.1479
19800.0000 54.9929 7.1409
19805.0000 55.0370 7.1741
19810.0000 55.0196 7.1792
19815.0000 54.9685 7.1774
19820.0000 54.9808 7.2240
19825.0000 54.9919 7.2338
19830.0000 54.9732 7.2305
19835.0000 54.9799 7.2374
19840.0000 55.0427 7.2798
19845.0000 55.0587 7.2868
19850.0000 55.1399 7.3074
19855.0000 55.2369 7.3559
19860.0000 55.2697 7.3705
19865.0000 55.0877 7.2265
19870.0000 54.9549 7.1570
19875.0000 54.9457 7.1552
19880.0000 54.9310 7.1711
19885.0000 54.9019 7.1441
19890.0000 54.9216 7.1559
19895.0000 54.9630 7.1635
19900.0000 55.0483 7.1997
19905.0000 55.1490 7.2540
19910.0000 55.2127 7.2840
19915.0000 55.2687 7.3145
19920.0000 55.3403 7.3707
19925.0000 55.3478 7.3758
19930.0000 55.2833 7.3401
19935.0000 55.2559 7.3308
19940.0000 55.2479 7.3342
19945.0000 55.2600 7.3379
19950.0000 55.2607 7.3358
19955.0000 55.2845 7.3353
19960.0000 55.2892 7.3358
19965.0000 55.3423 7.3581
19970.0000 55.3608 7.3662
19975.0000 55.4221 7.3881
19980.0000 55.4305 7.3931
19985.0000 55.4126 7.3702
19990.0000 55.4079 7.3906
19995.0000 55.4515 7.4511
20000.0000 55.4359 7.4666
20005.0000 55.4625 7.5034
20010.0000 55.4991 7.5314
20015.0000 55.5473 7.5480
20020.0000 55.6313 7.6076
20025.0000 55.6369 7.6063
20030.0000 55.6320 7.5954
20035.0000 55.7046 7.6389
20040.0000 55.7512 7.6476
20045.0000 55.7106 7.6261
20050.0000 55.6961 7.6305
20055.0000 55.6523 7.6184
20060.0000 55.6394 7.6175
20065.0000 55.6159 7.6204
20070.0000 55.5763 7.5974
20075.0000 55.6170 7.6183
20080.0000 55.6125 7.6182
20085.0000 55.6585 7.6484
20090.0000 55.6755 7.6500
20095.0000 55.7194 7.6656
20100.0000 55.7341 7.6687
20105.0000 55.3025 7.4384
20110.0000 55.0132 7.2982
20115.0000 54.8201 7.2952
20120.0000 54.7383 7.3129
20125.0000 54.7128 7.3270
20130.0000 54.6991 7.3228
20135.0000 54.6803 7.3227
20140.0000 54.6979 7.3306
20145.0000 54.7122 7.3270
20150.0000 54.6689 7.2844
20155.0000 54.7474 7.3480
20160.0000 54.7617 7.3466
20165.0000 54.6110 7.2934
20170.0000 54.5007 7.2283
20175.0000 54.5167 7.2801
20180.0000 54.4862 7.2829
20185.0000 54.4860 7.2838
20190.0000 54.4737 7.2740
20195.0000 54.5199 7.2955
20200.0000 54.4759 7.2663
20205.0000 54.5473 7.3048
20210.0000 54.6186 7.3579
20215.0000 54.6654 7.3899
20220.0000 54.7475 7.4344
20225.0000 54.7022 7.3879
20230.0000 54.7238 7.4155
20235.0000 54.6821 7.4113
20240.0000 54.6100 7.4116
20245.0000 54.5761 7.4043
20250.0000 54.5812 7.4094
20255.0000 54.6296 7.4376
20260.0000 54.6296 7.4376
20265.0000 54.6398 7.4377
20270.0000 54.6398 7.4377
20275.0000 54.6502 7.4379
20280.0000 54.6522 7.4369
20285.0000 54.6548 7.4243
20290.0000 54.6239 7.4201
20295.0000 54.5561 7.4056
20300.0000 54.5891 7.4803
20305.0000 54.6336 7.5139
20310.0000 54.6270 7.5087
20315.0000 54.6404 7.5084
20320.0000 54.6314 7.4818
20325.0000 54.7265 7.5327
20330.0000 54.7780 7.5507
20335.0000 54.7966 7.5499
20340.0000 54.7912 7.5522
20345.0000 54.2612 7.2615
20350.0000 53.9099 7.0941
20355.0000 53.8300 7.0936
20360.0000 53.8129 7.1301
20365.0000 53.7946 7.1313
20370.0000 53.7843 7.1315
20375.0000 53.8226 7.1641
20380.0000 53.8890 7.2023
20385.0000 53.8936 7.2039
20390.0000 53.8991 7.2043
20395.0000 53.9314 7.2249
20400.0000 53.9768 7.2421
20405.0000 53.9151 7.1992
20410.0000 53.8204 7.1391
20415.0000 53.7554 7.1396
20420.0000 53.7404 7.1453
20425.0000 53.7473 7.1512
20430.0000 53.7334 7.1511
20435.0000 53.8085 7.1762
20440.0000 53.8003 7.1774
20445.0000 53.8035 7.1759
20450.0000 53.8216 7.1844
20455.0000 53.8089 7.1703
20460.0000 53.8089 7.1703
20465.0000 53.6760 7.0833
20470.0000 53.7370 7.1398
20475.0000 53.7903 7.2043
20480.0000 53.8611 7.3088
20485.0000 53.8577 7.3221
20490.0000 53.8601 7.3254
20495.0000 53.8654 7.3246
20500.0000 53.8966 7.3387
20505.0000 53.9774 7.3859
20510.0000 53.9851 7.3922
20515.0000 53.9851 7.3922
20520.0000 54.0209 7.4141
20525.0000 53.6136 7.1991
20530.0000 53.4206 7.1320
20535.0000 53.1731 6.9794
20540.0000 53.1226 7.0011
20545.0000 53.1326 7.0109
20550.0000 53.1502 7.0156
20555.0000 53.1833 7.0335
20560.0000 53.2624 7.0921
20565.0000 53.3271 7.1406
20570.0000 53.3316 7.1208
20575.0000 53.3982 7.1355
20580.0000 53.4016 7.1320
20585.0000 53.3573 7.1208
20590.0000 53.3469 7.1201
20595.0000 53.2214 7.0626
20600.0000 53.1738 7.0689
20605.0000 53.2167 7.1156
20610.0000 53.3687 7.2203
20615.0000 53.3382 7.1899
20620.0000 53.3379 7.1930
20625.0000 53.3379 7.1930
20630.0000 53.3928 7.2125
20635.0000 53.4285 7.2311
20640.0000 53.4843 7.2636
20645.0000 53.3501 7.1670
20650.0000 53.2110 7.1056
20655.0000 53.1109 7.0901
20660.0000 53.0472 7.1293
20665.0000 53.0156 7.1222
20670.0000 52.9817 7.1092
20675.0000 52.9776 7.1074
20680.0000 52.9925 7.1100
20685.0000 53.0366 7.1306
20690.0000 53.0665 7.1398
20695.0000 53.0909 7.1409
20700.0000 53.1113 7.1452
20705.0000 52.7079 6.9044
20710.0000 52.6867 6.9226
20715.0000 52.5048 6.8744
20720.0000 52.4671 6.8906
20725.0000 52.4565 6.8891
20730.0000 52.4448 6.8935
20735.0000 52.4520 6.8954
20740.0000 52.4738 6.8948
20745.0000 52.5166 6.9180
20750.0000 52.5579 6.9375
20755.0000 52.6067 6.9461
20760.0000 52.6094 6.9492
20765.0000 52.6204 6.9485
20770.0000 52.5977 6.9433
20775.0000 52.6361 6.9814
20780.0000 52.6254 7.0197
20785.0000 52.5895 7.0129
20790.0000 52.5734 7.0112
20795.0000 52.6160 7.0483
20800.0000 52.6381 7.0673
20805.0000 52.6490 7.0723
20810.0000 52.7291 7.1182
20815.0000 52.7322 7.1190
20820.0000 52.7636 7.1406
20825.0000 52.1885 6.8228
20830.0000 51.7396 6.5487
20835.0000 51.5989 6.4896
20840.0000 51.5425 6.4899
20845.0000 51.5675 6.5111
20850.0000 51.6114 6.5495
20855.0000 51.6686 6.5897
20860.0000 51.7618 6.6552
20865.0000 51.7919 6.6682
20870.0000 51.7979 6.6634
20875.0000 51.8157 6.6634
20880.0000 51.8303 6.6695
20885.0000 51.9041 6.7260
20890.0000 51.9119 6.7338
20895.0000 51.8409 6.7121
20900.0000 51.7710 6.7149
20905.0000 51.7610 6.7173
20910.0000 51.7459 6.7180
20915.0000 51.7549 6.7241
20920.0000 51.7707 6.7142
20925.0000 51.7898 6.7192
20930.0000 51.8081 6.7231
20935.0000 51.8836 6.7595
20940.0000 51.9491 6.7977
20945.0000 51.9640 6.7914
20950.0000 51.9179 6.7647
20955.0000 51.8596 6.7307
20960.0000 51.8304 6.7333
20965.0000 51.8756 6.7811
20970.0000 51.8921 6.7926
20975.0000 51.8994 6.7939
20980.0000 51.8962 6.7755
20985.0000 51.9547 6.8003
20990.0000 51.9705 6.7966
20995.0000 51.9827 6.7919
21000.0000 51.9810 6.7924
21005.0000 51.9396 6.7833
21010.0000 51.9441 6.7857
21015.0000 51.9708 6.8158
21020.0000 51.9935 6.8480
21025.0000 52.0221 6.8872
21030.0000 52.0500 6.8835
21035.0000 52.0732 6.8781
21040.0000 52.1118 6.8958
21045.0000 52.2146 6.9642
21050.0000 52.2288 6.9647
21055.0000 52.2462 6.9594
21060.0000 52.2596 6.9595
21065.0000 52.2638 6.9324
21070.0000 52.2578 6.9241
21075.0000 52.2592 6.8897
21080.0000 52.2015 6.8984
21085.0000 52.3021 6.9856
21090.0000 52.2862 6.9714
21095.0000 52.3225 7.0001
21100.0000 52.3431 7.0182
21105.0000 52.3683 7.0272
21110.0000 52.4307 7.0552
21115.0000 52.4786 7.0776
21120.0000 52.4875 7.0834
21125.0000 52.4029 7.0371
21130.0000 52.3794 7.0323
21135.0000 52.3307 7.0023
21140.0000 52.3081 7.0050
21145.0000 52.2877 7.0010
21150.0000 52.3012 7.0070
21155.0000 52.3094 7.0084
21160.0000 52.3094 7.0084
21165.0000 52.3157 7.0094
21170.0000 52.3009 6.9892
21175.0000 52.3092 6.9810
21180.0000 52.3169 6.9805
21185.0000 52.3842 7.0325
21190.0000 52.3243 7.0376
21195.0000 52.3031 7.0523
21200.0000 52.2492 7.0665
21205.0000 52.1940 7.0745
21210.0000 52.1804 7.0605
21215.0000 52.1895 7.0568
21220.0000 52.1974 7.0524
21225.0000 52.2017 7.0499
21230.0000 52.2263 7.0484
21235.0000 52.2425 7.0479
21240.0000 52.3231 7.1012
21245.0000 52.3167 7.0872
21250.0000 52.2539 7.0832
21255.0000 52.0599 6.9763
21260.0000 51.9964 6.9751
21265.0000 51.9984 6.9716
21270.0000 51.9749 6.9611
21275.0000 52.0590 7.0190
21280.0000 52.0860 7.0428
21285.0000 52.2046 7.1134
21290.0000 52.2101 7.1169
21295.0000 52.1903 7.0873
21300.0000 52.1979 7.0851
21305.0000 52.1979 7.0851
21310.0000 52.1146 7.0306
21315.0000 52.1801 7.0756
21320.0000 52.1548 7.1043
21325.0000 52.1314 7.1249
21330.0000 52.1765 7.1668
21335.0000 52.2345 7.2112
21340.0000 52.3741 7.2822
21345.0000 52.3804 7.2809
21350.0000 52.4346 7.3214
21355.0000 52.4844 7.3360
21360.0000 52.4784 7.3394
21365.0000 52.1734 7.1719
21370.0000 52.0489 7.1050
21375.0000 51.9759 7.0984
21380.0000 51.9417 7.0964
21385.0000 51.9254 7.0979
21390.0000 51.9154 7.0932
21395.0000 51.9123 7.0953
21400.0000 51.9867 7.1200
21405.0000 52.0207 7.1313
21410.0000 52.0323 7.1323
21415.0000 52.0977 7.1703
21420.0000 52.0993 7.1692
21425.0000 52.1736 7.2240
21430.0000 52.1259 7.2100
21435.0000 52.1378 7.2582
21440.0000 52.1427 7.2758
21445.0000 52.1204 7.2786
21450.0000 52.0870 7.2504
21455.0000 52.1273 7.2720
21460.0000 52.1310 7.2733
21465.0000 52.1438 7.2746
21470.0000 52.1645 7.2764
21475.0000 52.1907 7.2725
21480.0000 52.2357 7.2842
21485.0000 52.2623 7.2833
21490.0000 52.2182 7.2752
21495.0000 52.2144 7.2722
21500.0000 52.2161 7.2737
21505.0000 52.2082 7.2608
21510.0000 52.2173 7.2617
21515.0000 52.2083 7.2442
21520.0000 52.2371 7.2412
21525.0000 52.2437 7.2424
21530.0000 52.2652 7.2497
21535.0000 52.2652 7.2497
21540.0000 52.2750 7.2579
21545.0000 52.2413 7.2310
21550.0000 52.1367 7.1719
21555.0000 51.9994 7.1215
21560.0000 51.9218 7.1264
21565.0000 51.8746 7.1209
21570.0000 51.8678 7.1289
21575.0000 51.8593 7.1202
21580.0000 51.9469 7.1757
21585.0000 51.9625 7.1863
21590.0000 51.9848 7.1980
21595.0000 51.9997 7.2010
21600.0000 52.0226 7.2129
21605.0000 51.9831 7.1743
21610.0000 51.9687 7.1552
21615.0000 51.9157 7.1499
21620.0000 51.8432 7.1475
21625.0000 51.8087 7.1572
21630.0000 51.8117 7.1595
21635.0000 51.8384 7.1521
21640.0000 51.9343 7.1796
21645.0000 51.9675 7.1859
21650.0000 52.0263 7.1910
21655.0000 52.1284 7.2635
21660.0000 52.1685 7.2827
21665.0000 52.0857 7.2093
21670.0000 52.1307 7.2550
21675.0000 52.1102 7.2494
21680.0000 52.0794 7.2506
21685.0000 52.0613 7.2575
21690.0000 52.0705 7.2797
21695.0000 52.0714 7.2784
21700.0000 52.1111 7.3045
21705.0000 52.1122 7.3061
21710.0000 52.1618 7.3376
21715.0000 52.2083 7.3518
21720.0000 52.2191 7.3576
21725.0000 52.1068 7.2814
21730.0000 52.1124 7.2861
21735.0000 52.0882 7.3065
21740.0000 52.0870 7.3557
21745.0000 52.0289 7.3262
21750.0000 52.0307 7.3238
21755.0000 52.0252 7.3164
21760.0000 52.0252 7.3164
21765.0000 52.0252 7.3164
21770.0000 52.0711 7.3479
21775.0000 52.0886 7.3488
21780.0000 52.1306 7.3715
21785.0000 52.1761 7.3873
21790.0000 52.1879 7.3910
21795.0000 52.2255 7.4178
21800.0000 52.2162 7.4253
21805.0000 52.1204 7.3582
21810.0000 52.1416 7.3610
21815.0000 52.1933 7.3894
21820.0000 52.2083 7.3903
21825.0000 52.3067 7.4517
21830.0000 52.4163 7.5155
21835.0000 52.4577 7.5406
21840.0000 52.4636 7.5406
21845.0000 52.5418 7.5844
21850.0000 52.5563 7.6100
21855.0000 52.5204 7.6077
21860.0000 52.4847 7.6110
21865.0000 52.4766 7.6104
21870.0000 52.4328 7.5675
21875.0000 52.4896 7.6177
21880.0000 52.5012 7.6169
21885.0000 52.5032 7.6176
21890.0000 52.5133 7.6160
21895.0000 52.5524 7.6354
21900.0000 52.5654 7.6334
21905.0000 52.4158 7.5197
21910.0000 52.2115 7.4634
21915.0000 51.9329 7.3420
21920.0000 51.8482 7.3377
21925.0000 51.8172 7.3306
21930.0000 51.7814 7.3240
21935.0000 51.7995 7.3352
21940.0000 51.8105 7.3308
21945.0000 51.8328 7.3297
21950.0000 51.8507 7.3192
21955.0000 51.8676 7.3180
21960.0000 51.9221 7.3486
21965.0000 51.8693 7.2907
21970.0000 51.8240 7.2745
21975.0000 51.8130 7.2736
21980.0000 51.7896 7.2775
21985.0000 51.7906 7.2741
21990.0000 51.8251 7.3011
21995.0000 51.8342 7.3005
22000.0000 51.8541 7.2988
22005.0000 51.8788 7.3019
22010.0000 51.9269 7.3214
22015.0000 51.9781 7.3475
22020.0000 51.9838 7.3465
22025.0000 52.0419 7.3691
22030.0000 52.0056 7.3360
22035.0000 51.9625 7.3004
22040.0000 52.0467 7.3477
22045.0000 52.0576 7.3597
22050.0000 52.1163 7.3855
22055.0000 52.1234 7.3911
22060.0000 52.1112 7.3681
22065.0000 52.1603 7.3973
22070.0000 52.1766 7.4020
22075.0000 52.1964 7.4061
22080.0000 52.1713 7.3790
22085.0000 52.2259 7.4125
22090.0000 52.2616 7.4457
22095.0000 52.2426 7.4475
22100.0000 52.2135 7.4383
22105.0000 52.2415 7.4843
22110.0000 52.1719 7.4420
22115.0000 52.2200 7.4832
22120.0000 52.2151 7.4747
22125.0000 52.2601 7.4914
22130.0000 52.2532 7.4691
22135.0000 52.3047 7.4962
22140.0000 52.2927 7.4702
22145.0000 52.2562 7.4232
22150.0000 52.2608 7.4250
22155.0000 52.2478 7.4250
22160.0000 52.2567 7.4389
22165.0000 52.2862 7.4508
22170.0000 52.2692 7.4481
22175.0000 52.2881 7.4608
22180.0000 52.2969 7.4589
22185.0000 52.3642 7.4977
22190.0000 52.4170 7.5002
22195.0000 52.4732 7.4956
22200.0000 52.5012 7.4925
22205.0000 52.5292 7.4849
22210.0000 52.4176 7.4297
22215.0000 52.3886 7.4089
22220.0000 52.4662 7.4646
22225.0000 52.4933 7.4599
22230.0000 52.5575 7.5034
22235.0000 52.5869 7.5155
22240.0000 52.5903 7.5145
22245.0000 52.6008 7.5093
22250.0000 52.6534 7.5302
22255.0000 52.7041 7.5627
22260.0000 52.7180 7.5652
22265.0000 52.6250 7.5032
22270.0000 52.6979 7.5238
22275.0000 52.6880 7.5136
22280.0000 52.6969 7.5143
22285.0000 52.6942 7.5133
22290.0000 52.7302 7.5464
22295.0000 52.7680 7.5808
22300.0000 52.7311 7.5418
22305.0000 52.7914 7.5550
22310.0000 52.7963 7.5555
22315.0000 52.8104 7.5518
22320.0000 52.8089 7.5554
22325.0000 52.7251 7.4979
22330.0000 52.5944 7.4497
22335.0000 52.5411 7.4452
22340.0000 52.4459 7.4465
22345.0000 52.3908 7.4402
22350.0000 52.3131 7.3998
22355.0000 52.3122 7.4189
22360.0000 52.2962 7.3885
22365.0000 52.3002 7.3894
22370.0000 52.3259 7.3960
22375.0000 52.3646 7.4226
22380.0000 52.3690 7.4207
22385.0000 52.2193 7.3187
22390.0000 51.9842 7.2074
22395.0000 51.8024 7.1423
22400.0000 51.7330 7.1526
22405.0000 51.6513 7.1460
22410.0000 51.6233 7.1702
22415.0000 51.6466 7.1821
22420.0000 51.6748 7.1822
22425.0000 51.6886 7.1781
22430.0000 51.6943 7.1781
22435.0000 51.6662 7.1500
22440.0000 51.6742 7.1499
22445.0000 51.6488 7.1243
22450.0000 51.6007 7.0867
22455.0000 51.5895 7.0939
22460.0000 51.5692 7.0965
22465.0000 51.5386 7.0949
22470.0000 51.5345 7.0905
22475.0000 51.5443 7.0913
22480.0000 51.5802 7.0893
22485.0000 51.5933 7.0906
22490.0000 51.5973 7.0908
22495.0000 51.6061 7.0912
22500.0000 51.6655 7.1263
22505.0000 51.7999 7.2231
22510.0000 51.8615 7.2244
22515.0000 51.8789 7.2409
22520.0000 51.8774 7.2498
22525.0000 51.8359 7.2339
22530.0000 51.8788 7.2718
22535.0000 51.9075 7.2902
22540.0000 51.9142 7.2754
22545.0000 51.9593 7.3142
22550.0000 51.9703 7.3164
22555.0000 51.9788 7.3183
22560.0000 52.0243 7.3520
22565.0000 51.9960 7.3257
22570.0000 51.9965 7.3271
22575.0000 51.9845 7.3191
22580.0000 51.9825 7.3184
22585.0000 51.9421 7.3189
22590.0000 51.8824 7.2843
22595.0000 51.8642 7.2796
22600.0000 51.9389 7.3395
22605.0000 51.9371 7.3378
22610.0000 51.9329 7.3250
22615.0000 51.9939 7.3652
22620.0000 52.0274 7.3695
22625.0000 51.8093 7.2392
22630.0000 51.5070 7.0888
22635.0000 51.4411 7.0956
22640.0000 51.3794 7.0942
22645.0000 51.3154 7.1079
22650.0000 51.3353 7.1329
22655.0000 51.2893 7.0897
22660.0000 51.3567 7.1252
22665.0000 51.4029 7.1433
22670.0000 51.4381 7.1677
22675.0000 51.4719 7.1871
22680.0000 51.4901 7.1832
22685.0000 51.4336 7.1261
22690.0000 51.4002 7.1008
22695.0000 51.3880 7.0905
22700.0000 51.3523 7.0662
22705.0000 51.3188 7.0624
22710.0000 51.3209 7.0584
22715.0000 51.3631 7.0816
22720.0000 51.4014 7.0851
22725.0000 51.4172 7.0872
22730.0000 51.4276 7.0882
22735.0000 51.4344 7.0872
22740.0000 51.4556 7.0928
22745.0000 51.4977 7.1062
22750.0000 51.4071 7.0563
22755.0000 51.3734 7.0437
22760.0000 51.3339 7.0441
22765.0000 51.3137 7.0431
22770.0000 51.2901 7.0395
22775.0000 51.3122 7.0497
22780.0000 51.3161 7.0507
22785.0000 51.3520 7.0891
22790.0000 51.3520 7.0891
22795.0000 51.4254 7.1370
22800.0000 51.4823 7.1631
22805.0000 51.1290 6.9591
22810.0000 50.8837 6.8482
22815.0000 50.8587 6.8468
22820.0000 50.8106 6.8548
22825.0000 50.7726 6.8547
22830.0000 50.7892 6.8771
22835.0000 50.8118 6.8952
22840.0000 50.8227 6.8961
22845.0000 50.8387 6.9034
22850.0000 50.8711 6.9121
22855.0000 50.9240 6.9474
22860.0000 50.9094 6.9128
22865.0000 50.7951 6.8375
22870.0000 50.7418 6.8110
22875.0000 50.7389 6.8142
22880.0000 50.7374 6.8098
22885.0000 50.7142 6.8089
22890.0000 50.7022 6.8086
22895.0000 50.7242 6.8049
22900.0000 50.7618 6.7990
22905.0000 50.7635 6.7983
22910.0000 50.7927 6.7951
22915.0000 50.8264 6.7886
22920.0000 50.9428 6.8421
22925.0000 50.8401 6.7857
22930.0000 50.7271 6.7188
22935.0000 50.7122 6.7540
22940.0000 50.6106 6.7287
22945.0000 50.5745 6.7394
22950.0000 50.5753 6.7316
22955.0000 50.5719 6.7288
22960.0000 50.5902 6.7317
22965.0000 50.5975 6.7318
22970.0000 50.6413 6.7602
22975.0000 50.6562 6.7665
22980.0000 50.6610 6.7684
22985.0000 50.6725 6.7723
22990.0000 50.6711 6.7760
22995.0000 50.6819 6.7998
23000.0000 50.6767 6.8185
23005.0000 50.7138 6.8580
23010.0000 50.7674 6.8905
23015.0000 50.7669 6.8940
23020.0000 50.7812 6.8970
23025.0000 50.8246 6.9298
23030.0000 50.9266 6.9587
23035.0000 50.9384 6.9615
23040.0000 50.9541 6.9628
23045.0000 50.9651 6.9564
23050.0000 50.9805 6.9552
23055.0000 50.9803 6.9520
23060.0000 50.9315 6.9483
23065.0000 50.9154 6.9533
23070.0000 50.9425 6.9672
23075.0000 50.9320 6.9639
23080.0000 50.9503 6.9708
23085.0000 51.0013 6.9934
23090.0000 51.0296 7.0161
23095.0000 51.0742 7.0510
23100.0000 51.0862 7.0511
23105.0000 50.9292 6.9367
23110.0000 50.7857 6.8840
23115.0000 50.7516 6.8961
23120.0000 50.7145 6.9013
23125.0000 50.7390 6.9412
23130.0000 50.7310 6.9386
23135.0000 50.7207 6.9238
23140.0000 50.7553 6.9233
23145.0000 50.8061 6.9474
23150.0000 50.8106 6.9505
23155.0000 50.8515 6.9856
23160.0000 50.8608 6.9879
23165.0000 50.8135 6.9353
23170.0000 50.7733 6.9324
23175.0000 50.7517 6.9344
23180.0000 50.6973 6.9295
23185.0000 50.6531 6.9360
23190.0000 50.6957 6.9735
23195.0000 50.6933 6.9718
23200.0000 50.6967 6.9700
23205.0000 50.7565 7.0095
23210.0000 50.7601 7.0077
23215.0000 50.7719 7.0027
23220.0000 50.8091 6.9993
23225.0000 50.7284 6.9118
23230.0000 50.7026 6.8907
23235.0000 50.7389 6.9615
23240.0000 50.7670 7.0068
23245.0000 50.7471 7.0005
23250.0000 50.7997 7.0365
23255.0000 50.8242 7.0523
23260.0000 50.8620 7.0698
23265.0000 50.8673 7.0725
23270.0000 50.8713 7.0711
23275.0000 50.8772 7.0760
23280.0000 50.8850 7.0826
23285.0000 50.8361 7.0495
23290.0000 50.7184 7.0010
23295.0000 50.7063 7.0064
23300.0000 50.6083 6.9909
23305.0000 50.5592 6.9935
23310.0000 50.6044 7.0212
23315.0000 50.6723 7.0639
23320.0000 50.6783 7.0645
23325.0000 50.6907 7.0659
23330.0000 50.6985 7.0670
23335.0000 50.7163 7.0720
23340.0000 50.7324 7.0728
23345.0000 50.5759 7.0049
23350.0000 50.4844 6.9554
23355.0000 50.4543 6.9336
23360.0000 50.4330 6.9316
23365.0000 50.5698 6.9696
23370.0000 50.5803 6.9708
23375.0000 50.5812 6.9669
23380.0000 50.6411 6.9868
23385.0000 50.6524 6.9876
23390.0000 50.6565 6.9890
23395.0000 50.6722 6.9938
23400.0000 50.7310 7.0106
23405.0000 50.7003 6.9914
23410.0000 50.6778 6.9707
23415.0000 50.7408 7.0068
23420.0000 50.7136 7.0022
23425.0000 50.6835 6.9946
23430.0000 50.7007 6.9934
23435.0000 50.6890 6.9918
23440.0000 50.7472 7.0126
23445.0000 50.7832 7.0393
23450.0000 50.7620 7.0152
23455.0000 50.7876 7.0083
23460.0000 50.8185 7.0076
23465.0000 50.7724 6.9662
23470.0000 50.8144 6.9925
23475.0000 50.7808 6.9814
23480.0000 50.7697 6.9901
23485.0000 50.7225 6.9905
23490.0000 50.7251 6.9877
23495.0000 50.7823 7.0396
23500.0000 50.7859 7.0400
23505.0000 50.8295 7.0658
23510.0000 50.8585 7.0748
23515.0000 50.9268 7.1052
23520.0000 50.9353 7.0984
23525.0000 50.7538 6.9883
23530.0000 50.5674 6.9138
23535.0000 50.4125 6.8221
23540.0000 50.4164 6.8348
23545.0000 50.3947 6.8264
23550.0000 50.4291 6.8511
23555.0000 50.4120 6.8513
23560.0000 50.4561 6.8813
23565.0000 50.4653 6.8831
23570.0000 50.4792 6.8895
23575.0000 50.5080 6.9001
23580.0000 50.5154 6.9004
23585.0000 50.5257 6.9320
23590.0000 50.4775 6.9003
23595.0000 50.3669 6.8483
23600.0000 50.3858 6.8460
23605.0000 50.3316 6.8781
23610.0000 50.3244 6.8743
23615.0000 50.3084 6.8819
23620.0000 50.3192 6.8790
23625.0000 50.2792 6.8376
23630.0000 50.3245 6.8602
23635.0000 50.3290 6.8607
23640.0000 50.3676 6.8747
23645.0000 50.1069 6.7567
23650.0000 49.8846 6.7030
23655.0000 49.7793 6.6809
23660.0000 49.7798 6.7238
23665.0000 49.7850 6.7493
23670.0000 49.7667 6.7466
23675.0000 49.7877 6.7729
23680.0000 49.7877 6.7729
23685.0000 49.8230 6.7987
23690.0000 49.8315 6.7970
23695.0000 49.8526 6.8003
23700.0000 49.9427 6.8487
23705.0000 49.9515 6.8485
23710.0000 49.9572 6.8487
23715.0000 49.9522 6.8538
23720.0000 49.9741 6.8691
23725.0000 49.9766 6.8735
23730.0000 49.9913 6.8715
23735.0000 49.9869 6.8610
23740.0000 50.0159 6.8588
23745.0000 50.0651 6.8673
23750.0000 50.0949 6.8741
23755.0000 50.2316 6.9652
23760.0000 50.2515 6.9729
23765.0000 50.3212 7.0138
23770.0000 50.2732 6.9833
23775.0000 50.3390 7.0127
23780.0000 50.3637 7.0484
23785.0000 50.2726 7.0431
23790.0000 50.2638 7.0342
23795.0000 50.2416 7.0258
23800.0000 50.2541 7.0246
23805.0000 50.3167 7.0708
23810.0000 50.3468 7.0860
23815.0000 50.3094 7.0491
23820.0000 50.3088 7.0370
23825.0000 50.0975 6.8800
23830.0000 50.0380 6.9108
23835.0000 49.9945 6.9144
23840.0000 49.9717 6.9109
23845.0000 49.9440 6.9417
23850.0000 49.9058 6.9423
23855.0000 49.9415 6.9442
23860.0000 49.9826 6.9456
23865.0000 50.0095 6.9729
23870.0000 50.0469 6.9994
23875.0000 50.0207 6.9704
23880.0000 50.0547 6.9964
23885.0000 49.9320 6.9107
23890.0000 49.9628 6.9227
23895.0000 49.9667 6.9330
23900.0000 49.9573 6.9300
23905.0000 50.0307 6.9775
23910.0000 50.0165 6.9574
23915.0000 50.0140 6.9526
23920.0000 50.1614 7.0406
23925.0000 50.1573 7.0407
23930.0000 50.2013 7.0747
23935.0000 50.2827 7.1300
23940.0000 50.2746 7.1022
23945.0000 50.2405 7.0872
23950.0000 50.3283 7.1708
23955.0000 50.3564 7.2046
23960.0000 50.4428 7.2632
23965.0000 50.4605 7.3021
23970.0000 50.4231 7.2831
23975.0000 50.4213 7.2970
23980.0000 50.4480 7.3193
23985.0000 50.4128 7.2830
23990.0000 50.4682 7.3256
23995.0000 50.5169 7.3456
24000.0000 50.4872 7.3155
24005.0000 50.5394 7.3227
24010.0000 50.5086 7.2995
24015.0000 50.5029 7.3011
24020.0000 50.4952 7.3009
24025.0000 50.4289 7.2627
24030.0000 50.4305 7.2638
24035.0000 50.4353 7.2598
24040.0000 50.4526 7.2592
24045.0000 50.4902 7.2888
24050.0000 50.5004 7.2886
24055.0000 50.4930 7.2771
24060.0000 50.5462 7.2973
24065.0000 50.6046 7.3181
24070.0000 50.6673 7.3719
24075.0000 50.6069 7.3541
24080.0000 50.5561 7.3418
24085.0000 50.5240 7.3737
24090.0000 50.4764 7.3710
24095.0000 50.4791 7.3642
24100.0000 50.4915 7.3704
24105.0000 50.4822 7.3583
24110.0000 50.4507 7.3299
24115.0000 50.4554 7.3296
24120.0000 50.3934 7.2691
24125.0000 50.2784 7.1815
24130.0000 50.1843 7.1142
24135.0000 50.1735 7.1180
24140.0000 50.1358 7.1085
24145.0000 50.1217 7.1085
24150.0000 50.1648 7.1294
24155.0000 50.1776 7.1327
24160.0000 50.2002 7.1476
24165.0000 50.2025 7.1486
24170.0000 50.2548 7.1681
24175.0000 50.2692 7.1686
24180.0000 50.2844 7.1697
24185.0000 50.2129 7.1150
24190.0000 50.2009 7.1162
24195.0000 50.2213 7.1469
24200.0000 50.2325 7.1713
24205.0000 50.2828 7.2012
24210.0000 50.3057 7.2085
24215.0000 50.3430 7.2428
24220.0000 50.3406 7.2259
24225.0000 50.3432 7.2238
24230.0000 50.3510 7.2230
24235.0000 50.3922 7.2392
24240.0000 50.4611 7.2629
24245.0000 50.4083 7.2305
24250.0000 50.3710 7.2422
24255.0000 50.3097 7.2210
24260.0000 50.3333 7.2562
24265.0000 50.3463 7.2874
24270.0000 50.3112 7.2837
24275.0000 50.3089 7.2845
24280.0000 50.3089 7.2845
24285.0000 50.3126 7.2873
24290.0000 50.3466 7.3012
24295.0000 50.4502 7.3496
24300.0000 50.4986 7.3676
24305.0000 50.5738 7.4106
24310.0000 50.5786 7.4089
24315.0000 50.5819 7.4193
24320.0000 50.5945 7.4202
24325.0000 50.6404 7.4512
24330.0000 50.5685 7.4112
24335.0000 50.5429 7.3758
24340.0000 50.5351 7.3601
24345.0000 50.5461 7.3569
24350.0000 50.5620 7.3621
24355.0000 50.5866 7.3600
24360.0000 50.6057 7.3578
24365.0000 50.6185 7.3545
24370.0000 50.6108 7.3335
24375.0000 50.6030 7.3687
24380.0000 50.5702 7.3522
24385.0000 50.5624 7.3511
24390.0000 50.5673 7.3476
24395.0000 50.5682 7.3405
24400.0000 50.5669 7.3394
24405.0000 50.5776 7.3430
24410.0000 50.6191 7.3707
24415.0000 50.6331 7.3738
24420.0000 50.6498 7.3799
24425.0000 50.7041 7.4187
24430.0000 50.6998 7.4212
24435.0000 50.6580 7.4397
24440.0000 50.6170 7.4282
24445.0000 50.5800 7.4296
24450.0000 50.5557 7.4278
24455.0000 50.5699 7.4330
24460.0000 50.5794 7.4322
24465.0000 50.5692 7.4336
24470.0000 50.5921 7.4327
24475.0000 50.6128 7.4323
24480.0000 50.6294 7.4339
24485.0000 50.4104 7.2754
24490.0000 50.3469 7.1968
24495.0000 50.3471 7.2074
24500.0000 50.2898 7.1979
24505.0000 50.2979 7.1910
24510.0000 50.2869 7.1894
24515.0000 50.2948 7.2001
24520.0000 50.3048 7.2009
24525.0000 50.3017 7.1812
24530.0000 50.3191 7.1780
24535.0000 50.3318 7.1793
24540.0000 50.3314 7.1824
24545.0000 50.1471 7.0669
24550.0000 50.0850 7.0220
24555.0000 50.0055 7.0365
24560.0000 50.0045 7.0731
24565.0000 49.9923 7.0746
24570.0000 50.0107 7.0739
24575.0000 50.0563 7.0787
24580.0000 50.1067 7.1118
24585.0000 50.1365 7.1140
24590.0000 50.1736 7.1173
24595.0000 50.1925 7.1230
24600.0000 50.1861 7.1036
24605.0000 50.1477 7.0421
24610.0000 50.1638 7.0495
24615.0000 50.2834 7.1160
24620.0000 50.2875 7.1397
24625.0000 50.2681 7.1365
24630.0000 50.2718 7.1300
24635.0000 50.2777 7.1273
24640.0000 50.2777 7.1273
24645.0000 50.2839 7.1226
24650.0000 50.3369 7.1553
24655.0000 50.3462 7.1542
24660.0000 50.3903 7.1692
24665.0000 50.4578 7.2033
24670.0000 50.5058 7.2231
24675.0000 50.5537 7.2564
24680.0000 50.6242 7.2812
24685.0000 50.6192 7.2869
24690.0000 50.6019 7.2784
24695.0000 50.5748 7.2565
24700.0000 50.5934 7.2682
24705.0000 50.5937 7.2743
24710.0000 50.6067 7.2794
24715.0000 50.6710 7.3122
24720.0000 50.6927 7.3193
24725.0000 50.7581 7.3360
24730.0000 50.7101 7.3056
24735.0000 50.6778 7.3478
24740.0000 50.5688 7.3113
24745.0000 50.5135 7.3169
24750.0000 50.5251 7.3625
24755.0000 50.5048 7.3627
24760.0000 50.5081 7.3607
24765.0000 50.5216 7.3539
24770.0000 50.5703 7.3927
24775.0000 50.5783 7.3957
24780.0000 50.6124 7.3897
24785.0000 50.5255 7.3189
24790.0000 50.5679 7.3411
24795.0000 50.5376 7.3760
24800.0000 50.4970 7.3713
24805.0000 50.4770 7.3665
24810.0000 50.4534 7.3692
24815.0000 50.4529 7.3548
24820.0000 50.4594 7.3555
24825.0000 50.4948 7.3713
24830.0000 50.4940 7.3699
24835.0000 50.5086 7.3725
24840.0000 50.5364 7.3962
24845.0000 50.5390 7.3973
24850.0000 50.5847 7.4112
24855.0000 50.5701 7.3954
24860.0000 50.5718 7.3954
24865.0000 50.5700 7.3990
24870.0000 50.5543 7.3926
24875.0000 50.5441 7.3871
24880.0000 50.5483 7.3834
24885.0000 50.5769 7.3993
24890.0000 50.5711 7.3977
24895.0000 50.6108 7.4239
24900.0000 50.6177 7.4231
24905.0000 50.5966 7.3963
24910.0000 50.5305 7.3870
24915.0000 50.4012 7.3276
24920.0000 50.4007 7.3608
24925.0000 50.3683 7.3618
24930.0000 50.3193 7.3267
24935.0000 50.3226 7.3176
24940.0000 50.3263 7.3165
24945.0000 50.3209 7.3118
24950.0000 50.3550 7.3274
24955.0000 50.4570 7.3787
24960.0000 50.4730 7.3752
24965.0000 50.5367 7.4106
24970.0000 50.5477 7.4074
24975.0000 50.5563 7.3990
24980.0000 50.5365 7.3820
24985.0000 50.5994 7.4312
24990.0000 50.6092 7.4246
24995.0000 50.5747 7.4102
25000.0000 50.5845 7.4082
25005.0000 50.6028 7.4076
25010.0000 50.6212 7.4094
25015.0000 50.7854 7.4671
25020.0000 50.8155 7.4728
25025.0000 50.7086 7.4310
25030.0000 50.7543 7.4472
25035.0000 50.7398 7.4749
25040.0000 50.7136 7.4662
25045.0000 50.7352 7.4571
25050.0000 50.6881 7.4540
25055.0000 50.6805 7.4482
25060.0000 50.6811 7.4468
25065.0000 50.7159 7.4518
25070.0000 50.7269 7.4500
25075.0000 50.7484 7.4595
25080.0000 50.7528 7.4588
25085.0000 50.8062 7.4675
25090.0000 50.8931 7.5165
25095.0000 50.8586 7.5090
25100.0000 50.8442 7.5296
25105.0000 50.8317 7.5355
25110.0000 50.8156 7.5379
25115.0000 50.7445 7.4672
25120.0000 50.7471 7.4656
25125.0000 50.7645 7.4733
25130.0000 50.7699 7.4782
25135.0000 50.7729 7.4771
25140.0000 50.7729 7.4771
25145.0000 50.7452 7.4431
25150.0000 50.7514 7.4469
25155.0000 50.7736 7.4716
25160.0000 50.8264 7.5040
25165.0000 50.7974 7.5015
25170.0000 50.8268 7.5106
25175.0000 50.9292 7.5733
25180.0000 50.9974 7.5986
25185.0000 51.0798 7.6424
25190.0000 51.0935 7.6419
25195.0000 51.1558 7.6727
25200.0000 51.1657 7.6694
25205.0000 51.1731 7.6730
25210.0000 51.2029 7.6681
25215.0000 51.1738 7.6844
25220.0000 51.1010 7.6307
25225.0000 51.0559 7.6231
25230.0000 51.0358 7.6244
25235.0000 51.0630 7.6372
25240.0000 51.0787 7.6338
25245.0000 51.1304 7.6422
25250.0000 51.1225 7.6431
25255.0000 51.1225 7.6431
25260.0000 51.1225 7.6431
25265.0000 51.1318 7.6422
25270.0000 51.1344 7.6430
25275.0000 51.1280 7.6527
25280.0000 51.1767 7.6959
25285.0000 51.2054 7.7319
25290.0000 51.1898 7.7354
25295.0000 51.1888 7.7213
25300.0000 51.2145 7.7323
25305.0000 51.2748 7.7634
25310.0000 51.2802 7.7591
25315.0000 51.2906 7.7678
25320.0000 51.3083 7.7801
25325.0000 51.3626 7.8176
25330.0000 51.4044 7.8389
25335.0000 51.3950 7.8247
25340.0000 51.4023 7.8565
25345.0000 51.3824 7.8630
25350.0000 51.3551 7.8577
25355.0000 51.3421 7.8558
25360.0000 51.3666 7.8692
25365.0000 51.4318 7.8921
25370.0000 51.4479 7.8918
25375.0000 51.4741 7.8920
25380.0000 51.5688 7.9411
25385.0000 51.6000 7.9414
25390.0000 51.6444 7.9772
25395.0000 51.6044 7.9581
25400.0000 51.6098 7.9540
25405.0000 51.6303 7.9737
25410.0000 51.6137 7.9712
25415.0000 51.6168 7.9700
25420.0000 51.6296 7.9688
25425.0000 51.6747 7.9750
25430.0000 51.6395 7.9358
25435.0000 51.6356 7.9209
25440.0000 51.7070 7.9694
25445.0000 51.6433 7.9344
25450.0000 51.4715 7.8193
25455.0000 51.3855 7.8238
25460.0000 51.3222 7.8227
25465.0000 51.3749 7.8512
25470.0000 51.3909 7.8598
25475.0000 51.4929 7.9101
25480.0000 51.5449 7.9090
25485.0000 51.6515 7.9693
25490.0000 51.6999 7.9927
25495.0000 51.7446 8.0302
25500.0000 51.7087 7.9909
25505.0000 51.4941 7.8473
25510.0000 51.4191 7.7745
25515.0000 51.4634 7.8115
25520.0000 51.5300 7.9055
25525.0000 51.5239 7.9349
25530.0000 51.5538 7.9869
25535.0000 51.5499 7.9916
25540.0000 51.5551 7.9883
25545.0000 51.5624 7.9868
25550.0000 51.6181 8.0100
25555.0000 51.6784 8.0378
25560.0000 51.7311 8.0740
25565.0000 51.6958 8.0620
25570.0000 51.6251 8.0004
25575.0000 51.6179 8.0033
25580.0000 51.5900 7.9930
25585.0000 51.6620 8.0773
25590.0000 51.6293 8.0783
25595.0000 51.6626 8.0943
25600.0000 51.6756 8.0924
25605.0000 51.7456 8.1045
25610.0000 51.7370 8.0878
25615.0000 51.7399 8.0869
25620.0000 51.7339 8.0449
25625.0000 51.6371 7.9731
25630.0000 51.6830 7.9744
25635.0000 51.6862 7.9593
25640.0000 51.6906 7.9386
25645.0000 51.6852 7.9572
25650.0000 51.7257 8.0002
25655.0000 51.7072 7.9959
25660.0000 51.7152 7.9918
25665.0000 51.7271 7.9887
25670.0000 51.8127 8.0415
25675.0000 51.8887 8.0919
25680.0000 51.8994 8.0858
25685.0000 51.7077 7.9584
25690.0000 51.6478 7.9497
25695.0000 51.4723 7.8507
25700.0000 51.5034 7.8823
25705.0000 51.4750 7.8786
25710.0000 51.4443 7.8794
25715.0000 51.4329 7.8733
25720.0000 51.3901 7.8290
25725.0000 51.4265 7.8488
25730.0000 51.4395 7.8502
25735.0000 51.4464 7.8539
25740.0000 51.4576 7.8578
25745.0000 51.4444 7.8314
25750.0000 51.4573 7.8295
25755.0000 51.4997 7.8722
25760.0000 51.4459 7.8510
25765.0000 51.4116 7.8507
25770.0000 51.4132 7.8527
25775.0000 51.3978 7.8429
25780.0000 51.4516 7.8647
25785.0000 51.4603 7.8622
25790.0000 51.4709 7.8604
25795.0000 51.4973 7.8627
25800.0000 51.5248 7.8788
25805.0000 51.4235 7.8135
25810.0000 51.3799 7.7725
25815.0000 51.3744 7.7737
25820.0000 51.4370 7.8242
25825.0000 51.4544 7.8693
25830.0000 51.4715 7.9031
25835.0000 51.4872 7.9233
25840.0000 51.4940 7.9253
25845.0000 51.5037 7.9212
25850.0000 51.5511 7.9311
25855.0000 51.5583 7.9278
25860.0000 51.6130 7.9618
25865.0000 51.6667 8.0014
25870.0000 51.6635 8.0025
25875.0000 51.7021 8.0293
25880.0000 51.7214 8.0493
25885.0000 51.7226 8.0584
25890.0000 51.7615 8.0969
25895.0000 51.7346 8.0961
25900.0000 51.7305 8.0965
25905.0000 51.8412 8.1602
25910.0000 51.8383 8.1604
25915.0000 51.8556 8.1639
25920.0000 51.8168 8.1269
25925.0000 51.8072 8.1214
25930.0000 51.8072 8.1214
25935.0000 51.7147 8.1064
25940.0000 51.7300 8.1514
25945.0000 51.7641 8.1906
25950.0000 51.8300 8.2437
25955.0000 51.8212 8.2394
25960.0000 51.7771 8.1904
25965.0000 51.7998 8.1979
25970.0000 51.8111 8.2016
25975.0000 51.7685 8.1579
25980.0000 51.7553 8.1405
25985.0000 51.7586 8.1563
25990.0000 51.7766 8.1771
25995.0000 51.7709 8.1824
26000.0000 51.7994 8.2102
26005.0000 51.7811 8.2001
26010.0000 51.8053 8.2346
26015.0000 51.7306 8.1887
26020.0000 51.7183 8.1836
26025.0000 51.7941 8.2233
26030.0000 51.8222 8.2309
26035.0000 51.8602 8.2491
26040.0000 51.8752 8.2502
26045.0000 51.7482 8.1733
26050.0000 51.7061 8.1224
26055.0000 51.6731 8.1117
26060.0000 51.6137 8.1202
26065.0000 51.5345 8.1021
26070.0000 51.4579 8.0735
26075.0000 51.4211 8.0667
26080.0000 51.3835 8.0349
26085.0000 51.4415 8.0738
26090.0000 51.4414 8.0734
26095.0000 51.4863 8.0945
26100.0000 51.5019 8.1026
26105.0000 51.0945 7.8774
26110.0000 50.8602 7.6901
26115.0000 50.6508 7.5791
26120.0000 50.6508 7.6118
26125.0000 50.5790 7.5964
26130.0000 50.5530 7.5923
26135.0000 50.4963 7.5827
26140.0000 50.5499 7.6244
26145.0000 50.6600 7.6881
26150.0000 50.6753 7.6911
26155.0000 50.6917 7.7010
26160.0000 50.7407 7.7359
26165.0000 50.6598 7.6645
26170.0000 50.6053 7.6195
26175.0000 50.6569 7.6748
26180.0000 50.6551 7.6760
26185.0000 50.7184 7.7376
26190.0000 50.6954 7.7355
26195.0000 50.6645 7.7273
26200.0000 50.7345 7.7642
26205.0000 50.7464 7.7678
26210.0000 50.7506 7.7680
26215.0000 50.7663 7.7757
26220.0000 50.8080 7.7944
26225.0000 50.6893 7.7193
26230.0000 50.7277 7.7447
26235.0000 50.7168 7.7556
26240.0000 50.6910 7.7604
26245.0000 50.7059 7.7787
26250.0000 50.7105 7.7747
26255.0000 50.7068 7.7746
26260.0000 50.7853 7.8332
26265.0000 50.8181 7.8565
26270.0000 50.8170 7.8461
26275.0000 50.9077 7.9027
26280.0000 50.9301 7.8985
26285.0000 50.9386 7.8885
26290.0000 50.9024 7.8555
26295.0000 50.8667 7.8760
26300.0000 50.8309 7.8856
26305.0000 50.7990 7.8921
26310.0000 50.8091 7.9123
26315.0000 50.7482 7.8941
26320.0000 50.7709 7.9000
26325.0000 50.8040 7.9108
26330.0000 50.8051 7.9141
26335.0000 50.8051 7.9141
26340.0000 50.7855 7.8882
26345.0000 50.6486 7.7769
26350.0000 50.3704 7.5322
26355.0000 50.3604 7.5580
26360.0000 50.3687 7.5922
26365.0000 50.3826 7.6015
26370.0000 50.3589 7.5903
26375.0000 50.3746 7.5978
26380.0000 50.3979 7.5962
26385.0000 50.4066 7.5946
26390.0000 50.4098 7.5943
26395.0000 50.4502 7.6190
26400.0000 50.4538 7.6178
26405.0000 50.3706 7.5694
26410.0000 50.2566 7.4913
26415.0000 50.1710 7.4436
26420.0000 50.1556 7.4429
26425.0000 50.1503 7.4486
26430.0000 50.1779 7.4872
26435.0000 50.1382 7.4807
26440.0000 50.1563 7.4814
26445.0000 50.1655 7.4795
26450.0000 50.1655 7.4795
26455.0000 50.1655 7.4795
26460.0000 50.1693 7.4777
26465.0000 50.1498 7.4623
26470.0000 50.1194 7.4347
26475.0000 50.0873 7.4110
26480.0000 50.2075 7.4889
26485.0000 50.1753 7.4809
26490.0000 50.1585 7.4742
26495.0000 50.1227 7.4319
26500.0000 50.1266 7.4382
26505.0000 50.1493 7.4545
26510.0000 50.2413 7.5195
26515.0000 50.2791 7.5418
26520.0000 50.4014 7.6273
26525.0000 50.4141 7.6203
26530.0000 50.3407 7.5865
26535.0000 50.4054 7.6364
26540.0000 50.3775 7.6297
26545.0000 50.3297 7.6280
26550.0000 50.3963 7.6881
26555.0000 50.4235 7.7245
26560.0000 50.4919 7.7594
26565.0000 50.5135 7.7585
26570.0000 50.5702 7.7994
26575.0000 50.6199 7.8355
26580.0000 50.6452 7.8496
26585.0000 50.6066 7.8111
26590.0000 50.6219 7.8097
26595.0000 50.6104 7.8164
26600.0000 50.5831 7.8119
26605.0000 50.5660 7.8168
26610.0000 50.5681 7.8181
26615.0000 50.5963 7.8334
26620.0000 50.6260 7.8486
26625.0000 50.6751 7.8876
26630.0000 50.7608 7.9489
26635.0000 50.8378 8.0063
26640.0000 50.8085 7.9776
26645.0000 50.8210 7.9899
26650.0000 50.7971 7.9761
26655.0000 50.7806 7.9806
26660.0000 50.7029 7.9435
26665.0000 50.6333 7.8988
26670.0000 50.6224 7.8986
26675.0000 50.6172 7.8876
26680.0000 50.6183 7.8881
26685.0000 50.6563 7.9241
26690.0000 50.6912 7.9517
26695.0000 50.7160 7.9597
26700.0000 50.7160 7.9597
26705.0000 50.5056 7.8468
26710.0000 50.2764 7.7145
26715.0000 50.1504 7.7032
26720.0000 50.1607 7.7408
26725.0000 50.0913 7.7370
26730.0000 50.0632 7.7339
26735.0000 50.0656 7.7681
26740.0000 50.0946 7.7862
26745.0000 50.1039 7.7825
26750.0000 50.1307 7.7958
26755.0000 50.1366 7.7936
26760.0000 50.1500 7.7906
26765.0000 50.1627 7.7857
26770.0000 50.1720 7.7832
26775.0000 50.1214 7.8010
26780.0000 50.1041 7.8036
26785.0000 50.0743 7.8064
26790.0000 50.0826 7.8497
26795.0000 49.9910 7.8278
26800.0000 50.0458 7.8644
26805.0000 50.0928 7.8989
26810.0000 50.0994 7.8992
26815.0000 50.1359 7.9294
26820.0000 50.1898 7.9454
26825.0000 50.1025 7.8442
26830.0000 50.1008 7.8459
26835.0000 50.1122 7.8622
26840.0000 50.0330 7.8206
26845.0000 50.0763 7.8166
26850.0000 50.0948 7.8117
26855.0000 50.0632 7.7998
26860.0000 50.0901 7.7910
26865.0000 50.1532 7.8161
26870.0000 50.1785 7.8153
26875.0000 50.2127 7.8212
26880.0000 50.2178 7.8212
26885.0000 50.2323 7.8177
26890.0000 50.2422 7.8141
26895.0000 50.1887 7.8100
26900.0000 50.1883 7.8220
26905.0000 50.1888 7.8250
26910.0000 50.2213 7.8451
26915.0000 50.2214 7.8388
26920.0000 50.2662 7.8625
26925.0000 50.2807 7.8600
26930.0000 50.2891 7.8592
26935.0000 50.3704 7.8912
26940.0000 50.3994 7.8883
26945.0000 50.4410 7.9001
26950.0000 50.4421 7.9001
26955.0000 50.4457 7.8987
26960.0000 50.4707 7.9356
26965.0000 50.4770 7.9386
26970.0000 50.5364 7.9691
26975.0000 50.4890 7.9413
26980.0000 50.4693 7.9182
26985.0000 50.4849 7.9169
26990.0000 50.5740 7.9794
26995.0000 50.6084 8.0015
27000.0000 50.5786 7.9679
27005.0000 50.3100 7.7925
27010.0000 50.1844 7.7370
27015.0000 50.0885 7.7456
27020.0000 50.0568 7.7745
27025.0000 50.0631 7.8249
27030.0000 49.9679 7.7630
27035.0000 49.9332 7.7844
27040.0000 49.9589 7.8089
27045.0000 49.9636 7.8074
27050.0000 50.0188 7.8603
27055.0000 49.9973 7.8302
27060.0000 50.0083 7.8343
27065.0000 49.8798 7.7279
27070.0000 49.7423 7.6218
27075.0000 49.7267 7.6342
27080.0000 49.7150 7.6618
27085.0000 49.6886 7.6749
27090.0000 49.6888 7.6890
27095.0000 49.6511 7.6922
27100.0000 49.6381 7.6889
27105.0000 49.6414 7.6881
27110.0000 49.6290 7.6569
27115.0000 49.6897 7.6964
27120.0000 49.6905 7.6920
27125.0000 49.6841 7.6834
27130.0000 49.6121 7.6191
27135.0000 49.5866 7.5880
27140.0000 49.5771 7.5928
27145.0000 49.6021 7.6004
27150.0000 49.6286 7.6322
27155.0000 49.6766 7.6553
27160.0000 49.7313 7.6789
27165.0000 49.7698 7.6919
27170.0000 49.8405 7.7238
27175.0000 49.8896 7.7543
27180.0000 49.9289 7.7791
27185.0000 49.9444 7.7820
27190.0000 49.9558 7.7952
27195.0000 49.9536 7.8052
27200.0000 49.9447 7.8133
27205.0000 49.9563 7.8315
27210.0000 49.9697 7.8589
27215.0000 50.0070 7.8908
27220.0000 50.0182 7.8936
27225.0000 50.0375 7.8911
27230.0000 50.0229 7.8591
27235.0000 50.0812 7.9074
27240.0000 50.1153 7.9100
27245.0000 50.0417 7.8502
27250.0000 50.0489 7.8517
27255.0000 50.0661 7.8600
27260.0000 50.0435 7.8419
27265.0000 49.9967 7.8030
27270.0000 50.0268 7.8049
27275.0000 50.0805 7.7984
27280.0000 50.1384 7.7893
27285.0000 50.1609 7.7952
27290.0000 50.2116 7.8172
27295.0000 50.2393 7.8279
27300.0000 50.3123 7.8722
27305.0000 50.1681 7.7629
27310.0000 50.0105 7.6489
27315.0000 49.9354 7.6078
27320.0000 49.9562 7.6245
27325.0000 49.9351 7.6365
27330.0000 49.9280 7.6411
27335.0000 49.8828 7.6481
27340.0000 49.8936 7.6551
27345.0000 49.9227 7.6678
27350.0000 49.9670 7.6985
27355.0000 49.9869 7.7061
27360.0000 50.0043 7.7135
27365.0000 49.7439 7.5141
27370.0000 49.6499 7.4497
27375.0000 49.5864 7.4607
27380.0000 49.5498 7.4647
27385.0000 49.5355 7.4843
27390.0000 49.5032 7.4812
27395.0000 49.5547 7.5288
27400.0000 49.5482 7.5298
27405.0000 49.6184 7.5735
27410.0000 49.6757 7.6246
27415.0000 49.7272 7.6498
27420.0000 49.7620 7.6663
27425.0000 49.7315 7.6433
27430.0000 49.7724 7.6765
27435.0000 49.6894 7.6584
27440.0000 49.6692 7.6544
27445.0000 49.6753 7.6580
27450.0000 49.7087 7.6741
27455.0000 49.7582 7.6956
27460.0000 49.7957 7.7243
27465.0000 49.7895 7.7075
27470.0000 49.8317 7.7452
27475.0000 49.8435 7.7442
27480.0000 49.9014 7.7628
27485.0000 49.8601 7.7260
27490.0000 49.9313 7.7580
27495.0000 49.8987 7.7693
27500.0000 49.9824 7.8301
27505.0000 49.9730 7.8282
27510.0000 49.9481 7.8174
27515.0000 49.9791 7.8570
27520.0000 50.0243 7.8787
27525.0000 50.0899 7.9163
27530.0000 50.1135 7.9232
27535.0000 50.1143 7.9022
27540.0000 50.1445 7.9157
27545.0000 50.1724 7.9406
27550.0000 50.0556 7.8516
27555.0000 50.0470 7.8395
27560.0000 50.0486 7.8615
27565.0000 50.0988 7.8810
27570.0000 50.1555 7.9317
27575.0000 50.2381 7.9554
27580.0000 50.2849 7.9489
27585.0000 50.3503 7.9497
27590.0000 50.3948 7.9477
27595.0000 50.4261 7.9424
27600.0000 50.4253 7.9225
27605.0000 50.4146 7.8976
27610.0000 50.3883 7.8698
27615.0000 50.3755 7.8729
27620.0000 50.4148 7.8966
27625.0000 50.3642 7.8542
27630.0000 50.3819 7.8892
27635.0000 50.4149 7.9079
27640.0000 50.4761 7.9500
27645.0000 50.4820 7.9497
27650.0000 50.4907 7.9510
27655.0000 50.4553 7.9193
27660.0000 50.4663 7.9187
27665.0000 50.3526 7.8223
27670.0000 50.3066 7.7889
27675.0000 50.1992 7.7531
27680.0000 50.1748 7.7829
27685.0000 50.1707 7.7943
27690.0000 50.1846 7.7904
27695.0000 50.1533 7.7837
27700.0000 50.1595 7.7846
27705.0000 50.1547 7.7648
27710.0000 50.1707 7.7755
27715.0000 50.1599 7.7660
27720.0000 50.1952 7.7902
27725.0000 50.1630 7.7584
27730.0000 50.1379 7.7327
27735.0000 50.0881 7.7262
27740.0000 50.0876 7.7534
27745.0000 50.0733 7.7499
27750.0000 50.0526 7.7498
27755.0000 50.0315 7.7513
27760.0000 50.0786 7.7803
27765.0000 50.0942 7.7810
27770.0000 50.0993 7.7818
27775.0000 50.1210 7.7871
27780.0000 50.1275 7.7884
27785.0000 50.0867 7.7380
27790.0000 50.0069 7.6758
27795.0000 49.9559 7.6840
27800.0000 49.9636 7.7145
27805.0000 49.9488 7.7207
27810.0000 49.9566 7.7333
27815.0000 49.9671 7.7379
27820.0000 49.9883 7.7382
27825.0000 50.0286 7.7632
27830.0000 50.0600 7.7870
27835.0000 50.0765 7.7894
27840.0000 50.0884 7.7912
27845.0000 49.9479 7.6822
27850.0000 49.8984 7.6447
27855.0000 49.8963 7.6433
27860.0000 49.8744 7.6386
27865.0000 49.8570 7.6345
27870.0000 49.8763 7.6343
27875.0000 49.8381 7.6019
27880.0000 49.9241 7.6714
27885.0000 49.9583 7.6938
27890.0000 50.0466 7.7572
27895.0000 49.9564 7.6740
27900.0000 50.0233 7.7236
27905.0000 50.0991 7.7677
27910.0000 50.1143 7.7783
27915.0000 50.1100 7.7633
27920.0000 50.1668 7.8023
27925.0000 50.2004 7.8311
27930.0000 50.1995 7.8273
27935.0000 50.2271 7.8357
27940.0000 50.2593 7.8646
27945.0000 50.3738 7.9571
27950.0000 50.3667 7.9510
27955.0000 50.4050 7.9718
27960.0000 50.3552 7.9254
27965.0000 50.2993 7.8703
27970.0000 50.2166 7.8025
27975.0000 50.2826 7.8822
27980.0000 50.2609 7.8764
27985.0000 50.2609 7.8522
27990.0000 50.3165 7.9005
27995.0000 50.3710 7.9473
28000.0000 50.3710 7.9473
28005.0000 50.4193 7.9845
28010.0000 50.4248 7.9837
28015.0000 50.4580 8.0032
28020.0000 50.4685 8.0039
28025.0000 50.4916 8.0152
28030.0000 50.4941 8.0107
28035.0000 50.5223 8.0427
28040.0000 50.5480 8.0724
28045.0000 50.5329 8.0645
28050.0000 50.5250 8.0604
28055.0000 50.5644 8.0849
28060.0000 50.5928 8.1036
28065.0000 50.5928 8.1036
28070.0000 50.5883 8.0953
28075.0000 50.6659 8.1647
28080.0000 50.6563 8.1392
28085.0000 50.5880 8.1115
28090.0000 50.4688 8.0164
28095.0000 50.4413 8.0372
28100.0000 50.4243 8.0399
28105.0000 50.4608 8.0616
28110.0000 50.5049 8.1111
28115.0000 50.5475 8.1545
28120.0000 50.6295 8.2012
28125.0000 50.6348 8.1999
28130.0000 50.6211 8.1683
28135.0000 50.6615 8.1912
28140.0000 50.6677 8.1880
28145.0000 50.5766 8.1389
28150.0000 50.3297 7.9695
28155.0000 50.3560 7.9847
28160.0000 50.4109 8.0227
28165.0000 50.4458 8.0475
28170.0000 50.4632 8.0496
28175.0000 50.3670 7.9537
28180.0000 50.3664 7.9537
28185.0000 50.4259 7.9722
28190.0000 50.4678 7.9883
28195.0000 50.5004 7.9909
28200.0000 50.4693 7.9531
28205.0000 50.4982 7.9539
28210.0000 50.5279 7.9807
28215.0000 50.5350 7.9837
28220.0000 50.5156 7.9706
28225.0000 50.5049 7.9741
28230.0000 50.5159 7.9681
28235.0000 50.4953 7.9590
28240.0000 50.4560 7.9270
28245.0000 50.4822 7.9242
28250.0000 50.5490 7.9571
28255.0000 50.6221 7.9839
28260.0000 50.8057 8.0941
28265.0000 50.8043 8.0632
28270.0000 50.8112 8.0667
28275.0000 50.8597 8.0871
28280.0000 50.8871 8.0907
28285.0000 50.9232 8.1150
28290.0000 50.9087 8.1119
28295.0000 50.8927 8.1041
28300.0000 50.8940 8.1017
28305.0000 50.9200 8.1050
28310.0000 50.9749 8.1220
28315.0000 51.0362 8.1589
28320.0000 51.1446 8.2276
28325.0000 51.0321 8.1329
28330.0000 50.9486 8.0859
28335.0000 50.7619 8.0026
28340.0000 50.7776 8.0212
28345.0000 50.7268 8.0236
28350.0000 50.7389 8.0177
28355.0000 50.7955 8.0736
28360.0000 50.7987 8.0693
28365.0000 50.8734 8.0977
28370.0000 50.8827 8.0874
28375.0000 50.8796 8.0627
28380.0000 50.9685 8.1208
28385.0000 51.0045 8.0997
28390.0000 50.9390 8.0242
28395.0000 50.9266 8.0338
28400.0000 50.9033 8.0315
28405.0000 50.9202 8.0347
28410.0000 51.0007 8.0825
28415.0000 51.1404 8.1626
28420.0000 51.2229 8.1856
28425.0000 51.2706 8.2044
28430.0000 51.2870 8.2045
28435.0000 51.3178 8.2305
28440.0000 51.3178 8.2305
28445.0000 51.3374 8.2264
28450.0000 51.3639 8.2218
28455.0000 51.3675 8.2211
28460.0000 51.3543 8.2210
28465.0000 51.3455 8.2175
28470.0000 51.2713 8.1409
28475.0000 51.2039 8.0914
28480.0000 51.2466 8.1034
28485.0000 51.2282 8.0698
28490.0000 51.2447 8.0836
28495.0000 51.2812 8.1093
28500.0000 51.2745 8.0864
28505.0000 51.1469 7.9646
28510.0000 51.0615 7.9096
28515.0000 51.0513 7.8930
28520.0000 51.0422 7.8921
28525.0000 51.0317 7.8803
28530.0000 51.1148 7.9422
28535.0000 51.1091 7.9345
28540.0000 51.1204 7.9601
28545.0000 51.1627 7.9825
28550.0000 51.1705 7.9847
28555.0000 51.1847 7.9848
28560.0000 51.1965 7.9810
28565.0000 51.1997 7.9701
28570.0000 51.1721 7.9234
28575.0000 51.1754 7.9255
28580.0000 51.1906 7.9337
28585.0000 51.1957 7.9227
28590.0000 51.2171 7.9179
28595.0000 51.2259 7.9160
28600.0000 51.2203 7.9140
28605.0000 51.2711 7.9409
28610.0000 51.3479 7.9998
28615.0000 51.3082 7.9567
28620.0000 51.3159 7.9549
28625.0000 51.3306 7.9540
28630.0000 51.3413 7.9508
28635.0000 51.3992 7.9870
28640.0000 51.3948 7.9866
28645.0000 51.4039 7.9966
28650.0000 51.4402 7.9982
28655.0000 51.4797 8.0343
28660.0000 51.5203 8.0474
28665.0000 51.4699 7.9765
28670.0000 51.5666 8.0380
28675.0000 51.5985 8.0507
28680.0000 51.6874 8.0948
28685.0000 51.6438 8.0483
28690.0000 51.4779 7.9342
28695.0000 51.3476 7.8460
28700.0000 51.3192 7.8623
28705.0000 51.2521 7.8564
28710.0000 51.2979 7.9071
28715.0000 51.2496 7.8823
28720.0000 51.2285 7.8715
28725.0000 51.3032 7.9089
28730.0000 51.3163 7.9042
28735.0000 51.3295 7.9008
28740.0000 51.3133 7.8594
28745.0000 51.2277 7.7766
28750.0000 51.2612 7.7834
28755.0000 51.2342 7.7641
28760.0000 51.2215 7.7680
28765.0000 51.2087 7.7618
28770.0000 51.1972 7.7539
28775.0000 51.1933 7.7564
28780.0000 51.2369 7.7867
28785.0000 51.2609 7.7929
28790.0000 51.2902 7.7976
28795.0000 51.3337 7.8085
28800.0000 51.3777 7.8132
28805.0000 51.4190 7.8442
28810.0000 51.4699 7.8836
28815.0000 51.4782 7.8910
28820.0000 51.4885 7.8917
28825.0000 51.5653 7.9620
28830.0000 51.5897 7.9667
28835.0000 51.5605 7.9588
28840.0000 51.5607 7.9686
28845.0000 51.5621 7.9658
28850.0000 51.6045 7.9731
28855.0000 51.6162 7.9750
28860.0000 51.6307 7.9698
28865.0000 51.6702 7.9909
28870.0000 51.6355 7.9636
28875.0000 51.6356 7.9699
28880.0000 51.6608 7.9995
28885.0000 51.6654 8.0024
28890.0000 51.6725 8.0289
28895.0000 51.6573 8.0349
28900.0000 51.6315 8.0200
28905.0000 51.6311 8.0139
28910.0000 51.6361 8.0141
28915.0000 51.6395 8.0132
28920.0000 51.6418 8.0108
28925.0000 51.5319 7.9372
28930.0000 51.3961 7.8362
28935.0000 51.3347 7.7967
28940.0000 51.3711 7.8241
28945.0000 51.3390 7.8083
28950.0000 51.4044 7.8635
28955.0000 51.4204 7.8907
28960.0000 51.4043 7.8955
28965.0000 51.4228 7.9065
28970.0000 51.4513 7.9252
28975.0000 51.4963 7.9548
28980.0000 51.4107 7.8799
28985.0000 51.3977 7.8689
28990.0000 51.4008 7.8675
28995.0000 51.4176 7.8821
29000.0000 51.3750 7.8481
29005.0000 51.3182 7.8450
29010.0000 51.3009 7.8393
29015.0000 51.2977 7.8547
29020.0000 51.2827 7.8430
29025.0000 51.3081 7.8599
29030.0000 51.3225 7.8587
29035.0000 51.3225 7.8587
29040.0000 51.3471 7.8720
29045.0000 51.3597 7.8596
29050.0000 51.3917 7.8736
29055.0000 51.3431 7.8446
29060.0000 51.3450 7.8526
29065.0000 51.4227 7.8961
29070.0000 51.4304 7.8886
29075.0000 51.4231 7.8811
29080.0000 51.4139 7.8520
29085.0000 51.4781 7.8920
29090.0000 51.4829 7.8862
29095.0000 51.4930 7.8911
29100.0000 51.4922 7.8977
29105.0000 51.5239 7.9205
29110.0000 51.5615 7.9478
29115.0000 51.5572 7.9516
29120.0000 51.5221 7.9404
29125.0000 51.5731 7.9976
29130.0000 51.5701 7.9987
29135.0000 51.5718 7.9890
29140.0000 51.6226 8.0051
29145.0000 51.6464 8.0140
29150.0000 51.6641 8.0194
29155.0000 51.6722 8.0211
29160.0000 51.6806 8.0232
29165.0000 51.6906 8.0234
29170.0000 51.7287 8.0492
29175.0000 51.7321 8.0506
29180.0000 51.7058 8.0410
29185.0000 51.6916 8.0367
29190.0000 51.6881 8.0379
29195.0000 51.6210 8.0027
29200.0000 51.6984 8.0493
29205.0000 51.7055 8.0509
29210.0000 51.7055 8.0509
29215.0000 51.7058 8.0512
29220.0000 51.7263 8.0634
29225.0000 51.7692 8.0891
29230.0000 51.6971 8.0468
29235.0000 51.7948 8.1292
29240.0000 51.7807 8.1219
29245.0000 51.7821 8.1359
29250.0000 51.7906 8.1409
29255.0000 51.7515 8.1103
29260.0000 51.7594 8.1265
29265.0000 51.7635 8.1159
29270.0000 51.7783 8.1251
29275.0000 51.7538 8.1020
29280.0000 51.7531 8.1022
29285.0000 51.7322 8.0912
29290.0000 51.7153 8.0671
29295.0000 51.5558 7.9938
29300.0000 51.5492 7.9950
29305.0000 51.5276 7.9938
29310.0000 51.5207 7.9923
29315.0000 51.5035 7.9857
29320.0000 51.4936 7.9828
29325.0000 51.5493 8.0145
29330.0000 51.5631 8.0143
29335.0000 51.5631 8.0143
29340.0000 51.5668 8.0133
29345.0000 51.4855 7.9495
29350.0000 51.4760 7.9321
29355.0000 51.4207 7.8884
29360.0000 51.4902 7.9377
29365.0000 51.4761 7.9429
29370.0000 51.4625 7.9415
29375.0000 51.4055 7.8872
29380.0000 51.4041 7.8870
29385.0000 51.4185 7.8903
29390.0000 51.4311 7.8939
29395.0000 51.4748 7.9133
29400.0000 51.5032 7.9284
29405.0000 51.4779 7.9027
29410.0000 51.4292 7.8642
29415.0000 51.4852 7.9060
29420.0000 51.4799 7.9208
29425.0000 51.4735 7.9212
29430.0000 51.5371 7.9756
29435.0000 51.5176 7.9722
29440.0000 51.5678 8.0230
29445.0000 51.5726 8.0227
29450.0000 51.5863 8.0222
29455.0000 51.5935 8.0206
29460.0000 51.5954 8.0188
29465.0000 51.5639 7.9729
29470.0000 51.5671 7.9706
29475.0000 51.5498 7.9765
29480.0000 51.5345 7.9764
29485.0000 51.5638 8.0051
29490.0000 51.5664 8.0281
29495.0000 51.5786 8.0440
29500.0000 51.6090 8.0713
29505.0000 51.6204 8.0778
29510.0000 51.6842 8.1148
29515.0000 51.6919 8.1146
29520.0000 51.6963 8.1134
29525.0000 51.6611 8.0805
29530.0000 51.6065 8.0314
29535.0000 51.5616 8.0222
29540.0000 51.5363 8.0306
29545.0000 51.5367 8.0310
29550.0000 51.5859 8.0467
29555.0000 51.6209 8.0846
29560.0000 51.6146 8.0705
29565.0000 51.6455 8.0856
29570.0000 51.6508 8.0813
29575.0000 51.6648 8.0797
29580.0000 51.6734 8.0745
29585.0000 51.7222 8.0981
29590.0000 51.6858 8.0540
29595.0000 51.7217 8.0763
29600.0000 51.7119 8.0763
29605.0000 51.7267 8.0732
29610.0000 51.7243 8.0741
29615.0000 51.6900 8.0396
29620.0000 51.7318 8.0732
29625.0000 51.7764 8.0999
29630.0000 51.9043 8.1904
29635.0000 51.9423 8.2055
29640.0000 51.9294 8.1933
29645.0000 51.9126 8.1734
29650.0000 51.9115 8.1816
29655.0000 51.9224 8.1898
29660.0000 51.9170 8.1801
29665.0000 51.9208 8.1871
29670.0000 51.9782 8.2248
29675.0000 51.9546 8.2231
29680.0000 51.9251 8.2183
29685.0000 51.9313 8.2199
29690.0000 51.9313 8.2199
29695.0000 51.9363 8.2187
29700.0000 51.9387 8.2180
29705.0000 51.8352 8.1495
29710.0000 51.6954 8.0583
29715.0000 51.6110 8.0074
29720.0000 51.5527 7.9899
29725.0000 51.5448 7.9930
29730.0000 51.4454 7.9404
29735.0000 51.4719 7.9712
29740.0000 51.5344 8.0281
29745.0000 51.5513 8.0318
29750.0000 51.5681 8.0316
29755.0000 51.5803 8.0295
29760.0000 51.5704 8.0312
29765.0000 51.4869 7.9711
29770.0000 51.3254 7.8765
29775.0000 51.3330 7.9406
29780.0000 51.3269 7.9456
29785.0000 51.2984 7.9548
29790.0000 51.2739 7.9471
29795.0000 51.2589 7.9457
29800.0000 51.2607 7.9485
29805.0000 51.2790 7.9534
29810.0000 51.3192 7.9751
29815.0000 51.3338 7.9754
29820.0000 51.3460 7.9745
29825.0000 51.3596 7.9657
29830.0000 51.3572 7.9656
29835.0000 51.3731 7.9694
29840.0000 51.4117 7.9983
29845.0000 51.4313 7.9972
29850.0000 51.4956 8.0462
29855.0000 51.5010 8.0502
29860.0000 51.4909 8.0520
29865.0000 51.5162 8.0591
29870.0000 51.5191 8.0502
29875.0000 51.5345 8.0524
29880.0000 51.6194 8.1074
29885.0000 51.6182 8.1017
29890.0000 51.5156 8.0035
29895.0000 51.2714 7.8545
29900.0000 51.2958 7.8898
29905.0000 51.2913 7.9086
29910.0000 51.2791 7.9193
29915.0000 51.2642 7.9552
29920.0000 51.2340 7.9517
29925.0000 51.2147 7.9255
29930.0000 51.2273 7.9260
29935.0000 51.2821 7.9515
29940.0000 51.3274 7.9751
29945.0000 51.2238 7.8864
29950.0000 51.2535 7.9042
29955.0000 51.2698 7.9031
29960.0000 51.2720 7.9006
29965.0000 51.2760 7.9005
29970.0000 51.2532 7.8458
29975.0000 51.2417 7.8444
29980.0000 51.2190 7.8495
29985.0000 51.2247 7.8505
29990.0000 51.2683 7.8753
29995.0000 51.3250 7.9106
30000.0000 51.3156 7.9107
30005.0000 51.2181 7.8332
30010.0000 51.0056 7.7162
30015.0000 51.0334 7.7575
30020.0000 51.0195 7.7556
30025.0000 50.9684 7.7397
30030.0000 50.9099 7.7264
30035.0000 50.8713 7.7435
30040.0000 50.8054 7.7091
30045.0000 50.8257 7.7173
30050.0000 50.8304 7.7168
30055.0000 50.8958 7.7496
30060.0000 50.8737 7.7252
30065.0000 50.8793 7.7323
30070.0000 50.8893 7.7338
30075.0000 50.8706 7.7421
30080.0000 50.8488 7.7334
30085.0000 50.7994 7.7034
30090.0000 50.7554 7.6828
30095.0000 50.7481 7.6781
30100.0000 50.7382 7.6756
30105.0000 50.7916 7.6993
30110.0000 50.8808 7.7488
30115.0000 50.9272 7.7798
30120.0000 50.9311 7.7778
30125.0000 50.8105 7.6806
30130.0000 50.7423 7.6338
30135.0000 50.7164 7.6109
30140.0000 50.6998 7.6059
30145.0000 50.7002 7.5997
30150.0000 50.6821 7.5902
30155.0000 50.7105 7.6227
30160.0000 50.7318 7.6536
30165.0000 50.7379 7.6500
30170.0000 50.7480 7.6503
30175.0000 50.7966 7.6713
30180.0000 50.8396 7.7015
30185.0000 50.8381 7.6962
30190.0000 50.8743 7.7188
30195.0000 50.9191 7.7560
30200.0000 50.9221 7.7575
30205.0000 50.9413 7.7628
30210.0000 50.9313 7.7551
30215.0000 51.0356 7.8297
30220.0000 51.0222 7.8316
30225.0000 51.0570 7.8494
30230.0000 51.1017 7.8808
30235.0000 51.1104 7.8789
30240.0000 51.0787 7.8486
30245.0000 51.0635 7.8389
30250.0000 51.0641 7.8383
30255.0000 51.0680 7.8380
30260.0000 51.0682 7.8368
30265.0000 50.9985 7.7748
30270.0000 51.0054 7.7764
30275.0000 51.0043 7.7781
30280.0000 50.9704 7.7421
30285.0000 50.9883 7.7587
30290.0000 51.0003 7.7576
30295.0000 51.0213 7.7696
30300.0000 51.0317 7.7758
30305.0000 51.0163 7.7727
30310.0000 51.0409 7.7900
30315.0000 51.0066 7.7714
30320.0000 50.9997 7.7725
30325.0000 51.0196 7.8018
30330.0000 51.0035 7.7977
30335.0000 50.9642 7.7687
30340.0000 51.0011 7.7837
30345.0000 51.0371 7.8028
30350.0000 51.0371 7.8028
30355.0000 51.0837 7.8256
30360.0000 51.0905 7.8257
30365.0000 51.1031 7.8198
30370.0000 51.1191 7.8303
30375.0000 51.0356 7.7941
30380.0000 51.0237 7.7877
30385.0000 51.0074 7.7839
30390.0000 50.9843 7.7761
30395.0000 51.0160 7.7746
30400.0000 51.0747 7.8304
30405.0000 51.1110 7.8560
30410.0000 51.1196 7.8565
30415.0000 51.2039 7.9051
30420.0000 51.2222 7.9074
30425.0000 51.2222 7.8973
30430.0000 51.1891 7.8592
30435.0000 51.1751 7.8437
30440.0000 51.1785 7.8455
30445.0000 51.1935 7.8444
30450.0000 51.2041 7.8698
30455.0000 51.1776 7.8624
30460.0000 51.1538 7.8556
30465.0000 51.1871 7.8698
30470.0000 51.2013 7.8744
30475.0000 51.1788 7.8520
30480.0000 51.1862 7.8573
30485.0000 51.1420 7.8214
30490.0000 51.1244 7.7888
30495.0000 51.1341 7.7651
30500.0000 51.1651 7.7942
30505.0000 51.1404 7.7995
30510.0000 51.1246 7.7970
30515.0000 51.0757 7.7643
30520.0000 51.0783 7.7637
30525.0000 51.0657 7.7651
30530.0000 51.0967 7.7893
30535.0000 51.1503 7.8291
30540.0000 51.2212 7.8715
30545.0000 51.2298 7.8778
30550.0000 51.3311 7.9488
30555.0000 51.3334 7.9469
30560.0000 51.3731 7.9966
30565.0000 51.4227 8.0431
30570.0000 51.4009 8.0346
30575.0000 51.3912 8.0334
30580.0000 51.3476 7.9932
30585.0000 51.3534 7.9910
30590.0000 51.3661 7.9945
30595.0000 51.3747 7.9907
30600.0000 51.3801 7.9872
30605.0000 51.3710 7.9952
30610.0000 51.2051 7.9135
30615.0000 51.0855 7.8704
30620.0000 51.1401 7.9324
30625.0000 51.1553 7.9531
30630.0000 51.1106 7.9426
30635.0000 51.0759 7.9327
30640.0000 51.0416 7.9291
30645.0000 51.0600 7.9339
30650.0000 51.0631 7.9275
30655.0000 51.0614 7.9196
30660.0000 51.0614 7.9196
30665.0000 51.0713 7.9175
30670.0000 51.1295 7.9493
30675.0000 51.2099 8.0089
30680.0000 51.2149 8.0123
30685.0000 51.1594 7.9890
30690.0000 51.1725 8.0078
30695.0000 51.1622 8.0046
30700.0000 51.1564 7.9990
30705.0000 51.1801 7.9968
30710.0000 51.2021 7.9916
30715.0000 51.2412 8.0135
30720.0000 51.2907 8.0382
30725.0000 51.3057 8.0406
30730.0000 51.2784 8.0113
30735.0000 51.2859 8.0154
30740.0000 51.3128 8.0440
30745.0000 51.3770 8.0848
30750.0000 51.4151 8.1347
30755.0000 51.4315 8.1444
30760.0000 51.5154 8.2095
30765.0000 51.5202 8.2097
30770.0000 51.5512 8.2302
30775.0000 51.5379 8.2112
30780.0000 51.5334 8.2035
30785.0000 51.4850 8.1624
30790.0000 51.5120 8.1782
30795.0000 51.5268 8.2072
30800.0000 51.5370 8.2228
30805.0000 51.5513 8.2357
30810.0000 51.5582 8.2258
30815.0000 51.5868 8.2548
30820.0000 51.5737 8.2419
30825.0000 51.5979 8.2489
30830.0000 51.6065 8.2440
30835.0000 51.5911 8.2200
30840.0000 51.5454 8.1774
30845.0000 51.5434 8.1773
30850.0000 51.4805 8.1362
30855.0000 51.4772 8.1341
30860.0000 51.4685 8.1376
30865.0000 51.4554 8.1391
30870.0000 51.4273 8.1374
30875.0000 51.4018 8.1332
30880.0000 51.4254 8.1575
30885.0000 51.3760 8.1192
30890.0000 51.3758 8.1161
30895.0000 51.3810 8.1142
30900.0000 51.3966 8.1191
30905.0000 51.4642 8.1679
30910.0000 51.4353 8.1361
30915.0000 51.3793 8.0994
30920.0000 51.3416 8.0743
30925.0000 51.3155 8.0606
30930.0000 51.2825 8.0550
30935.0000 51.2310 8.0498
30940.0000 51.2498 8.0863
30945.0000 51.3119 8.1356
30950.0000 51.3319 8.1330
30955.0000 51.4444 8.2112
30960.0000 51.4577 8.2134
30965.0000 51.3645 8.1424
30970.0000 51.1715 8.0582
30975.0000 51.0936 8.0213
30980.0000 51.1152 8.0372
30985.0000 51.0831 8.0323
30990.0000 51.1108 8.0684
30995.0000 51.1567 8.0989
31000.0000 51.1523 8.0983
31005.0000 51.1698 8.0933
31010.0000 51.1865 8.0900
31015.0000 51.2814 8.1471
31020.0000 51.2872 8.1442
31025.0000 51.1261 8.0189
31030.0000 51.1052 7.9988
31035.0000 51.0277 7.9866
31040.0000 50.9499 7.9315
31045.0000 50.9848 7.9826
31050.0000 50.9566 7.9837
31055.0000 50.9675 8.0401
31060.0000 50.9625 8.0553
31065.0000 50.9552 8.0527
31070.0000 50.9939 8.0825
31075.0000 50.9979 8.0813
31080.0000 50.9141 8.0098
31085.0000 50.9878 8.0681
31090.0000 50.9329 8.0177
31095.0000 50.9681 8.0519
31100.0000 50.8926 7.9919
31105.0000 50.8574 7.9902
31110.0000 50.7463 7.9336
31115.0000 50.7131 7.9311
31120.0000 50.6920 7.9314
31125.0000 50.6988 7.9542
31130.0000 50.7079 7.9541
31135.0000 50.7187 7.9551
31140.0000 50.7117 7.9452
31145.0000 50.6595 7.8993
31150.0000 50.5603 7.8392
31155.0000 50.5272 7.8054
31160.0000 50.5897 7.8656
31165.0000 50.5750 7.8584
31170.0000 50.5200 7.8496
31175.0000 50.5056 7.8538
31180.0000 50.4820 7.8500
31185.0000 50.4814 7.8498
31190.0000 50.4831 7.8419
31195.0000 50.4942 7.8420
31200.0000 50.5349 7.8771
31205.0000 50.3956 7.7641
31210.0000 50.3244 7.7125
31215.0000 50.2398 7.6468
31220.0000 50.2432 7.6457
31225.0000 50.2603 7.6471
31230.0000 50.2573 7.6407
31235.0000 50.2439 7.6394
31240.0000 50.2766 7.6698
31245.0000 50.2887 7.6722
31250.0000 50.3354 7.7162
31255.0000 50.3816 7.7462
31260.0000 50.4109 7.7728
31265.0000 50.1859 7.6101
31270.0000 49.9554 7.4477
31275.0000 49.8667 7.3956
31280.0000 49.8823 7.4361
31285.0000 49.8648 7.4336
31290.0000 49.7887 7.4192
31295.0000 49.7656 7.4207
31300.0000 49.7476 7.4135
31305.0000 49.7432 7.4156
31310.0000 49.7501 7.4172
31315.0000 49.8389 7.4881
31320.0000 49.8425 7.4870
31325.0000 49.8488 7.4818
31330.0000 49.8736 7.4766
31335.0000 49.8655 7.4665
31340.0000 49.9114 7.4941
31345.0000 49.9248 7.5231
31350.0000 49.8895 7.5189
31355.0000 49.8810 7.5167
31360.0000 49.8778 7.5157
31365.0000 49.8833 7.5103
31370.0000 49.8595 7.4893
31375.0000 49.8725 7.4991
31380.0000 49.8442 7.4732
31385.0000 49.7040 7.3583
31390.0000 49.5885 7.2810
31395.0000 49.4977 7.2460
31400.0000 49.4773 7.2520
31405.0000 49.4456 7.2493
31410.0000 49.4347 7.2516
31415.0000 49.4104 7.2426
31420.0000 49.4366 7.2661
31425.0000 49.4697 7.3014
31430.0000 49.4697 7.3014
31435.0000 49.5030 7.3298
31440.0000 49.5312 7.3477
31445.0000 49.6112 7.3645
31450.0000 49.6037 7.3973
31455.0000 49.6382 7.4352
31460.0000 49.6323 7.4407
31465.0000 49.6485 7.4384
31470.0000 49.6440 7.4401
31475.0000 49.6640 7.4399
31480.0000 49.6683 7.4430
31485.0000 49.6952 7.4344
31490.0000 49.6999 7.4363
31495.0000 49.7119 7.4387
31500.0000 49.6913 7.4141
31505.0000 49.7067 7.4284
31510.0000 49.7392 7.4555
31515.0000 49.7856 7.4723
31520.0000 49.8252 7.5144
31525.0000 49.7539 7.4527
31530.0000 49.7253 7.4491
31535.0000 49.7197 7.4647
31540.0000 49.7199 7.4677
31545.0000 49.7398 7.4796
31550.0000 49.7714 7.4915
31555.0000 49.7714 7.4915
31560.0000 49.8145 7.5155
31565.0000 49.7933 7.4956
31570.0000 49.6836 7.4413
31575.0000 49.5652 7.3466
31580.0000 49.5224 7.3278
31585.0000 49.5189 7.3310
31590.0000 49.4664 7.3241
31595.0000 49.4391 7.3180
31600.0000 49.4453 7.3161
31605.0000 49.4462 7.3185
31610.0000 49.4918 7.3425
31615.0000 49.5352 7.3774
31620.0000 49.5283 7.3682
31625.0000 49.3737 7.2663
31630.0000 49.2858 7.1917
31635.0000 49.2552 7.1663
31640.0000 49.2545 7.1821
31645.0000 49.1683 7.1336
31650.0000 49.2024 7.1689
31655.0000 49.1833 7.1667
31660.0000 49.1751 7.1673
31665.0000 49.1698 7.1663
31670.0000 49.2292 7.2002
31675.0000 49.2706 7.2175
31680.0000 49.2756 7.2172
31685.0000 49.3583 7.2738
31690.0000 49.3523 7.2737
31695.0000 49.3986 7.3041
31700.0000 49.4908 7.3643
31705.0000 49.4994 7.3706
31710.0000 49.5330 7.3934
31715.0000 49.5550 7.4204
31720.0000 49.6171 7.4604
31725.0000 49.6618 7.4836
31730.0000 49.6870 7.4830
31735.0000 49.6992 7.4824
31740.0000 49.7046 7.4816
31745.0000 49.7415 7.5142
31750.0000 49.7426 7.5153
31755.0000 49.7391 7.5102
31760.0000 49.7333 7.4969
31765.0000 49.8008 7.5615
31770.0000 49.8204 7.5909
31775.0000 49.8569 7.6240
31780.0000 49.8403 7.6224
31785.0000 49.7993 7.5847
31790.0000 49.9259 7.6624
31795.0000 49.9314 7.6599
31800.0000 49.9816 7.6829
31805.0000 49.8580 7.5880
31810.0000 49.8550 7.6120
31815.0000 49.7858 7.6010
31820.0000 49.7960 7.6274
31825.0000 49.7688 7.6341
31830.0000 49.7248 7.6576
31835.0000 49.7177 7.6558
31840.0000 49.7121 7.6592
31845.0000 49.6939 7.6500
31850.0000 49.6634 7.6129
31855.0000 49.7109 7.6428
31860.0000 49.7150 7.6060
31865.0000 49.7300 7.6209
31870.0000 49.7416 7.6289
31875.0000 49.7413 7.6315
31880.0000 49.7487 7.6352
31885.0000 49.7717 7.6520
31890.0000 49.8902 7.7270
31895.0000 49.9147 7.7596
31900.0000 49.9183 7.7651
31905.0000 49.9441 7.7755
31910.0000 49.9565 7.7776
31915.0000 49.9434 7.7585
31920.0000 49.9684 7.7573
31925.0000 49.9006 7.7018
31930.0000 49.9483 7.7330
31935.0000 49.9008 7.7112
31940.0000 49.9114 7.7095
31945.0000 50.0127 7.7925
31950.0000 49.9933 7.7863
31955.0000 49.9932 7.7929
31960.0000 50.0191 7.8280
31965.0000 50.0601 7.8588
31970.0000 50.0657 7.8609
31975.0000 50.0902 7.8556
31980.0000 50.1513 7.8932
31985.0000 50.2493 7.9519
31990.0000 50.1528 7.8740
31995.0000 50.0346 7.8038
32000.0000 50.0060 7.7844
32005.0000 50.0123 7.7901
32010.0000 49.9612 7.7770
32015.0000 49.9281 7.7596
32020.0000 49.9166 7.7518
32025.0000 49.9511 7.7757
32030.0000 49.9752 7.7914
32035.0000 49.9710 7.7783
32040.0000 49.9739 7.7791
32045.0000 49.9841 7.7788
32050.0000 50.0201 7.7862
32055.0000 50.0452 7.7915
32060.0000 50.0763 7.8222
32065.0000 50.0846 7.8284
32070.0000 50.0855 7.8305
32075.0000 50.0882 7.8315
32080.0000 50.1035 7.8386
32085.0000 50.0916 7.8371
32090.0000 50.0014 7.7517
32095.0000 50.0384 7.7735
32100.0000 50.0981 7.8070
32105.0000 50.0725 7.7711
32110.0000 50.0702 7.7743
32115.0000 50.0830 7.7750
32120.0000 50.0882 7.7746
32125.0000 50.0882 7.7746
32130.0000 50.0820 7.7767
32135.0000 50.0805 7.7784
32140.0000 50.1644 7.8444
32145.0000 50.1782 7.8526
32150.0000 50.2452 7.8781
32155.0000 50.2718 7.8904
32160.0000 50.3039 7.9121
32165.0000 50.1495 7.8179
32170.0000 50.0325 7.7768
32175.0000 50.0163 7.7876
32180.0000 50.0374 7.8173
32185.0000 50.0292 7.8193
32190.0000 50.0139 7.8408
32195.0000 50.0247 7.8983
32200.0000 50.0118 7.8925
32205.0000 50.0430 7.9205
32210.0000 50.0530 7.9175
32215.0000 50.0880 7.9386
32220.0000 50.1541 7.9818
32225.0000 49.9954 7.8563
32230.0000 49.8214 7.7012
32235.0000 49.7756 7.6638
32240.0000 49.8519 7.7125
32245.0000 49.8588 7.7124
32250.0000 49.8437 7.7078
32255.0000 49.8978 7.7408
32260.0000 49.9007 7.7313
32265.0000 49.9158 7.7413
32270.0000 49.9850 7.7950
32275.0000 50.0086 7.8012
32280.0000 50.0360 7.8022
32285.0000 50.0406 7.8125
32290.0000 50.0623 7.8256
32295.0000 50.1291 7.8833
32300.0000 50.1309 7.8874
32305.0000 50.1318 7.8932
32310.0000 50.1224 7.8946
32315.0000 50.1197 7.8945
32320.0000 50.0646 7.8596
32325.0000 50.1153 7.8860
32330.0000 50.1438 7.8912
32335.0000 50.1633 7.8955
32340.0000 50.2205 7.9186
32345.0000 50.1638 7.8614
32350.0000 50.2527 7.9354
32355.0000 50.2058 7.9059
32360.0000 50.2343 7.9421
32365.0000 50.2346 7.9526
32370.0000 50.1695 7.9118
32375.0000 50.1484 7.9169
32380.0000 50.1183 7.9187
32385.0000 50.1026 7.9057
32390.0000 50.1236 7.9169
32395.0000 50.1551 7.9382
32400.0000 50.2877 8.0021
32405.0000 50.1403 7.8747
32410.0000 49.9541 7.7191
32415.0000 49.7987 7.6530
32420.0000 49.7877 7.6556
32425.0000 49.7444 7.6151
32430.0000 49.6920 7.5767
32435.0000 49.6901 7.6023
32440.0000 49.7194 7.6384
32445.0000 49.7536 7.6670
32450.0000 49.7650 7.6655
32455.0000 49.8533 7.6926
32460.0000 49.9199 7.6973
32465.0000 49.7681 7.5629
32470.0000 49.7549 7.5633
32475.0000 49.6579 7.5251
32480.0000 49.6558 7.5274
32485.0000 49.6477 7.5297
32490.0000 49.6264 7.5249
32495.0000 49.5983 7.5264
32500.0000 49.6552 7.5920
32505.0000 49.6733 7.6125
32510.0000 49.7239 7.6459
32515.0000 49.7586 7.6622
32520.0000 49.7708 7.6505
32525.0000 49.7328 7.6099
32530.0000 49.7067 7.6183
32535.0000 49.6765 7.5970
32540.0000 49.6552 7.5780
32545.0000 49.6283 7.5753
32550.0000 49.6103 7.5909
32555.0000 49.6234 7.6259
32560.0000 49.6203 7.6348
32565.0000 49.6257 7.6373
32570.0000 49.6309 7.6406
32575.0000 49.6774 7.6807
32580.0000 49.6878 7.6838
32585.0000 49.6248 7.6292
32590.0000 49.6613 7.6647
32595.0000 49.7011 7.6992
32600.0000 49.6928 7.6952
32605.0000 49.7009 7.7014
32610.0000 49.6894 7.6919
32615.0000 49.6841 7.6873
32620.0000 49.6886 7.6929
32625.0000 49.6953 7.6912
32630.0000 49.6919 7.6913
32635.0000 49.6597 7.6581
32640.0000 49.6896 7.6622
32645.0000 49.6971 7.6610
32650.0000 49.6965 7.6562
32655.0000 49.7056 7.6528
32660.0000 49.7073 7.6496
32665.0000 49.6988 7.6478
32670.0000 49.7067 7.6677
32675.0000 49.7011 7.6802
32680.0000 49.6820 7.6710
32685.0000 49.6466 7.6432
32690.0000 49.6572 7.6438
32695.0000 49.6972 7.6546
32700.0000 49.7064 7.6549
32705.0000 49.7218 7.6558
32710.0000 49.6974 7.6308
32715.0000 49.6714 7.6168
32720.0000 49.7320 7.6629
32725.0000 49.7097 7.6558
32730.0000 49.6733 7.6317
32735.0000 49.6533 7.6372
32740.0000 49.6443 7.6380
32745.0000 49.6558 7.6360
32750.0000 49.6998 7.6386
32755.0000 49.7126 7.6410
32760.0000 49.7206 7.6419
32765.0000 49.5282 7.5126
32770.0000 49.4077 7.4471
32775.0000 49.2417 7.3207
32780.0000 49.2391 7.3205
32785.0000 49.2184 7.3261
32790.0000 49.2050 7.3099
32795.0000 49.2374 7.3785
32800.0000 49.2338 7.3778
32805.0000 49.2218 7.3774
32810.0000 49.2383 7.3855
32815.0000 49.2491 7.3875
32820.0000 49.2201 7.3562
32825.0000 49.1998 7.3442
32830.0000 49.2105 7.3632
32835.0000 49.2608 7.3906
32840.0000 49.3254 7.4487
32845.0000 49.3136 7.4455
32850.0000 49.3054 7.4418
32855.0000 49.3062 7.4449
32860.0000 49.3584 7.4498
32865.0000 49.3628 7.4509
32870.0000 49.3892 7.4556
32875.0000 49.3923 7.4565
32880.0000 49.4208 7.4785
32885.0000 49.4250 7.4792
32890.0000 49.4679 7.4876
32895.0000 49.4786 7.4799
32900.0000 49.5207 7.5130
32905.0000 49.5229 7.5144
32910.0000 49.5231 7.5116
32915.0000 49.4726 7.4962
32920.0000 49.4350 7.4897
32925.0000 49.5356 7.5571
32930.0000 49.5563 7.5555
32935.0000 49.5610 7.5532
32940.0000 49.5213 7.5085
32945.0000 49.2830 7.3161
32950.0000 49.0614 7.1752
32955.0000 48.8747 7.0733
32960.0000 48.8607 7.0744
32965.0000 48.8595 7.0852
32970.0000 48.8223 7.0784
32975.0000 48.7900 7.0789
32980.0000 48.7987 7.0974
32985.0000 48.8121 7.1000
32990.0000 48.8662 7.1303
32995.0000 48.8728 7.1311
33000.0000 48.9112 7.1672
33005.0000 48.8023 7.0890
33010.0000 48.8164 7.1044
33015.0000 48.8250 7.1027
33020.0000 48.8132 7.0930
33025.0000 48.8200 7.0977
33030.0000 48.7829 7.0929
33035.0000 48.8460 7.1370
33040.0000 48.8121 7.1283
33045.0000 48.8225 7.1359
33050.0000 48.8242 7.1366
33055.0000 48.8464 7.1371
33060.0000 48.8605 7.1330
33065.0000 48.8863 7.1591
33070.0000 48.8937 7.1577
33075.0000 48.8931 7.1669
33080.0000 48.8844 7.1651
33085.0000 48.8924 7.1886
33090.0000 48.8484 7.1686
33095.0000 48.8294 7.1623
33100.0000 48.8203 7.1570
33105.0000 48.9026 7.1919
33110.0000 48.9284 7.1977
33115.0000 48.9660 7.2260
33120.0000 48.9971 7.2418
33125.0000 48.8425 7.1125
33130.0000 48.7124 7.0545
33135.0000 48.7379 7.1106
33140.0000 48.7350 7.1215
33145.0000 48.7255 7.1237
33150.0000 48.7079 7.1453
33155.0000 48.6993 7.1622
33160.0000 48.6621 7.1539
33165.0000 48.6611 7.1556
33170.0000 48.6672 7.1583
33175.0000 48.7529 7.2073
33180.0000 48.7684 7.2076
33185.0000 48.7460 7.1807
33190.0000 48.6912 7.1249
33195.0000 48.6871 7.1269
33200.0000 48.6958 7.1247
33205.0000 48.7630 7.1609
33210.0000 48.7478 7.1683
33215.0000 48.7322 7.1736
33220.0000 48.7136 7.1695
33225.0000 48.7166 7.1682
33230.0000 48.7172 7.1658
33235.0000 48.7818 7.1816
33240.0000 48.8218 7.2089
33245.0000 48.7960 7.2019
33250.0000 48.7498 7.1827
33255.0000 48.8194 7.2560
33260.0000 48.8150 7.2554
33265.0000 48.7941 7.2561
33270.0000 48.7561 7.2436
33275.0000 48.6864 7.2188
33280.0000 48.7000 7.2417
33285.0000 48.6998 7.2426
33290.0000 48.7466 7.2787
33295.0000 48.8119 7.3160
33300.0000 48.7761 7.2742
33305.0000 48.7798 7.2758
33310.0000 48.7842 7.2759
33315.0000 48.7848 7.2844
33320.0000 48.8240 7.3133
33325.0000 48.8179 7.3138
33330.0000 48.7934 7.3129
33335.0000 48.8093 7.3049
33340.0000 48.8594 7.3111
33345.0000 48.8719 7.3125
33350.0000 48.8788 7.3219
33355.0000 48.8788 7.3219
33360.0000 48.8504 7.2910
33365.0000 48.7534 7.2371
33370.0000 48.7305 7.2752
33375.0000 48.7162 7.3009
33380.0000 48.7461 7.3310
33385.0000 48.7400 7.3343
33390.0000 48.7525 7.3463
33395.0000 48.7410 7.3454
33400.0000 48.7267 7.3424
33405.0000 48.8071 7.3920
33410.0000 48.8152 7.3940
33415.0000 48.8203 7.3967
33420.0000 48.8368 7.4022
33425.0000 48.8493 7.4024
33430.0000 48.8985 7.4455
33435.0000 48.9283 7.4595
33440.0000 48.9267 7.4649
33445.0000 48.9805 7.5129
33450.0000 48.9471 7.4908
33455.0000 48.9384 7.4937
33460.0000 48.9097 7.4900
33465.0000 48.9416 7.5168
33470.0000 48.9800 7.5314
33475.0000 48.9840 7.5332
33480.0000 48.9840 7.5332
33485.0000 49.0256 7.5195
33490.0000 49.0256 7.5195
33495.0000 49.0243 7.5372
33500.0000 49.0015 7.5110
33505.0000 48.9629 7.5187
33510.0000 48.9311 7.5100
33515.0000 48.9097 7.5091
33520.0000 48.8064 7.4588
33525.0000 48.8098 7.4539
33530.0000 48.8357 7.4840
33535.0000 48.8424 7.4887
33540.0000 48.8826 7.5267
33545.0000 48.7972 7.4515
33550.0000 48.7735 7.4299
33555.0000 48.6253 7.3437
33560.0000 48.6095 7.3436
33565.0000 48.5468 7.3137
33570.0000 48.5051 7.3060
33575.0000 48.4810 7.3160
33580.0000 48.4863 7.3278
33585.0000 48.5001 7.3314
33590.0000 48.5392 7.3212
33595.0000 48.5571 7.3279
33600.0000 48.5603 7.3268
33605.0000 48.4017 7.2166
33610.0000 48.2979 7.1563
33615.0000 48.2486 7.1255
33620.0000 48.2923 7.1607
33625.0000 48.3292 7.2046
33630.0000 48.3279 7.2001
33635.0000 48.3543 7.2132
33640.0000 48.3628 7.2013
33645.0000 48.3891 7.1909
33650.0000 48.4101 7.1826
33655.0000 48.4278 7.1815
33660.0000 48.4368 7.1836
33665.0000 48.4494 7.1929
33670.0000 48.4549 7.1894
33675.0000 48.4708 7.1967
33680.0000 48.4583 7.1945
33685.0000 48.5037 7.2289
33690.0000 48.4817 7.2197
33695.0000 48.5048 7.2412
33700.0000 48.5058 7.2443
33705.0000 48.5364 7.2760
33710.0000 48.5662 7.3008
33715.0000 48.5770 7.2997
33720.0000 48.6466 7.3456
33725.0000 48.5418 7.2527
33730.0000 48.4453 7.1948
33735.0000 48.3209 7.1461
33740.0000 48.2784 7.1256
33745.0000 48.3141 7.1695
33750.0000 48.3068 7.1621
33755.0000 48.2907 7.1502
33760.0000 48.3203 7.1712
33765.0000 48.3442 7.1773
33770.0000 48.3489 7.1755
33775.0000 48.3867 7.1966
33780.0000 48.3948 7.1933
33785.0000 48.3661 7.1659
33790.0000 48.3845 7.1614
33795.0000 48.3879 7.1623
33800.0000 48.3837 7.1591
33805.0000 48.3924 7.1627
33810.0000 48.4218 7.1986
33815.0000 48.4214 7.1869
33820.0000 48.4226 7.1804
33825.0000 48.4284 7.1788
33830.0000 48.4273 7.1787
33835.0000 48.4352 7.1767
33840.0000 48.4461 7.1803
33845.0000 48.4472 7.1838
33850.0000 48.4802 7.1994
33855.0000 48.4684 7.2020
33860.0000 48.4788 7.2309
33865.0000 48.4457 7.2376
33870.0000 48.4093 7.2118
33875.0000 48.4054 7.2140
33880.0000 48.4045 7.2156
33885.0000 48.4707 7.2071
33890.0000 48.4687 7.2072
33895.0000 48.5268 7.2510
33900.0000 48.5710 7.2698
33905.0000 48.5827 7.2685
33910.0000 48.5423 7.2301
33915.0000 48.5712 7.2470
33920.0000 48.5122 7.2041
33925.0000 48.5245 7.2358
33930.0000 48.5228 7.2293
33935.0000 48.5068 7.2300
33940.0000 48.4783 7.2307
33945.0000 48.5622 7.2897
33950.0000 48.5089 7.2396
33955.0000 48.5570 7.2509
33960.0000 48.5749 7.2492
33965.0000 48.5250 7.2134
33970.0000 48.4777 7.1969
33975.0000 48.5156 7.2329
33980.0000 48.5288 7.2573
33985.0000 48.5616 7.2904
33990.0000 48.5482 7.2890
33995.0000 48.5734 7.3149
34000.0000 48.5708 7.3112
34005.0000 48.6308 7.3349
34010.0000 48.6498 7.3345
34015.0000 48.6651 7.3351
34020.0000 48.6744 7.3237
34025.0000 48.6551 7.2960
34030.0000 48.6604 7.2881
34035.0000 48.6988 7.3126
34040.0000 48.7277 7.3382
34045.0000 48.7458 7.3394
34050.0000 48.7265 7.3286
34055.0000 48.7775 7.3546
34060.0000 48.7899 7.3551
34065.0000 48.7973 7.3544
34070.0000 48.8013 7.3523
34075.0000 48.8474 7.3672
34080.0000 48.9344 7.4327
34085.0000 48.9871 7.4217
34090.0000 48.9947 7.4213
34095.0000 48.9965 7.4296
34100.0000 49.0197 7.4624
34105.0000 49.0210 7.4696
34110.0000 48.9913 7.4561
34115.0000 48.9762 7.4550
34120.0000 49.0046 7.4454
34125.0000 49.0093 7.4462
34130.0000 49.0535 7.4799
34135.0000 49.0920 7.5011
34140.0000 49.0830 7.4884
34145.0000 49.0758 7.4864
34150.0000 49.0726 7.4890
34155.0000 49.0299 7.4468
34160.0000 49.0456 7.4502
34165.0000 49.0282 7.4268
34170.0000 49.0330 7.4631
34175.0000 49.0451 7.4643
34180.0000 49.0484 7.4639
34185.0000 49.0835 7.4691
34190.0000 49.1374 7.5128
34195.0000 49.1986 7.5615
34200.0000 49.1855 7.5492
34205.0000 49.2091 7.5673
34210.0000 49.1837 7.5379
34215.0000 49.2664 7.6087
34220.0000 49.2766 7.6115
34225.0000 49.2685 7.6072
34230.0000 49.2285 7.5953
34235.0000 49.2021 7.6003
34240.0000 49.1746 7.6001
34245.0000 49.1996 7.6090
34250.0000 49.2006 7.5983
34255.0000 49.2006 7.5983
34260.0000 49.2006 7.5983
34265.0000 49.0803 7.5131
34270.0000 49.0711 7.4946
34275.0000 49.0752 7.4960
34280.0000 49.0697 7.4970
34285.0000 49.0700 7.5002
34290.0000 49.0697 7.5009
34295.0000 49.0600 7.5080
34300.0000 49.0620 7.5122
34305.0000 49.0706 7.5127
34310.0000 49.0954 7.5191
34315.0000 49.1041 7.5222
34320.0000 49.1392 7.5435
34325.0000 49.0432 7.4718
34330.0000 48.9552 7.4145
34335.0000 48.8533 7.3389
34340.0000 48.8525 7.3339
34345.0000 48.8413 7.3376
34350.0000 48.8289 7.3325
34355.0000 48.7995 7.3370
34360.0000 48.7649 7.3341
34365.0000 48.7786 7.3336
34370.0000 48.8119 7.3434
34375.0000 48.8168 7.3472
34380.0000 48.8168 7.3472
34385.0000 48.8712 7.3974
34390.0000 48.8664 7.4018
34395.0000 48.8637 7.4007
34400.0000 48.8748 7.3974
34405.0000 48.8470 7.3864
34410.0000 48.8011 7.3752
34415.0000 48.8449 7.4212
34420.0000 48.8575 7.4298
34425.0000 48.8787 7.4285
34430.0000 48.8856 7.4278
34435.0000 48.9387 7.4691
34440.0000 48.9429 7.4685
34445.0000 48.9429 7.4685
34450.0000 48.9359 7.4680
34455.0000 48.9505 7.4663
34460.0000 48.9933 7.4826
34465.0000 48.9545 7.4462
34470.0000 48.9534 7.4432
34475.0000 48.9496 7.4449
34480.0000 48.8970 7.4057
34485.0000 48.8882 7.3935
34490.0000 48.8906 7.3933
34495.0000 48.8906 7.3933
34500.0000 48.9344 7.4332
34505.0000 48.9434 7.4372
34510.0000 48.9390 7.4386
34515.0000 49.0296 7.4579
34520.0000 49.0294 7.4553
34525.0000 49.0086 7.4484
34530.0000 49.0280 7.4784
34535.0000 49.0266 7.4896
34540.0000 49.0093 7.4892
34545.0000 49.0251 7.4890
34550.0000 49.0169 7.4814
34555.0000 48.9587 7.4229
34560.0000 48.9557 7.4203
34565.0000 48.8915 7.3661
34570.0000 48.8616 7.3372
34575.0000 48.7733 7.2843
34580.0000 48.7731 7.2825
34585.0000 48.7678 7.2800
34590.0000 48.7625 7.2790
34595.0000 48.7846 7.3060
34600.0000 48.7760 7.3130
34605.0000 48.7972 7.3109
34610.0000 48.8233 7.3109
34615.0000 48.8357 7.3106
34620.0000 48.8459 7.3088
34625.0000 48.8486 7.3118
34630.0000 48.8226 7.3198
34635.0000 48.8187 7.3272
34640.0000 48.8466 7.3507
34645.0000 48.8253 7.3468
34650.0000 48.8057 7.3428
34655.0000 48.7900 7.3479
34660.0000 48.7822 7.3447
34665.0000 48.7933 7.3398
34670.0000 48.7935 7.3375
34675.0000 48.8023 7.3366
34680.0000 48.8023 7.3366
34685.0000 48.8137 7.3391
34690.0000 48.8222 7.3373
34695.0000 48.8720 7.3600
34700.0000 48.8753 7.3619
34705.0000 48.8628 7.3619
34710.0000 48.8509 7.3579
34715.0000 48.8466 7.3576
34720.0000 48.8318 7.3480
34725.0000 48.9192 7.3833
34730.0000 48.9245 7.3829
34735.0000 48.9423 7.3855
34740.0000 48.9447 7.3899
34745.0000 48.9368 7.3952
34750.0000 48.9692 7.4071
34755.0000 48.9904 7.4046
34760.0000 49.0310 7.4322
34765.0000 49.0314 7.4316
34770.0000 49.0163 7.4310
34775.0000 49.0211 7.4345
34780.0000 48.9971 7.4380
34785.0000 49.0341 7.4618
34790.0000 49.0752 7.4975
34795.0000 49.0960 7.5063
34800.0000 49.2144 7.5954
34805.0000 49.2527 7.6297
34810.0000 49.2954 7.6517
34815.0000 49.2704 7.6212
34820.0000 49.2702 7.6197
34825.0000 49.2505 7.6210
34830.0000 49.2626 7.6283
34835.0000 49.2481 7.6279
34840.0000 49.2311 7.6237
34845.0000 49.2324 7.6246
34850.0000 49.2984 7.6496
34855.0000 49.3088 7.6439
34860.0000 49.3467 7.6517
34865.0000 49.3163 7.6223
34870.0000 49.2769 7.5893
34875.0000 49.2850 7.5939
34880.0000 49.2411 7.5571
34885.0000 49.2815 7.5951
34890.0000 49.3004 7.6100
34895.0000 49.2296 7.5583
34900.0000 49.2271 7.5596
34905.0000 49.3087 7.5845
34910.0000 49.3892 7.6382
34915.0000 49.4219 7.6350
34920.0000 49.4951 7.6662
34925.0000 49.6136 7.7024
34930.0000 49.7068 7.7206
34935.0000 49.6853 7.7244
34940.0000 49.7270 7.7309
34945.0000 49.7863 7.7771
34950.0000 49.8082 7.8022
34955.0000 49.8051 7.8063
34960.0000 49.8440 7.8181
34965.0000 49.8627 7.8149
34970.0000 49.9127 7.8586
34975.0000 49.9495 7.8848
34980.0000 49.9447 7.8894
34985.0000 49.9578 7.8779
34990.0000 49.9583 7.8700
34995.0000 49.9548 7.8566
35000.0000 49.9161 7.8200
35005.0000 49.9248 7.8170
35010.0000 50.0172 7.8856
35015.0000 50.0832 7.9176
35020.0000 50.1411 7.9442
35025.0000 50.2117 7.9811
35030.0000 50.2158 7.9719
35035.0000 50.3790 8.0984
35040.0000 50.4365 8.1207
35045.0000 50.4267 8.1144
35050.0000 50.4142 8.0979
35055.0000 50.3882 8.0835
35060.0000 50.3979 8.1051
35065.0000 50.4092 8.1158
35070.0000 50.4037 8.1183
35075.0000 50.3967 8.1179
35080.0000 50.3918 8.1196
35085.0000 50.3938 8.1205
35090.0000 50.3860 8.1228
35095.0000 50.4174 8.1324
35100.0000 50.4991 8.1879
35105.0000 50.5147 8.1906
35110.0000 50.4057 8.0888
35115.0000 50.3477 8.0807
35120.0000 50.3659 8.0792
35125.0000 50.3543 8.0789
35130.0000 50.3384 8.0606
35135.0000 50.3278 8.0632
35140.0000 50.3741 8.0912
35145.0000 50.3829 8.0931
35150.0000 50.3977 8.0976
35155.0000 50.4416 8.1236
35160.0000 50.4774 8.1367
35165.0000 50.4840 8.1412
35170.0000 50.5625 8.1784
35175.0000 50.6113 8.2007
35180.0000 50.6259 8.2076
35185.0000 50.6783 8.2136
35190.0000 50.7596 8.2753
35195.0000 50.7535 8.2853
35200.0000 50.7528 8.3160
35205.0000 50.8441 8.3757
35210.0000 50.8822 8.4129
35215.0000 50.8837 8.4133
35220.0000 50.8913 8.4161
35225.0000 50.9066 8.4222
35230.0000 50.8423 8.3672
35235.0000 50.8650 8.3706
35240.0000 50.8649 8.3687
35245.0000 50.9369 8.4285
35250.0000 50.9238 8.4121
35255.0000 50.9075 8.4043
35260.0000 50.9097 8.4172
35265.0000 50.9295 8.4260
35270.0000 50.9747 8.4597
35275.0000 51.0459 8.5091
35280.0000 51.0612 8.5182
35285.0000 51.0661 8.5223
35290.0000 51.0346 8.4893
35295.0000 51.0443 8.4976
35300.0000 51.0421 8.4952
35305.0000 51.1088 8.5638
35310.0000 51.0832 8.5539
35315.0000 51.0385 8.5308
35320.0000 51.0651 8.5667
35325.0000 51.0436 8.5371
35330.0000 51.0396 8.5325
35335.0000 51.0544 8.5322
35340.0000 51.0544 8.5322
35345.0000 50.8435 8.3861
35350.0000 50.6007 8.1872
35355.0000 50.4281 8.1025
35360.0000 50.3700 8.0693
35365.0000 50.4325 8.1234
35370.0000 50.4270 8.1459
35375.0000 50.4057 8.1426
35380.0000 50.4096 8.1775
35385.0000 50.3835 8.1451
35390.0000 50.3271 8.1064
35395.0000 50.3852 8.1601
35400.0000 50.4127 8.1794
35405.0000 50.4321 8.1771
35410.0000 50.4766 8.2052
35415.0000 50.4499 8.1672
35420.0000 50.4696 8.1577
35425.0000 50.4745 8.1650
35430.0000 50.5312 8.2005
35435.0000 50.5266 8.2023
35440.0000 50.5095 8.1945
35445.0000 50.5641 8.2266
35450.0000 50.6325 8.2463
35455.0000 50.6687 8.2694
35460.0000 50.6668 8.2289
35465.0000 50.5294 8.1061
35470.0000 50.3426 7.9652
35475.0000 50.3014 7.9274
35480.0000 50.2299 7.8876
35485.0000 50.2251 7.9144
35490.0000 50.2282 7.9381
35495.0000 50.2532 7.9623
35500.0000 50.2023 7.9622
35505.0000 50.2014 7.9664
35510.0000 50.1934 7.9696
35515.0000 50.2419 8.0122
35520.0000 50.2664 8.0308
35525.0000 50.1956 7.9655
35530.0000 50.2081 7.9654
35535.0000 50.2283 7.9731
35540.0000 50.2283 7.9731
35545.0000 50.2086 7.9756
35550.0000 50.2275 7.9975
35555.0000 50.2484 8.0281
35560.0000 50.3198 8.0733
35565.0000 50.3490 8.0933
35570.0000 50.3245 8.0751
35575.0000 50.3615 8.1109
35580.0000 50.3805 8.1152
35585.0000 50.2268 7.9868
35590.0000 50.2391 7.9956
35595.0000 50.2036 7.9695
35600.0000 50.1978 7.9703
35605.0000 50.1930 7.9697
35610.0000 50.1938 7.9793
35615.0000 50.2645 8.0287
35620.0000 50.2517 8.0548
35625.0000 50.2488 8.0563
35630.0000 50.2818 8.0529
35635.0000 50.2804 8.0516
35640.0000 50.3005 8.0652
35645.0000 50.2288 8.0042
35650.0000 50.1508 7.9421
35655.0000 50.1558 7.9436
35660.0000 50.1641 7.9435
35665.0000 50.1625 7.9465
35670.0000 50.1611 7.9653
35675.0000 50.1700 7.9642
35680.0000 50.2078 7.9833
35685.0000 50.2116 7.9847
35690.0000 50.2192 7.9876
35695.0000 50.2709 8.0314
35700.0000 50.2781 8.0323
35705.0000 50.2514 7.9949
35710.0000 50.2334 7.9694
35715.0000 50.1527 7.8941
35720.0000 50.1443 7.8904
35725.0000 50.1249 7.8971
35730.0000 50.0873 7.8801
35735.0000 50.1146 7.9057
35740.0000 50.0977 7.8834
35745.0000 50.1288 7.8795
35750.0000 50.1180 7.8661
35755.0000 50.1558 7.9027
35760.0000 50.2224 7.9486
35765.0000 49.9803 7.7688
35770.0000 49.7208 7.5868
35775.0000 49.4774 7.4671
35780.0000 49.4230 7.4163
35785.0000 49.4060 7.4216
35790.0000 49.3380 7.3885
35795.0000 49.3142 7.3919
35800.0000 49.2895 7.3852
35805.0000 49.3724 7.4093
35810.0000 49.3688 7.4125
35815.0000 49.3774 7.4106
35820.0000 49.3907 7.4129
35825.0000 49.3697 7.3916
35830.0000 49.4296 7.4259
35835.0000 49.4612 7.4519
35840.0000 49.5020 7.4824
35845.0000 49.5341 7.5200
35850.0000 49.5037 7.5056
35855.0000 49.4241 7.4525
35860.0000 49.4734 7.4960
35865.0000 49.4930 7.4945
35870.0000 49.5329 7.5286
35875.0000 49.6084 7.5650
35880.0000 49.6875 7.6097
35885.0000 49.6824 7.6085
35890.0000 49.6300 7.5796
35895.0000 49.6254 7.5641
35900.0000 49.5890 7.5407
35905.0000 49.5644 7.5510
35910.0000 49.4818 7.5090
35915.0000 49.4525 7.5186
35920.0000 49.4483 7.5210
35925.0000 49.4961 7.5460
35930.0000 49.5084 7.5544
35935.0000 49.5554 7.5721
35940.0000 49.6186 7.6024
35945.0000 49.5947 7.5785
35950.0000 49.6171 7.6066
35955.0000 49.5647 7.5921
35960.0000 49.5499 7.5859
35965.0000 49.5318 7.5892
35970.0000 49.5163 7.5691
35975.0000 49.5249 7.5704
35980.0000 49.5107 7.5552
35985.0000 49.5195 7.5514
35990.0000 49.5855 7.5955
35995.0000 49.5977 7.5917
36000.0000 49.6084 7.5947
36005.0000 49.6824 7.6455
36010.0000 49.6873 7.6418
36015.0000 49.6559 7.6170
36020.0000 49.6480 7.6091
36025.0000 49.7015 7.6399
36030.0000 49.6905 7.6332
36035.0000 49.6835 7.6394
36040.0000 49.6323 7.6050
36045.0000 49.6313 7.6113
36050.0000 49.6427 7.6128
36055.0000 49.6539 7.6156
36060.0000 49.7652 7.7016
36065.0000 49.8176 7.7333
36070.0000 49.8347 7.7338
36075.0000 49.8726 7.7382
36080.0000 49.8919 7.7411
36085.0000 49.8973 7.7462
36090.0000 49.8957 7.7482
36095.0000 49.8924 7.7396
36100.0000 49.9048 7.7589
36105.0000 49.9136 7.7570
36110.0000 49.9196 7.7557
36115.0000 49.9594 7.7797
36120.0000 49.9773 7.7803
36125.0000 49.9869 7.7779
36130.0000 49.9550 7.7565
36135.0000 49.9299 7.7205
36140.0000 49.9321 7.7173
36145.0000 49.9177 7.7224
36150.0000 49.8957 7.7064
36155.0000 49.9068 7.7083
36160.0000 49.8926 7.7102
36165.0000 49.9200 7.7136
36170.0000 49.9439 7.7162
36175.0000 50.0027 7.7416
36180.0000 50.0073 7.7441
36185.0000 50.0163 7.7424
36190.0000 50.0349 7.7390
36195.0000 50.0955 7.7647
36200.0000 50.0930 7.7644
36205.0000 50.1142 7.7769
36210.0000 50.1423 7.8118
36215.0000 50.1682 7.8419
36220.0000 50.1592 7.8399
36225.0000 50.1597 7.8405
36230.0000 50.1607 7.8406
36235.0000 50.1597 7.8415
36240.0000 50.1921 7.8715
36245.0000 50.1949 7.8711
36250.0000 50.2424 7.9055
36255.0000 50.2474 7.9078
36260.0000 50.2622 7.9039
36265.0000 50.2253 7.8643
36270.0000 50.2200 7.8661
36275.0000 50.2105 7.8677
36280.0000 50.2280 7.8767
36285.0000 50.2314 7.8815
36290.0000 50.3273 7.9409
36295.0000 50.3641 7.9671
36300.0000 50.4265 8.0025
36305.0000 50.3482 7.9803
36310.0000 50.3179 7.9456
36315.0000 50.3288 7.9520
36320.0000 50.3419 7.9776
36325.0000 50.3297 7.9827
36330.0000 50.3051 7.9784
36335.0000 50.2921 7.9840
36340.0000 50.2921 7.9837
36345.0000 50.3414 8.0058
36350.0000 50.3421 8.0104
36355.0000 50.3403 7.9950
36360.0000 50.3634 8.0005
36365.0000 50.3798 7.9940
36370.0000 50.2687 7.9263
36375.0000 50.1963 7.8486
36380.0000 50.2290 7.8670
36385.0000 50.2150 7.8693
36390.0000 50.1846 7.8475
36395.0000 50.1797 7.8487
36400.0000 50.1447 7.8486
36405.0000 50.1521 7.8514
36410.0000 50.2098 7.8870
36415.0000 50.2242 7.8871
36420.0000 50.2378 7.8931
36425.0000 50.2190 7.8747
36430.0000 50.2358 7.8788
36435.0000 50.2204 7.8587
36440.0000 50.2249 7.8594
36445.0000 50.2262 7.8633
36450.0000 50.2165 7.8561
36455.0000 50.2405 7.8660
36460.0000 50.2475 7.8736
36465.0000 50.2707 7.8986
36470.0000 50.3141 7.9307
36475.0000 50.3152 7.9273
36480.0000 50.3661 7.9526
36485.0000 50.3791 7.9565
36490.0000 50.3843 7.9559
36495.0000 50.4502 8.0085
36500.0000 50.4313 7.9990
36505.0000 50.4463 8.0121
36510.0000 50.3944 7.9785
36515.0000 50.3834 7.9801
36520.0000 50.3806 7.9792
36525.0000 50.4016 7.9986
36530.0000 50.4186 8.0007
36535.0000 50.4215 7.9958
36540.0000 50.4290 7.9930
36545.0000 50.4345 7.9908
36550.0000 50.3936 7.9544
36555.0000 50.4036 7.9519
36560.0000 50.4386 7.9849
36565.0000 50.4329 7.9864
36570.0000 50.3994 7.9737
36575.0000 50.4375 8.0102
36580.0000 50.4204 8.0096
36585.0000 50.4620 8.0396
36590.0000 50.4697 8.0430
36595.0000 50.5354 8.0942
36600.0000 50.5165 8.0513
36605.0000 50.5994 8.1141
36610.0000 50.5141 8.0432
36615.0000 50.5993 8.1064
36620.0000 50.5868 8.0924
36625.0000 50.6572 8.1592
36630.0000 50.6311 8.1530
36635.0000 50.6200 8.1595
36640.0000 50.6441 8.1700
36645.0000 50.6539 8.1764
36650.0000 50.6512 8.1772
36655.0000 50.6707 8.1837
36660.0000 50.7363 8.2343
36665.0000 50.7857 8.2738
36670.0000 50.8272 8.2914
36675.0000 50.7028 8.1902
36680.0000 50.7615 8.2560
36685.0000 50.7614 8.2638
36690.0000 50.8037 8.3000
36695.0000 50.7366 8.2601
36700.0000 50.7219 8.2765
36705.0000 50.7626 8.3237
36710.0000 50.8102 8.3238
36715.0000 50.8736 8.3599
36720.0000 50.8425 8.3136
36725.0000 50.8573 8.3205
36730.0000 50.8548 8.3151
36735.0000 50.8829 8.3011
36740.0000 50.8796 8.3017
36745.0000 50.8838 8.3016
36750.0000 50.8768 8.2932
36755.0000 50.8728 8.2929
36760.0000 50.8694 8.2935
36765.0000 50.9498 8.3410
36770.0000 50.9341 8.3344
36775.0000 50.9456 8.3336
36780.0000 50.9067 8.2893
36785.0000 50.8169 8.2264
36790.0000 50.7035 8.1444
36795.0000 50.5906 8.0671
36800.0000 50.6027 8.0770
36805.0000 50.5853 8.0604
36810.0000 50.5807 8.0602
36815.0000 50.5781 8.0621
36820.0000 50.5991 8.0514
36825.0000 50.5863 8.0530
36830.0000 50.5491 8.0265
36835.0000 50.5454 8.0267
36840.0000 50.5807 8.0246
36845.0000 50.6375 8.0165
36850.0000 50.6265 8.0071
36855.0000 50.6333 8.0108
36860.0000 50.6333 8.0108
36865.0000 50.6318 8.0093
36870.0000 50.6033 7.9896
36875.0000 50.6224 8.0110
36880.0000 50.6623 8.0506
36885.0000 50.6770 8.0755
36890.0000 50.6867 8.0809
36895.0000 50.7261 8.1058
36900.0000 50.7641 8.1367
36905.0000 50.7919 8.1542
36910.0000 50.8026 8.1572
36915.0000 50.7988 8.1574
36920.0000 50.8030 8.1574
36925.0000 50.8293 8.1883
36930.0000 50.8115 8.1663
36935.0000 50.8152 8.1695
36940.0000 50.7936 8.1688
36945.0000 50.7975 8.1669
36950.0000 50.8635 8.2244
36955.0000 50.8566 8.2183
36960.0000 50.8760 8.2308
36965.0000 50.8917 8.2300
36970.0000 50.9579 8.2562
36975.0000 50.9916 8.2902
36980.0000 50.9681 8.2807
36985.0000 51.0168 8.3215
36990.0000 50.9402 8.2488
36995.0000 50.9974 8.2909
37000.0000 51.0154 8.3143
37005.0000 51.0449 8.3418
37010.0000 50.9933 8.2935
37015.0000 50.9935 8.2971
37020.0000 51.0206 8.2992
37025.0000 50.9420 8.2310
37030.0000 50.9613 8.2259
37035.0000 50.8648 8.1417
37040.0000 50.8621 8.1391
37045.0000 50.8776 8.1481
37050.0000 50.8716 8.1428
37055.0000 50.8280 8.1485
37060.0000 50.8283 8.1491
37065.0000 50.8540 8.1804
37070.0000 50.8323 8.1598
37075.0000 50.8649 8.1740
37080.0000 50.8897 8.1790
37085.0000 50.8972 8.1779
37090.0000 50.9119 8.1802
37095.0000 50.9434 8.1794
37100.0000 50.9569 8.2076
37105.0000 50.9520 8.2089
37110.0000 50.9356 8.1951
37115.0000 50.9769 8.2520
37120.0000 50.9903 8.2786
37125.0000 51.0152 8.3018
37130.0000 50.9751 8.2618
37135.0000 51.0290 8.3153
37140.0000 51.0415 8.3126
37145.0000 50.9610 8.2933
37150.0000 50.9790 8.2880
37155.0000 51.0882 8.3400
37160.0000 51.0355 8.3015
37165.0000 51.0621 8.2989
37170.0000 50.9891 8.2396
37175.0000 50.9767 8.2317
37180.0000 50.9887 8.2506
37185.0000 50.9937 8.2588
37190.0000 51.0402 8.2950
37195.0000 51.0246 8.2767
37200.0000 51.0777 8.2872
37205.0000 51.0701 8.2763
37210.0000 51.0228 8.2403
37215.0000 51.0126 8.2355
37220.0000 51.0300 8.2373
37225.0000 50.9768 8.1932
37230.0000 50.9449 8.1699
37235.0000 50.9711 8.1885
37240.0000 50.9790 8.1991
37245.0000 50.9328 8.1545
37250.0000 50.9846 8.1912
37255.0000 51.0481 8.2355
37260.0000 51.0889 8.2625
37265.0000 51.1054 8.2599
37270.0000 51.1169 8.2609
37275.0000 51.1083 8.2337
37280.0000 51.0975 8.2104
37285.0000 51.1632 8.2475
37290.0000 51.2063 8.2534
37295.0000 51.0948 8.1648
37300.0000 51.0579 8.1496
37305.0000 51.0695 8.1541
37310.0000 51.1268 8.1502
37315.0000 51.1720 8.1778
37320.0000 51.1437 8.1527
37325.0000 51.1171 8.1263
37330.0000 51.1224 8.1196
37335.0000 51.2043 8.1846
37340.0000 51.2238 8.1577
37345.0000 51.2160 8.1543
37350.0000 51.2107 8.1560
37355.0000 51.2047 8.1438
37360.0000 51.2711 8.1848
37365.0000 51.2667 8.1839
37370.0000 51.2649 8.1840
37375.0000 51.2933 8.2060
37380.0000 51.3393 8.2364
37385.0000 51.3567 8.2364
37390.0000 51.3761 8.2340
37395.0000 51.4177 8.2681
37400.0000 51.4161 8.2643
37405.0000 51.4203 8.2622
37410.0000 51.4120 8.2725
37415.0000 51.4032 8.2765
37420.0000 51.4113 8.2757
37425.0000 51.4659 8.3070
37430.0000 51.4334 8.2750
37435.0000 51.4334 8.2750
37440.0000 51.4334 8.2750
37445.0000 51.4377 8.2766
37450.0000 51.4755 8.2751
37455.0000 51.5290 8.2845
37460.0000 51.5838 8.3069
37465.0000 51.5407 8.2648
37470.0000 51.5376 8.2639
37475.0000 51.5168 8.2584
37480.0000 51.5248 8.2627
37485.0000 51.5568 8.2713
37490.0000 51.5616 8.2709
37495.0000 51.6074 8.2829
37500.0000 51.6166 8.2803
37505.0000 51.4981 8.2107
37510.0000 51.4314 8.1403
37515.0000 51.3685 8.0885
37520.0000 51.3687 8.0874
37525.0000 51.3979 8.0966
37530.0000 51.3864 8.0956
37535.0000 51.3950 8.0990
37540.0000 51.4369 8.1226
37545.0000 51.4369 8.1226
37550.0000 51.4902 8.1552
37555.0000 51.5493 8.1973
37560.0000 51.5538 8.1980
37565.0000 51.5610 8.1992
37570.0000 51.5754 8.1989
37575.0000 51.5650 8.1757
37580.0000 51.6297 8.2198
37585.0000 51.6631 8.2489
37590.0000 51.6786 8.2606
37595.0000 51.6965 8.2499
37600.0000 51.6520 8.2092
37605.0000 51.6724 8.2146
37610.0000 51.6835 8.2095
37615.0000 51.6794 8.2094
37620.0000 51.7070 8.2074
37625.0000 51.7120 8.2069
37630.0000 51.7222 8.2038
37635.0000 51.7212 8.1949
37640.0000 51.6709 8.1455
37645.0000 51.7157 8.1446
37650.0000 51.7431 8.1234
37655.0000 51.7298 8.1131
37660.0000 51.7284 8.1064
37665.0000 51.7580 8.1035
37670.0000 51.8395 8.1513
37675.0000 51.9515 8.2455
37680.0000 51.9337 8.2187
37685.0000 51.9459 8.2296
37690.0000 51.9023 8.1945
37695.0000 51.8992 8.1809
37700.0000 51.9215 8.1970
37705.0000 51.9429 8.2254
37710.0000 51.9879 8.2504
37715.0000 52.0169 8.2664
37720.0000 52.0121 8.2575
37725.0000 52.0125 8.2503
37730.0000 52.0340 8.2489
37735.0000 52.1314 8.3282
37740.0000 52.1525 8.3279
37745.0000 52.1729 8.3350
37750.0000 52.2319 8.3762
37755.0000 52.2405 8.3728
37760.0000 52.2826 8.4114
37765.0000 52.3033 8.4294
37770.0000 52.2735 8.4388
37775.0000 52.2848 8.4680
37780.0000 52.3030 8.4860
37785.0000 52.2980 8.4908
37790.0000 52.2927 8.4919
37795.0000 52.3279 8.5157
37800.0000 52.3266 8.5191
37805.0000 52.2934 8.4920
37810.0000 52.2991 8.4961
37815.0000 52.2340 8.4440
37820.0000 52.2017 8.4147
37825.0000 52.1721 8.3841
37830.0000 52.1546 8.3977
37835.0000 52.1326 8.3980
37840.0000 52.1618 8.4138
37845.0000 52.1564 8.4125
37850.0000 52.1832 8.4137
37855.0000 52.1871 8.4112
37860.0000 52.2511 8.4491
37865.0000 52.2165 8.4150
37870.0000 52.1397 8.3531
37875.0000 51.9971 8.2504
37880.0000 52.0064 8.2386
37885.0000 52.0476 8.2643
37890.0000 52.0813 8.3017
37895.0000 52.0891 8.3436
37900.0000 52.0823 8.3395
37905.0000 52.1299 8.3601
37910.0000 52.1470 8.3588
37915.0000 52.1553 8.3552
37920.0000 52.2076 8.3826
37925.0000 52.1904 8.3453
37930.0000 52.2106 8.3429
37935.0000 52.2614 8.3598
37940.0000 52.2957 8.3834
37945.0000 52.3363 8.4028
37950.0000 52.3280 8.3940
37955.0000 52.3021 8.3953
37960.0000 52.3529 8.4608
37965.0000 52.3936 8.4879
37970.0000 52.3932 8.4827
37975.0000 52.4142 8.4789
37980.0000 52.4225 8.4758
37985.0000 52.3319 8.3994
37990.0000 52.2834 8.3538
37995.0000 52.2087 8.2853
38000.0000 52.2119 8.2823
38005.0000 52.2081 8.2774
38010.0000 52.2452 8.3138
38015.0000 52.2406 8.3241
38020.0000 52.2134 8.3206
38025.0000 52.1921 8.3175
38030.0000 52.1962 8.3183
38035.0000 52.2001 8.3265
38040.0000 52.2163 8.3291
38045.0000 52.0304 8.2348
38050.0000 51.9957 8.2024
38055.0000 51.9581 8.1768
38060.0000 51.9600 8.1701
38065.0000 51.9523 8.1676
38070.0000 51.9086 8.1406
38075.0000 51.9085 8.1383
38080.0000 51.9216 8.1656
38085.0000 51.9425 8.1855
38090.0000 51.9531 8.1847
38095.0000 51.9636 8.1816
38100.0000 51.9476 8.1632
38105.0000 51.9875 8.1840
38110.0000 51.9868 8.1863
38115.0000 51.9898 8.1869
38120.0000 51.9910 8.1809
38125.0000 52.0063 8.1728
38130.0000 51.9975 8.1597
38135.0000 52.0077 8.1492
38140.0000 51.9971 8.1416
38145.0000 52.1196 8.1698
38150.0000 52.1324 8.1695
38155.0000 52.1246 8.1536
38160.0000 52.1424 8.1524
38165.0000 52.1631 8.1602
38170.0000 52.1481 8.1463
38175.0000 52.1645 8.1229
38180.0000 52.2027 8.1249
38185.0000 52.2295 8.1324
38190.0000 52.2287 8.1268
38195.0000 52.1999 8.1072
38200.0000 52.1767 8.1009
38205.0000 52.1728 8.1010
38210.0000 52.1878 8.0940
38215.0000 52.2144 8.0900
38220.0000 52.2720 8.1108
38225.0000 52.2605 8.1049
38230.0000 52.3019 8.1255
38235.0000 52.2402 8.0579
38240.0000 52.2474 8.0550
38245.0000 52.2675 8.0455
38250.0000 52.2667 8.0263
38255.0000 52.2703 8.0212
38260.0000 52.2961 8.0150
38265.0000 52.3054 8.0080
38270.0000 52.3261 8.0008
38275.0000 52.3226 7.9964
38280.0000 52.3701 8.0096
38285.0000 52.3281 7.9631
38290.0000 52.3907 7.9891
38295.0000 52.3367 7.9673
38300.0000 52.3592 7.9796
38305.0000 52.3474 7.9724
38310.0000 52.3505 7.9736
38315.0000 52.3465 7.9742
38320.0000 52.3282 7.9674
38325.0000 52.3688 8.0016
38330.0000 52.3684 8.0012
38335.0000 52.3974 8.0267
38340.0000 52.4055 8.0251
38345.0000 52.3277 7.9704
38350.0000 52.1574 7.8349
38355.0000 51.9380 7.6830
38360.0000 52.0078 7.7199
38365.0000 52.0024 7.7136
38370.0000 52.0508 7.7500
38375.0000 52.1179 7.7961
38380.0000 52.1195 7.7963
38385.0000 52.1923 7.8435
38390.0000 52.2276 7.8529
38395.0000 52.3174 7.9275
38400.0000 52.3224 7.9298
38405.0000 52.2814 7.9203
38410.0000 52.2452 7.8851
38415.0000 52.2043 7.8562
38420.0000 52.1924 7.8544
38425.0000 52.1940 7.8532
38430.0000 52.1654 7.8471
38435.0000 52.1238 7.8321
38440.0000 52.0449 7.8092
38445.0000 52.0198 7.8088
38450.0000 52.0632 7.8363
38455.0000 52.0622 7.8380
38460.0000 52.1186 7.8644
38465.0000 52.0287 7.8112
38470.0000 51.9259 7.7280
38475.0000 51.9257 7.7322
38480.0000 51.9208 7.7295
38485.0000 52.0108 7.7944
38490.0000 51.9910 7.7798
38495.0000 52.0324 7.8007
38500.0000 52.0335 7.8208
38505.0000 52.0332 7.8205
38510.0000 52.1245 7.8496
38515.0000 52.1602 7.8586
38520.0000 52.2060 7.8846
38525.0000 52.1446 7.8704
38530.0000 52.1810 7.8815
38535.0000 52.1094 7.8352
38540.0000 52.1057 7.8318
38545.0000 52.0929 7.8307
38550.0000 52.1137 7.8622
38555.0000 52.1013 7.8600
38560.0000 52.0744 7.8498
38565.0000 52.0755 7.8451
38570.0000 52.1073 7.8421
38575.0000 52.1103 7.8457
38580.0000 52.1217 7.8507
38585.0000 52.1326 7.8506
38590.0000 52.0996 7.8083
38595.0000 52.1050 7.8085
38600.0000 52.1482 7.8432
38605.0000 52.1505 7.8507
38610.0000 52.1326 7.8589
38615.0000 52.1329 7.8694
38620.0000 52.0937 7.8639
38625.0000 52.0936 7.8653
38630.0000 52.1821 7.9053
38635.0000 52.1789 7.9074
38640.0000 52.2078 7.9250
38645.0000 52.0779 7.8669
38650.0000 52.1072 7.8801
38655.0000 52.0414 7.8216
38660.0000 52.1094 7.8424
38665.0000 52.2249 7.9348
38670.0000 52.2110 7.9526
38675.0000 52.1266 7.9028
38680.0000 52.1018 7.9001
38685.0000 52.0984 7.8998
38690.0000 52.1336 7.9116
38695.0000 52.2002 7.9569
38700.0000 52.2517 7.9884
38705.0000 52.2896 8.0041
38710.0000 52.1886 7.9198
38715.0000 51.9378 7.7303
38720.0000 51.9170 7.7148
38725.0000 51.9547 7.7445
38730.0000 51.9201 7.7522
38735.0000 51.9021 7.7740
38740.0000 51.8970 7.7726
38745.0000 51.9573 7.8195
38750.0000 51.9622 7.8205
38755.0000 51.9649 7.8239
38760.0000 51.9649 7.8239
38765.0000 51.8026 7.7304
38770.0000 51.8050 7.7233
38775.0000 51.8359 7.7361
38780.0000 51.8718 7.7381
38785.0000 51.8636 7.7390
38790.0000 51.8530 7.7403
38795.0000 51.8323 7.7316
38800.0000 51.8070 7.7291
38805.0000 51.8255 7.7502
38810.0000 51.8571 7.7638
38815.0000 51.8557 7.7670
38820.0000 51.8557 7.7670
38825.0000 51.8999 7.7974
38830.0000 51.8907 7.7726
38835.0000 51.8987 7.7747
38840.0000 51.9114 7.7680
38845.0000 51.9204 7.7681
38850.0000 51.9123 7.7668
38855.0000 51.8450 7.7576
38860.0000 51.7888 7.7528
38865.0000 51.7760 7.7546
38870.0000 51.7783 7.7450
38875.0000 51.7790 7.7470
38880.0000 51.7917 7.7486
38885.0000 51.6717 7.6798
38890.0000 51.5536 7.5829
38895.0000 51.2933 7.4015
38900.0000 51.3634 7.4089
38905.0000 51.3092 7.3661
38910.0000 51.3405 7.3949
38915.0000 51.3474 7.4257
38920.0000 51.3436 7.4312
38925.0000 51.4717 7.5251
38930.0000 51.4908 7.5249
38935.0000 51.5407 7.5630
38940.0000 51.5474 7.5625
38945.0000 51.4537 7.4995
38950.0000 51.4290 7.4853
38955.0000 51.3225 7.4157
38960.0000 51.3420 7.4144
38965.0000 51.4416 7.4505
38970.0000 51.4570 7.4790
38975.0000 51.3928 7.4660
38980.0000 51.3432 7.4677
38985.0000 51.3525 7.4842
38990.0000 51.3581 7.4837
38995.0000 51.3486 7.4781
39000.0000 51.3564 7.4801
39005.0000 51.3914 7.4998
39010.0000 51.3479 7.4621
39015.0000 51.4404 7.5109
39020.0000 51.4363 7.5054
39025.0000 51.4350 7.5058
39030.0000 51.4441 7.5160
39035.0000 51.4605 7.5496
39040.0000 51.5242 7.5879
39045.0000 51.5141 7.5875
39050.0000 51.5246 7.5851
39055.0000 51.5462 7.5886
39060.0000 51.5462 7.5886
39065.0000 51.5526 7.5939
39070.0000 51.5598 7.5966
39075.0000 51.5265 7.5696
39080.0000 51.5265 7.5696
39085.0000 51.5232 7.5719
39090.0000 51.4953 7.5661
39095.0000 51.4072 7.5334
39100.0000 51.3598 7.5312
39105.0000 51.4257 7.5716
39110.0000 51.4566 7.5688
39115.0000 51.5103 7.5906
39120.0000 51.5561 7.6125
39125.0000 51.4967 7.5621
39130.0000 51.3755 7.4564
39135.0000 51.1975 7.3522
39140.0000 51.2420 7.3803
39145.0000 51.2372 7.3855
39150.0000 51.2101 7.3900
39155.0000 51.1640 7.3787
39160.0000 51.1872 7.4046
39165.0000 51.1732 7.4078
39170.0000 51.1869 7.4119
39175.0000 51.1922 7.4160
39180.0000 51.1765 7.3851
39185.0000 51.1983 7.3949
39190.0000 51.1237 7.3377
39195.0000 51.0991 7.3429
39200.0000 51.1050 7.3502
39205.0000 51.1502 7.3818
39210.0000 51.1942 7.4168
39215.0000 51.1966 7.4381
39220.0000 51.1834 7.4430
39225.0000 51.1160 7.4064
39230.0000 51.1629 7.4374
39235.0000 51.2077 7.4728
39240.0000 51.2124 7.4632
39245.0000 51.2239 7.4659
39250.0000 51.2760 7.5025
39255.0000 51.2761 7.5100
39260.0000 51.2872 7.5143
39265.0000 51.2849 7.5231
39270.0000 51.2804 7.5277
39275.0000 51.3073 7.5498
39280.0000 51.3160 7.5726
39285.0000 51.2582 7.5362
39290.0000 51.3409 7.5946
39295.0000 51.3324 7.5805
39300.0000 51.3470 7.5839
39305.0000 51.3298 7.5572
39310.0000 51.3023 7.5434
39315.0000 51.2714 7.5191
39320.0000 51.3640 7.5863
39325.0000 51.3488 7.5897
39330.0000 51.3471 7.5878
39335.0000 51.3937 7.6371
39340.0000 51.4243 7.6681
39345.0000 51.4501 7.6874
39350.0000 51.4600 7.6884
39355.0000 51.4910 7.7246
39360.0000 51.5418 7.7474
39365.0000 51.5454 7.7462
39370.0000 51.5843 7.7674
39375.0000 51.7174 7.8549
39380.0000 51.7082 7.8504
39385.0000 51.7390 7.8862
39390.0000 51.7408 7.8860
39395.0000 51.6884 7.8723
39400.0000 51.6606 7.8883
39405.0000 51.6294 7.8689
39410.0000 51.6986 7.9224
39415.0000 51.6717 7.8994
39420.0000 51.7310 7.9427
39425.0000 51.7613 7.9601
39430.0000 51.7391 7.9408
39435.0000 51.6720 7.9151
39440.0000 51.6651 7.9171
39445.0000 51.6768 7.9197
39450.0000 51.6669 7.9206
39455.0000 51.6333 7.9185
39460.0000 51.6571 7.9484
39465.0000 51.6450 7.9464
39470.0000 51.6626 7.9523
39475.0000 51.7059 7.9746
39480.0000 51.7502 7.9837
39485.0000 51.6918 7.9440
39490.0000 51.6487 7.9162
39495.0000 51.6114 7.9003
39500.0000 51.7014 7.9614
39505.0000 51.7256 7.9786
39510.0000 51.7789 8.0260
39515.0000 51.8027 8.0656
39520.0000 51.8228 8.0852
39525.0000 51.8608 8.1322
39530.0000 51.8518 8.1010
39535.0000 51.8755 8.1135
39540.0000 51.9207 8.1470
39545.0000 51.8771 8.1072
39550.0000 51.9157 8.1455
39555.0000 51.9157 8.1455
39560.0000 51.9632 8.1753
39565.0000 51.9562 8.1732
39570.0000 51.9938 8.1976
39575.0000 51.9752 8.1887
39580.0000 51.9402 8.1619
39585.0000 51.9343 8.1637
39590.0000 51.9935 8.1995
39595.0000 52.0281 8.2339
39600.0000 52.0318 8.2326
39605.0000 52.0702 8.2672
39610.0000 52.0264 8.2326
39615.0000 52.0231 8.2298
39620.0000 52.0330 8.2321
39625.0000 52.0370 8.2318
39630.0000 52.1117 8.2746
39635.0000 52.0893 8.2718
39640.0000 52.0748 8.2686
39645.0000 52.0076 8.2328
39650.0000 52.0194 8.2323
39655.0000 52.0171 8.2277
39660.0000 52.0212 8.2272
39665.0000 51.9965 8.2165
39670.0000 52.0092 8.2190
39675.0000 51.9925 8.1940
39680.0000 52.0093 8.2003
39685.0000 52.0107 8.2005
39690.0000 52.0210 8.1979
39695.0000 52.0646 8.2350
39700.0000 52.0537 8.2474
39705.0000 51.9867 8.1981
39710.0000 52.0615 8.2534
39715.0000 52.1504 8.3223
39720.0000 52.1400 8.3074
39725.0000 52.0691 8.2404
39730.0000 52.0691 8.2404
39735.0000 52.0731 8.2365
39740.0000 52.0741 8.2404
39745.0000 52.0648 8.2236
39750.0000 52.0705 8.2234
39755.0000 52.0163 8.2151
39760.0000 52.0506 8.2325
39765.0000 52.0521 8.2320
39770.0000 52.0521 8.2320
39775.0000 52.0565 8.2331
39780.0000 52.1113 8.2777
39785.0000 52.1783 8.3225
39790.0000 52.0892 8.2441
39795.0000 52.0135 8.1753
39800.0000 52.0008 8.1692
39805.0000 51.9994 8.1666
39810.0000 51.9847 8.1691
39815.0000 51.9395 8.1533
39820.0000 51.9099 8.1555
39825.0000 51.8975 8.1604
39830.0000 51.9011 8.1597
39835.0000 51.9120 8.1640
39840.0000 51.9343 8.1690
39845.0000 51.9165 8.1534
39850.0000 51.9376 8.1619
39855.0000 51.9436 8.1565
39860.0000 51.9553 8.1587
39865.0000 51.9747 8.1724
39870.0000 51.9752 8.1746
39875.0000 51.9786 8.1932
39880.0000 51.9231 8.1573
39885.0000 51.9212 8.1597
39890.0000 51.9799 8.2033
39895.0000 51.9783 8.1961
39900.0000 51.9783 8.1961
39905.0000 51.9808 8.1978
39910.0000 51.9483 8.1669
39915.0000 52.0024 8.2048
39920.0000 51.9915 8.1999
39925.0000 52.0316 8.2414
39930.0000 52.0245 8.2420
39935.0000 51.9950 8.2430
39940.0000 51.9894 8.2394
39945.0000 51.9772 8.2398
39950.0000 51.9803 8.2442
39955.0000 51.9811 8.2495
39960.0000 51.9913 8.2464
39965.0000 52.0107 8.2454
39970.0000 52.0410 8.2422
39975.0000 52.0681 8.2586
39980.0000 52.0329 8.2255
39985.0000 52.0903 8.2661
39990.0000 52.0968 8.2636
39995.0000 52.0767 8.2642
40000.0000 52.0988 8.2930
40005.0000 52.1059 8.2906
40010.0000 52.0466 8.2311
40015.0000 52.1395 8.3090
40020.0000 52.1774 8.3297
40025.0000 52.1276 8.2917
40030.0000 52.0341 8.2167
40035.0000 51.9282 8.1330
40040.0000 51.9784 8.1565
40045.0000 51.9801 8.1591
40050.0000 51.9573 8.1287
40055.0000 51.9539 8.1330
40060.0000 51.9668 8.1371
40065.0000 51.9224 8.1094
40070.0000 51.9111 8.0785
40075.0000 51.9189 8.0785
40080.0000 51.9429 8.0840
40085.0000 51.9690 8.0916
40090.0000 51.9800 8.0990
40095.0000 52.0831 8.1632
40100.0000 52.0946 8.1775
40105.0000 52.1620 8.2255
40110.0000 52.1724 8.2318
40115.0000 52.3117 8.3799
40120.0000 52.3055 8.3790
40125.0000 52.3532 8.4186
40130.0000 52.3255 8.3838
40135.0000 52.3581 8.4033
40140.0000 52.3629 8.4020
40145.0000 52.3681 8.4063
40150.0000 52.2890 8.3373
40155.0000 52.2631 8.3442
40160.0000 52.2694 8.3448
40165.0000 52.3021 8.3680
40170.0000 52.2147 8.3047
40175.0000 52.2437 8.3481
40180.0000 52.1781 8.3400
40185.0000 52.1728 8.3368
40190.0000 52.1448 8.3081
40195.0000 52.1305 8.2909
40200.0000 52.1698 8.3122
40205.0000 52.2255 8.3273
40210.0000 52.2718 8.3637
40215.0000 52.2759 8.3621
40220.0000 52.3279 8.4062
40225.0000 52.3464 8.4216
40230.0000 52.2687 8.3688
40235.0000 52.2580 8.3595
40240.0000 52.2899 8.4160
40245.0000 52.2845 8.4108
40250.0000 52.2801 8.4013
40255.0000 52.3339 8.4469
40260.0000 52.3044 8.4163
40265.0000 52.2785 8.3894
40270.0000 52.2189 8.3347
40275.0000 52.1963 8.3408
40280.0000 52.2030 8.3269
40285.0000 52.2220 8.3530
40290.0000 52.1580 8.3094
40295.0000 52.1423 8.3031
40300.0000 52.1039 8.2961
40305.0000 52.0569 8.2895
40310.0000 52.0954 8.3178
40315.0000 52.0649 8.2917
40320.0000 52.1428 8.3439
40325.0000 51.9809 8.2574
40330.0000 51.7940 8.1088
40335.0000 51.6143 7.9963
40340.0000 51.5506 7.9399
40345.0000 51.5714 7.9405
40350.0000 51.5791 7.9568
40355.0000 51.5220 7.9335
40360.0000 51.4880 7.9350
40365.0000 51.5114 7.9621
40370.0000 51.5814 8.0107
40375.0000 51.5747 8.0021
40380.0000 51.5902 8.0039
40385.0000 51.6129 8.0206
40390.0000 51.5822 7.9948
40395.0000 51.5397 7.9926
40400.0000 51.5400 7.9894
40405.0000 51.5509 7.9906
40410.0000 51.5459 7.9909
40415.0000 51.4581 7.9450
40420.0000 51.4601 7.9633
40425.0000 51.4399 7.9597
40430.0000 51.4399 7.9597
40435.0000 51.4459 7.9564
40440.0000 51.4413 7.9572
40445.0000 51.4553 7.9626
40450.0000 51.5189 8.0101
40455.0000 51.5660 8.0587
40460.0000 51.5614 8.0638
40465.0000 51.5677 8.0669
40470.0000 51.5849 8.0629
40475.0000 51.5500 8.0585
40480.0000 51.5541 8.0712
40485.0000 51.5572 8.0869
40490.0000 51.5572 8.0869
40495.0000 51.5601 8.0925
40500.0000 51.5682 8.0975
40505.0000 51.5998 8.1117
40510.0000 51.6844 8.1840
40515.0000 51.5291 8.0995
40520.0000 51.5523 8.1191
40525.0000 51.5822 8.1374
40530.0000 51.6255 8.1750
40535.0000 51.6376 8.2083
40540.0000 51.5939 8.2019
40545.0000 51.5850 8.2021
40550.0000 51.5511 8.1717
40555.0000 51.5421 8.1619
40560.0000 51.5487 8.1606
40565.0000 51.5605 8.1589
40570.0000 51.3664 7.9984
40575.0000 51.3871 8.0198
40580.0000 51.3842 8.0265
40585.0000 51.3940 8.0300
40590.0000 51.4092 8.0261
40595.0000 51.4077 8.0293
40600.0000 51.3655 8.0181
40605.0000 51.3298 8.0134
40610.0000 51.3642 8.0416
40615.0000 51.3082 7.9946
40620.0000 51.3603 8.0254
40625.0000 51.2628 7.9209
40630.0000 51.1885 7.8345
40635.0000 50.9813 7.7091
40640.0000 50.9747 7.7119
40645.0000 50.9813 7.7122
40650.0000 50.9735 7.7114
40655.0000 50.9385 7.7306
40660.0000 50.8782 7.7095
40665.0000 50.9032 7.7376
40670.0000 50.9856 7.8105
40675.0000 50.9919 7.8086
40680.0000 51.0633 7.8203
40685.0000 51.0839 7.8177
40690.0000 51.0466 7.7728
40695.0000 51.0303 7.7490
40700.0000 51.0448 7.7426
40705.0000 51.0194 7.7038
40710.0000 51.1288 7.7394
40715.0000 51.1322 7.7680
40720.0000 51.1614 7.8032
40725.0000 51.1488 7.8022
40730.0000 51.1566 7.8053
40735.0000 51.1795 7.8148
40740.0000 51.1894 7.8169
40745.0000 51.2199 7.8403
40750.0000 51.1871 7.8193
40755.0000 51.2219 7.8406
40760.0000 51.2196 7.8410
40765.0000 51.2515 7.8744
40770.0000 51.2872 7.8924
40775.0000 51.3292 7.9462
40780.0000 51.2693 7.9213
40785.0000 51.2526 7.9262
40790.0000 51.2615 7.9277
40795.0000 51.2692 7.9282
40800.0000 51.2866 7.9259
40805.0000 51.3386 7.9624
40810.0000 51.2943 7.9381
40815.0000 51.3034 7.9375
40820.0000 51.2757 7.9063
40825.0000 51.2772 7.9095
40830.0000 51.2841 7.9051
40835.0000 51.3119 7.9273
40840.0000 51.3182 7.9220
40845.0000 51.3137 7.9165
40850.0000 51.2866 7.8878
40855.0000 51.2877 7.8899
40860.0000 51.3311 7.9067
40865.0000 51.2863 7.8657
40870.0000 51.3410 7.8933
40875.0000 51.3433 7.8985
40880.0000 51.3790 7.9103
40885.0000 51.4026 7.9169
40890.0000 51.4056 7.9238
40895.0000 51.4050 7.9380
40900.0000 51.3366 7.8893
40905.0000 51.3444 7.9016
40910.0000 51.3973 7.9120
40915.0000 51.3868 7.9036
40920.0000 51.3904 7.9022
40925.0000 51.3876 7.9031
40930.0000 51.3755 7.8919
40935.0000 51.3917 7.8908
40940.0000 51.4269 7.9002
40945.0000 51.5037 7.9381
40950.0000 51.5101 7.9349
40955.0000 51.5212 7.9588
40960.0000 51.4534 7.9111
40965.0000 51.4849 7.9301
40970.0000 51.5178 7.9415
40975.0000 51.5075 7.9352
40980.0000 51.4966 7.9371
40985.0000 51.3632 7.8474
40990.0000 51.3327 7.8263
40995.0000 51.2319 7.7774
41000.0000 51.2284 7.7760
41005.0000 51.2565 7.8137
41010.0000 51.2438 7.8145
41015.0000 51.2077 7.7897
41020.0000 51.2469 7.8040
41025.0000 51.2946 7.8343
41030.0000 51.2829 7.8343
41035.0000 51.2826 7.8283
41040.0000 51.2867 7.8281
41045.0000 51.2965 7.8272
41050.0000 51.3383 7.8510
41055.0000 51.3925 7.8843
41060.0000 51.4020 7.8850
41065.0000 51.4069 7.8907
41070.0000 51.4172 7.8920
41075.0000 51.4189 7.8915
41080.0000 51.4602 7.9020
41085.0000 51.4583 7.9034
41090.0000 51.4701 7.9057
41095.0000 51.4282 7.8717
41100.0000 51.4613 7.8935
41105.0000 51.4879 7.8992
41110.0000 51.5009 7.9010
41115.0000 51.4962 7.8875
41120.0000 51.5367 7.9123
41125.0000 51.5740 7.9552
41130.0000 51.5641 7.9605
41135.0000 51.5289 7.9318
41140.0000 51.5207 7.9221
41145.0000 51.5685 7.9688
41150.0000 51.5807 7.9717
41155.0000 51.5860 7.9702
41160.0000 51.6364 7.9953
41165.0000 51.6642 7.9812
41170.0000 51.6917 7.9929
41175.0000 51.7058 7.9976
41180.0000 51.7026 7.9963
41185.0000 51.7029 7.9984
41190.0000 51.7232 8.0054
41195.0000 51.7216 7.9979
41200.0000 51.7053 7.9937
41205.0000 51.6714 7.9935
41210.0000 51.6917 8.0174
41215.0000 51.6985 8.0229
41220.0000 51.7277 8.0318
41225.0000 51.7911 8.0495
41230.0000 51.8050 8.0564
41235.0000 51.8020 8.0541
41240.0000 51.8405 8.0879
41245.0000 51.8826 8.1342
41250.0000 51.8973 8.1401
41255.0000 51.9077 8.1617
41260.0000 51.9179 8.1798
41265.0000 51.9060 8.1821
41270.0000 51.9067 8.1838
41275.0000 51.9544 8.2072
41280.0000 51.9694 8.2105
41285.0000 51.9441 8.1866
41290.0000 51.9647 8.1939
41295.0000 52.0392 8.2424
41300.0000 52.1025 8.2945
41305.0000 52.1279 8.3105
41310.0000 52.1326 8.3127
41315.0000 52.1122 8.3181
41320.0000 52.0902 8.3152
41325.0000 52.0904 8.3147
41330.0000 52.1402 8.3508
41335.0000 52.1555 8.3437
41340.0000 52.1602 8.3398
41345.0000 52.1687 8.3432
41350.0000 52.1439 8.3180
41355.0000 52.1492 8.3213
41360.0000 52.1474 8.3242
41365.0000 52.0931 8.2946
41370.0000 52.1032 8.3061
41375.0000 52.0681 8.3120
41380.0000 52.0748 8.3510
41385.0000 52.0049 8.3129
41390.0000 52.0387 8.3228
41395.0000 52.0492 8.3261
41400.0000 52.0486 8.3291
41405.0000 51.9666 8.2868
41410.0000 51.8138 8.1800
41415.0000 51.5538 8.0210
41420.0000 51.5614 8.0192
41425.0000 51.5533 8.0008
41430.0000 51.5799 8.0115
41435.0000 51.5666 8.0144
41440.0000 51.5473 8.0074
41445.0000 51.5394 8.0078
41450.0000 51.5404 8.0079
41455.0000 51.5458 8.0070
41460.0000 51.5494 8.0036
41465.0000 51.6207 8.0577
41470.0000 51.6700 8.0917
41475.0000 51.6985 8.1102
41480.0000 51.6880 8.0884
41485.0000 51.6935 8.0905
41490.0000 51.6965 8.0952
41495.0000 51.6812 8.0831
41500.0000 51.6076 8.0366
41505.0000 51.6105 8.0489
41510.0000 51.6192 8.0491
41515.0000 51.6192 8.0491
41520.0000 51.6665 8.0844
41525.0000 51.6683 8.0846
41530.0000 51.6626 8.0841
41535.0000 51.6626 8.0841
41540.0000 51.6905 8.1051
41545.0000 51.6852 8.1085
41550.0000 51.6925 8.1068
41555.0000 51.6964 8.1167
41560.0000 51.6478 8.0733
41565.0000 51.6837 8.1142
41570.0000 51.7008 8.1111
41575.0000 51.7023 8.1170
41580.0000 51.7061 8.1090
41585.0000 51.7389 8.1101
41590.0000 51.6932 8.0528
41595.0000 51.6178 8.0190
41600.0000 51.6226 8.0123
41605.0000 51.5845 7.9697
41610.0000 51.6363 8.0056
41615.0000 51.6510 8.0361
41620.0000 51.6338 8.0297
41625.0000 51.5645 7.9928
41630.0000 51.5639 7.9925
41635.0000 51.5307 7.9596
41640.0000 51.5306 7.9532
41645.0000 51.5090 7.9039
41650.0000 51.4853 7.8941
41655.0000 51.3968 7.8381
41660.0000 51.4094 7.8376
41665.0000 51.4288 7.8356
41670.0000 51.4583 7.8581
41675.0000 51.4316 7.8327
41680.0000 51.4110 7.8205
41685.0000 51.3930 7.8163
41690.0000 51.4250 7.8407
41695.0000 51.4650 7.8754
41700.0000 51.4699 7.8709
41705.0000 51.4826 7.8730
41710.0000 51.5392 7.9100
41715.0000 51.5870 7.9439
41720.0000 51.5720 7.9163
41725.0000 51.5612 7.9037
41730.0000 51.6360 7.9456
41735.0000 51.6215 7.9445
41740.0000 51.6168 7.9429
41745.0000 51.5706 7.9078
41750.0000 51.5787 7.9040
41755.0000 51.6853 7.9665
41760.0000 51.7486 8.0127
41765.0000 51.8263 8.0411
41770.0000 51.8734 8.0543
41775.0000 51.9313 8.0879
41780.0000 51.9637 8.1029
41785.0000 52.0054 8.1246
41790.0000 52.0250 8.1475
41795.0000 52.0318 8.1501
41800.0000 52.0148 8.1496
41805.0000 51.9976 8.1573
41810.0000 51.9911 8.1575
41815.0000 51.9945 8.1573
41820.0000 52.0771 8.2028
41825.0000 52.0870 8.2050
41830.0000 52.0583 8.1800
41835.0000 52.0336 8.1541
41840.0000 52.0221 8.1382
41845.0000 52.0276 8.1364
41850.0000 52.0273 8.1427
41855.0000 52.0127 8.1483
41860.0000 51.9307 8.1074
41865.0000 51.9149 8.1105
41870.0000 51.9206 8.1122
41875.0000 51.9260 8.1131
41880.0000 52.0298 8.1863
41885.0000 51.9410 8.1197
41890.0000 51.9073 8.0914
41895.0000 51.8963 8.0742
41900.0000 51.8919 8.0594
41905.0000 51.9346 8.0864
41910.0000 51.9445 8.1056
41915.0000 51.9617 8.1164
41920.0000 51.9746 8.1307
41925.0000 51.9959 8.1617
41930.0000 52.0362 8.2076
41935.0000 52.0953 8.2513
41940.0000 52.1052 8.2581
41945.0000 52.1170 8.2621
41950.0000 52.1652 8.2937
41955.0000 52.1437 8.2929
41960.0000 52.1454 8.2928
41965.0000 52.2298 8.3212
41970.0000 52.2284 8.3117
41975.0000 52.2424 8.3102
41980.0000 52.2007 8.2783
41985.0000 52.1789 8.2782
41990.0000 52.2385 8.3117
41995.0000 52.2535 8.3195
42000.0000 52.2536 8.3025
42005.0000 52.2769 8.3033
42010.0000 52.2851 8.3038
42015.0000 52.3027 8.3135
42020.0000 52.3805 8.3758
42025.0000 52.4115 8.3917
42030.0000 52.4171 8.3953
42035.0000 52.4218 8.3992
42040.0000 52.4509 8.4368
42045.0000 52.4799 8.4611
42050.0000 52.4741 8.4409
42055.0000 52.4525 8.4037
42060.0000 52.4759 8.4111
42065.0000 52.4862 8.4127
42070.0000 52.4997 8.4163
42075.0000 52.5142 8.4238
42080.0000 52.5206 8.4185
42085.0000 52.5241 8.4188
42090.0000 52.5254 8.4046
42095.0000 52.5060 8.4010
42100.0000 52.4925 8.3912
42105.0000 52.4747 8.3773
42110.0000 52.5069 8.3934
42115.0000 52.5383 8.4118
42120.0000 52.5695 8.4224
42125.0000 52.5727 8.4216
42130.0000 52.5950 8.4187
42135.0000 52.6103 8.4194
42140.0000 52.6368 8.4133
42145.0000 52.6315 8.3984
42150.0000 52.6226 8.3927
42155.0000 52.6713 8.4226
42160.0000 52.7364 8.4865
42165.0000 52.7778 8.5141
42170.0000 52.7843 8.5125
42175.0000 52.7976 8.5100
42180.0000 52.7954 8.5082
42185.0000 52.8077 8.4976
42190.0000 52.7942 8.4703
42195.0000 52.7885 8.4520
42200.0000 52.8103 8.4553
42205.0000 52.8631 8.4761
42210.0000 53.0003 8.5600
42215.0000 52.9989 8.5418
42220.0000 52.9966 8.5289
42225.0000 52.9980 8.5272
42230.0000 53.0025 8.5259
42235.0000 53.0187 8.5235
42240.0000 53.0112 8.5164
42245.0000 53.0222 8.5143
42250.0000 53.0409 8.5124
42255.0000 52.9660 8.4520
42260.0000 52.9578 8.4479
42265.0000 52.9943 8.4778
42270.0000 52.9890 8.4726
42275.0000 53.0316 8.5060
42280.0000 53.0194 8.5004
42285.0000 53.0360 8.5100
42290.0000 53.0165 8.5111
42295.0000 53.0443 8.5252
42300.0000 53.0686 8.5394
42305.0000 53.0729 8.5257
42310.0000 53.0830 8.5273
42315.0000 53.0960 8.5346
42320.0000 53.0585 8.5081
42325.0000 53.0537 8.5101
42330.0000 53.0484 8.5099
42335.0000 53.0408 8.5136
42340.0000 53.0287 8.5043
42345.0000 53.0356 8.5268
42350.0000 52.9938 8.5018
42355.0000 53.0017 8.4973
42360.0000 53.0095 8.4876
42365.0000 52.9278 8.4240
42370.0000 52.7803 8.2987
42375.0000 52.6036 8.1832
42380.0000 52.5938 8.1560
42385.0000 52.5786 8.1332
42390.0000 52.5629 8.1150
42395.0000 52.5694 8.1265
42400.0000 52.5593 8.1345
42405.0000 52.6080 8.1842
42410.0000 52.6650 8.2219
42415.0000 52.7203 8.2457
42420.0000 52.7221 8.2472
42425.0000 52.7770 8.2759
42430.0000 52.8216 8.2964
42435.0000 52.7800 8.2765
42440.0000 52.8133 8.2954
42445.0000 52.8133 8.2954
42450.0000 52.8229 8.2960
42455.0000 52.8510 8.3393
42460.0000 52.8059 8.3326
42465.0000 52.7613 8.3324
42470.0000 52.7985 8.3673
42475.0000 52.7888 8.3639
42480.0000 52.7442 8.3442
42485.0000 52.5846 8.2518
42490.0000 52.3864 8.1152
42495.0000 52.0168 7.8650
42500.0000 51.9253 7.8108
42505.0000 51.8731 7.7786
42510.0000 51.8407 7.7827
42515.0000 51.8431 7.7980
42520.0000 51.7948 7.7873
42525.0000 51.7870 7.8130
42530.0000 51.7639 7.8088
42535.0000 51.8627 7.8806
42540.0000 51.8950 7.9003
42545.0000 51.7848 7.8102
42550.0000 51.8033 7.8157
42555.0000 51.8958 7.8879
42560.0000 51.9254 7.9137
42565.0000 51.9501 7.9254
42570.0000 51.9557 7.9226
42575.0000 52.0589 8.0035
42580.0000 52.0198 7.9913
42585.0000 52.0557 8.0241
42590.0000 52.0167 7.9972
42595.0000 52.0112 7.9918
42600.0000 52.0557 8.0229
42605.0000 52.0669 8.0215
42610.0000 51.9650 7.9439
42615.0000 51.8579 7.8785
42620.0000 51.8656 7.8903
42625.0000 51.8960 7.9230
42630.0000 51.8709 7.8995
42635.0000 51.9132 7.9378
42640.0000 51.9098 7.9308
42645.0000 51.8532 7.9018
42650.0000 51.8419 7.8995
42655.0000 51.8482 7.8982
42660.0000 51.8486 7.9001
42665.0000 51.8531 7.8995
42670.0000 51.8732 7.8966
42675.0000 51.8633 7.8967
42680.0000 51.8547 7.9012
42685.0000 51.8547 7.9012
42690.0000 51.9069 7.9412
42695.0000 51.8892 7.9395
42700.0000 51.8903 7.9403
42705.0000 51.9227 7.9630
42710.0000 51.9059 7.9495
42715.0000 51.9072 7.9496
42720.0000 51.9163 7.9544
42725.0000 51.9280 7.9558
42730.0000 51.9204 7.9366
42735.0000 51.9156 7.9232
42740.0000 51.9103 7.9235
42745.0000 51.8909 7.9111
42750.0000 51.8883 7.9115
42755.0000 51.8815 7.9022
42760.0000 51.8091 7.8980
42765.0000 51.8238 7.9388
42770.0000 51.8036 7.9373
42775.0000 51.8178 7.9364
42780.0000 51.8247 7.9351
42785.0000 51.7829 7.9007
42790.0000 51.7400 7.8857
42795.0000 51.7206 7.8873
42800.0000 51.6327 7.8318
42805.0000 51.6356 7.8430
42810.0000 51.6598 7.8714
42815.0000 51.6528 7.8643
42820.0000 51.6472 7.8676
42825.0000 51.6347 7.8675
42830.0000 51.6418 7.8708
42835.0000 51.6488 7.8734
42840.0000 51.6940 7.8990
42845.0000 51.7022 7.8997
42850.0000 51.6368 7.8341
42855.0000 51.6488 7.8417
42860.0000 51.6556 7.8447
42865.0000 51.6973 7.8777
42870.0000 51.6543 7.8399
42875.0000 51.6602 7.8444
42880.0000 51.6427 7.8317
42885.0000 51.6638 7.8511
42890.0000 51.7153 7.8903
42895.0000 51.7347 7.8987
42900.0000 51.7708 7.9109
42905.0000 51.7943 7.9105
42910.0000 51.7969 7.9050
42915.0000 51.7927 7.9033
42920.0000 51.7975 7.8975
42925.0000 51.8098 7.8983
42930.0000 51.8734 7.9328
42935.0000 51.8669 7.9341
42940.0000 51.8674 7.9337
42945.0000 51.9023 7.9606
42950.0000 51.9405 7.9878
42955.0000 51.9532 7.9720
42960.0000 51.9958 8.0026
42965.0000 51.9791 7.9790
42970.0000 51.8473 7.8784
42975.0000 51.8241 7.8558
42980.0000 51.7930 7.8264
42985.0000 51.8064 7.8177
42990.0000 51.8618 7.8457
42995.0000 51.8993 7.8727
43000.0000 51.8804 7.8737
43005.0000 51.8362 7.8515
43010.0000 51.8142 7.8367
43015.0000 51.8362 7.8589
43020.0000 51.8403 7.8577
43025.0000 51.8128 7.8599
43030.0000 51.8170 7.8601
43035.0000 51.8357 7.8866
43040.0000 51.9182 7.9543
43045.0000 51.8868 7.9441
43050.0000 51.8685 7.9469
43055.0000 51.8749 7.9536
43060.0000 51.7824 7.9413
43065.0000 51.7518 7.9492
43070.0000 51.7437 7.9482
43075.0000 51.7396 7.9490
43080.0000 51.7250 7.9450
43085.0000 51.4997 7.7802
43090.0000 51.1391 7.5645
43095.0000 50.8615 7.4186
43100.0000 50.8685 7.4166
43105.0000 50.8391 7.3863
43110.0000 50.8719 7.4075
43115.0000 50.8623 7.4161
43120.0000 50.8466 7.4400
43125.0000 50.7942 7.4289
43130.0000 50.7858 7.4312
43135.0000 50.8041 7.4319
43140.0000 50.8134 7.4451
43145.0000 50.7444 7.4023
43150.0000 50.6697 7.3323
43155.0000 50.6785 7.3317
43160.0000 50.6810 7.3316
43165.0000 50.6905 7.3221
43170.0000 50.7104 7.3465
43175.0000 50.6789 7.3509
43180.0000 50.6462 7.3516
43185.0000 50.6596 7.3707
43190.0000 50.7094 7.4066
43195.0000 50.7326 7.4102
43200.0000 50.7296 7.4082
