5.0000 0.0000 0.0000
10.0000 0.0000 0.0000
15.0000 0.0000 0.0000
20.0000 0.0000 0.0000
25.0000 0.0045 0.0000
30.0000 0.0160 0.0001
35.0000 0.0318 0.0002
40.0000 0.0318 0.0002
45.0000 0.0318 0.0002
50.0000 0.0318 0.0002
55.0000 0.0355 0.0002
60.0000 0.0467 0.0003
65.0000 0.0574 0.0003
70.0000 0.0574 0.0003
75.0000 0.0574 0.0003
80.0000 0.0574 0.0003
85.0000 0.0981 0.0016
90.0000 0.1064 0.0016
95.0000 0.1176 0.0017
100.0000 0.1176 0.0017
105.0000 0.1176 0.0017
110.0000 0.1176 0.0017
115.0000 0.1581 0.0027
120.0000 0.1703 0.0027
125.0000 0.1810 0.0027
130.0000 0.2265 0.0046
135.0000 0.2265 0.0046
140.0000 0.2305 0.0046
145.0000 0.2449 0.0046
150.0000 0.2449 0.0046
155.0000 0.2791 0.0047
160.0000 0.2889 0.0048
165.0000 0.2920 0.0048
170.0000 0.2968 0.0048
175.0000 0.3045 0.0047
180.0000 0.3174 0.0048
185.0000 0.3275 0.0048
190.0000 0.3325 0.0048
195.0000 0.3325 0.0048
200.0000 0.3400 0.0048
205.0000 0.3400 0.0048
210.0000 0.3516 0.0048
215.0000 0.3516 0.0048
220.0000 0.3561 0.0048
225.0000 0.3704 0.0049
230.0000 0.3739 0.0049
235.0000 0.3739 0.0049
240.0000 0.3835 0.0049
245.0000 0.3963 0.0049
250.0000 0.4022 0.0049
255.0000 0.4093 0.0049
260.0000 0.4141 0.0050
265.0000 0.4261 0.0052
270.0000 0.4381 0.0052
275.0000 0.4381 0.0052
280.0000 0.4417 0.0053
285.0000 0.4509 0.0053
290.0000 0.4963 0.0070
295.0000 0.5280 0.0074
300.0000 0.5319 0.0074
305.0000 0.5394 0.0075
310.0000 0.5466 0.0075
315.0000 0.5622 0.0077
320.0000 0.5735 0.0079
325.0000 0.5791 0.0078
330.0000 0.6363 0.0087
335.0000 0.6363 0.0087
340.0000 0.6463 0.0088
345.0000 0.6929 0.0098
350.0000 0.7809 0.0144
355.0000 0.7931 0.0146
360.0000 0.7986 0.0145
365.0000 0.8311 0.0175
370.0000 0.8606 0.0217
375.0000 0.8923 0.0222
380.0000 0.8970 0.0222
385.0000 0.9283 0.0242
390.0000 0.9788 0.0287
395.0000 0.9866 0.0287
400.0000 0.9912 0.0287
405.0000 0.9945 0.0287
410.0000 1.0044 0.0287
415.0000 1.0126 0.0287
420.0000 1.0206 0.0289
425.0000 1.0320 0.0287
430.0000 1.0386 0.0288
435.0000 1.0443 0.0287
440.0000 1.0541 0.0288
445.0000 1.0752 0.0287
450.0000 1.0946 0.0286
455.0000 1.1265 0.0286
460.0000 1.1839 0.0337
465.0000 1.2493 0.0364
470.0000 1.2529 0.0364
475.0000 1.2573 0.0364
480.0000 1.2694 0.0364
485.0000 1.2882 0.0364
490.0000 1.3724 0.0407
495.0000 1.3770 0.0406
500.0000 1.3853 0.0405
505.0000 1.3940 0.0404
510.0000 1.4007 0.0405
515.0000 1.4327 0.0408
520.0000 1.4941 0.0448
525.0000 1.5936 0.0583
530.0000 1.6254 0.0608
535.0000 1.6623 0.0668
540.0000 1.6668 0.0668
545.0000 1.7127 0.0726
550.0000 1.7182 0.0726
555.0000 1.7281 0.0726
560.0000 1.7541 0.0724
565.0000 1.7585 0.0724
570.0000 1.7661 0.0723
575.0000 1.7854 0.0722
580.0000 1.7954 0.0721
585.0000 1.8607 0.0849
590.0000 1.9171 0.0851
595.0000 1.9358 0.0848
600.0000 1.9521 0.0850
605.0000 1.9619 0.0851
610.0000 1.9976 0.0849
615.0000 2.0020 0.0849
620.0000 2.0020 0.0849
625.0000 2.0380 0.0894
630.0000 2.1030 0.0973
635.0000 2.1100 0.0972
640.0000 2.1273 0.0974
645.0000 2.1400 0.0978
650.0000 2.2132 0.1112
655.0000 2.2569 0.1201
660.0000 2.2700 0.1200
665.0000 2.2803 0.1197
670.0000 2.2864 0.1196
675.0000 2.2926 0.1197
680.0000 2.3156 0.1195
685.0000 2.3514 0.1191
690.0000 2.3627 0.1189
695.0000 2.3695 0.1189
700.0000 2.4574 0.1309
705.0000 2.4574 0.1309
710.0000 2.5036 0.1466
715.0000 2.5381 0.1481
720.0000 2.5381 0.1481
725.0000 2.5492 0.1480
730.0000 2.6404 0.1757
735.0000 2.6500 0.1754
740.0000 2.6621 0.1752
745.0000 2.7083 0.1943
750.0000 2.7502 0.2074
755.0000 2.8118 0.2361
760.0000 2.8415 0.2360
765.0000 2.8538 0.2356
770.0000 2.8579 0.2356
775.0000 2.8689 0.2352
780.0000 2.9094 0.2360
785.0000 2.9131 0.2359
790.0000 2.9240 0.2357
795.0000 2.9281 0.2357
800.0000 2.9334 0.2357
805.0000 2.9334 0.2357
810.0000 3.0286 0.2362
815.0000 3.0637 0.2535
820.0000 3.0738 0.2533
825.0000 3.0738 0.2533
830.0000 3.0816 0.2530
835.0000 3.0987 0.2533
840.0000 3.1109 0.2533
845.0000 3.1444 0.2727
850.0000 3.1444 0.2727
855.0000 3.1483 0.2727
860.0000 3.1659 0.2727
865.0000 3.1750 0.2728
870.0000 3.1843 0.2731
875.0000 3.2012 0.2731
880.0000 3.2047 0.2731
885.0000 3.2544 0.2746
890.0000 3.2591 0.2746
895.0000 3.2990 0.2900
900.0000 3.3306 0.3058
905.0000 3.3634 0.3051
910.0000 3.4110 0.3136
915.0000 3.4691 0.3122
920.0000 3.5149 0.3163
925.0000 3.5428 0.3173
930.0000 3.5842 0.3242
935.0000 3.5902 0.3242
940.0000 3.5963 0.3240
945.0000 3.6046 0.3239
950.0000 3.6095 0.3239
955.0000 3.6473 0.3261
960.0000 3.6520 0.3261
965.0000 3.6656 0.3255
970.0000 3.6726 0.3252
975.0000 3.6772 0.3251
980.0000 3.7061 0.3277
985.0000 3.7061 0.3277
990.0000 3.7178 0.3276
995.0000 3.7635 0.3331
1000.0000 3.7672 0.3331
1005.0000 3.8098 0.3317
1010.0000 3.8616 0.3343
1015.0000 3.8953 0.3403
1020.0000 3.8953 0.3403
1025.0000 3.9009 0.3401
1030.0000 3.9611 0.3484
1035.0000 3.9991 0.3504
1040.0000 4.0114 0.3507
1045.0000 4.0194 0.3506
1050.0000 4.0236 0.3504
1055.0000 4.0364 0.3503
1060.0000 4.0497 0.3498
1065.0000 4.0578 0.3498
1070.0000 4.0729 0.3495
1075.0000 4.1093 0.3479
1080.0000 4.1228 0.3479
1085.0000 4.2242 0.4118
1090.0000 4.3214 0.4421
1095.0000 4.4107 0.4491
1100.0000 4.4598 0.4531
1105.0000 4.5477 0.4707
1110.0000 4.5525 0.4707
1115.0000 4.5596 0.4705
1120.0000 4.6183 0.4806
1125.0000 4.6183 0.4806
1130.0000 4.6183 0.4806
1135.0000 4.6275 0.4807
1140.0000 4.7022 0.4916
1145.0000 4.7089 0.4912
1150.0000 4.7543 0.4905
1155.0000 4.7622 0.4902
1160.0000 4.7717 0.4901
1165.0000 4.8663 0.4909
1170.0000 4.9397 0.5027
1175.0000 4.9548 0.5019
1180.0000 4.9548 0.5019
1185.0000 4.9548 0.5019
1190.0000 4.9975 0.4992
1195.0000 5.0066 0.4989
1200.0000 5.0156 0.4986
1205.0000 5.0342 0.4990
1210.0000 5.0742 0.4986
1215.0000 5.0915 0.4982
1220.0000 5.1009 0.4975
1225.0000 5.1189 0.4967
1230.0000 5.1252 0.4967
1235.0000 5.1349 0.4968
1240.0000 5.1422 0.4967
1245.0000 5.1463 0.4966
1250.0000 5.1581 0.4967
1255.0000 5.1746 0.4967
1260.0000 5.1914 0.4961
1265.0000 5.1914 0.4961
1270.0000 5.1999 0.4956
1275.0000 5.1999 0.4956
1280.0000 5.2487 0.5076
1285.0000 5.3112 0.5177
1290.0000 5.3218 0.5172
1295.0000 5.3218 0.5172
1300.0000 5.3347 0.5166
1305.0000 5.3564 0.5165
1310.0000 5.3610 0.5166
1315.0000 5.3660 0.5168
1320.0000 5.3740 0.5169
1325.0000 5.3776 0.5167
1330.0000 5.3854 0.5162
1335.0000 5.3987 0.5155
1340.0000 5.4104 0.5155
1345.0000 5.4201 0.5154
1350.0000 5.4672 0.5309
1355.0000 5.4809 0.5303
1360.0000 5.4892 0.5300
1365.0000 5.5369 0.5446
1370.0000 5.5774 0.5492
1375.0000 5.5921 0.5488
1380.0000 5.6078 0.5483
1385.0000 5.6281 0.5484
1390.0000 5.6328 0.5483
1395.0000 5.6786 0.5507
1400.0000 5.6829 0.5507
1405.0000 5.7273 0.5559
1410.0000 5.7686 0.5556
1415.0000 5.7761 0.5550
1420.0000 5.7820 0.5546
1425.0000 5.8348 0.5614
1430.0000 5.8426 0.5611
1435.0000 5.8525 0.5611
1440.0000 5.8575 0.5608
1445.0000 5.9026 0.5652
1450.0000 5.9655 0.5747
1455.0000 5.9880 0.5741
1460.0000 6.0149 0.5742
1465.0000 6.0524 0.5735
1470.0000 6.0569 0.5734
1475.0000 6.0637 0.5729
1480.0000 6.0850 0.5717
1485.0000 6.1025 0.5708
1490.0000 6.1542 0.5700
1495.0000 6.1892 0.5698
1500.0000 6.2045 0.5691
1505.0000 6.2201 0.5688
1510.0000 6.2624 0.5654
1515.0000 6.2925 0.5646
1520.0000 6.3183 0.5641
1525.0000 6.3433 0.5645
1530.0000 6.3601 0.5637
1535.0000 6.3712 0.5631
1540.0000 6.4114 0.5669
1545.0000 6.4926 0.5795
1550.0000 6.5004 0.5794
1555.0000 6.5163 0.5793
1560.0000 6.5264 0.5784
1565.0000 6.5319 0.5784
1570.0000 6.5443 0.5776
1575.0000 6.6010 0.5856
1580.0000 6.6286 0.5849
1585.0000 6.6408 0.5850
1590.0000 6.6810 0.5840
1595.0000 6.6938 0.5836
1600.0000 6.7040 0.5838
1605.0000 6.7130 0.5833
1610.0000 6.7241 0.5825
1615.0000 6.7321 0.5827
1620.0000 6.7385 0.5824
1625.0000 6.7958 0.5956
1630.0000 6.8023 0.5957
1635.0000 6.8377 0.5962
1640.0000 6.8544 0.5964
1645.0000 6.8669 0.5972
1650.0000 6.8766 0.5975
1655.0000 6.8930 0.5988
1660.0000 6.9159 0.5995
1665.0000 6.9376 0.6010
1670.0000 6.9543 0.6009
1675.0000 6.9971 0.6105
1680.0000 7.0108 0.6105
1685.0000 7.0470 0.6105
1690.0000 7.1329 0.6163
1695.0000 7.1692 0.6170
1700.0000 7.2022 0.6181
1705.0000 7.2516 0.6254
1710.0000 7.2818 0.6258
1715.0000 7.3106 0.6266
1720.0000 7.3300 0.6273
1725.0000 7.3474 0.6289
1730.0000 7.3776 0.6297
1735.0000 7.3979 0.6292
1740.0000 7.4128 0.6286
1745.0000 7.4240 0.6280
1750.0000 7.4273 0.6280
1755.0000 7.4673 0.6376
1760.0000 7.4673 0.6376
1765.0000 7.5141 0.6452
1770.0000 7.5509 0.6510
1775.0000 7.5655 0.6507
1780.0000 7.6162 0.6513
1785.0000 7.6277 0.6511
1790.0000 7.6365 0.6512
1795.0000 7.6467 0.6506
1800.0000 7.6504 0.6507
1805.0000 7.6663 0.6499
1810.0000 7.7243 0.6530
1815.0000 7.7420 0.6527
1820.0000 7.7527 0.6522
1825.0000 7.7824 0.6540
1830.0000 7.7872 0.6538
1835.0000 7.7951 0.6534
1840.0000 7.8023 0.6532
1845.0000 7.8439 0.6496
1850.0000 7.8439 0.6496
1855.0000 7.9072 0.6670
1860.0000 7.9453 0.6690
1865.0000 7.9612 0.6681
1870.0000 7.9678 0.6677
1875.0000 7.9727 0.6685
1880.0000 8.0887 0.7113
1885.0000 8.1338 0.7084
1890.0000 8.1700 0.7068
1895.0000 8.2027 0.7055
1900.0000 8.2169 0.7051
1905.0000 8.2461 0.7052
1910.0000 8.2540 0.7046
1915.0000 8.2586 0.7043
1920.0000 8.2690 0.7042
1925.0000 8.2925 0.7036
1930.0000 8.3026 0.7043
1935.0000 8.3769 0.7198
1940.0000 8.3869 0.7200
1945.0000 8.4392 0.7325
1950.0000 8.5089 0.7256
1955.0000 8.5188 0.7250
1960.0000 8.5485 0.7225
1965.0000 8.5619 0.7225
1970.0000 8.5738 0.7225
1975.0000 8.6179 0.7242
1980.0000 8.6426 0.7223
1985.0000 8.6736 0.7208
1990.0000 8.6850 0.7202
1995.0000 8.6985 0.7200
2000.0000 8.7147 0.7187
2005.0000 8.7379 0.7188
2010.0000 8.7625 0.7175
2015.0000 8.7889 0.7161
2020.0000 8.8613 0.7298
2025.0000 8.9012 0.7276
2030.0000 8.9386 0.7364
2035.0000 9.0150 0.7465
2040.0000 9.1455 0.7927
2045.0000 9.2313 0.8166
2050.0000 9.2544 0.8152
2055.0000 9.2754 0.8147
2060.0000 9.2960 0.8145
2065.0000 9.3177 0.8140
2070.0000 9.3476 0.8134
2075.0000 9.3634 0.8136
2080.0000 9.3805 0.8142
2085.0000 9.3918 0.8144
2090.0000 9.4142 0.8151
2095.0000 9.4361 0.8145
2100.0000 9.4545 0.8139
2105.0000 9.5115 0.8415
2110.0000 9.5434 0.8429
2115.0000 9.5608 0.8435
2120.0000 9.6676 0.8550
2125.0000 9.8045 0.8805
2130.0000 10.0171 0.9379
2135.0000 10.0745 0.9528
2140.0000 10.1201 0.9706
2145.0000 10.1306 0.9711
2150.0000 10.1428 0.9716
2155.0000 10.1790 0.9730
2160.0000 10.2031 0.9731
2165.0000 10.2619 0.9844
2170.0000 10.2819 0.9850
2175.0000 10.3282 0.9832
2180.0000 10.3447 0.9840
2185.0000 10.3785 0.9909
2190.0000 10.4077 0.9927
2195.0000 10.4321 0.9947
2200.0000 10.4649 1.0042
2205.0000 10.5041 1.0163
2210.0000 10.5216 1.0181
2215.0000 10.6126 1.0534
2220.0000 10.6351 1.0529
2225.0000 10.6562 1.0537
2230.0000 10.6634 1.0539
2235.0000 10.6679 1.0533
2240.0000 10.6785 1.0536
2245.0000 10.7167 1.0545
2250.0000 10.7250 1.0534
2255.0000 10.7644 1.0676
2260.0000 10.7644 1.0676
2265.0000 10.7787 1.0678
2270.0000 10.8201 1.0799
2275.0000 10.9249 1.1328
2280.0000 10.9441 1.1329
2285.0000 10.9534 1.1342
2290.0000 10.9602 1.1353
2295.0000 10.9901 1.1366
2300.0000 10.9949 1.1360
2305.0000 11.0032 1.1354
2310.0000 11.0606 1.1592
2315.0000 11.0692 1.1596
2320.0000 11.1263 1.1663
2325.0000 11.1660 1.1655
2330.0000 11.1660 1.1655
2335.0000 11.1754 1.1648
2340.0000 11.2073 1.1653
2345.0000 11.2073 1.1653
2350.0000 11.2471 1.1579
2355.0000 11.2565 1.1567
2360.0000 11.2930 1.1801
2365.0000 11.3286 1.1919
2370.0000 11.3327 1.1915
2375.0000 11.3955 1.2140
2380.0000 11.4926 1.2112
2385.0000 11.5581 1.2156
2390.0000 11.5653 1.2151
2395.0000 11.6806 1.2537
2400.0000 11.7200 1.2659
2405.0000 11.7338 1.2664
2410.0000 11.8002 1.2737
2415.0000 11.8565 1.2838
2420.0000 11.8693 1.2833
2425.0000 11.8812 1.2840
2430.0000 11.9191 1.2796
2435.0000 11.9591 1.2776
2440.0000 11.9684 1.2770
2445.0000 12.0195 1.3009
2450.0000 12.0655 1.3158
2455.0000 12.0726 1.3160
2460.0000 12.1251 1.3243
2465.0000 12.1396 1.3240
2470.0000 12.1694 1.3224
2475.0000 12.1872 1.3205
2480.0000 12.1909 1.3199
2485.0000 12.2349 1.3326
2490.0000 12.2395 1.3326
2495.0000 12.2626 1.3338
2500.0000 12.3073 1.3313
2505.0000 12.4574 1.3531
2510.0000 12.6046 1.4065
2515.0000 12.6873 1.4318
2520.0000 12.7929 1.4589
2525.0000 12.8908 1.4862
2530.0000 12.8950 1.4865
2535.0000 12.9320 1.4951
2540.0000 12.9320 1.4951
2545.0000 12.9414 1.4937
2550.0000 12.9661 1.4934
2555.0000 12.9769 1.4936
2560.0000 12.9840 1.4925
2565.0000 13.0437 1.5082
2570.0000 13.0473 1.5074
2575.0000 13.0511 1.5072
2580.0000 13.0620 1.5074
2585.0000 13.0910 1.5142
2590.0000 13.0956 1.5136
2595.0000 13.0956 1.5136
2600.0000 13.1038 1.5119
2605.0000 13.1196 1.5102
2610.0000 13.1196 1.5102
2615.0000 13.1361 1.5093
2620.0000 13.1438 1.5092
2625.0000 13.1514 1.5093
2630.0000 13.2120 1.5141
2635.0000 13.2207 1.5135
2640.0000 13.2728 1.5249
2645.0000 13.3129 1.5419
2650.0000 13.3393 1.5534
2655.0000 13.3475 1.5518
2660.0000 13.3572 1.5503
2665.0000 13.3910 1.5647
2670.0000 13.4007 1.5637
2675.0000 13.4934 1.6200
2680.0000 13.5354 1.6394
2685.0000 13.5453 1.6413
2690.0000 13.5494 1.6421
2695.0000 13.6124 1.6838
2700.0000 13.6448 1.6857
2705.0000 13.6737 1.6892
2710.0000 13.7550 1.7455
2715.0000 13.8017 1.7673
2720.0000 13.8129 1.7689
2725.0000 13.8359 1.7679
2730.0000 13.8513 1.7671
2735.0000 13.8571 1.7674
2740.0000 13.8652 1.7661
2745.0000 13.8988 1.7824
2750.0000 13.9463 1.8061
2755.0000 13.9463 1.8061
2760.0000 13.9910 1.8225
2765.0000 13.9910 1.8225
2770.0000 14.0015 1.8225
2775.0000 14.0126 1.8224
2780.0000 14.0265 1.8222
2785.0000 14.0597 1.8488
2790.0000 14.0729 1.8480
2795.0000 14.0729 1.8480
2800.0000 14.1018 1.8612
2805.0000 14.1572 1.8891
2810.0000 14.1639 1.8883
2815.0000 14.2394 1.9396
2820.0000 14.2521 1.9386
2825.0000 14.3369 1.9681
2830.0000 14.3927 1.9914
2835.0000 14.4172 1.9916
2840.0000 14.4542 1.9934
2845.0000 14.4766 1.9923
2850.0000 14.4895 1.9925
2855.0000 14.5356 1.9924
2860.0000 14.5853 2.0064
2865.0000 14.5954 2.0070
2870.0000 14.6189 2.0075
2875.0000 14.6551 2.0081
2880.0000 14.7342 2.0484
2885.0000 14.8119 2.0534
2890.0000 14.8215 2.0531
2895.0000 14.9069 2.1124
2900.0000 14.9793 2.1456
2905.0000 14.9845 2.1456
2910.0000 15.0207 2.1720
2915.0000 15.1048 2.1954
2920.0000 15.1145 2.1952
2925.0000 15.1337 2.1945
2930.0000 15.2091 2.2288
2935.0000 15.2523 2.2464
2940.0000 15.2523 2.2464
2945.0000 15.2566 2.2467
2950.0000 15.2878 2.2460
2955.0000 15.3319 2.2453
2960.0000 15.3590 2.2447
2965.0000 15.4888 2.2674
2970.0000 15.5097 2.2697
2975.0000 15.5358 2.2718
2980.0000 15.5595 2.2734
2985.0000 15.5827 2.2739
2990.0000 15.5921 2.2718
2995.0000 15.6177 2.2828
3000.0000 15.6563 2.3003
3005.0000 15.6614 2.2993
3010.0000 15.7142 2.2961
3015.0000 15.7544 2.3079
3020.0000 15.7992 2.3197
3025.0000 15.8367 2.3253
3030.0000 15.8509 2.3241
3035.0000 15.8557 2.3247
3040.0000 15.8642 2.3255
3045.0000 15.8803 2.3258
3050.0000 15.8874 2.3239
3055.0000 15.9433 2.3482
3060.0000 15.9650 2.3471
3065.0000 15.9818 2.3480
3070.0000 15.9981 2.3476
3075.0000 16.0209 2.3481
3080.0000 16.0771 2.3730
3085.0000 16.0930 2.3738
3090.0000 16.1572 2.4001
3095.0000 16.1783 2.4026
3100.0000 16.2128 2.4059
3105.0000 16.2773 2.4122
3110.0000 16.3056 2.4128
3115.0000 16.3422 2.4155
3120.0000 16.4040 2.4337
3125.0000 16.4300 2.4357
3130.0000 16.4524 2.4376
3135.0000 16.5850 2.4507
3140.0000 16.6385 2.4479
3145.0000 16.6514 2.4469
3150.0000 16.6940 2.4636
3155.0000 16.7752 2.5030
3160.0000 16.8214 2.5175
3165.0000 16.8761 2.5399
3170.0000 16.8791 2.5395
3175.0000 16.8925 2.5388
3180.0000 16.9060 2.5369
3185.0000 16.9597 2.5372
3190.0000 16.9923 2.5403
3195.0000 17.0480 2.5510
3200.0000 17.0999 2.5539
3205.0000 17.1536 2.5569
3210.0000 17.1536 2.5569
3215.0000 17.1586 2.5575
3220.0000 17.1887 2.5862
3225.0000 17.2459 2.6097
3230.0000 17.2671 2.6095
3235.0000 17.3169 2.6493
3240.0000 17.3209 2.6481
3245.0000 17.3209 2.6481
3250.0000 17.3460 2.6517
3255.0000 17.3938 2.6750
3260.0000 17.3970 2.6744
3265.0000 17.3970 2.6744
3270.0000 17.4278 2.7016
3275.0000 17.4278 2.7016
3280.0000 17.4278 2.7016
3285.0000 17.4368 2.7026
3290.0000 17.4802 2.7317
3295.0000 17.5280 2.7475
3300.0000 17.5798 2.7665
3305.0000 17.6081 2.7703
3310.0000 17.6969 2.8315
3315.0000 17.7228 2.8299
3320.0000 17.7506 2.8300
3325.0000 17.7695 2.8314
3330.0000 17.8093 2.8488
3335.0000 17.8233 2.8516
3340.0000 17.8305 2.8537
3345.0000 17.8992 2.8847
3350.0000 17.9462 2.9163
3355.0000 17.9862 2.9219
3360.0000 17.9914 2.9226
3365.0000 18.0217 2.9291
3370.0000 18.0539 2.9375
3375.0000 18.0819 2.9334
3380.0000 18.1144 2.9453
3385.0000 18.2401 3.0211
3390.0000 18.2868 3.0409
3395.0000 18.3799 3.0966
3400.0000 18.4284 3.1183
3405.0000 18.4471 3.1163
3410.0000 18.5411 3.1843
3415.0000 18.6200 3.2417
3420.0000 18.6406 3.2402
3425.0000 18.6445 3.2395
3430.0000 18.8017 3.2917
3435.0000 18.8550 3.3054
3440.0000 18.9289 3.3402
3445.0000 18.9852 3.3664
3450.0000 19.0059 3.3655
3455.0000 19.0803 3.4168
3460.0000 19.0970 3.4177
3465.0000 19.1175 3.4194
3470.0000 19.1458 3.4211
3475.0000 19.2175 3.4716
3480.0000 19.2497 3.4718
3485.0000 19.2868 3.4759
3490.0000 19.4149 3.5540
3495.0000 19.4818 3.5593
3500.0000 19.4866 3.5586
3505.0000 19.4996 3.5578
3510.0000 19.5064 3.5580
3515.0000 19.5157 3.5573
3520.0000 19.5342 3.5595
3525.0000 19.5672 3.5928
3530.0000 19.7064 3.6656
3535.0000 19.7146 3.6625
3540.0000 19.7233 3.6605
3545.0000 19.7386 3.6564
3550.0000 19.7930 3.6934
3555.0000 19.8485 3.7078
3560.0000 19.9027 3.7443
3565.0000 19.9070 3.7438
3570.0000 19.9394 3.7792
3575.0000 20.0476 3.8714
3580.0000 20.1272 3.9340
3585.0000 20.1415 3.9323
3590.0000 20.1558 3.9310
3595.0000 20.1697 3.9300
3600.0000 20.1835 3.9277
3605.0000 20.2300 3.9600
3610.0000 20.2844 4.0191
3615.0000 20.2928 4.0197
3620.0000 20.3092 4.0177
3625.0000 20.3092 4.0177
3630.0000 20.3092 4.0177
3635.0000 20.3263 4.0185
3640.0000 20.3263 4.0185
3645.0000 20.3541 4.0187
3650.0000 20.3908 4.0525
3655.0000 20.3942 4.0528
3660.0000 20.4220 4.0903
3665.0000 20.4395 4.0871
3670.0000 20.4796 4.1115
3675.0000 20.5977 4.2096
3680.0000 20.6906 4.2730
3685.0000 20.7705 4.3478
3690.0000 20.8008 4.3806
3695.0000 20.8571 4.4013
3700.0000 20.8735 4.3985
3705.0000 20.9307 4.4171
3710.0000 20.9408 4.4166
3715.0000 20.9601 4.4138
3720.0000 21.0146 4.4300
3725.0000 21.0311 4.4274
3730.0000 21.1190 4.4628
3735.0000 21.1521 4.4831
3740.0000 21.1553 4.4818
3745.0000 21.1918 4.4769
3750.0000 21.2143 4.4782
3755.0000 21.2303 4.4785
3760.0000 21.2518 4.4734
3765.0000 21.2554 4.4722
3770.0000 21.2728 4.4686
3775.0000 21.3266 4.4754
3780.0000 21.4013 4.5480
3785.0000 21.4070 4.5467
3790.0000 21.4401 4.5599
3795.0000 21.4401 4.5599
3800.0000 21.4476 4.5575
3805.0000 21.4580 4.5552
3810.0000 21.5039 4.5694
3815.0000 21.5189 4.5781
3820.0000 21.5231 4.5775
3825.0000 21.5304 4.5777
3830.0000 21.5610 4.5772
3835.0000 21.5848 4.5763
3840.0000 21.5983 4.5743
3845.0000 21.6290 4.5735
3850.0000 21.6868 4.5742
3855.0000 21.6988 4.5753
3860.0000 21.7558 4.5963
3865.0000 21.8668 4.6072
3870.0000 21.9001 4.6063
3875.0000 21.9582 4.6216
3880.0000 21.9859 4.6218
3885.0000 22.0342 4.6137
3890.0000 22.0424 4.6143
3895.0000 22.0712 4.6160
3900.0000 22.1578 4.7022
3905.0000 22.2845 4.7823
3910.0000 22.4397 4.8120
3915.0000 22.5680 4.8565
3920.0000 22.6851 4.8850
3925.0000 22.7655 4.8931
3930.0000 22.8651 4.9057
3935.0000 22.9128 4.9093
3940.0000 23.0244 4.9228
3945.0000 23.0352 4.9217
3950.0000 23.0383 4.9209
3955.0000 23.0556 4.9171
3960.0000 23.0634 4.9152
3965.0000 23.1359 4.9356
3970.0000 23.1386 4.9348
3975.0000 23.1386 4.9348
3980.0000 23.1798 4.9413
3985.0000 23.1913 4.9393
3990.0000 23.1966 4.9380
3995.0000 23.2315 4.9422
4000.0000 23.2355 4.9409
4005.0000 23.2479 4.9369
4010.0000 23.2838 4.9426
4015.0000 23.3205 4.9471
4020.0000 23.3323 4.9447
4025.0000 23.4007 4.9739
4030.0000 23.4437 4.9658
4035.0000 23.4437 4.9658
4040.0000 23.4530 4.9629
4045.0000 23.4608 4.9612
4050.0000 23.4758 4.9586
4055.0000 23.4895 4.9565
4060.0000 23.5001 4.9540
4065.0000 23.5064 4.9525
4070.0000 23.5403 4.9662
4075.0000 23.6266 5.0163
4080.0000 23.7081 5.0790
4085.0000 23.7945 5.1605
4090.0000 23.8432 5.2102
4095.0000 23.8999 5.2866
4100.0000 23.9266 5.3252
4105.0000 23.9419 5.3409
4110.0000 23.9257 5.3033
4115.0000 23.9335 5.3048
4120.0000 24.0060 5.3798
4125.0000 24.0824 5.4260
4130.0000 24.1324 5.4581
4135.0000 24.2331 5.5218
4140.0000 24.3096 5.5857
4145.0000 24.4434 5.6879
4150.0000 24.5424 5.7309
4155.0000 24.6159 5.7928
4160.0000 24.6287 5.7929
4165.0000 24.6044 5.7272
4170.0000 24.6385 5.7247
4175.0000 24.8236 5.8318
4180.0000 24.9521 5.8605
4185.0000 24.9994 5.8651
4190.0000 25.1085 5.9028
4195.0000 25.2233 5.9394
4200.0000 25.3112 5.9716
4205.0000 25.3724 5.9849
4210.0000 25.3857 5.9265
4215.0000 25.3800 5.8914
4220.0000 25.4872 5.9951
4225.0000 25.5234 5.9988
4230.0000 25.4809 5.9403
4235.0000 25.4956 5.9356
4240.0000 25.5363 5.9498
4245.0000 25.6016 6.0058
4250.0000 25.6016 6.0058
4255.0000 25.6170 6.0014
4260.0000 25.6603 6.0268
4265.0000 25.7338 6.0429
4270.0000 25.8348 6.1028
4275.0000 25.9734 6.2093
4280.0000 26.0599 6.2719
4285.0000 26.1206 6.3132
4290.0000 26.1240 6.3123
4295.0000 26.1504 6.3497
4300.0000 26.1606 6.3469
4305.0000 26.1409 6.3005
4310.0000 26.2227 6.3469
4315.0000 26.2699 6.3790
4320.0000 26.2822 6.3760
4325.0000 26.3709 6.4031
4330.0000 26.4330 6.4193
4335.0000 26.4388 6.4175
4340.0000 26.5157 6.4528
4345.0000 26.5269 6.4507
4350.0000 26.5464 6.4516
4355.0000 26.5552 6.4514
4360.0000 26.5585 6.4500
4365.0000 26.6107 6.4659
4370.0000 26.6107 6.4659
4375.0000 26.6583 6.4966
4380.0000 26.6630 6.4953
4385.0000 26.6630 6.4953
4390.0000 26.6630 6.4953
4395.0000 26.7232 6.5555
4400.0000 26.7914 6.5836
4405.0000 26.8279 6.5918
4410.0000 26.8934 6.6178
4415.0000 26.8978 6.6167
4420.0000 26.9060 6.6178
4425.0000 26.9395 6.6250
4430.0000 26.9395 6.6250
4435.0000 26.9758 6.6595
4440.0000 26.9956 6.6561
4445.0000 27.0124 6.6536
4450.0000 27.0659 6.6647
4455.0000 27.0941 6.6615
4460.0000 27.1165 6.6589
4465.0000 27.1795 6.6903
4470.0000 27.2009 6.6882
4475.0000 27.2761 6.7416
4480.0000 27.3269 6.7493
4485.0000 27.3826 6.7599
4490.0000 27.4640 6.7884
4495.0000 27.4809 6.7851
4500.0000 27.5060 6.7842
4505.0000 27.5184 6.7846
4510.0000 27.5291 6.7840
4515.0000 27.6201 6.8215
4520.0000 27.6255 6.8197
4525.0000 27.6459 6.8140
4530.0000 27.6532 6.8118
4535.0000 27.6667 6.8113
4540.0000 27.6862 6.8115
4545.0000 27.7506 6.8193
4550.0000 27.8011 6.8649
4555.0000 27.8510 6.8998
4560.0000 27.8672 6.8838
4565.0000 27.8991 6.9207
4570.0000 27.8632 6.8414
4575.0000 27.9075 6.8567
4580.0000 27.9075 6.8567
4585.0000 27.9534 6.9048
4590.0000 27.9250 6.8605
4595.0000 27.9543 6.9002
4600.0000 27.9635 6.8967
4605.0000 28.0116 6.9143
4610.0000 28.0880 6.9734
4615.0000 28.0937 6.9716
4620.0000 28.0557 6.9142
4625.0000 28.0702 6.9131
4630.0000 28.0556 6.8755
4635.0000 28.0711 6.8718
4640.0000 28.0849 6.8696
4645.0000 28.1497 6.9162
4650.0000 28.2589 6.9861
4655.0000 28.3507 7.0804
4660.0000 28.3644 7.0802
4665.0000 28.4305 7.1377
4670.0000 28.3955 7.0828
4675.0000 28.4364 7.1194
4680.0000 28.4451 7.1165
4685.0000 28.4582 7.1147
4690.0000 28.4675 7.1119
4695.0000 28.4730 7.1096
4700.0000 28.4786 7.1118
4705.0000 28.4874 7.1102
4710.0000 28.4958 7.1079
4715.0000 28.5417 7.1459
4720.0000 28.5724 7.1682
4725.0000 28.6012 7.1666
4730.0000 28.6287 7.1628
4735.0000 28.6472 7.1598
4740.0000 28.6729 7.1582
4745.0000 28.6822 7.1585
4750.0000 28.7057 7.1583
4755.0000 28.7198 7.1586
4760.0000 28.7198 7.1586
4765.0000 28.7282 7.1567
4770.0000 28.7430 7.1539
4775.0000 28.7601 7.1518
4780.0000 28.7896 7.1489
4785.0000 28.8332 7.1437
4790.0000 28.8332 7.1437
4795.0000 28.8392 7.1438
4800.0000 28.8475 7.1412
4805.0000 28.8705 7.1409
4810.0000 28.8836 7.1400
4815.0000 28.9345 7.1631
4820.0000 28.9404 7.1645
4825.0000 28.9544 7.1655
4830.0000 29.0164 7.1971
4835.0000 29.0425 7.1974
4840.0000 29.0533 7.1979
4845.0000 29.0533 7.1979
4850.0000 29.0533 7.1979
4855.0000 29.0929 7.2130
4860.0000 29.1158 7.2091
4865.0000 29.1913 7.2870
4870.0000 29.2389 7.3006
4875.0000 29.2634 7.2996
4880.0000 29.2771 7.2982
4885.0000 29.2959 7.3002
4890.0000 29.3185 7.2991
4895.0000 29.3797 7.3362
4900.0000 29.4451 7.3561
4905.0000 29.4978 7.4034
4910.0000 29.5415 7.4367
4915.0000 29.5573 7.4391
4920.0000 29.5793 7.4366
4925.0000 29.6128 7.4571
4930.0000 29.6204 7.4566
4935.0000 29.6309 7.4567
4940.0000 29.6347 7.4573
4945.0000 29.7013 7.4970
4950.0000 29.7013 7.4970
4955.0000 29.7433 7.5288
4960.0000 29.7532 7.5283
4965.0000 29.7784 7.5389
4970.0000 29.7907 7.5393
4975.0000 29.8049 7.5362
4980.0000 29.8157 7.5330
4985.0000 29.8302 7.5352
4990.0000 29.8950 7.5880
4995.0000 29.9722 7.6550
5000.0000 30.0272 7.6723
5005.0000 30.0365 7.6712
5010.0000 30.0613 7.6664
5015.0000 30.0720 7.6613
5020.0000 30.0793 7.6582
5025.0000 30.1305 7.6832
5030.0000 30.1441 7.6807
5035.0000 30.2340 7.7826
5040.0000 30.2477 7.7808
5045.0000 30.2576 7.7842
5050.0000 30.3012 7.8250
5055.0000 30.3065 7.8271
5060.0000 30.3386 7.8679
5065.0000 30.3842 7.8752
5070.0000 30.4042 7.8689
5075.0000 30.4106 7.8672
5080.0000 30.4152 7.8663
5085.0000 30.4211 7.8665
5090.0000 30.3946 7.8328
5095.0000 30.4315 7.8689
5100.0000 30.4464 7.8653
5105.0000 30.4436 7.8555
5110.0000 30.4526 7.8540
5115.0000 30.4645 7.8518
5120.0000 30.4681 7.8506
5125.0000 30.4767 7.8478
5130.0000 30.5024 7.8425
5135.0000 30.5657 7.8968
5140.0000 30.5666 7.8845
5145.0000 30.5789 7.8838
5150.0000 30.6226 7.8986
5155.0000 30.6672 7.9146
5160.0000 30.6960 7.9270
5165.0000 30.7102 7.9278
5170.0000 30.7842 7.9750
5175.0000 30.8257 8.0046
5180.0000 30.8187 7.9694
5185.0000 30.8288 7.9642
5190.0000 30.8404 7.9592
5195.0000 30.8668 7.9722
5200.0000 30.8521 7.9537
5205.0000 30.8980 7.9977
5210.0000 30.8980 7.9977
5215.0000 30.9141 7.9891
5220.0000 30.9141 7.9891
5225.0000 30.9441 8.0009
5230.0000 30.9822 8.0191
5235.0000 30.9822 8.0191
5240.0000 30.9944 8.0148
5245.0000 31.0012 8.0122
5250.0000 31.0049 8.0114
5255.0000 31.0130 8.0115
5260.0000 31.0194 8.0087
5265.0000 31.0194 8.0087
5270.0000 31.0541 8.0455
5275.0000 31.0652 8.0424
5280.0000 31.0652 8.0424
5285.0000 31.0652 8.0424
5290.0000 31.1054 8.0723
5295.0000 31.1129 8.0717
5300.0000 31.1988 8.1439
5305.0000 31.1988 8.1439
5310.0000 31.2025 8.1428
5315.0000 31.2122 8.1397
5320.0000 31.2200 8.1359
5325.0000 31.2302 8.1342
5330.0000 31.2680 8.1392
5335.0000 31.3374 8.2029
5340.0000 31.3374 8.2029
5345.0000 31.3412 8.2027
5350.0000 31.3412 8.2027
5355.0000 31.3462 8.1853
5360.0000 31.3509 8.1835
5365.0000 31.3849 8.2201
5370.0000 31.3893 8.2190
5375.0000 31.3893 8.2190
5380.0000 31.4006 8.2167
5385.0000 31.4231 8.2102
5390.0000 31.4654 8.2318
5395.0000 31.4790 8.2285
5400.0000 31.4891 8.2259
5405.0000 31.5025 8.2227
5410.0000 31.5214 8.2180
5415.0000 31.5326 8.2187
5420.0000 31.5482 8.2166
5425.0000 31.5830 8.2074
5430.0000 31.6344 8.2428
5435.0000 31.6535 8.2385
5440.0000 31.6584 8.2368
5445.0000 31.6710 8.2344
5450.0000 31.6824 8.2328
5455.0000 31.6853 8.2318
5460.0000 31.7174 8.2726
5465.0000 31.7069 8.2590
5470.0000 31.7128 8.2588
5475.0000 31.7195 8.2576
5480.0000 31.7292 8.2564
5485.0000 31.6882 8.1994
5490.0000 31.7003 8.1986
5495.0000 31.7041 8.1915
5500.0000 31.6891 8.1647
5505.0000 31.7029 8.1634
5510.0000 31.7339 8.1580
5515.0000 31.7482 8.1574
5520.0000 31.7606 8.1583
5525.0000 31.7636 8.1573
5530.0000 31.7857 8.1557
5535.0000 31.7881 8.1445
5540.0000 31.8400 8.1951
5545.0000 31.9145 8.2564
5550.0000 31.9514 8.2773
5555.0000 32.0300 8.3310
5560.0000 32.0556 8.3510
5565.0000 32.1609 8.4177
5570.0000 32.2667 8.5146
5575.0000 32.2400 8.4703
5580.0000 32.2400 8.4703
5585.0000 32.2520 8.4738
5590.0000 32.2725 8.4743
5595.0000 32.2991 8.4734
5600.0000 32.3248 8.4696
5605.0000 32.3291 8.4686
5610.0000 32.3329 8.4690
5615.0000 32.3440 8.4697
5620.0000 32.3479 8.4703
5625.0000 32.3718 8.4666
5630.0000 32.4121 8.4791
5635.0000 32.4281 8.4807
5640.0000 32.4338 8.4802
5645.0000 32.3726 8.3927
5650.0000 32.4045 8.4071
5655.0000 32.4084 8.4055
5660.0000 32.4215 8.4100
5665.0000 32.4255 8.4088
5670.0000 32.4334 8.4185
5675.0000 32.4334 8.4185
5680.0000 32.4405 8.4157
5685.0000 32.4452 8.4145
5690.0000 32.4838 8.4339
5695.0000 32.4875 8.4327
5700.0000 32.4901 8.4315
5705.0000 32.4946 8.4292
5710.0000 32.5004 8.4282
5715.0000 32.5180 8.4219
5720.0000 32.5342 8.4159
5725.0000 32.5754 8.4590
5730.0000 32.5804 8.4574
5735.0000 32.6275 8.5049
5740.0000 32.6165 8.4717
5745.0000 32.6273 8.4726
5750.0000 32.6209 8.4509
5755.0000 32.6328 8.4491
5760.0000 32.6409 8.4462
5765.0000 32.6645 8.4391
5770.0000 32.6645 8.4391
5775.0000 32.6798 8.4347
5780.0000 32.6946 8.4237
5785.0000 32.7108 8.4201
5790.0000 32.7751 8.4116
5795.0000 32.7856 8.4086
5800.0000 32.8113 8.4043
5805.0000 32.8390 8.4020
5810.0000 32.8619 8.3998
5815.0000 32.9091 8.3958
5820.0000 32.8912 8.3574
5825.0000 32.9617 8.4144
5830.0000 32.9848 8.4147
5835.0000 32.9943 8.4120
5840.0000 32.9976 8.4125
5845.0000 33.0078 8.4098
5850.0000 33.0516 8.4258
5855.0000 33.0881 8.4416
5860.0000 33.1008 8.4393
5865.0000 33.1250 8.4331
5870.0000 33.1327 8.4321
5875.0000 33.1769 8.4689
5880.0000 33.1862 8.4667
5885.0000 33.2276 8.4751
5890.0000 33.2516 8.4736
5895.0000 33.2774 8.4721
5900.0000 33.3048 8.4703
5905.0000 33.3238 8.4687
5910.0000 33.3482 8.4653
5915.0000 33.3663 8.4614
5920.0000 33.3891 8.4598
5925.0000 33.4121 8.4571
5930.0000 33.4264 8.4541
5935.0000 33.4264 8.4541
5940.0000 33.4433 8.4505
5945.0000 33.4581 8.4464
5950.0000 33.4733 8.4465
5955.0000 33.5207 8.4702
5960.0000 33.5697 8.4952
5965.0000 33.6001 8.4935
5970.0000 33.6556 8.5224
5975.0000 33.7310 8.5599
5980.0000 33.7482 8.5185
5985.0000 33.7741 8.5188
5990.0000 33.7999 8.5151
5995.0000 33.8301 8.5135
6000.0000 33.8791 8.5520
6005.0000 33.9090 8.5487
6010.0000 33.9224 8.5466
6015.0000 33.9854 8.5719
6020.0000 33.9616 8.5239
6025.0000 34.0115 8.5372
6030.0000 34.0618 8.5523
6035.0000 34.1779 8.5924
6040.0000 34.2772 8.6381
6045.0000 34.3592 8.6722
6050.0000 34.3391 8.6230
6055.0000 34.3607 8.6197
6060.0000 34.3756 8.6158
6065.0000 34.3930 8.6117
6070.0000 34.4209 8.6050
6075.0000 34.4520 8.5962
6080.0000 34.4895 8.6252
6085.0000 34.4932 8.6245
6090.0000 34.4695 8.5829
6095.0000 34.5127 8.5866
6100.0000 34.5247 8.5845
6105.0000 34.5290 8.5836
6110.0000 34.5319 8.5817
6115.0000 34.5319 8.5817
6120.0000 34.5429 8.5770
6125.0000 34.5893 8.6094
6130.0000 34.6019 8.6057
6135.0000 34.6476 8.6186
6140.0000 34.6544 8.6163
6145.0000 34.6544 8.6163
6150.0000 34.6544 8.6163
6155.0000 34.6669 8.6132
6160.0000 34.6838 8.6106
6165.0000 34.7194 8.6212
6170.0000 34.7270 8.6235
6175.0000 34.7417 8.6283
6180.0000 34.7493 8.6309
6185.0000 34.7609 8.6326
6190.0000 34.7769 8.6421
6195.0000 34.8019 8.6402
6200.0000 34.8502 8.6824
6205.0000 34.8502 8.6824
6210.0000 34.8502 8.6824
6215.0000 34.8588 8.6792
6220.0000 34.9097 8.7112
6225.0000 34.9726 8.7569
6230.0000 35.0183 8.7980
6235.0000 35.0564 8.8028
6240.0000 35.0761 8.7972
6245.0000 35.0822 8.7959
6250.0000 35.1281 8.8235
6255.0000 35.1466 8.8177
6260.0000 35.1653 8.8159
6265.0000 35.1838 8.8156
6270.0000 35.1991 8.8150
6275.0000 35.2550 8.8299
6280.0000 35.2812 8.8282
6285.0000 35.3891 8.8746
6290.0000 35.4416 8.8983
6295.0000 35.4857 8.9191
6300.0000 35.5096 8.9199
6305.0000 35.5214 8.9183
6310.0000 35.5516 8.9159
6315.0000 35.5744 8.9112
6320.0000 35.6412 8.9133
6325.0000 35.6618 8.9051
6330.0000 35.6881 8.8956
6335.0000 35.7121 8.8914
6340.0000 35.7242 8.8686
6345.0000 35.7478 8.8650
6350.0000 35.7776 8.8567
6355.0000 35.7907 8.8525
6360.0000 35.8730 8.8921
6365.0000 35.9394 8.9112
6370.0000 36.0348 8.9601
6375.0000 36.1231 9.0196
6380.0000 36.1825 9.0544
6385.0000 36.2501 9.1016
6390.0000 36.2662 9.0973
6395.0000 36.2818 9.0946
6400.0000 36.3013 9.0949
6405.0000 36.3676 9.1459
6410.0000 36.3953 9.1371
6415.0000 36.4321 9.1295
6420.0000 36.4517 9.1210
6425.0000 36.4648 9.1179
6430.0000 36.5034 9.1288
6435.0000 36.5161 9.1301
6440.0000 36.5897 9.1704
6445.0000 36.6038 9.1661
6450.0000 36.6407 9.1746
6455.0000 36.6633 9.1726
6460.0000 36.6728 9.1714
6465.0000 36.6867 9.1673
6470.0000 36.7020 9.1629
6475.0000 36.7580 9.1611
6480.0000 36.7786 9.1537
6485.0000 36.8293 9.1584
6490.0000 36.8976 9.1979
6495.0000 36.9245 9.1932
6500.0000 36.9576 9.2025
6505.0000 36.9743 9.2005
6510.0000 37.0144 9.2131
6515.0000 37.0308 9.2106
6520.0000 37.0249 9.1622
6525.0000 37.0527 9.1603
6530.0000 37.0744 9.1581
6535.0000 37.1287 9.1732
6540.0000 37.1853 9.2145
6545.0000 37.1957 9.1972
6550.0000 37.2098 9.1979
6555.0000 37.2181 9.1954
6560.0000 37.2594 9.2028
6565.0000 37.2628 9.2025
6570.0000 37.2674 9.1823
6575.0000 37.2865 9.1766
6580.0000 37.3057 9.1702
6585.0000 37.3360 9.1995
6590.0000 37.3282 9.1820
6595.0000 37.3284 9.1676
6600.0000 37.3519 9.1636
6605.0000 37.4257 9.1919
6610.0000 37.4376 9.1897
6615.0000 37.4733 9.2009
6620.0000 37.4805 9.1998
6625.0000 37.4861 9.1980
6630.0000 37.4933 9.1943
6635.0000 37.5569 9.2221
6640.0000 37.5601 9.2105
6645.0000 37.6303 9.2492
6650.0000 37.6470 9.2449
6655.0000 37.6645 9.2032
6660.0000 37.6826 9.2010
6665.0000 37.7371 9.2347
6670.0000 37.8349 9.2837
6675.0000 37.8976 9.3289
6680.0000 37.8902 9.3065
6685.0000 37.9021 9.3041
6690.0000 37.9380 9.2946
6695.0000 37.9914 9.3078
6700.0000 38.0137 9.3055
6705.0000 38.0413 9.3004
6710.0000 38.0735 9.2935
6715.0000 38.1343 9.3322
6720.0000 38.1436 9.3312
6725.0000 38.1746 9.3405
6730.0000 38.1641 9.3074
6735.0000 38.1596 9.2795
6740.0000 38.1762 9.2756
6745.0000 38.1874 9.2723
6750.0000 38.2347 9.2992
6755.0000 38.2564 9.2966
6760.0000 38.2374 9.2661
6765.0000 38.3375 9.3122
6770.0000 38.3896 9.3292
6775.0000 38.3977 9.3294
6780.0000 38.3765 9.2853
6785.0000 38.4044 9.2819
6790.0000 38.4458 9.2976
6795.0000 38.4689 9.2887
6800.0000 38.4791 9.2858
6805.0000 38.4995 9.2811
6810.0000 38.5190 9.2757
6815.0000 38.5369 9.2742
6820.0000 38.5687 9.2653
6825.0000 38.5770 9.2635
6830.0000 38.5625 9.2177
6835.0000 38.5824 9.2141
6840.0000 38.6327 9.2424
6845.0000 38.6772 9.2673
6850.0000 38.7027 9.2708
6855.0000 38.7254 9.2733
6860.0000 38.7392 9.2723
6865.0000 38.8747 9.3609
6870.0000 38.9315 9.3846
6875.0000 38.9499 9.3824
6880.0000 38.9567 9.3805
6885.0000 38.9332 9.3407
6890.0000 38.9593 9.3371
6895.0000 38.9808 9.3322
6900.0000 39.0322 9.3431
6905.0000 39.0556 9.3426
6910.0000 39.0806 9.3418
6915.0000 39.1102 9.3683
6920.0000 39.1363 9.3806
6925.0000 39.1489 9.3833
6930.0000 39.1821 9.3856
6935.0000 39.2103 9.3972
6940.0000 39.2517 9.4320
6945.0000 39.2543 9.4170
6950.0000 39.2766 9.4152
6955.0000 39.2992 9.4121
6960.0000 39.2731 9.3730
6965.0000 39.2957 9.3935
6970.0000 39.3066 9.3911
6975.0000 39.3456 9.4141
6980.0000 39.3601 9.4304
6985.0000 39.3789 9.4276
6990.0000 39.3934 9.4320
6995.0000 39.4001 9.4134
7000.0000 39.5000 9.5036
7005.0000 39.4990 9.4947
7010.0000 39.4816 9.4606
7015.0000 39.4862 9.4605
7020.0000 39.4893 9.4583
7025.0000 39.5144 9.4856
7030.0000 39.5019 9.4550
7035.0000 39.5050 9.4554
7040.0000 39.5084 9.4539
7045.0000 39.5186 9.4473
7050.0000 39.5267 9.4472
7055.0000 39.5531 9.4371
7060.0000 39.5285 9.3975
7065.0000 39.5818 9.4448
7070.0000 39.5872 9.4409
7075.0000 39.5729 9.4090
7080.0000 39.5809 9.4038
7085.0000 39.6051 9.3925
7090.0000 39.6126 9.3874
7095.0000 39.6426 9.4120
7100.0000 39.6544 9.4079
7105.0000 39.6730 9.3987
7110.0000 39.7124 9.3862
7115.0000 39.6901 9.3336
7120.0000 39.7073 9.3312
7125.0000 39.7507 9.3590
7130.0000 39.8260 9.4021
7135.0000 39.8329 9.4003
7140.0000 39.8001 9.3523
7145.0000 39.8186 9.3565
7150.0000 39.7776 9.3035
7155.0000 39.7751 9.2844
7160.0000 39.7888 9.2796
7165.0000 39.8012 9.2796
7170.0000 39.7780 9.2342
7175.0000 39.8050 9.2331
7180.0000 39.8050 9.2331
7185.0000 39.8095 9.2312
7190.0000 39.8407 9.2613
7195.0000 39.9030 9.3163
7200.0000 39.9220 9.3099
7205.0000 39.9367 9.3103
7210.0000 39.9513 9.3097
7215.0000 39.9866 9.3433
7220.0000 39.9904 9.3416
7225.0000 39.9939 9.3417
7230.0000 40.0090 9.3379
7235.0000 39.9834 9.3095
7240.0000 40.0586 9.3486
7245.0000 40.1041 9.3889
7250.0000 40.1041 9.3889
7255.0000 40.1106 9.3867
7260.0000 40.0921 9.3522
7265.0000 40.1137 9.3741
7270.0000 40.0888 9.3272
7275.0000 40.0888 9.3272
7280.0000 40.0888 9.3272
7285.0000 40.0965 9.3248
7290.0000 40.1398 9.3461
7295.0000 40.1506 9.3466
7300.0000 40.2060 9.3889
7305.0000 40.2306 9.3828
7310.0000 40.2394 9.3801
7315.0000 40.2950 9.4108
7320.0000 40.2984 9.4095
7325.0000 40.3439 9.4423
7330.0000 40.3483 9.4406
7335.0000 40.3525 9.4380
7340.0000 40.3630 9.4337
7345.0000 40.3318 9.3979
7350.0000 40.3429 9.3956
7355.0000 40.3915 9.4335
7360.0000 40.4058 9.4354
7365.0000 40.4058 9.4354
7370.0000 40.4504 9.4726
7375.0000 40.4851 9.5043
7380.0000 40.5019 9.4938
7385.0000 40.5582 9.5366
7390.0000 40.6000 9.5672
7395.0000 40.5706 9.5144
7400.0000 40.5885 9.5127
7405.0000 40.6082 9.5111
7410.0000 40.6371 9.5096
7415.0000 40.6733 9.5481
7420.0000 40.7136 9.5779
7425.0000 40.7193 9.5760
7430.0000 40.7939 9.6454
7435.0000 40.8176 9.6352
7440.0000 40.8375 9.6307
7445.0000 40.8375 9.6307
7450.0000 40.8415 9.6290
7455.0000 40.8726 9.6456
7460.0000 40.8767 9.6229
7465.0000 40.9079 9.6130
7470.0000 40.9246 9.6092
7475.0000 40.9047 9.5736
7480.0000 40.8987 9.5332
7485.0000 40.8481 9.4458
7490.0000 40.9112 9.4708
7495.0000 40.9403 9.4806
7500.0000 40.9612 9.4743
7505.0000 40.9786 9.4718
7510.0000 41.0219 9.5015
7515.0000 41.0329 9.4986
7520.0000 41.0471 9.4932
7525.0000 41.0331 9.4481
7530.0000 41.0533 9.4500
7535.0000 41.0665 9.4487
7540.0000 41.0719 9.4486
7545.0000 41.1038 9.4553
7550.0000 41.1149 9.4522
7555.0000 41.1202 9.4522
7560.0000 41.1410 9.4499
7565.0000 41.1593 9.4518
7570.0000 41.1943 9.4681
7575.0000 41.2140 9.4722
7580.0000 41.2140 9.4722
7585.0000 41.1791 9.4248
7590.0000 41.2276 9.4478
7595.0000 41.2453 9.4577
7600.0000 41.2488 9.4215
7605.0000 41.3425 9.4730
7610.0000 41.3998 9.4952
7615.0000 41.4564 9.5281
7620.0000 41.4727 9.5219
7625.0000 41.4954 9.5160
7630.0000 41.4988 9.5134
7635.0000 41.5110 9.5057
7640.0000 41.5198 9.5019
7645.0000 41.5545 9.5336
7650.0000 41.6109 9.5656
7655.0000 41.6087 9.5293
7660.0000 41.6219 9.5280
7665.0000 41.6492 9.5395
7670.0000 41.6545 9.5250
7675.0000 41.6358 9.5008
7680.0000 41.6995 9.5590
7685.0000 41.6940 9.5419
7690.0000 41.7093 9.5425
7695.0000 41.7140 9.5438
7700.0000 41.7399 9.5423
7705.0000 41.7567 9.5443
7710.0000 41.8257 9.5676
7715.0000 41.8360 9.5713
7720.0000 41.8463 9.5724
7725.0000 41.8015 9.5168
7730.0000 41.8161 9.5173
7735.0000 41.8272 9.5177
7740.0000 41.8435 9.5182
7745.0000 41.8143 9.4824
7750.0000 41.8143 9.4824
7755.0000 41.8143 9.4824
7760.0000 41.8143 9.4824
7765.0000 41.7835 9.4411
7770.0000 41.7244 9.3619
7775.0000 41.7280 9.3590
7780.0000 41.7280 9.3590
7785.0000 41.7388 9.3649
7790.0000 41.8186 9.4354
7795.0000 41.8640 9.4517
7800.0000 41.9079 9.4634
7805.0000 41.9303 9.4533
7810.0000 42.0124 9.5098
7815.0000 42.0411 9.5360
7820.0000 42.0281 9.5137
7825.0000 42.0271 9.5127
7830.0000 42.0716 9.5372
7835.0000 42.1123 9.5796
7840.0000 42.1123 9.5796
7845.0000 42.1180 9.5773
7850.0000 42.1276 9.5719
7855.0000 42.1564 9.5848
7860.0000 42.2424 9.6553
7865.0000 42.2550 9.6505
7870.0000 42.2472 9.6257
7875.0000 42.2472 9.6257
7880.0000 42.2521 9.6218
7885.0000 42.2674 9.6125
7890.0000 42.2237 9.5619
7895.0000 42.2552 9.5706
7900.0000 42.2662 9.5690
7905.0000 42.2662 9.5690
7910.0000 42.2694 9.5698
7915.0000 42.2816 9.5693
7920.0000 42.2967 9.5677
7925.0000 42.3621 9.6005
7930.0000 42.3858 9.6121
7935.0000 42.3753 9.5948
7940.0000 42.3785 9.5946
7945.0000 42.4594 9.6469
7950.0000 42.4493 9.6126
7955.0000 42.5249 9.6559
7960.0000 42.5831 9.6948
7965.0000 42.5831 9.6948
7970.0000 42.5483 9.6524
7975.0000 42.5529 9.6501
7980.0000 42.5449 9.6185
7985.0000 42.6006 9.6410
7990.0000 42.6053 9.6403
7995.0000 42.6053 9.6403
8000.0000 42.6261 9.6447
8005.0000 42.6395 9.6375
8010.0000 42.6760 9.6644
8015.0000 42.6871 9.6596
8020.0000 42.6942 9.6587
8025.0000 42.6942 9.6587
8030.0000 42.7001 9.6545
8035.0000 42.7116 9.6512
8040.0000 42.6896 9.6205
8045.0000 42.7211 9.6489
8050.0000 42.7211 9.6489
8055.0000 42.7307 9.6484
8060.0000 42.7415 9.6454
8065.0000 42.8095 9.6868
8070.0000 42.7880 9.6568
8075.0000 42.8053 9.6537
8080.0000 42.8196 9.6528
8085.0000 42.8366 9.6552
8090.0000 42.8550 9.6589
8095.0000 42.8644 9.6598
8100.0000 42.8743 9.6572
8105.0000 42.8907 9.6542
8110.0000 42.9149 9.6513
8115.0000 42.9149 9.6513
8120.0000 42.9274 9.6536
8125.0000 42.8844 9.5873
8130.0000 42.8894 9.5873
8135.0000 42.9730 9.6689
8140.0000 42.9730 9.6689
8145.0000 42.9730 9.6689
8150.0000 42.9686 9.6445
8155.0000 43.0088 9.6698
8160.0000 43.0150 9.6678
8165.0000 43.0150 9.6678
8170.0000 43.0182 9.6671
8175.0000 43.0257 9.6658
8180.0000 43.0466 9.6626
8185.0000 43.0584 9.6559
8190.0000 43.0702 9.6500
8195.0000 43.0743 9.6479
8200.0000 43.0891 9.6457
8205.0000 43.1492 9.6753
8210.0000 43.1678 9.6724
8215.0000 43.1128 9.6089
8220.0000 43.1210 9.6082
8225.0000 43.1461 9.6334
8230.0000 43.1947 9.6764
8235.0000 43.1947 9.6764
8240.0000 43.2027 9.6543
8245.0000 43.2080 9.6529
8250.0000 43.2080 9.6529
8255.0000 43.3003 9.7207
8260.0000 43.2442 9.6482
8265.0000 43.2592 9.6417
8270.0000 43.2741 9.6326
8275.0000 43.2870 9.6263
8280.0000 43.3044 9.6396
8285.0000 43.3208 9.6469
8290.0000 43.3273 9.6465
8295.0000 43.3455 9.6457
8300.0000 43.3485 9.6456
8305.0000 43.3531 9.6380
8310.0000 43.4035 9.6650
8315.0000 43.4136 9.6636
8320.0000 43.4393 9.6764
8325.0000 43.4516 9.6726
8330.0000 43.4516 9.6726
8335.0000 43.4939 9.7151
8340.0000 43.5203 9.7261
8345.0000 43.5203 9.7261
8350.0000 43.5250 9.7247
8355.0000 43.5687 9.7573
8360.0000 43.5807 9.7498
8365.0000 43.5745 9.7156
8370.0000 43.5826 9.7179
8375.0000 43.6610 9.7841
8380.0000 43.6737 9.7820
8385.0000 43.6792 9.7801
8390.0000 43.6842 9.7783
8395.0000 43.6886 9.7780
8400.0000 43.6380 9.7245
8405.0000 43.6753 9.7543
8410.0000 43.6793 9.7346
8415.0000 43.6687 9.7161
8420.0000 43.7236 9.7258
8425.0000 43.8192 9.7870
8430.0000 43.8360 9.7841
8435.0000 43.8500 9.7941
8440.0000 43.8629 9.7885
8445.0000 43.9147 9.8338
8450.0000 43.9016 9.8147
8455.0000 43.9286 9.8222
8460.0000 43.9638 9.8487
8465.0000 43.9774 9.8450
8470.0000 43.9702 9.8218
8475.0000 43.9769 9.8212
8480.0000 43.9630 9.8074
8485.0000 43.9739 9.8063
8490.0000 43.9855 9.8057
8495.0000 43.9950 9.8051
8500.0000 44.0056 9.8060
8505.0000 44.0603 9.8561
8510.0000 44.0706 9.8676
8515.0000 44.0851 9.8642
8520.0000 44.0997 9.8654
8525.0000 44.1121 9.8629
8530.0000 44.1274 9.8577
8535.0000 44.1463 9.8575
8540.0000 44.1834 9.8819
8545.0000 44.1942 9.8884
8550.0000 44.1600 9.8446
8555.0000 44.1459 9.8304
8560.0000 44.1708 9.8440
8565.0000 44.1708 9.8440
8570.0000 44.1681 9.8365
8575.0000 44.1739 9.8350
8580.0000 44.1375 9.7995
8585.0000 44.1726 9.8297
8590.0000 44.1789 9.8264
8595.0000 44.1823 9.8262
8600.0000 44.2150 9.8519
8605.0000 44.1884 9.8235
8610.0000 44.1621 9.7967
8615.0000 44.1223 9.7561
8620.0000 44.1370 9.7541
8625.0000 44.1407 9.7539
8630.0000 44.1470 9.7513
8635.0000 44.1515 9.7507
8640.0000 44.1745 9.7727
8645.0000 44.1819 9.7734
8650.0000 44.2186 9.8010
8655.0000 44.2403 9.8147
8660.0000 44.2465 9.8145
8665.0000 44.2880 9.8526
8670.0000 44.2922 9.8529
8675.0000 44.3106 9.8545
8680.0000 44.2931 9.8262
8685.0000 44.2981 9.8236
8690.0000 44.2981 9.8236
8695.0000 44.3106 9.8238
8700.0000 44.3563 9.8616
8705.0000 44.3346 9.8334
8710.0000 44.3256 9.8197
8715.0000 44.3382 9.8184
8720.0000 44.3423 9.8168
8725.0000 44.3517 9.8149
8730.0000 44.3969 9.8602
8735.0000 44.4039 9.8584
8740.0000 44.4064 9.8571
8745.0000 44.4416 9.8885
8750.0000 44.4561 9.8875
8755.0000 44.4715 9.9026
8760.0000 44.4715 9.9026
8765.0000 44.4771 9.9012
8770.0000 44.4719 9.8846
8775.0000 44.4320 9.8449
8780.0000 44.4848 9.8895
8785.0000 44.4905 9.8869
8790.0000 44.4731 9.8689
8795.0000 44.4503 9.8429
8800.0000 44.4636 9.8453
8805.0000 44.4861 9.8452
8810.0000 44.5036 9.8460
8815.0000 44.5395 9.8426
8820.0000 44.5538 9.8421
8825.0000 44.5841 9.8436
8830.0000 44.5969 9.8430
8835.0000 44.5983 9.8361
8840.0000 44.6453 9.8542
8845.0000 44.6518 9.8433
8850.0000 44.6922 9.8757
8855.0000 44.7134 9.8934
8860.0000 44.6638 9.8221
8865.0000 44.6777 9.8145
8870.0000 44.6908 9.8139
8875.0000 44.7234 9.8155
8880.0000 44.7948 9.8589
8885.0000 44.8407 9.8906
8890.0000 44.8873 9.9093
8895.0000 44.9359 9.9390
8900.0000 44.9517 9.9310
8905.0000 44.9968 9.9559
8910.0000 45.0109 9.9550
8915.0000 45.0190 9.9556
8920.0000 45.0246 9.9560
8925.0000 44.9935 9.9128
8930.0000 45.0012 9.9138
8935.0000 44.9652 9.8778
8940.0000 44.9753 9.8785
8945.0000 44.9642 9.8680
8950.0000 44.9809 9.8737
8955.0000 44.9281 9.8040
8960.0000 44.9452 9.7981
8965.0000 44.9605 9.8014
8970.0000 44.9663 9.8032
8975.0000 44.9690 9.8013
8980.0000 45.0044 9.8265
8985.0000 45.0236 9.8228
8990.0000 44.9809 9.7563
8995.0000 45.0336 9.7972
9000.0000 45.0414 9.7960
9005.0000 45.0523 9.7944
9010.0000 45.0663 9.7897
9015.0000 45.0864 9.7871
9020.0000 45.1054 9.7899
9025.0000 45.1201 9.7897
9030.0000 45.1354 9.7898
9035.0000 45.0909 9.7220
9040.0000 45.1287 9.7239
9045.0000 45.1460 9.7191
9050.0000 45.1608 9.7229
9055.0000 45.2136 9.7640
9060.0000 45.2254 9.7597
9065.0000 45.2612 9.7726
9070.0000 45.2781 9.7646
9075.0000 45.2444 9.7131
9080.0000 45.2478 9.6944
9085.0000 45.2765 9.6912
9090.0000 45.3031 9.6847
9095.0000 45.3144 9.6820
9100.0000 45.3228 9.6772
9105.0000 45.3461 9.6777
9110.0000 45.3634 9.6730
9115.0000 45.4004 9.6671
9120.0000 45.4139 9.6608
9125.0000 45.4267 9.6546
9130.0000 45.4436 9.6470
9135.0000 45.4465 9.6061
9140.0000 45.5243 9.6247
9145.0000 45.5452 9.6219
9150.0000 45.5896 9.6133
9155.0000 45.6193 9.6069
9160.0000 45.6390 9.6026
9165.0000 45.6709 9.6023
9170.0000 45.6954 9.5981
9175.0000 45.7538 9.6313
9180.0000 45.7711 9.6270
9185.0000 45.7786 9.6237
9190.0000 45.8001 9.6204
9195.0000 45.8081 9.6178
9200.0000 45.8000 9.5881
9205.0000 45.8688 9.6168
9210.0000 45.8858 9.6108
9215.0000 45.9043 9.6075
9220.0000 45.9552 9.6277
9225.0000 45.9979 9.6293
9230.0000 45.9879 9.6008
9235.0000 45.9926 9.5824
9240.0000 45.9974 9.5795
9245.0000 46.0010 9.5796
9250.0000 46.0064 9.5803
9255.0000 46.0172 9.5794
9260.0000 46.0172 9.5794
9265.0000 45.9804 9.5372
9270.0000 46.0018 9.5397
9275.0000 46.0379 9.5567
9280.0000 46.0427 9.5426
9285.0000 46.0427 9.5426
9290.0000 46.0471 9.5430
9295.0000 46.0822 9.5694
9300.0000 46.0992 9.5683
9305.0000 46.0951 9.5508
9310.0000 46.1132 9.5543
9315.0000 46.1764 9.5952
9320.0000 46.2076 9.6158
9325.0000 46.2294 9.6309
9330.0000 46.2046 9.5991
9335.0000 46.2761 9.6597
9340.0000 46.2917 9.6550
9345.0000 46.2808 9.6399
9350.0000 46.3082 9.6531
9355.0000 46.3246 9.6534
9360.0000 46.3362 9.6531
9365.0000 46.3463 9.6504
9370.0000 46.2933 9.5844
9375.0000 46.2981 9.5826
9380.0000 46.3061 9.5770
9385.0000 46.3573 9.5970
9390.0000 46.3725 9.5942
9395.0000 46.4024 9.6140
9400.0000 46.4045 9.6034
9405.0000 46.4084 9.6003
9410.0000 46.4214 9.5980
9415.0000 46.4373 9.5989
9420.0000 46.4558 9.6025
9425.0000 46.4648 9.5995
9430.0000 46.4452 9.5644
9435.0000 46.5084 9.6227
9440.0000 46.5180 9.6204
9445.0000 46.5273 9.6161
9450.0000 46.5450 9.6092
9455.0000 46.5481 9.6071
9460.0000 46.5553 9.6074
9465.0000 46.5646 9.6049
9470.0000 46.5728 9.6041
9475.0000 46.5919 9.5979
9480.0000 46.6391 9.6372
9485.0000 46.6422 9.6355
9490.0000 46.6528 9.6455
9495.0000 46.6558 9.6440
9500.0000 46.6619 9.6448
9505.0000 46.6986 9.6678
9510.0000 46.7208 9.6670
9515.0000 46.7342 9.6666
9520.0000 46.7387 9.6680
9525.0000 46.7622 9.6644
9530.0000 46.8273 9.6955
9535.0000 46.8487 9.6973
9540.0000 46.8897 9.7238
9545.0000 46.8434 9.6718
9550.0000 46.8579 9.6690
9555.0000 46.8268 9.6287
9560.0000 46.8357 9.6267
9565.0000 46.8673 9.6436
9570.0000 46.8707 9.6375
9575.0000 46.8347 9.5915
9580.0000 46.8565 9.5804
9585.0000 46.8745 9.5743
9590.0000 46.8940 9.5644
9595.0000 46.9133 9.5517
9600.0000 46.9218 9.5467
9605.0000 46.9288 9.5447
9610.0000 46.9490 9.5439
9615.0000 46.9709 9.5435
9620.0000 46.9746 9.5418
9625.0000 46.9746 9.5418
9630.0000 46.9788 9.5423
9635.0000 46.9899 9.5404
9640.0000 47.0015 9.5413
9645.0000 47.0177 9.5378
9650.0000 47.0231 9.5383
9655.0000 47.0231 9.5383
9660.0000 47.0096 9.5256
9665.0000 47.0138 9.5231
9670.0000 47.0224 9.5177
9675.0000 47.0533 9.5065
9680.0000 47.0887 9.5271
9685.0000 47.0955 9.5241
9690.0000 47.1453 9.5661
9695.0000 47.1615 9.5694
9700.0000 47.1167 9.5259
9705.0000 47.1428 9.5268
9710.0000 47.1838 9.5470
9715.0000 47.1838 9.5470
9720.0000 47.1838 9.5470
9725.0000 47.1899 9.5461
9730.0000 47.1889 9.5396
9735.0000 47.1672 9.5059
9740.0000 47.1791 9.5012
9745.0000 47.2387 9.5450
9750.0000 47.2494 9.5397
9755.0000 47.2689 9.5530
9760.0000 47.2757 9.5535
9765.0000 47.2925 9.5483
9770.0000 47.3057 9.5465
9775.0000 47.3156 9.5462
9780.0000 47.3357 9.5474
9785.0000 47.3448 9.5456
9790.0000 47.3525 9.5425
9795.0000 47.3276 9.5084
9800.0000 47.3461 9.5066
9805.0000 47.3565 9.5057
9810.0000 47.3610 9.5038
9815.0000 47.3738 9.4983
9820.0000 47.3827 9.5009
9825.0000 47.4027 9.5021
9830.0000 47.4147 9.5048
9835.0000 47.4220 9.5060
9840.0000 47.4544 9.5330
9845.0000 47.4338 9.4935
9850.0000 47.4972 9.5400
9855.0000 47.5168 9.5398
9860.0000 47.5005 9.5134
9865.0000 47.5042 9.5105
9870.0000 47.5511 9.5375
9875.0000 47.5898 9.5591
9880.0000 47.5939 9.5586
9885.0000 47.5939 9.5586
9890.0000 47.5939 9.5586
9895.0000 47.6021 9.5597
9900.0000 47.6021 9.5597
9905.0000 47.6201 9.5547
9910.0000 47.6366 9.5444
9915.0000 47.6366 9.5444
9920.0000 47.6634 9.5697
9925.0000 47.7371 9.6268
9930.0000 47.7673 9.6338
9935.0000 47.7881 9.6268
9940.0000 47.7636 9.5797
9945.0000 47.7191 9.5301
9950.0000 47.7191 9.5301
9955.0000 47.7670 9.5628
9960.0000 47.7826 9.5621
9965.0000 47.7957 9.5600
9970.0000 47.7957 9.5600
9975.0000 47.8513 9.6084
9980.0000 47.8513 9.6084
9985.0000 47.8194 9.5682
9990.0000 47.8448 9.5867
9995.0000 47.8545 9.5829
10000.0000 47.8502 9.5740
10005.0000 47.9107 9.6237
10010.0000 47.9107 9.6237
10015.0000 47.9634 9.6603
10020.0000 47.9921 9.6539
10025.0000 47.9921 9.6539
10030.0000 47.9921 9.6539
10035.0000 47.9839 9.6464
10040.0000 48.0004 9.6624
10045.0000 47.9744 9.6247
10050.0000 48.0374 9.6699
10055.0000 48.0535 9.6772
10060.0000 48.0296 9.6503
10065.0000 48.0445 9.6440
10070.0000 48.0621 9.6389
10075.0000 48.0906 9.6430
10080.0000 48.1359 9.6548
10085.0000 48.1478 9.6472
10090.0000 48.1902 9.6762
10095.0000 48.1635 9.6402
10100.0000 48.1756 9.6341
10105.0000 48.1896 9.6292
10110.0000 48.2106 9.6234
10115.0000 48.2174 9.6184
10120.0000 48.1863 9.5823
10125.0000 48.1977 9.5784
10130.0000 48.2092 9.5742
10135.0000 48.2148 9.5668
10140.0000 48.2284 9.5645
10145.0000 48.2020 9.5185
10150.0000 48.2165 9.5184
10155.0000 48.2239 9.5176
10160.0000 48.2419 9.5161
10165.0000 48.2560 9.5089
10170.0000 48.2334 9.4679
10175.0000 48.2535 9.4554
10180.0000 48.2561 9.4542
10185.0000 48.2393 9.4245
10190.0000 48.2533 9.4211
10195.0000 48.2942 9.4477
10200.0000 48.3113 9.4433
10205.0000 48.3686 9.4768
10210.0000 48.3558 9.4525
10215.0000 48.4302 9.4929
10220.0000 48.4219 9.4633
10225.0000 48.4333 9.4620
10230.0000 48.4470 9.4611
10235.0000 48.5523 9.5337
10240.0000 48.6013 9.5670
10245.0000 48.6186 9.5625
10250.0000 48.6371 9.5634
10255.0000 48.6157 9.5302
10260.0000 48.6282 9.5304
10265.0000 48.6294 9.5190
10270.0000 48.6382 9.5150
10275.0000 48.6005 9.4713
10280.0000 48.5930 9.4507
10285.0000 48.5974 9.4528
10290.0000 48.6362 9.4908
10295.0000 48.6834 9.5045
10300.0000 48.7231 9.5238
10305.0000 48.7418 9.5188
10310.0000 48.6966 9.4599
10315.0000 48.7443 9.4878
10320.0000 48.7483 9.4878
10325.0000 48.7669 9.4848
10330.0000 48.8156 9.5196
10335.0000 48.8429 9.5441
10340.0000 48.8577 9.5537
10345.0000 48.8572 9.5533
10350.0000 48.8483 9.5443
10355.0000 48.8627 9.5538
10360.0000 48.9087 9.5827
10365.0000 48.8750 9.5277
10370.0000 48.9179 9.5598
10375.0000 48.9179 9.5598
10380.0000 48.8938 9.5347
10385.0000 48.8618 9.4982
10390.0000 48.8487 9.4754
10395.0000 48.9116 9.5045
10400.0000 48.8924 9.4765
10405.0000 48.9033 9.4748
10410.0000 48.9115 9.4751
10415.0000 48.9199 9.4711
10420.0000 48.8990 9.4323
10425.0000 48.9349 9.4412
10430.0000 48.9562 9.4598
10435.0000 48.9590 9.4493
10440.0000 49.0001 9.4839
10445.0000 49.0119 9.4880
10450.0000 49.0219 9.4879
10455.0000 48.9948 9.4482
10460.0000 49.0261 9.4525
10465.0000 49.0397 9.4573
10470.0000 49.0487 9.4575
10475.0000 49.0581 9.4556
10480.0000 49.0772 9.4597
10485.0000 49.0888 9.4575
10490.0000 49.1083 9.4493
10495.0000 49.1159 9.4426
10500.0000 49.1251 9.4384
10505.0000 49.1331 9.4339
10510.0000 49.1331 9.4339
10515.0000 49.1192 9.4049
10520.0000 49.1477 9.4099
10525.0000 49.1714 9.4100
10530.0000 49.1493 9.3746
10535.0000 49.1637 9.3707
10540.0000 49.1462 9.3393
10545.0000 49.1503 9.3390
10550.0000 49.1477 9.3301
10555.0000 49.1660 9.3473
10560.0000 49.1415 9.3170
10565.0000 49.1506 9.3186
10570.0000 49.1600 9.3188
10575.0000 49.1395 9.2788
10580.0000 49.1547 9.2720
10585.0000 49.2076 9.3012
10590.0000 49.2272 9.2917
10595.0000 49.2315 9.2938
10600.0000 49.2889 9.3396
10605.0000 49.3088 9.3390
10610.0000 49.3609 9.3750
10615.0000 49.3750 9.3733
10620.0000 49.3335 9.3318
10625.0000 49.3700 9.3643
10630.0000 49.4123 9.3878
10635.0000 49.4387 9.3821
10640.0000 49.4697 9.3881
10645.0000 49.4968 9.3838
10650.0000 49.5269 9.3836
10655.0000 49.5076 9.3508
10660.0000 49.5607 9.3886
10665.0000 49.5875 9.3852
10670.0000 49.5728 9.3561
10675.0000 49.6112 9.3790
10680.0000 49.6112 9.3790
10685.0000 49.6164 9.3763
10690.0000 49.6880 9.4300
10695.0000 49.7080 9.4273
10700.0000 49.6856 9.3963
10705.0000 49.7149 9.4083
10710.0000 49.7336 9.4225
10715.0000 49.7098 9.3941
10720.0000 49.6936 9.3690
10725.0000 49.7141 9.3733
10730.0000 49.7715 9.4163
10735.0000 49.7448 9.3833
10740.0000 49.7594 9.3881
10745.0000 49.7767 9.3857
10750.0000 49.7949 9.3836
10755.0000 49.8247 9.3888
10760.0000 49.8273 9.3871
10765.0000 49.8305 9.3886
10770.0000 49.8423 9.3920
10775.0000 49.8663 9.3948
10780.0000 49.8348 9.3415
10785.0000 49.8393 9.3415
10790.0000 49.8395 9.3218
10795.0000 49.8935 9.3635
10800.0000 49.8858 9.3488
10805.0000 49.9170 9.3465
10810.0000 49.9342 9.3408
10815.0000 49.9558 9.3407
10820.0000 49.9669 9.3336
10825.0000 49.9801 9.3228
10830.0000 50.0031 9.3203
10835.0000 50.0222 9.3259
10840.0000 50.0321 9.3298
10845.0000 50.0447 9.3356
10850.0000 50.0580 9.3357
10855.0000 50.0633 9.3338
10860.0000 50.0707 9.3312
10865.0000 50.0873 9.3312
10870.0000 50.0873 9.3312
10875.0000 50.0941 9.3317
10880.0000 50.1369 9.3606
10885.0000 50.1412 9.3592
10890.0000 50.1511 9.3543
10895.0000 50.1542 9.3291
10900.0000 50.1621 9.3286
10905.0000 50.1621 9.3286
10910.0000 50.1273 9.2933
10915.0000 50.1824 9.3229
10920.0000 50.1884 9.3230
10925.0000 50.1922 9.3092
10930.0000 50.2111 9.3109
10935.0000 50.2143 9.3097
10940.0000 50.2143 9.3097
10945.0000 50.2241 9.3088
10950.0000 50.2343 9.3070
10955.0000 50.2500 9.3048
10960.0000 50.2667 9.3079
10965.0000 50.3144 9.3480
10970.0000 50.3583 9.3799
10975.0000 50.3396 9.3543
10980.0000 50.3640 9.3577
10985.0000 50.3768 9.3572
10990.0000 50.3906 9.3609
10995.0000 50.3948 9.3615
11000.0000 50.4021 9.3585
11005.0000 50.4089 9.3559
11010.0000 50.4278 9.3544
11015.0000 50.4884 9.3920
11020.0000 50.5079 9.3873
11025.0000 50.5218 9.3870
11030.0000 50.5359 9.3858
11035.0000 50.5462 9.3862
11040.0000 50.5694 9.3869
11045.0000 50.5741 9.3872
11050.0000 50.5919 9.3925
11055.0000 50.6007 9.3906
11060.0000 50.6259 9.3978
11065.0000 50.6317 9.3985
11070.0000 50.6724 9.4088
11075.0000 50.6601 9.3978
11080.0000 50.6816 9.3943
11085.0000 50.6451 9.3516
11090.0000 50.7026 9.3861
11095.0000 50.7150 9.3861
11100.0000 50.7186 9.3852
11105.0000 50.6822 9.3409
11110.0000 50.7191 9.3544
11115.0000 50.7379 9.3452
11120.0000 50.7787 9.3401
11125.0000 50.8031 9.3354
11130.0000 50.8110 9.3260
11135.0000 50.8462 9.3232
11140.0000 50.8709 9.3205
11145.0000 50.8984 9.3191
11150.0000 50.9061 9.3190
11155.0000 50.9307 9.3221
11160.0000 50.9343 9.3216
11165.0000 50.9479 9.3189
11170.0000 50.9713 9.3267
11175.0000 50.9878 9.3224
11180.0000 50.9998 9.3245
11185.0000 51.0112 9.3239
11190.0000 51.0112 9.3239
11195.0000 51.0195 9.3141
11200.0000 51.0195 9.3141
11205.0000 50.9807 9.2604
11210.0000 50.9862 9.2551
11215.0000 50.9966 9.2517
11220.0000 51.0260 9.2526
11225.0000 51.0309 9.2541
11230.0000 51.0454 9.2529
11235.0000 51.0504 9.2509
11240.0000 51.0564 9.2513
11245.0000 51.0616 9.2516
11250.0000 51.0994 9.2723
11255.0000 51.1333 9.2962
11260.0000 51.1422 9.2908
11265.0000 51.1877 9.3240
11270.0000 51.1877 9.3240
11275.0000 51.1876 9.3240
11280.0000 51.1958 9.3234
11285.0000 51.1710 9.2951
11290.0000 51.1598 9.2787
11295.0000 51.1654 9.2757
11300.0000 51.1614 9.2722
11305.0000 51.1724 9.2695
11310.0000 51.1735 9.2673
11315.0000 51.1189 9.2084
11320.0000 51.1220 9.2070
11325.0000 51.1220 9.2070
11330.0000 51.1553 9.2272
11335.0000 51.2381 9.2795
11340.0000 51.2999 9.2995
11345.0000 51.3299 9.3104
11350.0000 51.3243 9.3011
11355.0000 51.3192 9.2929
11360.0000 51.3754 9.3264
11365.0000 51.3985 9.3229
11370.0000 51.4448 9.3478
11375.0000 51.4702 9.3703
11380.0000 51.4507 9.3488
11385.0000 51.4602 9.3499
11390.0000 51.4687 9.3544
11395.0000 51.4748 9.3546
11400.0000 51.4706 9.3423
11405.0000 51.4828 9.3417
11410.0000 51.4862 9.3426
11415.0000 51.4440 9.3064
11420.0000 51.3979 9.2646
11425.0000 51.3873 9.2431
11430.0000 51.3635 9.2041
11435.0000 51.3938 9.2208
11440.0000 51.4143 9.2122
11445.0000 51.4290 9.2075
11450.0000 51.4360 9.2072
11455.0000 51.4617 9.2066
11460.0000 51.5244 9.2417
11465.0000 51.5326 9.2449
11470.0000 51.5454 9.2425
11475.0000 51.5338 9.2325
11480.0000 51.5404 9.2362
11485.0000 51.5488 9.2362
11490.0000 51.5673 9.2445
11495.0000 51.5906 9.2487
11500.0000 51.5906 9.2487
11505.0000 51.6065 9.2521
11510.0000 51.6109 9.2492
11515.0000 51.6109 9.2492
11520.0000 51.6198 9.2461
11525.0000 51.6397 9.2481
11530.0000 51.6465 9.2442
11535.0000 51.6790 9.2633
11540.0000 51.6862 9.2606
11545.0000 51.6887 9.2597
11550.0000 51.7328 9.2831
11555.0000 51.7372 9.2838
11560.0000 51.7410 9.2848
11565.0000 51.7387 9.2831
11570.0000 51.7418 9.2816
11575.0000 51.7075 9.2529
11580.0000 51.7191 9.2499
11585.0000 51.7676 9.2726
11590.0000 51.7692 9.2468
11595.0000 51.7792 9.2409
11600.0000 51.7490 9.1997
11605.0000 51.7743 9.2028
11610.0000 51.7952 9.2020
11615.0000 51.7982 9.2037
11620.0000 51.7811 9.1832
11625.0000 51.8417 9.2276
11630.0000 51.8615 9.2207
11635.0000 51.8751 9.2184
11640.0000 51.9314 9.2548
11645.0000 51.9400 9.2516
11650.0000 51.8837 9.1968
11655.0000 51.8928 9.1972
11660.0000 51.8485 9.1557
11665.0000 51.8667 9.1566
11670.0000 51.8823 9.1528
11675.0000 51.8902 9.1556
11680.0000 51.8783 9.1451
11685.0000 51.8809 9.1428
11690.0000 51.9050 9.1419
11695.0000 51.9233 9.1386
11700.0000 51.9219 9.1087
11705.0000 51.9327 9.1006
11710.0000 51.9726 9.1170
11715.0000 51.9897 9.1113
11720.0000 51.9331 9.0357
11725.0000 51.9481 9.0303
11730.0000 51.9396 9.0053
11735.0000 51.9560 9.0056
11740.0000 51.9762 9.0035
11745.0000 52.0296 9.0321
11750.0000 52.0515 9.0331
11755.0000 52.0730 9.0326
11760.0000 52.0921 9.0301
11765.0000 52.0970 9.0313
11770.0000 52.1082 9.0312
11775.0000 52.1253 9.0306
11780.0000 52.1479 9.0295
11785.0000 52.1929 9.0472
11790.0000 52.2417 9.0654
11795.0000 52.2612 9.0602
11800.0000 52.2962 9.0498
11805.0000 52.3286 9.0433
11810.0000 52.3533 9.0339
11815.0000 52.3572 9.0330
11820.0000 52.3745 9.0290
11825.0000 52.3875 9.0247
11830.0000 52.4064 9.0178
11835.0000 52.4290 9.0158
11840.0000 52.4437 9.0148
11845.0000 52.4634 9.0153
11850.0000 52.4743 9.0139
11855.0000 52.4916 9.0062
11860.0000 52.5176 8.9977
11865.0000 52.5295 8.9973
11870.0000 52.5434 9.0003
11875.0000 52.5593 9.0027
11880.0000 52.5897 8.9949
11885.0000 52.6182 8.9849
11890.0000 52.6640 8.9744
11895.0000 52.6836 8.9730
11900.0000 52.7323 8.9885
11905.0000 52.7591 8.9984
11910.0000 52.8053 9.0283
11915.0000 52.8248 9.0295
11920.0000 52.8851 9.0598
11925.0000 52.8662 9.0337
11930.0000 52.8801 9.0385
11935.0000 52.8969 9.0466
11940.0000 52.9179 9.0529
11945.0000 52.9402 9.0533
11950.0000 52.9507 9.0557
11955.0000 52.9333 9.0379
11960.0000 52.9895 9.0789
11965.0000 52.9881 9.0709
11970.0000 53.0048 9.0739
11975.0000 53.0324 9.0736
11980.0000 53.0693 9.0968
11985.0000 53.0786 9.1025
11990.0000 53.0874 9.1035
11995.0000 53.0543 9.0582
12000.0000 53.0789 9.0596
12005.0000 53.0788 9.0446
12010.0000 53.0886 9.0475
12015.0000 53.0945 9.0515
12020.0000 53.1073 9.0611
12025.0000 53.1406 9.0754
12030.0000 53.1540 9.0786
12035.0000 53.1710 9.0787
12040.0000 53.1976 9.0840
12045.0000 53.2498 9.1114
12050.0000 53.2091 9.0783
12055.0000 53.2821 9.1164
12060.0000 53.2888 9.1145
12065.0000 53.3166 9.1113
12070.0000 53.3271 9.1087
12075.0000 53.3402 9.1069
12080.0000 53.3509 9.1070
12085.0000 53.3625 9.1063
12090.0000 53.3838 9.1036
12095.0000 53.4005 9.1030
12100.0000 53.4089 9.1036
12105.0000 53.4485 9.1264
12110.0000 53.4538 9.1270
12115.0000 53.5080 9.1156
12120.0000 53.5242 9.1116
12125.0000 53.5526 9.1182
12130.0000 53.6070 9.1366
12135.0000 53.6200 9.1264
12140.0000 53.5888 9.0833
12145.0000 53.5824 9.0553
12150.0000 53.6048 9.0582
12155.0000 53.6096 9.0595
12160.0000 53.6231 9.0634
12165.0000 53.6333 9.0639
12170.0000 53.6583 9.0676
12175.0000 53.7672 9.1221
12180.0000 53.7776 9.1088
12185.0000 53.8065 9.1092
12190.0000 53.8251 9.1147
12195.0000 53.8316 9.1168
12200.0000 53.8504 9.1155
12205.0000 53.9013 9.1351
12210.0000 53.9284 9.1364
12215.0000 53.9307 9.1366
12220.0000 53.9806 9.1647
12225.0000 54.0197 9.1774
12230.0000 54.0226 9.1757
12235.0000 53.9526 9.1123
12240.0000 53.9700 9.1127
12245.0000 53.9606 9.1033
12250.0000 53.9682 9.1049
12255.0000 53.9682 9.1049
12260.0000 53.9846 9.0979
12265.0000 53.9893 9.0949
12270.0000 53.9863 9.0871
12275.0000 53.9914 9.0912
12280.0000 53.9986 9.0976
12285.0000 54.0098 9.0922
12290.0000 54.0174 9.0899
12295.0000 54.0174 9.0899
12300.0000 53.9950 9.0634
12305.0000 53.9861 9.0535
12310.0000 53.9861 9.0535
12315.0000 53.9861 9.0535
12320.0000 54.0323 9.0755
12325.0000 54.0317 9.0694
12330.0000 54.0317 9.0694
12335.0000 54.0380 9.0676
12340.0000 54.0664 9.0913
12345.0000 54.0784 9.0885
12350.0000 54.1080 9.1058
12355.0000 54.1184 9.1108
12360.0000 54.1172 9.1073
12365.0000 54.1241 9.1082
12370.0000 54.1614 9.1374
12375.0000 54.1717 9.1457
12380.0000 54.1585 9.1132
12385.0000 54.1652 9.1147
12390.0000 54.1375 9.0863
12395.0000 54.1413 9.0872
12400.0000 54.1474 9.0855
12405.0000 54.1574 9.0843
12410.0000 54.1157 9.0471
12415.0000 54.1157 9.0471
12420.0000 54.1241 9.0539
12425.0000 54.1585 9.0768
12430.0000 54.1697 9.0768
12435.0000 54.1563 9.0578
12440.0000 54.1774 9.0512
12445.0000 54.1683 9.0390
12450.0000 54.1769 9.0360
12455.0000 54.1349 9.0034
12460.0000 54.1481 9.0097
12465.0000 54.1594 9.0120
12470.0000 54.1594 9.0120
12475.0000 54.1790 9.0138
12480.0000 54.1943 9.0121
12485.0000 54.2085 9.0114
12490.0000 54.2032 9.0072
12495.0000 54.2500 9.0421
12500.0000 54.2655 9.0419
12505.0000 54.2688 9.0427
12510.0000 54.2814 9.0447
12515.0000 54.2900 9.0472
12520.0000 54.3146 9.0573
12525.0000 54.3184 9.0584
12530.0000 54.3297 9.0528
12535.0000 54.3515 9.0650
12540.0000 54.3013 9.0070
12545.0000 54.3175 9.0073
12550.0000 54.3241 9.0079
12555.0000 54.2979 8.9697
12560.0000 54.3087 8.9711
12565.0000 54.3343 8.9838
12570.0000 54.3823 9.0120
12575.0000 54.4091 9.0243
12580.0000 54.4101 9.0108
12585.0000 54.4197 9.0094
12590.0000 54.4307 9.0048
12595.0000 54.4417 9.0122
12600.0000 54.4713 9.0316
12605.0000 54.4875 9.0325
12610.0000 54.5052 9.0379
12615.0000 54.5010 9.0313
12620.0000 54.5148 9.0333
12625.0000 54.5104 9.0198
12630.0000 54.5674 9.0575
12635.0000 54.6019 9.0718
12640.0000 54.6127 9.0769
12645.0000 54.6042 9.0596
12650.0000 54.6175 9.0619
12655.0000 54.6462 9.0627
12660.0000 54.6918 9.0716
12665.0000 54.7159 9.0661
12670.0000 54.7514 9.0712
12675.0000 54.7646 9.0731
12680.0000 54.7783 9.0750
12685.0000 54.8068 9.0737
12690.0000 54.8357 9.0827
12695.0000 54.7976 9.0271
12700.0000 54.8307 9.0308
12705.0000 54.8550 9.0354
12710.0000 54.8691 9.0372
12715.0000 54.8801 9.0319
12720.0000 54.8865 9.0332
12725.0000 54.9120 9.0361
12730.0000 54.9170 9.0353
12735.0000 54.9260 9.0380
12740.0000 54.9361 9.0367
12745.0000 54.9387 9.0375
12750.0000 54.9503 9.0351
12755.0000 54.9629 9.0407
12760.0000 55.0207 9.0848
12765.0000 55.0250 9.0854
12770.0000 55.0290 9.0786
12775.0000 55.0485 9.0737
12780.0000 55.0514 9.0746
12785.0000 55.0598 9.0741
12790.0000 55.0636 9.0743
12795.0000 55.1028 9.1072
12800.0000 55.1444 9.1353
12805.0000 55.1539 9.1380
12810.0000 55.1598 9.1385
12815.0000 55.1761 9.1351
12820.0000 55.1898 9.1388
12825.0000 55.2060 9.1401
12830.0000 55.1801 9.1179
12835.0000 55.1754 9.1088
12840.0000 55.1924 9.1140
12845.0000 55.2151 9.1209
12850.0000 55.2212 9.1233
12855.0000 55.2701 9.1497
12860.0000 55.2785 9.1478
12865.0000 55.2532 9.1134
12870.0000 55.2913 9.1339
12875.0000 55.3097 9.1451
12880.0000 55.3224 9.1536
12885.0000 55.3041 9.1389
12890.0000 55.3414 9.1576
12895.0000 55.3622 9.1682
12900.0000 55.3201 9.1250
12905.0000 55.2805 9.0919
12910.0000 55.2914 9.1001
12915.0000 55.2728 9.0803
12920.0000 55.2824 9.0755
12925.0000 55.2824 9.0755
12930.0000 55.2897 9.0762
12935.0000 55.2683 9.0448
12940.0000 55.2735 9.0429
12945.0000 55.2841 9.0439
12950.0000 55.2921 9.0415
12955.0000 55.3053 9.0436
12960.0000 55.3177 9.0468
12965.0000 55.3748 9.0884
12970.0000 55.3886 9.0931
12975.0000 55.4074 9.0938
12980.0000 55.4246 9.0949
12985.0000 55.4133 9.0638
12990.0000 55.4323 9.0785
12995.0000 55.4323 9.0785
13000.0000 55.4392 9.0797
13005.0000 55.4611 9.0855
13010.0000 55.4811 9.0867
13015.0000 55.5004 9.0926
13020.0000 55.5004 9.0926
13025.0000 55.5004 9.0926
13030.0000 55.5278 9.1138
13035.0000 55.5437 9.1084
13040.0000 55.5643 9.1169
13045.0000 55.5899 9.1288
13050.0000 55.6177 9.1513
13055.0000 55.5950 9.1297
13060.0000 55.6136 9.1334
13065.0000 55.6395 9.1385
13070.0000 55.6309 9.1141
13075.0000 55.6656 9.1369
13080.0000 55.7021 9.1579
13085.0000 55.7159 9.1521
13090.0000 55.7286 9.1451
13095.0000 55.7976 9.1903
13100.0000 55.7557 9.1476
13105.0000 55.7687 9.1501
13110.0000 55.7975 9.1587
13115.0000 55.8511 9.1946
13120.0000 55.8818 9.2070
13125.0000 55.9109 9.2097
13130.0000 55.9251 9.2160
13135.0000 55.9373 9.2187
13140.0000 55.9930 9.2530
13145.0000 55.9770 9.2316
13150.0000 55.9952 9.2386
13155.0000 56.0060 9.2388
13160.0000 56.0502 9.2598
13165.0000 56.0674 9.2615
13170.0000 56.0749 9.2618
13175.0000 56.0810 9.2594
13180.0000 56.1130 9.2814
13185.0000 56.1324 9.2766
13190.0000 56.1299 9.2616
13195.0000 56.1359 9.2628
13200.0000 56.1657 9.2826
13205.0000 56.1657 9.2826
13210.0000 56.1789 9.2798
13215.0000 56.1410 9.2448
13220.0000 56.1560 9.2517
13225.0000 56.1223 9.2246
13230.0000 56.1084 9.2062
13235.0000 56.1344 9.2221
13240.0000 56.1576 9.2280
13245.0000 56.1797 9.2361
13250.0000 56.1999 9.2487
13255.0000 56.2314 9.2686
13260.0000 56.2510 9.2768
13265.0000 56.2744 9.2716
13270.0000 56.2778 9.2615
13275.0000 56.2815 9.2646
13280.0000 56.2905 9.2597
13285.0000 56.3123 9.2740
13290.0000 56.3219 9.2801
13295.0000 56.3350 9.2853
13300.0000 56.3376 9.2825
13305.0000 56.3505 9.2879
13310.0000 56.3630 9.2834
13315.0000 56.3790 9.2829
13320.0000 56.3825 9.2809
13325.0000 56.3909 9.2796
13330.0000 56.4027 9.2776
13335.0000 56.4130 9.2837
13340.0000 56.4194 9.2835
13345.0000 56.4442 9.2911
13350.0000 56.4335 9.2718
13355.0000 56.4396 9.2764
13360.0000 56.4396 9.2764
13365.0000 56.4862 9.3055
13370.0000 56.5052 9.3078
13375.0000 56.5284 9.3047
13380.0000 56.5355 9.3033
13385.0000 56.5855 9.3131
13390.0000 56.5685 9.2895
13395.0000 56.6149 9.3162
13400.0000 56.5901 9.2916
13405.0000 56.5778 9.2699
13410.0000 56.5778 9.2699
13415.0000 56.5778 9.2699
13420.0000 56.5778 9.2699
13425.0000 56.5887 9.2684
13430.0000 56.5859 9.2615
13435.0000 56.5633 9.2341
13440.0000 56.5909 9.2332
13445.0000 56.6156 9.2304
13450.0000 56.6385 9.2289
13455.0000 56.6115 9.1983
13460.0000 56.6197 9.1941
13465.0000 56.6289 9.1970
13470.0000 56.6406 9.2020
13475.0000 56.6406 9.2020
13480.0000 56.6372 9.1921
13485.0000 56.6534 9.1962
13490.0000 56.7034 9.2145
13495.0000 56.7125 9.2167
13500.0000 56.7125 9.2167
13505.0000 56.6796 9.1865
13510.0000 56.6852 9.1896
13515.0000 56.7383 9.2191
13520.0000 56.7541 9.2271
13525.0000 56.7480 9.2184
13530.0000 56.7480 9.2184
13535.0000 56.7586 9.2154
13540.0000 56.7842 9.2130
13545.0000 56.8129 9.2358
13550.0000 56.8490 9.2607
13555.0000 56.8366 9.2480
13560.0000 56.8707 9.2718
13565.0000 56.8388 9.2459
13570.0000 56.7837 9.1873
13575.0000 56.7888 9.1808
13580.0000 56.8025 9.1818
13585.0000 56.8100 9.1850
13590.0000 56.8137 9.1877
13595.0000 56.8331 9.1949
13600.0000 56.8667 9.2143
13605.0000 56.8721 9.2185
13610.0000 56.8784 9.2130
13615.0000 56.9217 9.2418
13620.0000 56.9270 9.2461
13625.0000 56.9501 9.2537
13630.0000 56.9874 9.2647
13635.0000 56.9935 9.2638
13640.0000 56.9613 9.2340
13645.0000 57.0068 9.2689
13650.0000 57.0068 9.2689
13655.0000 57.0464 9.2922
13660.0000 57.0276 9.2715
13665.0000 57.0503 9.2801
13670.0000 57.0187 9.2527
13675.0000 57.0226 9.2507
13680.0000 57.0226 9.2507
13685.0000 57.0311 9.2511
13690.0000 57.0383 9.2529
13695.0000 57.0383 9.2529
13700.0000 57.0525 9.2516
13705.0000 57.0595 9.2517
13710.0000 57.0644 9.2502
13715.0000 57.0704 9.2538
13720.0000 57.0905 9.2537
13725.0000 57.0991 9.2486
13730.0000 57.1033 9.2480
13735.0000 57.1070 9.2502
13740.0000 57.1219 9.2561
13745.0000 57.1323 9.2596
13750.0000 57.1612 9.2723
13755.0000 57.1715 9.2689
13760.0000 57.1699 9.2581
13765.0000 57.1757 9.2587
13770.0000 57.1773 9.2560
13775.0000 57.2211 9.2821
13780.0000 57.2221 9.2829
13785.0000 57.2286 9.2839
13790.0000 57.2325 9.2841
13795.0000 57.2392 9.2846
13800.0000 57.2596 9.2746
13805.0000 57.2607 9.2707
13810.0000 57.2934 9.2826
13815.0000 57.2997 9.2785
13820.0000 57.2982 9.2681
13825.0000 57.3026 9.2666
13830.0000 57.3224 9.2739
13835.0000 57.3332 9.2711
13840.0000 57.3388 9.2703
13845.0000 57.3671 9.2910
13850.0000 57.3728 9.2956
13855.0000 57.3775 9.2938
13860.0000 57.3594 9.2731
13865.0000 57.3640 9.2716
13870.0000 57.3640 9.2716
13875.0000 57.3929 9.2934
13880.0000 57.4054 9.3031
13885.0000 57.4154 9.3105
13890.0000 57.4114 9.2869
13895.0000 57.4319 9.2926
13900.0000 57.4285 9.2861
13905.0000 57.4368 9.2766
13910.0000 57.4519 9.2786
13915.0000 57.4771 9.2905
13920.0000 57.4924 9.2870
13925.0000 57.5389 9.3198
13930.0000 57.5461 9.3240
13935.0000 57.5721 9.3318
13940.0000 57.5842 9.3345
13945.0000 57.6182 9.3500
13950.0000 57.6147 9.3259
13955.0000 57.6261 9.3318
13960.0000 57.6129 9.3206
13965.0000 57.6278 9.3292
13970.0000 57.6389 9.3329
13975.0000 57.6817 9.3538
13980.0000 57.7647 9.3933
13985.0000 57.7702 9.3976
13990.0000 57.7844 9.4011
13995.0000 57.7515 9.3745
14000.0000 57.7565 9.3715
14005.0000 57.7628 9.3698
14010.0000 57.7709 9.3610
14015.0000 57.7761 9.3653
14020.0000 57.7847 9.3689
14025.0000 57.7841 9.3683
14030.0000 57.8251 9.3948
14035.0000 57.8465 9.4124
14040.0000 57.8471 9.4129
14045.0000 57.8392 9.3970
14050.0000 57.8433 9.4003
14055.0000 57.8754 9.4230
14060.0000 57.8796 9.4216
14065.0000 57.9413 9.4670
14070.0000 57.9350 9.4435
14075.0000 57.9456 9.4418
14080.0000 57.9456 9.4418
14085.0000 57.9568 9.4434
14090.0000 57.9768 9.4461
14095.0000 57.9983 9.4524
14100.0000 58.0069 9.4499
14105.0000 58.0142 9.4524
14110.0000 57.9151 9.3734
14115.0000 57.9181 9.3724
14120.0000 57.9407 9.3888
14125.0000 57.9521 9.3864
14130.0000 57.9568 9.3848
14135.0000 57.9835 9.4029
14140.0000 58.0525 9.4507
14145.0000 57.9534 9.3782
14150.0000 57.9216 9.3433
14155.0000 57.9240 9.3376
14160.0000 57.9760 9.3727
14165.0000 57.9511 9.3457
14170.0000 57.9834 9.3645
14175.0000 57.9983 9.3645
14180.0000 58.0144 9.3614
14185.0000 58.0552 9.3894
14190.0000 58.0276 9.3643
14195.0000 58.0414 9.3639
14200.0000 58.0463 9.3618
14205.0000 58.0716 9.3685
14210.0000 58.0822 9.3751
14215.0000 58.0571 9.3476
14220.0000 58.0981 9.3679
14225.0000 58.0981 9.3679
14230.0000 58.1016 9.3703
14235.0000 58.1179 9.3698
14240.0000 58.1298 9.3772
14245.0000 58.1298 9.3772
14250.0000 58.1353 9.3747
14255.0000 58.1365 9.3724
14260.0000 58.1424 9.3714
14265.0000 58.1555 9.3663
14270.0000 58.1839 9.3711
14275.0000 58.1807 9.3676
14280.0000 58.2128 9.3798
14285.0000 58.2336 9.3855
14290.0000 58.2249 9.3738
14295.0000 58.2420 9.3697
14300.0000 58.2219 9.3504
14305.0000 58.2218 9.3464
14310.0000 58.2477 9.3652
14315.0000 58.2379 9.3579
14320.0000 58.2640 9.3713
14325.0000 58.2714 9.3644
14330.0000 58.2756 9.3665
14335.0000 58.2859 9.3704
14340.0000 58.2911 9.3681
14345.0000 58.3015 9.3674
14350.0000 58.3018 9.3543
14355.0000 58.3202 9.3583
14360.0000 58.3423 9.3629
14365.0000 58.3621 9.3651
14370.0000 58.3902 9.3716
14375.0000 58.3983 9.3700
14380.0000 58.4550 9.4025
14385.0000 58.4676 9.4040
14390.0000 58.4676 9.4040
14395.0000 58.4724 9.4024
14400.0000 58.4525 9.3805
14405.0000 58.4728 9.3798
14410.0000 58.4814 9.3722
14415.0000 58.5219 9.3868
14420.0000 58.5325 9.3835
14425.0000 58.5325 9.3835
14430.0000 58.5386 9.3812
14435.0000 58.5132 9.3602
14440.0000 58.5392 9.3732
14445.0000 58.5454 9.3714
14450.0000 58.5482 9.3728
14455.0000 58.5542 9.3736
14460.0000 58.6167 9.4145
14465.0000 58.6249 9.4165
14470.0000 58.6372 9.4185
14475.0000 58.6955 9.4543
14480.0000 58.6880 9.4471
14485.0000 58.6859 9.4454
14490.0000 58.7212 9.4687
14495.0000 58.7063 9.4584
14500.0000 58.7153 9.4601
14505.0000 58.7507 9.4807
14510.0000 58.7507 9.4807
14515.0000 58.7606 9.4802
14520.0000 58.7837 9.4849
14525.0000 58.7943 9.4860
14530.0000 58.7925 9.4845
14535.0000 58.7953 9.4817
14540.0000 58.8006 9.4811
14545.0000 58.8336 9.5029
14550.0000 58.8381 9.5014
14555.0000 58.8678 9.5224
14560.0000 58.8720 9.5240
14565.0000 58.8681 9.5174
14570.0000 58.8251 9.4755
14575.0000 58.8404 9.4832
14580.0000 58.8007 9.4487
14585.0000 58.8282 9.4677
14590.0000 58.8388 9.4748
14595.0000 58.8537 9.4795
14600.0000 58.8556 9.4744
14605.0000 58.8881 9.4952
14610.0000 58.8909 9.4933
14615.0000 58.8256 9.4394
14620.0000 58.8247 9.4275
14625.0000 58.7976 9.4010
14630.0000 58.7696 9.3672
14635.0000 58.8240 9.4049
14640.0000 58.8252 9.4047
14645.0000 58.8364 9.4133
14650.0000 58.8185 9.3928
14655.0000 58.8376 9.4020
14660.0000 58.8661 9.4076
14665.0000 58.8708 9.4006
14670.0000 58.8785 9.4063
14675.0000 58.8480 9.3852
14680.0000 58.8274 9.3679
14685.0000 58.8291 9.3585
14690.0000 58.8396 9.3640
14695.0000 58.8504 9.3662
14700.0000 58.8874 9.3905
14705.0000 58.8905 9.3923
14710.0000 58.9051 9.3930
14715.0000 58.9227 9.3902
14720.0000 58.9313 9.3898
14725.0000 58.9689 9.4121
14730.0000 58.9844 9.4079
14735.0000 58.9933 9.4051
14740.0000 59.0028 9.4036
14745.0000 59.0505 9.4301
14750.0000 59.0505 9.4301
14755.0000 59.0631 9.4329
14760.0000 59.0839 9.4287
14765.0000 59.1035 9.4232
14770.0000 59.1347 9.4180
14775.0000 59.1603 9.4177
14780.0000 59.1582 9.4114
14785.0000 59.1865 9.4195
14790.0000 59.2032 9.4253
14795.0000 59.2219 9.4338
14800.0000 59.2676 9.4580
14805.0000 59.2888 9.4572
14810.0000 59.2740 9.4452
14815.0000 59.3049 9.4652
14820.0000 59.3105 9.4608
14825.0000 59.2968 9.4415
14830.0000 59.3410 9.4689
14835.0000 59.3581 9.4721
14840.0000 59.3619 9.4750
14845.0000 59.3513 9.4676
14850.0000 59.3322 9.4468
14855.0000 59.3843 9.4814
14860.0000 59.3881 9.4843
14865.0000 59.3993 9.4774
14870.0000 59.4043 9.4744
14875.0000 59.4136 9.4708
14880.0000 59.3546 9.4222
14885.0000 59.3488 9.4180
14890.0000 59.3514 9.4131
14895.0000 59.3485 9.4108
14900.0000 59.3972 9.4333
14905.0000 59.4633 9.4713
14910.0000 59.4616 9.4663
14915.0000 59.4901 9.4855
14920.0000 59.4956 9.4891
14925.0000 59.5127 9.5012
14930.0000 59.5672 9.5364
14935.0000 59.5858 9.5419
14940.0000 59.5957 9.5439
14945.0000 59.6026 9.5450
14950.0000 59.6076 9.5433
14955.0000 59.6127 9.5416
14960.0000 59.6502 9.5571
14965.0000 59.6407 9.5493
14970.0000 59.6705 9.5644
14975.0000 59.6792 9.5620
14980.0000 59.6696 9.5538
14985.0000 59.6520 9.5306
14990.0000 59.6093 9.4881
14995.0000 59.6335 9.4936
15000.0000 59.6668 9.5071
15005.0000 59.6622 9.5009
15010.0000 59.6598 9.4993
15015.0000 59.6947 9.5245
15020.0000 59.7025 9.5212
15025.0000 59.6885 9.5113
15030.0000 59.6584 9.4908
15035.0000 59.6295 9.4637
15040.0000 59.6230 9.4535
15045.0000 59.6140 9.4443
15050.0000 59.6354 9.4397
15055.0000 59.6552 9.4395
15060.0000 59.6705 9.4408
15065.0000 59.6801 9.4387
15070.0000 59.6941 9.4376
15075.0000 59.6814 9.4208
15080.0000 59.6961 9.4148
15085.0000 59.6922 9.4044
15090.0000 59.7036 9.4092
15095.0000 59.7616 9.4498
15100.0000 59.7579 9.4442
15105.0000 59.7692 9.4468
15110.0000 59.7753 9.4442
15115.0000 59.7848 9.4505
15120.0000 59.8177 9.4698
15125.0000 59.8360 9.4750
15130.0000 59.8330 9.4731
15135.0000 59.8330 9.4731
15140.0000 59.8421 9.4678
15145.0000 59.9215 9.5195
15150.0000 59.9290 9.5172
15155.0000 59.9472 9.5177
15160.0000 59.9597 9.5173
15165.0000 59.9753 9.5215
15170.0000 59.9783 9.5172
15175.0000 59.9769 9.4990
15180.0000 59.9884 9.4943
15185.0000 60.0082 9.4954
15190.0000 59.9791 9.4720
15195.0000 59.9965 9.4784
15200.0000 60.0346 9.4812
15205.0000 60.1024 9.5005
15210.0000 60.1451 9.5096
15215.0000 60.1644 9.5027
15220.0000 60.2042 9.5104
15225.0000 60.2590 9.5060
15230.0000 60.3140 9.5195
15235.0000 60.3406 9.5173
15240.0000 60.3636 9.5167
15245.0000 60.3702 9.5128
15250.0000 60.3920 9.5138
15255.0000 60.3988 9.5099
15260.0000 60.4022 9.5111
15265.0000 60.4229 9.5158
15270.0000 60.4256 9.5161
15275.0000 60.4203 9.5120
15280.0000 60.5021 9.5646
15285.0000 60.4502 9.5267
15290.0000 60.4502 9.5267
15295.0000 60.4342 9.5063
15300.0000 60.3966 9.4807
15305.0000 60.4003 9.4769
15310.0000 60.4803 9.5250
15315.0000 60.4846 9.5234
15320.0000 60.4982 9.5243
15325.0000 60.5018 9.5232
15330.0000 60.5340 9.5396
15335.0000 60.5333 9.5326
15340.0000 60.5078 9.5116
15345.0000 60.5368 9.5313
15350.0000 60.5368 9.5313
15355.0000 60.5166 9.5104
15360.0000 60.5242 9.5066
15365.0000 60.5253 9.5071
15370.0000 60.5734 9.5368
15375.0000 60.5483 9.5197
15380.0000 60.5149 9.4952
15385.0000 60.5231 9.4939
15390.0000 60.5295 9.4978
15395.0000 60.5275 9.4871
15400.0000 60.4825 9.4530
15405.0000 60.4888 9.4554
15410.0000 60.4888 9.4554
15415.0000 60.4918 9.4550
15420.0000 60.5025 9.4562
15425.0000 60.5324 9.4723
15430.0000 60.5584 9.4911
15435.0000 60.5435 9.4730
15440.0000 60.5318 9.4543
15445.0000 60.5691 9.4719
15450.0000 60.5860 9.4715
15455.0000 60.6267 9.4939
15460.0000 60.6307 9.4964
15465.0000 60.6467 9.4986
15470.0000 60.6187 9.4797
15475.0000 60.6268 9.4799
15480.0000 60.6568 9.4787
15485.0000 60.6619 9.4783
15490.0000 60.6657 9.4786
15495.0000 60.6691 9.4808
15500.0000 60.6749 9.4825
15505.0000 60.6690 9.4726
15510.0000 60.6838 9.4785
15515.0000 60.6862 9.4750
15520.0000 60.7141 9.4877
15525.0000 60.7477 9.5099
15530.0000 60.7611 9.5144
15535.0000 60.7808 9.5199
15540.0000 60.7924 9.5138
15545.0000 60.8227 9.5310
15550.0000 60.8603 9.5492
15555.0000 60.8608 9.5432
15560.0000 60.8756 9.5462
15565.0000 60.9199 9.5660
15570.0000 60.9366 9.5679
15575.0000 61.0108 9.6069
15580.0000 61.0255 9.6080
15585.0000 61.0135 9.5881
15590.0000 60.9953 9.5670
15595.0000 61.0062 9.5672
15600.0000 61.0221 9.5665
15605.0000 61.0823 9.5816
15610.0000 61.1090 9.5865
15615.0000 61.1086 9.5683
15620.0000 61.0715 9.5395
15625.0000 61.0872 9.5426
15630.0000 61.0978 9.5396
15635.0000 61.1044 9.5404
15640.0000 61.1240 9.5404
15645.0000 61.1898 9.5778
15650.0000 61.1950 9.5745
15655.0000 61.2014 9.5781
15660.0000 61.1920 9.5672
15665.0000 61.2181 9.5681
15670.0000 61.1913 9.5429
15675.0000 61.2062 9.5463
15680.0000 61.1994 9.5396
15685.0000 61.2107 9.5443
15690.0000 61.2034 9.5385
15695.0000 61.2046 9.5264
15700.0000 61.2205 9.5232
15705.0000 61.2681 9.5449
15710.0000 61.2831 9.5484
15715.0000 61.2892 9.5519
15720.0000 61.2942 9.5517
15725.0000 61.2817 9.5333
15730.0000 61.3003 9.5362
15735.0000 61.3134 9.5375
15740.0000 61.3117 9.5350
15745.0000 61.3553 9.5629
15750.0000 61.3619 9.5662
15755.0000 61.4184 9.5916
15760.0000 61.3886 9.5651
15765.0000 61.3936 9.5660
15770.0000 61.3933 9.5658
15775.0000 61.3439 9.5339
15780.0000 61.2982 9.4994
15785.0000 61.3396 9.5218
15790.0000 61.3479 9.5202
15795.0000 61.3575 9.5150
15800.0000 61.3990 9.5336
15805.0000 61.3821 9.5143
15810.0000 61.4007 9.5237
15815.0000 61.3805 9.5056
15820.0000 61.3989 9.5125
15825.0000 61.4464 9.5266
15830.0000 61.4699 9.5401
15835.0000 61.4665 9.5340
15840.0000 61.4841 9.5419
15845.0000 61.4977 9.5409
15850.0000 61.5563 9.5774
15855.0000 61.5725 9.5802
15860.0000 61.5768 9.5825
15865.0000 61.5903 9.5896
15870.0000 61.6132 9.5908
15875.0000 61.6337 9.5925
15880.0000 61.6293 9.5770
15885.0000 61.6519 9.5736
15890.0000 61.6657 9.5766
15895.0000 61.6745 9.5733
15900.0000 61.6841 9.5697
15905.0000 61.6988 9.5627
15910.0000 61.7207 9.5613
15915.0000 61.7404 9.5721
15920.0000 61.7686 9.5909
15925.0000 61.7866 9.5953
15930.0000 61.8115 9.6086
15935.0000 61.8296 9.6182
15940.0000 61.8508 9.6202
15945.0000 61.8612 9.6254
15950.0000 61.8854 9.6361
15955.0000 61.9049 9.6476
15960.0000 61.8678 9.6240
15965.0000 61.8528 9.6059
15970.0000 61.8773 9.6154
15975.0000 61.8882 9.6226
15980.0000 61.8924 9.6216
15985.0000 61.8978 9.6254
15990.0000 61.9397 9.6436
15995.0000 61.9464 9.6433
16000.0000 61.9942 9.6587
16005.0000 61.9531 9.6207
16010.0000 62.0096 9.6467
16015.0000 61.9832 9.6099
16020.0000 62.0236 9.6287
16025.0000 62.0504 9.6264
16030.0000 62.0762 9.6146
16035.0000 62.0946 9.6094
16040.0000 62.1498 9.6223
16045.0000 62.2022 9.6350
16050.0000 62.1770 9.5928
16055.0000 62.2194 9.5863
16060.0000 62.2385 9.5838
16065.0000 62.2152 9.5539
16070.0000 62.2228 9.5529
16075.0000 62.2241 9.5500
16080.0000 62.2166 9.5369
16085.0000 62.2584 9.5529
16090.0000 62.2820 9.5477
16095.0000 62.2901 9.5365
16100.0000 62.2902 9.5187
16105.0000 62.3142 9.5199
16110.0000 62.3659 9.5334
16115.0000 62.3831 9.5266
16120.0000 62.3964 9.5192
16125.0000 62.4495 9.5384
16130.0000 62.4631 9.5332
16135.0000 62.4673 9.5334
16140.0000 62.4871 9.5394
16145.0000 62.4559 9.5019
16150.0000 62.4734 9.4994
16155.0000 62.4852 9.5008
16160.0000 62.4776 9.4907
16165.0000 62.5354 9.5205
16170.0000 62.5508 9.5164
16175.0000 62.5915 9.5380
16180.0000 62.6424 9.5662
16185.0000 62.6480 9.5670
16190.0000 62.6683 9.5608
16195.0000 62.6887 9.5556
16200.0000 62.7440 9.5834
16205.0000 62.7496 9.5819
16210.0000 62.7616 9.5804
16215.0000 62.7492 9.5650
16220.0000 62.7333 9.5491
16225.0000 62.7461 9.5499
16230.0000 62.7675 9.5537
16235.0000 62.8060 9.5730
16240.0000 62.8233 9.5733
16245.0000 62.8382 9.5753
16250.0000 62.8621 9.5873
16255.0000 62.8772 9.5937
16260.0000 62.8877 9.5955
16265.0000 62.8569 9.5565
16270.0000 62.8613 9.5408
16275.0000 62.7971 9.4916
16280.0000 62.8486 9.5114
16285.0000 62.8322 9.4956
16290.0000 62.8473 9.4969
16295.0000 62.8623 9.4946
16300.0000 62.8789 9.4994
16305.0000 62.8844 9.4978
16310.0000 62.9029 9.4954
16315.0000 62.8867 9.4719
16320.0000 62.9025 9.4692
16325.0000 62.9157 9.4752
16330.0000 62.9150 9.4748
16335.0000 62.9279 9.4743
16340.0000 62.9528 9.4762
16345.0000 63.0032 9.5060
16350.0000 63.0502 9.5358
16355.0000 63.0541 9.5319
16360.0000 63.0962 9.5530
16365.0000 63.1061 9.5493
16370.0000 63.1117 9.5493
16375.0000 63.0981 9.5286
16380.0000 63.1428 9.5478
16385.0000 63.2134 9.5900
16390.0000 63.2105 9.5764
16395.0000 63.2160 9.5732
16400.0000 63.2160 9.5732
16405.0000 63.2324 9.5705
16410.0000 63.2625 9.5821
16415.0000 63.2958 9.5870
16420.0000 63.2987 9.5841
16425.0000 63.3068 9.5801
16430.0000 63.3142 9.5767
16435.0000 63.3311 9.5804
16440.0000 63.3327 9.5710
16445.0000 63.3678 9.5861
16450.0000 63.3858 9.5762
16455.0000 63.3962 9.5722
16460.0000 63.4035 9.5681
16465.0000 63.4068 9.5655
16470.0000 63.4275 9.5780
16475.0000 63.4840 9.6060
16480.0000 63.4790 9.6024
16485.0000 63.4935 9.6074
16490.0000 63.5221 9.6122
16495.0000 63.4916 9.5875
16500.0000 63.4902 9.5867
16505.0000 63.4921 9.5810
16510.0000 63.5542 9.6080
16515.0000 63.5773 9.6170
16520.0000 63.5699 9.6013
16525.0000 63.5394 9.5686
16530.0000 63.6086 9.5893
16535.0000 63.6333 9.5901
16540.0000 63.6432 9.5816
16545.0000 63.6486 9.5808
16550.0000 63.6486 9.5808
16555.0000 63.6530 9.5799
16560.0000 63.6341 9.5648
16565.0000 63.6163 9.5535
16570.0000 63.6103 9.5494
16575.0000 63.6150 9.5467
16580.0000 63.5624 9.5150
16585.0000 63.5633 9.5115
16590.0000 63.5728 9.5086
16595.0000 63.5770 9.5111
16600.0000 63.6127 9.5266
16605.0000 63.6210 9.5279
16610.0000 63.6326 9.5354
16615.0000 63.6658 9.5508
16620.0000 63.6527 9.5324
16625.0000 63.6736 9.5393
16630.0000 63.6771 9.5418
16635.0000 63.6818 9.5408
16640.0000 63.7256 9.5576
16645.0000 63.7454 9.5647
16650.0000 63.7054 9.5346
16655.0000 63.7097 9.5318
16660.0000 63.7257 9.5369
16665.0000 63.7333 9.5407
16670.0000 63.7142 9.5279
16675.0000 63.7192 9.5298
16680.0000 63.7287 9.5276
16685.0000 63.6981 9.5070
16690.0000 63.7258 9.5231
16695.0000 63.7311 9.5207
16700.0000 63.7598 9.5350
16705.0000 63.7722 9.5302
16710.0000 63.7411 9.5074
16715.0000 63.7728 9.5237
16720.0000 63.7609 9.5161
16725.0000 63.7716 9.5199
16730.0000 63.8281 9.5539
16735.0000 63.8613 9.5708
16740.0000 63.8339 9.5534
16745.0000 63.8436 9.5534
16750.0000 63.9169 9.5885
16755.0000 63.9240 9.5877
16760.0000 63.9226 9.5802
16765.0000 63.9311 9.5779
16770.0000 63.9705 9.6002
16775.0000 63.9793 9.5950
16780.0000 63.9877 9.5904
16785.0000 63.9878 9.5863
16790.0000 63.9649 9.5736
16795.0000 64.0114 9.5952
16800.0000 63.9736 9.5690
16805.0000 64.0522 9.6192
16810.0000 63.9827 9.5614
16815.0000 63.9861 9.5610
16820.0000 63.9984 9.5597
16825.0000 64.0363 9.5749
16830.0000 64.0402 9.5745
16835.0000 64.0468 9.5757
16840.0000 64.0514 9.5767
16845.0000 64.0547 9.5748
16850.0000 64.0614 9.5788
16855.0000 64.0644 9.5764
16860.0000 64.1043 9.5952
16865.0000 64.0657 9.5627
16870.0000 64.0840 9.5613
16875.0000 64.1235 9.5836
16880.0000 64.1668 9.6100
16885.0000 64.1704 9.6079
16890.0000 64.1322 9.5835
16895.0000 64.1569 9.5916
16900.0000 64.1877 9.6093
16905.0000 64.1877 9.6093
16910.0000 64.1953 9.6146
16915.0000 64.1969 9.6108
16920.0000 64.2103 9.6083
16925.0000 64.2135 9.6075
16930.0000 64.1928 9.5896
16935.0000 64.2450 9.6201
16940.0000 64.2554 9.6251
16945.0000 64.2582 9.6191
16950.0000 64.2485 9.5968
16955.0000 64.2847 9.6165
16960.0000 64.2908 9.6120
16965.0000 64.2965 9.6102
16970.0000 64.2932 9.6039
16975.0000 64.2963 9.6031
16980.0000 64.2749 9.5846
16985.0000 64.3178 9.6109
16990.0000 64.2848 9.5900
16995.0000 64.2898 9.5896
17000.0000 64.3079 9.5922
17005.0000 64.3123 9.5911
17010.0000 64.3311 9.5899
17015.0000 64.3311 9.5899
17020.0000 64.3380 9.5877
17025.0000 64.3738 9.6043
17030.0000 64.3373 9.5759
17035.0000 64.3429 9.5746
17040.0000 64.3429 9.5746
17045.0000 64.3104 9.5359
17050.0000 64.3259 9.5393
17055.0000 64.3378 9.5376
17060.0000 64.3626 9.5479
17065.0000 64.4200 9.5832
17070.0000 64.4551 9.5963
17075.0000 64.4707 9.6018
17080.0000 64.4797 9.6038
17085.0000 64.4864 9.6079
17090.0000 64.5120 9.6234
17095.0000 64.5404 9.6390
17100.0000 64.5057 9.6183
17105.0000 64.5672 9.6495
17110.0000 64.5418 9.6326
17115.0000 64.6018 9.6663
17120.0000 64.5709 9.6474
17125.0000 64.5758 9.6508
17130.0000 64.6249 9.6762
17135.0000 64.5979 9.6510
17140.0000 64.6089 9.6584
17145.0000 64.5882 9.6391
17150.0000 64.5941 9.6381
17155.0000 64.5821 9.6282
17160.0000 64.6064 9.6317
17165.0000 64.6016 9.6049
17170.0000 64.6184 9.5982
17175.0000 64.6184 9.5982
17180.0000 64.6184 9.5982
17185.0000 64.6244 9.6002
17190.0000 64.5990 9.5838
17195.0000 64.6173 9.5949
17200.0000 64.6532 9.6115
17205.0000 64.6078 9.5845
17210.0000 64.5998 9.5786
17215.0000 64.6275 9.5942
17220.0000 64.7009 9.6320
17225.0000 64.7164 9.6216
17230.0000 64.7335 9.6325
17235.0000 64.7373 9.6324
17240.0000 64.7498 9.6354
17245.0000 64.7540 9.6351
17250.0000 64.7462 9.6297
17255.0000 64.7820 9.6473
17260.0000 64.7984 9.6511
17265.0000 64.8094 9.6495
17270.0000 64.8092 9.6492
17275.0000 64.8164 9.6477
17280.0000 64.8217 9.6457
17285.0000 64.8282 9.6313
17290.0000 64.8369 9.6355
17295.0000 64.8369 9.6355
17300.0000 64.8504 9.6355
17305.0000 64.8659 9.6417
17310.0000 64.8671 9.6343
17315.0000 64.8711 9.6275
17320.0000 64.8685 9.6204
17325.0000 64.8728 9.6234
17330.0000 64.8777 9.6250
17335.0000 64.7956 9.5750
17340.0000 64.8129 9.5781
17345.0000 64.8014 9.5684
17350.0000 64.8418 9.5935
17355.0000 64.8845 9.6202
17360.0000 64.8906 9.6185
17365.0000 64.8936 9.6203
17370.0000 64.9079 9.6187
17375.0000 64.9240 9.6211
17380.0000 64.9829 9.6552
17385.0000 64.9551 9.6376
17390.0000 64.9551 9.6376
17395.0000 64.9523 9.6296
17400.0000 64.9626 9.6333
17405.0000 64.9321 9.6108
17410.0000 64.9372 9.6107
17415.0000 64.9497 9.6141
17420.0000 64.9909 9.6258
17425.0000 65.0111 9.6295
17430.0000 65.0205 9.6250
17435.0000 65.0436 9.6249
17440.0000 65.0552 9.6276
17445.0000 65.0749 9.6286
17450.0000 65.0889 9.6325
17455.0000 65.1068 9.6355
17460.0000 65.0785 9.6194
17465.0000 65.1362 9.6422
17470.0000 65.1075 9.6250
17475.0000 65.1075 9.6250
17480.0000 65.1125 9.6251
17485.0000 65.1185 9.6233
17490.0000 65.1335 9.6324
17495.0000 65.1372 9.6304
17500.0000 65.1416 9.6297
17505.0000 65.1416 9.6297
17510.0000 65.1468 9.6288
17515.0000 65.1714 9.6304
17520.0000 65.1766 9.6326
17525.0000 65.1892 9.6349
17530.0000 65.1940 9.6316
17535.0000 65.1940 9.6316
17540.0000 65.1599 9.6126
17545.0000 65.1707 9.6106
17550.0000 65.1774 9.6151
17555.0000 65.1920 9.6144
17560.0000 65.1620 9.5940
17565.0000 65.1772 9.5887
17570.0000 65.2191 9.5987
17575.0000 65.2371 9.5980
17580.0000 65.2547 9.5993
17585.0000 65.2600 9.6023
17590.0000 65.2425 9.5858
17595.0000 65.2454 9.5825
17600.0000 65.2196 9.5613
17605.0000 65.2159 9.5587
17610.0000 65.2159 9.5587
17615.0000 65.2159 9.5587
17620.0000 65.2191 9.5579
17625.0000 65.2331 9.5632
17630.0000 65.2397 9.5615
17635.0000 65.2655 9.5722
17640.0000 65.2701 9.5736
17645.0000 65.2701 9.5736
17650.0000 65.2945 9.5835
17655.0000 65.3047 9.5865
17660.0000 65.3189 9.5925
17665.0000 65.2896 9.5770
17670.0000 65.2913 9.5779
17675.0000 65.2959 9.5806
17680.0000 65.3208 9.5934
17685.0000 65.3594 9.6036
17690.0000 65.4485 9.6487
17695.0000 65.4482 9.6500
17700.0000 65.4244 9.6366
17705.0000 65.3817 9.6122
17710.0000 65.4322 9.6316
17715.0000 65.4029 9.6142
17720.0000 65.4292 9.6228
17725.0000 65.4249 9.6199
17730.0000 65.4233 9.6188
17735.0000 65.4049 9.6035
17740.0000 65.4104 9.6034
17745.0000 65.4663 9.6322
17750.0000 65.4773 9.6275
17755.0000 65.4865 9.6321
17760.0000 65.5096 9.6373
17765.0000 65.4965 9.6237
17770.0000 65.5073 9.6271
17775.0000 65.5091 9.6102
17780.0000 65.4911 9.5879
17785.0000 65.4996 9.5892
17790.0000 65.5032 9.5848
17795.0000 65.5156 9.5847
17800.0000 65.5142 9.5761
17805.0000 65.5201 9.5703
17810.0000 65.5248 9.5696
17815.0000 65.5365 9.5687
17820.0000 65.5497 9.5718
17825.0000 65.5589 9.5695
17830.0000 65.5794 9.5712
17835.0000 65.5970 9.5716
17840.0000 65.6200 9.5847
17845.0000 65.5891 9.5667
17850.0000 65.6103 9.5791
17855.0000 65.6180 9.5801
17860.0000 65.6229 9.5791
17865.0000 65.6663 9.6043
17870.0000 65.6502 9.5902
17875.0000 65.6598 9.5953
17880.0000 65.6661 9.5925
17885.0000 65.6740 9.5928
17890.0000 65.7095 9.6096
17895.0000 65.6984 9.5985
17900.0000 65.7069 9.5918
17905.0000 65.7176 9.5879
17910.0000 65.7288 9.5757
17915.0000 65.7437 9.5834
17920.0000 65.7539 9.5861
17925.0000 65.7213 9.5674
17930.0000 65.7213 9.5674
17935.0000 65.7652 9.5930
17940.0000 65.7774 9.5941
17945.0000 65.7593 9.5816
17950.0000 65.7682 9.5814
17955.0000 65.7995 9.5993
17960.0000 65.7910 9.5937
17965.0000 65.7657 9.5715
17970.0000 65.7708 9.5658
17975.0000 65.7826 9.5595
17980.0000 65.7866 9.5546
17985.0000 65.7939 9.5532
17990.0000 65.7836 9.5404
17995.0000 65.8098 9.5439
18000.0000 65.8673 9.5784
18005.0000 65.5992 9.4641
18010.0000 65.1709 9.3290
18015.0000 64.9813 9.2765
18020.0000 64.8846 9.2871
18025.0000 64.7955 9.2584
18030.0000 64.8219 9.2600
18035.0000 64.8757 9.2877
18040.0000 64.9006 9.2963
18045.0000 64.9080 9.2978
18050.0000 64.9210 9.2993
18055.0000 64.9340 9.3014
18060.0000 64.9411 9.3447
18065.0000 64.5454 9.1744
18070.0000 64.2180 9.0611
18075.0000 64.0129 8.9964
18080.0000 63.9478 8.9910
18085.0000 63.8705 8.9594
18090.0000 63.8485 8.9446
18095.0000 63.8651 8.9477
18100.0000 63.9200 8.9720
18105.0000 63.9364 8.9760
18110.0000 63.9466 8.9729
18115.0000 64.0243 9.0002
18120.0000 64.0969 9.0337
18125.0000 63.9256 8.9583
18130.0000 63.7476 8.9037
18135.0000 63.5711 8.8451
18140.0000 63.4967 8.8288
18145.0000 63.5236 8.8480
18150.0000 63.5420 8.8590
18155.0000 63.5737 8.8736
18160.0000 63.6012 8.8847
18165.0000 63.6308 8.8990
18170.0000 63.6590 8.9125
18175.0000 63.6729 8.9217
18180.0000 63.6678 8.9394
18185.0000 63.2125 8.7252
18190.0000 63.0347 8.6912
18195.0000 62.9064 8.6767
18200.0000 62.8613 8.7002
18205.0000 62.8043 8.6729
18210.0000 62.8095 8.6731
18215.0000 62.8126 8.6698
18220.0000 62.8449 8.6767
18225.0000 62.8575 8.6816
18230.0000 62.9217 8.7110
18235.0000 62.9398 8.7099
18240.0000 62.9568 8.7518
18245.0000 62.4272 8.5466
18250.0000 62.1604 8.4511
18255.0000 61.9900 8.4213
18260.0000 61.8958 8.4126
18265.0000 61.8290 8.3892
18270.0000 61.8329 8.3913
18275.0000 61.8737 8.4062
18280.0000 61.8737 8.4062
18285.0000 61.8856 8.4053
18290.0000 61.9121 8.4162
18295.0000 61.9689 8.4358
18300.0000 62.0222 8.4805
18305.0000 61.6862 8.3296
18310.0000 61.2590 8.2140
18315.0000 60.9267 8.1010
18320.0000 60.8247 8.0938
18325.0000 60.7981 8.0826
18330.0000 60.9152 8.1501
18335.0000 60.9585 8.1546
18340.0000 60.9954 8.1706
18345.0000 61.0034 8.1688
18350.0000 61.0247 8.1701
18355.0000 61.0369 8.1710
18360.0000 61.0187 8.1855
18365.0000 60.7196 8.0490
18370.0000 60.4956 8.0039
18375.0000 60.3427 7.9548
18380.0000 60.2854 7.9325
18385.0000 60.2070 7.8920
18390.0000 60.2450 7.9121
18395.0000 60.2569 7.9204
18400.0000 60.3060 7.9348
18405.0000 60.3241 7.9446
18410.0000 60.3475 7.9548
18415.0000 60.3655 7.9665
18420.0000 60.3995 8.0029
18425.0000 60.2126 7.9314
18430.0000 60.0702 7.8824
18435.0000 60.0259 7.9037
18440.0000 59.9730 7.8747
18445.0000 59.9305 7.8534
18450.0000 59.9606 7.8686
18455.0000 59.9703 7.8747
18460.0000 60.0193 7.9001
18465.0000 60.0193 7.9001
18470.0000 60.1141 7.9308
18475.0000 60.1141 7.9308
18480.0000 60.1008 7.9422
18485.0000 59.7918 7.8191
18490.0000 59.6132 7.7949
18495.0000 59.4061 7.7037
18500.0000 59.3293 7.6814
18505.0000 59.2720 7.6642
18510.0000 59.3500 7.7037
18515.0000 59.3950 7.7346
18520.0000 59.4626 7.7748
18525.0000 59.5459 7.8271
18530.0000 59.5604 7.8271
18535.0000 59.5802 7.8305
18540.0000 59.6080 7.8505
18545.0000 59.5085 7.8124
18550.0000 59.3364 7.7997
18555.0000 59.1506 7.7461
18560.0000 59.0909 7.7311
18565.0000 59.0297 7.7156
18570.0000 59.0706 7.7333
18575.0000 59.0818 7.7340
18580.0000 59.0552 7.7060
18585.0000 59.1325 7.7405
18590.0000 59.1750 7.7695
18595.0000 59.1924 7.7782
18600.0000 59.1985 7.8007
18605.0000 59.0986 7.7777
18610.0000 59.1553 7.8397
18615.0000 59.2118 7.9125
18620.0000 59.1818 7.9185
18625.0000 59.1329 7.9063
18630.0000 59.1472 7.9168
18635.0000 59.1350 7.9047
18640.0000 59.1533 7.9075
18645.0000 59.1755 7.9174
18650.0000 59.1301 7.8752
18655.0000 59.1865 7.8991
18660.0000 59.1910 7.9094
18665.0000 59.0091 7.8263
18670.0000 58.8530 7.7926
18675.0000 58.6451 7.6931
18680.0000 58.5781 7.6951
18685.0000 58.6251 7.7328
18690.0000 58.6626 7.7516
18695.0000 58.6986 7.7706
18700.0000 58.7263 7.7801
18705.0000 58.7384 7.7786
18710.0000 58.8153 7.8185
18715.0000 58.8201 7.8216
18720.0000 58.8107 7.8293
18725.0000 58.6382 7.7440
18730.0000 58.4387 7.6890
18735.0000 58.1772 7.6125
18740.0000 58.0913 7.6056
18745.0000 58.0280 7.5902
18750.0000 58.0769 7.6197
18755.0000 58.0985 7.6147
18760.0000 58.1069 7.6138
18765.0000 58.1549 7.6380
18770.0000 58.1599 7.6408
18775.0000 58.1708 7.6474
18780.0000 58.2052 7.6627
18785.0000 57.9866 7.6047
18790.0000 57.7326 7.5609
18795.0000 57.6381 7.5510
18800.0000 57.6171 7.5631
18805.0000 57.5884 7.5549
18810.0000 57.6241 7.5804
18815.0000 57.6296 7.5785
18820.0000 57.6376 7.5808
18825.0000 57.7003 7.6057
18830.0000 57.7179 7.6130
18835.0000 57.7228 7.6149
18840.0000 57.7087 7.6259
18845.0000 57.4602 7.5196
18850.0000 57.2923 7.4641
18855.0000 57.1573 7.4177
18860.0000 57.1154 7.4078
18865.0000 57.1588 7.4435
18870.0000 57.2278 7.4770
18875.0000 57.2454 7.4823
18880.0000 57.2454 7.4823
18885.0000 57.2502 7.4834
18890.0000 57.2502 7.4834
18895.0000 57.2631 7.4813
18900.0000 57.2749 7.4809
18905.0000 57.2867 7.5092
18910.0000 57.1321 7.4487
18915.0000 56.9905 7.4130
18920.0000 56.9884 7.4338
18925.0000 56.9259 7.4191
18930.0000 56.9297 7.4171
18935.0000 56.9343 7.4184
18940.0000 56.9398 7.4160
18945.0000 56.9431 7.4140
18950.0000 56.9956 7.4449
18955.0000 57.1201 7.5172
18960.0000 57.1534 7.5581
18965.0000 57.0917 7.5117
18970.0000 57.1013 7.5390
18975.0000 57.0208 7.5104
18980.0000 57.0422 7.5392
18985.0000 57.0253 7.5325
18990.0000 57.0800 7.5562
18995.0000 57.0893 7.5552
19000.0000 57.1054 7.5488
19005.0000 57.1594 7.5791
19010.0000 57.1722 7.5816
19015.0000 57.2319 7.6200
19020.0000 57.2846 7.6685
19025.0000 57.0902 7.5789
19030.0000 56.8999 7.5122
19035.0000 56.7495 7.4792
19040.0000 56.7277 7.4786
19045.0000 56.6873 7.4718
19050.0000 56.6927 7.4747
19055.0000 56.6927 7.4747
19060.0000 56.7076 7.4753
19065.0000 56.7076 7.4753
19070.0000 56.7134 7.4785
19075.0000 56.7739 7.5070
19080.0000 56.8312 7.5485
19085.0000 56.7273 7.4782
19090.0000 56.6277 7.4595
19095.0000 56.4666 7.4015
19100.0000 56.4264 7.3989
19105.0000 56.4551 7.4279
19110.0000 56.4600 7.4264
19115.0000 56.4600 7.4264
19120.0000 56.4691 7.4251
19125.0000 56.5122 7.4425
19130.0000 56.5521 7.4663
19135.0000 56.5781 7.4652
19140.0000 56.5774 7.4716
19145.0000 56.4213 7.4321
19150.0000 56.3036 7.3977
19155.0000 56.1495 7.3830
19160.0000 56.0686 7.3743
19165.0000 56.0167 7.3658
19170.0000 56.0167 7.3658
19175.0000 56.0249 7.3683
19180.0000 56.0908 7.4043
19185.0000 56.0942 7.4029
19190.0000 56.1040 7.3986
19195.0000 56.1190 7.4015
19200.0000 56.1829 7.4406
19205.0000 56.1090 7.4175
19210.0000 55.8846 7.3497
19215.0000 55.7229 7.3051
19220.0000 55.7330 7.3158
19225.0000 55.7648 7.3357
19230.0000 55.7763 7.3417
19235.0000 55.7852 7.3450
19240.0000 55.8218 7.3639
19245.0000 55.8244 7.3622
19250.0000 55.8692 7.3911
19255.0000 55.8773 7.3947
19260.0000 55.9074 7.4122
19265.0000 55.8968 7.4139
19270.0000 55.8053 7.3710
19275.0000 55.7119 7.3410
19280.0000 55.6811 7.3280
19285.0000 55.7260 7.3456
19290.0000 55.7351 7.3490
19295.0000 55.7414 7.3498
19300.0000 55.7460 7.3475
19305.0000 55.7982 7.3639
19310.0000 55.9363 7.4363
19315.0000 56.0698 7.5002
19320.0000 56.0706 7.5053
19325.0000 55.9790 7.4418
19330.0000 55.8842 7.4264
19335.0000 55.7981 7.4193
19340.0000 55.7534 7.4032
19345.0000 55.7219 7.3962
19350.0000 55.7318 7.3973
19355.0000 55.8106 7.4303
19360.0000 55.8242 7.4261
19365.0000 55.8417 7.4323
19370.0000 55.8607 7.4363
19375.0000 55.9226 7.4510
19380.0000 56.0241 7.5170
19385.0000 56.0170 7.5057
19390.0000 55.9292 7.4918
19395.0000 55.7217 7.4356
19400.0000 55.6937 7.4410
19405.0000 55.7407 7.4741
19410.0000 55.8049 7.5083
19415.0000 55.7862 7.4852
19420.0000 55.7842 7.4837
19425.0000 55.8167 7.4822
19430.0000 55.8264 7.4820
19435.0000 55.9024 7.5291
19440.0000 55.9067 7.5308
19445.0000 55.7350 7.4432
19450.0000 55.6501 7.4386
19455.0000 55.5656 7.4101
19460.0000 55.5385 7.4078
19465.0000 55.5459 7.4214
19470.0000 55.5562 7.4250
19475.0000 55.5923 7.4368
19480.0000 55.5860 7.4309
19485.0000 55.6127 7.4338
19490.0000 55.6759 7.4668
19495.0000 55.7259 7.4971
19500.0000 55.7837 7.5395
19505.0000 55.7281 7.4984
19510.0000 55.6589 7.4701
19515.0000 55.5693 7.4483
19520.0000 55.5243 7.4424
19525.0000 55.5017 7.4304
19530.0000 55.5097 7.4293
19535.0000 55.5177 7.4296
19540.0000 55.5210 7.4321
19545.0000 55.5078 7.4089
19550.0000 55.5566 7.4302
19555.0000 55.5880 7.4465
19560.0000 55.5964 7.4567
19565.0000 55.5321 7.4226
19570.0000 55.3865 7.3431
19575.0000 55.3613 7.3664
19580.0000 55.3555 7.3923
19585.0000 55.3785 7.4169
19590.0000 55.3915 7.4177
19595.0000 55.3994 7.4216
19600.0000 55.4082 7.4269
19605.0000 55.4344 7.4430
19610.0000 55.4406 7.4447
19615.0000 55.4558 7.4388
19620.0000 55.4770 7.4668
19625.0000 55.3503 7.4036
19630.0000 55.1360 7.3246
19635.0000 55.0416 7.3088
19640.0000 55.0061 7.3133
19645.0000 54.9780 7.3072
19650.0000 54.9876 7.3059
19655.0000 54.9876 7.3059
19660.0000 54.9945 7.3003
19665.0000 55.0020 7.2955
19670.0000 55.0119 7.2957
19675.0000 54.9939 7.2821
19680.0000 55.0329 7.2878
19685.0000 54.8968 7.2352
19690.0000 54.7799 7.1988
19695.0000 54.6775 7.1888
19700.0000 54.6753 7.2041
19705.0000 54.6558 7.2069
19710.0000 54.6943 7.2208
19715.0000 54.7074 7.2266
19720.0000 54.7074 7.2266
19725.0000 54.7074 7.2266
19730.0000 54.8072 7.2830
19735.0000 54.8072 7.2830
19740.0000 54.8153 7.2903
19745.0000 54.8339 7.3050
19750.0000 54.6920 7.2661
19755.0000 54.5469 7.2208
19760.0000 54.5278 7.2247
19765.0000 54.4655 7.2125
19770.0000 54.4749 7.2143
19775.0000 54.4749 7.2143
19780.0000 54.5106 7.2335
19785.0000 54.5483 7.2564
19790.0000 54.5981 7.2565
19795.0000 54.6107 7.2604
19800.0000 54.6254 7.2587
19805.0000 54.3609 7.1072
19810.0000 54.2039 7.0400
19815.0000 54.1035 7.0268
19820.0000 54.0836 7.0416
19825.0000 54.0293 7.0246
19830.0000 54.0405 7.0220
19835.0000 54.0758 7.0334
19840.0000 54.1285 7.0653
19845.0000 54.1376 7.0690
19850.0000 54.1836 7.0989
19855.0000 54.2735 7.1566
19860.0000 54.2740 7.1573
19865.0000 54.0994 7.0476
19870.0000 53.9777 6.9953
19875.0000 53.9882 7.0183
19880.0000 53.9920 7.0377
19885.0000 53.9412 7.0238
19890.0000 53.9893 7.0537
19895.0000 53.9982 7.0541
19900.0000 54.0159 7.0604
19905.0000 54.0223 7.0635
19910.0000 54.0283 7.0634
19915.0000 54.0812 7.0787
19920.0000 54.1681 7.1313
19925.0000 54.0007 7.0453
19930.0000 53.8664 6.9864
19935.0000 53.8338 7.0041
19940.0000 53.8111 6.9951
19945.0000 53.8303 7.0189
19950.0000 53.8381 7.0148
19955.0000 53.8503 7.0091
19960.0000 53.9189 7.0523
19965.0000 53.9908 7.0925
19970.0000 54.0347 7.1113
19975.0000 54.0740 7.1284
19980.0000 54.0973 7.1494
19985.0000 54.0093 7.1181
19990.0000 53.9245 7.0732
19995.0000 53.8253 7.0667
20000.0000 53.8176 7.0778
20005.0000 53.8498 7.1116
20010.0000 53.8500 7.0908
20015.0000 53.9053 7.1112
20020.0000 53.9106 7.1106
20025.0000 53.9162 7.1110
20030.0000 53.9530 7.1374
20035.0000 54.0075 7.1596
20040.0000 54.0277 7.1555
20045.0000 53.9757 7.1100
20050.0000 53.9278 7.0877
20055.0000 53.8803 7.0771
20060.0000 53.9091 7.1137
20065.0000 53.8980 7.1155
20070.0000 53.9409 7.1283
20075.0000 53.9459 7.1264
20080.0000 53.9459 7.1264
20085.0000 53.9569 7.1284
20090.0000 53.9681 7.1257
20095.0000 53.9757 7.1301
20100.0000 53.9727 7.1247
20105.0000 53.8023 7.0108
20110.0000 53.7975 7.0317
20115.0000 53.7021 7.0230
20120.0000 53.7079 7.0506
20125.0000 53.6942 7.0660
20130.0000 53.6972 7.0705
20135.0000 53.7055 7.0688
20140.0000 53.7089 7.0694
20145.0000 53.7207 7.0715
20150.0000 53.7252 7.0724
20155.0000 53.8118 7.1131
20160.0000 53.8721 7.1423
20165.0000 53.7954 7.1052
20170.0000 53.7847 7.1107
20175.0000 53.7378 7.1033
20180.0000 53.7376 7.0988
20185.0000 53.7894 7.1417
20190.0000 53.7938 7.1448
20195.0000 53.8003 7.1451
20200.0000 53.8147 7.1457
20205.0000 53.8704 7.1638
20210.0000 53.9137 7.1894
20215.0000 53.9213 7.1909
20220.0000 53.9265 7.1902
20225.0000 53.8213 7.1315
20230.0000 53.7613 7.1230
20235.0000 53.6644 7.1102
20240.0000 53.6533 7.1260
20245.0000 53.6202 7.1211
20250.0000 53.6295 7.1194
20255.0000 53.6605 7.1442
20260.0000 53.6482 7.1262
20265.0000 53.7262 7.1729
20270.0000 53.7344 7.1710
20275.0000 53.7477 7.1740
20280.0000 53.7960 7.1980
20285.0000 53.6719 7.1202
20290.0000 53.6049 7.1129
20295.0000 53.5736 7.1191
20300.0000 53.6162 7.1655
20305.0000 53.5612 7.1475
20310.0000 53.5676 7.1466
20315.0000 53.5934 7.1543
20320.0000 53.6097 7.1607
20325.0000 53.6139 7.1580
20330.0000 53.6168 7.1585
20335.0000 53.6330 7.1624
20340.0000 53.6671 7.1840
20345.0000 53.6422 7.1785
20350.0000 53.5087 7.1194
20355.0000 53.4401 7.1082
20360.0000 53.3933 7.1019
20365.0000 53.4065 7.1437
20370.0000 53.4398 7.1671
20375.0000 53.4495 7.1663
20380.0000 53.4638 7.1635
20385.0000 53.4638 7.1635
20390.0000 53.4610 7.1534
20395.0000 53.5130 7.1733
20400.0000 53.5779 7.1984
20405.0000 53.4582 7.1306
20410.0000 53.4355 7.1287
20415.0000 53.3730 7.1255
20420.0000 53.3666 7.1293
20425.0000 53.3808 7.1476
20430.0000 53.3714 7.1448
20435.0000 53.3835 7.1416
20440.0000 53.4258 7.1641
20445.0000 53.4067 7.1375
20450.0000 53.4480 7.1595
20455.0000 53.4524 7.1603
20460.0000 53.4704 7.1847
20465.0000 53.3923 7.1505
20470.0000 53.1890 7.0791
20475.0000 53.0399 7.0330
20480.0000 52.9902 7.0380
20485.0000 52.9578 7.0405
20490.0000 52.9674 7.0410
20495.0000 53.0130 7.0459
20500.0000 53.0484 7.0521
20505.0000 53.0524 7.0501
20510.0000 53.0902 7.0782
20515.0000 53.0972 7.0782
20520.0000 53.0844 7.0750
20525.0000 52.9793 7.0289
20530.0000 52.9163 7.0006
20535.0000 52.8269 6.9711
20540.0000 52.8216 6.9686
20545.0000 52.8485 6.9723
20550.0000 52.8944 7.0035
20555.0000 52.9523 7.0484
20560.0000 52.9411 7.0298
20565.0000 52.8679 6.9666
20570.0000 52.8600 6.9564
20575.0000 52.8825 6.9689
20580.0000 52.8785 6.9708
20585.0000 52.7617 6.9119
20590.0000 52.6964 6.8721
20595.0000 52.6284 6.8959
20600.0000 52.6550 6.9410
20605.0000 52.6403 6.9473
20610.0000 52.6469 6.9465
20615.0000 52.6552 6.9469
20620.0000 52.7403 6.9781
20625.0000 52.7796 7.0027
20630.0000 52.8049 7.0034
20635.0000 52.8997 7.0671
20640.0000 52.9033 7.0619
20645.0000 52.7269 6.9764
20650.0000 52.6397 6.9360
20655.0000 52.6294 6.9656
20660.0000 52.5980 6.9580
20665.0000 52.5621 6.9570
20670.0000 52.6319 6.9974
20675.0000 52.6550 6.9927
20680.0000 52.7589 7.0587
20685.0000 52.7402 7.0335
20690.0000 52.7547 7.0332
20695.0000 52.8307 7.0384
20700.0000 52.8395 7.0528
20705.0000 52.7559 7.0178
20710.0000 52.7497 7.0207
20715.0000 52.6199 7.0018
20720.0000 52.5914 7.0014
20725.0000 52.6152 7.0287
20730.0000 52.6328 7.0356
20735.0000 52.6388 7.0258
20740.0000 52.6589 7.0303
20745.0000 52.6585 7.0221
20750.0000 52.6720 7.0219
20755.0000 52.6810 7.0228
20760.0000 52.6952 7.0262
20765.0000 52.4368 6.8852
20770.0000 52.3249 6.8342
20775.0000 52.3565 6.8815
20780.0000 52.4288 6.9489
20785.0000 52.4357 6.9563
20790.0000 52.4718 6.9886
20795.0000 52.5012 7.0086
20800.0000 52.5507 7.0381
20805.0000 52.6295 7.0919
20810.0000 52.6853 7.1228
20815.0000 52.6885 7.1231
20820.0000 52.7012 7.1212
20825.0000 52.6107 7.0958
20830.0000 52.5299 7.0754
20835.0000 52.4026 7.0332
20840.0000 52.3675 7.0307
20845.0000 52.3339 7.0296
20850.0000 52.3417 7.0264
20855.0000 52.3489 7.0293
20860.0000 52.4185 7.0590
20865.0000 52.4437 7.0626
20870.0000 52.4550 7.0642
20875.0000 52.4776 7.0636
20880.0000 52.4960 7.0684
20885.0000 52.4235 7.0123
20890.0000 52.4868 7.0741
20895.0000 52.4420 7.0879
20900.0000 52.3895 7.0625
20905.0000 52.4624 7.0996
20910.0000 52.4729 7.0978
20915.0000 52.5218 7.1035
20920.0000 52.5452 7.1005
20925.0000 52.5677 7.0997
20930.0000 52.5773 7.1007
20935.0000 52.6126 7.1093
20940.0000 52.6595 7.1444
20945.0000 52.6838 7.1417
20950.0000 52.6925 7.1385
20955.0000 52.6027 7.1221
20960.0000 52.6098 7.1182
20965.0000 52.5977 7.1256
20970.0000 52.6328 7.1492
20975.0000 52.6438 7.1493
20980.0000 52.6576 7.1413
20985.0000 52.7074 7.1656
20990.0000 52.7481 7.1760
20995.0000 52.7670 7.1742
21000.0000 52.7920 7.1711
21005.0000 52.7139 7.1446
21010.0000 52.6720 7.1388
21015.0000 52.6294 7.1678
21020.0000 52.6196 7.1736
21025.0000 52.6098 7.1912
21030.0000 52.6082 7.1894
21035.0000 52.6133 7.1886
21040.0000 52.6182 7.1863
21045.0000 52.6250 7.1867
21050.0000 52.6361 7.1898
21055.0000 52.5866 7.1412
21060.0000 52.6361 7.1777
21065.0000 52.5200 7.1146
21070.0000 52.4702 7.1079
21075.0000 52.4202 7.0980
21080.0000 52.4429 7.1236
21085.0000 52.4364 7.1274
21090.0000 52.4493 7.1300
21095.0000 52.4666 7.1320
21100.0000 52.4539 7.1020
21105.0000 52.4618 7.1020
21110.0000 52.4819 7.1030
21115.0000 52.4945 7.1079
21120.0000 52.4981 7.1125
21125.0000 52.3953 7.0570
21130.0000 52.3043 7.0088
21135.0000 52.2819 7.0338
21140.0000 52.3392 7.0951
21145.0000 52.3339 7.1159
21150.0000 52.3457 7.1104
21155.0000 52.4123 7.1498
21160.0000 52.4322 7.1548
21165.0000 52.4548 7.1615
21170.0000 52.5279 7.1997
21175.0000 52.6178 7.2571
21180.0000 52.6582 7.2835
21185.0000 52.5344 7.2423
21190.0000 52.4075 7.1950
21195.0000 52.3362 7.1779
21200.0000 52.3246 7.1790
21205.0000 52.3442 7.2036
21210.0000 52.3442 7.2036
21215.0000 52.3830 7.2144
21220.0000 52.4143 7.2255
21225.0000 52.4490 7.2486
21230.0000 52.4557 7.2397
21235.0000 52.4726 7.2312
21240.0000 52.4755 7.2289
21245.0000 52.4310 7.1996
21250.0000 52.3419 7.1604
21255.0000 52.2466 7.1307
21260.0000 52.3279 7.2112
21265.0000 52.2970 7.1945
21270.0000 52.3470 7.2326
21275.0000 52.3603 7.2321
21280.0000 52.3637 7.2326
21285.0000 52.3766 7.2319
21290.0000 52.3429 7.1995
21295.0000 52.4040 7.2345
21300.0000 52.4079 7.2340
21305.0000 52.1649 7.1066
21310.0000 52.0180 7.0136
21315.0000 51.9750 7.0246
21320.0000 52.0314 7.0336
21325.0000 52.0401 7.0598
21330.0000 52.0439 7.0561
21335.0000 52.0421 7.0441
21340.0000 52.0490 7.0426
21345.0000 52.1132 7.0688
21350.0000 52.1328 7.0752
21355.0000 52.1388 7.0765
21360.0000 52.1405 7.0791
21365.0000 52.0688 7.0330
21370.0000 52.0166 7.0462
21375.0000 51.9885 7.0420
21380.0000 51.9574 7.0430
21385.0000 51.9413 7.0482
21390.0000 51.9610 7.0645
21395.0000 51.9702 7.0626
21400.0000 51.9791 7.0701
21405.0000 52.0348 7.0991
21410.0000 52.0520 7.0973
21415.0000 52.0567 7.0940
21420.0000 52.0452 7.0994
21425.0000 52.0127 7.0740
21430.0000 51.8924 7.0189
21435.0000 51.9048 7.0674
21440.0000 51.8818 7.0684
21445.0000 51.8520 7.0736
21450.0000 51.8747 7.1024
21455.0000 51.8921 7.1142
21460.0000 51.8957 7.1147
21465.0000 51.9001 7.1136
21470.0000 51.9165 7.1191
21475.0000 51.9228 7.1218
21480.0000 51.9316 7.1280
21485.0000 51.8665 7.1042
21490.0000 51.7737 7.0572
21495.0000 51.7428 7.0640
21500.0000 51.6950 7.0573
21505.0000 51.6964 7.0642
21510.0000 51.6844 7.0629
21515.0000 51.6958 7.0611
21520.0000 51.7348 7.0532
21525.0000 51.7412 7.0526
21530.0000 51.7452 7.0414
21535.0000 51.8371 7.0967
21540.0000 51.8432 7.0982
21545.0000 51.8625 7.0908
21550.0000 51.8423 7.0955
21555.0000 51.8273 7.0924
21560.0000 51.7537 7.0872
21565.0000 51.7277 7.0894
21570.0000 51.7318 7.0884
21575.0000 51.7415 7.0882
21580.0000 51.7447 7.0867
21585.0000 51.7523 7.0906
21590.0000 51.7290 7.0651
21595.0000 51.7604 7.0775
21600.0000 51.7709 7.0741
21605.0000 51.7575 7.0532
21610.0000 51.7624 7.0467
21615.0000 51.7508 7.0379
21620.0000 51.7262 7.0402
21625.0000 51.7316 7.0441
21630.0000 51.7578 7.0660
21635.0000 51.7760 7.0697
21640.0000 51.7889 7.0711
21645.0000 51.7934 7.0690
21650.0000 51.7934 7.0690
21655.0000 51.7718 7.0450
21660.0000 51.7679 7.0459
21665.0000 51.7154 6.9973
21670.0000 51.6745 6.9806
21675.0000 51.6150 6.9823
21680.0000 51.6538 7.0190
21685.0000 51.6376 7.0203
21690.0000 51.6485 7.0163
21695.0000 51.6662 7.0170
21700.0000 51.7046 7.0421
21705.0000 51.7136 7.0413
21710.0000 51.7296 7.0416
21715.0000 51.7396 7.0396
21720.0000 51.7797 7.0459
21725.0000 51.6300 6.9632
21730.0000 51.5717 6.9437
21735.0000 51.5271 6.9448
21740.0000 51.4939 6.9432
21745.0000 51.4911 6.9663
21750.0000 51.4900 6.9637
21755.0000 51.5029 6.9644
21760.0000 51.5281 6.9840
21765.0000 51.5365 6.9914
21770.0000 51.4774 6.9401
21775.0000 51.5175 6.9657
21780.0000 51.5231 6.9664
21785.0000 51.3972 6.8783
21790.0000 51.2992 6.8197
21795.0000 51.2522 6.8422
21800.0000 51.1991 6.8344
21805.0000 51.2031 6.8325
21810.0000 51.2005 6.8370
21815.0000 51.2192 6.8424
21820.0000 51.2281 6.8437
21825.0000 51.2860 6.8552
21830.0000 51.3031 6.8554
21835.0000 51.3259 6.8573
21840.0000 51.3433 6.8608
21845.0000 51.3374 6.8411
21850.0000 51.3228 6.8536
21855.0000 51.2632 6.8415
21860.0000 51.2577 6.8819
21865.0000 51.2435 6.8818
21870.0000 51.2653 6.8895
21875.0000 51.2793 6.8909
21880.0000 51.3247 6.9078
21885.0000 51.3653 6.9395
21890.0000 51.3860 6.9376
21895.0000 51.4097 6.9441
21900.0000 51.4310 6.9499
21905.0000 51.4455 6.9755
21910.0000 51.2773 6.8852
21915.0000 51.2266 6.8764
21920.0000 51.2019 6.8795
21925.0000 51.1709 6.8479
21930.0000 51.1546 6.8433
21935.0000 51.1627 6.8418
21940.0000 51.1674 6.8410
21945.0000 51.1902 6.8441
21950.0000 51.2019 6.8369
21955.0000 51.2182 6.8417
21960.0000 51.2573 6.8713
21965.0000 51.0902 6.8010
21970.0000 50.9433 6.7359
21975.0000 50.8559 6.7067
21980.0000 50.8040 6.7134
21985.0000 50.8003 6.7218
21990.0000 50.8185 6.7472
21995.0000 50.8185 6.7472
22000.0000 50.8915 6.7689
22005.0000 50.9886 6.8211
22010.0000 51.0042 6.8200
22015.0000 51.0499 6.8437
22020.0000 51.0541 6.8434
22025.0000 51.0029 6.8123
22030.0000 51.0007 6.8122
22035.0000 50.9885 6.8072
22040.0000 51.0224 6.8272
22045.0000 51.0126 6.8188
22050.0000 51.0133 6.8202
22055.0000 51.0177 6.8205
22060.0000 51.0315 6.8119
22065.0000 51.0204 6.7883
22070.0000 51.0342 6.7856
22075.0000 51.1099 6.8203
22080.0000 51.1464 6.8428
22085.0000 51.1497 6.8416
22090.0000 51.1027 6.8257
22095.0000 51.1000 6.8418
22100.0000 51.0826 6.8442
22105.0000 51.0601 6.8434
22110.0000 51.0850 6.8648
22115.0000 51.0877 6.8641
22120.0000 51.1038 6.8651
22125.0000 51.1195 6.8642
22130.0000 51.1329 6.8637
22135.0000 51.1596 6.8702
22140.0000 51.1638 6.8692
22145.0000 51.2189 6.9064
22150.0000 51.1924 6.9082
22155.0000 51.1694 6.9093
22160.0000 51.1760 6.9172
22165.0000 51.1466 6.9143
22170.0000 51.1323 6.9101
22175.0000 51.1448 6.9088
22180.0000 51.1488 6.9083
22185.0000 51.1818 6.9281
22190.0000 51.1068 6.8617
22195.0000 51.1171 6.8611
22200.0000 51.1277 6.8610
22205.0000 51.0162 6.7981
22210.0000 50.9030 6.7833
22215.0000 50.9122 6.8072
22220.0000 50.8715 6.8034
22225.0000 50.8537 6.8126
22230.0000 50.8404 6.8113
22235.0000 50.8591 6.8055
22240.0000 50.8659 6.8080
22245.0000 50.8873 6.8145
22250.0000 50.9039 6.8125
22255.0000 50.9039 6.8125
22260.0000 50.8969 6.8156
22265.0000 50.7300 6.7253
22270.0000 50.6749 6.6986
22275.0000 50.6139 6.7015
22280.0000 50.5839 6.7026
22285.0000 50.5572 6.7036
22290.0000 50.5421 6.6975
22295.0000 50.5548 6.7002
22300.0000 50.5644 6.6993
22305.0000 50.5732 6.6984
22310.0000 50.5830 6.6990
22315.0000 50.5830 6.6990
22320.0000 50.6111 6.7142
22325.0000 50.4656 6.6291
22330.0000 50.4997 6.6354
22335.0000 50.5174 6.6422
22340.0000 50.5696 6.6738
22345.0000 50.5632 6.6726
22350.0000 50.5949 6.6950
22355.0000 50.6027 6.6953
22360.0000 50.6279 6.7006
22365.0000 50.6969 6.7228
22370.0000 50.7182 6.7191
22375.0000 50.7421 6.7159
22380.0000 50.7595 6.7156
22385.0000 50.7057 6.6656
22390.0000 50.7516 6.7010
22395.0000 50.6869 6.6974
22400.0000 50.6879 6.7233
22405.0000 50.6737 6.7248
22410.0000 50.6559 6.7193
22415.0000 50.6800 6.7158
22420.0000 50.7166 6.7219
22425.0000 50.7858 6.7524
22430.0000 50.8358 6.7788
22435.0000 50.8425 6.7700
22440.0000 50.8601 6.7754
22445.0000 50.8255 6.7687
22450.0000 50.8049 6.7385
22455.0000 50.7837 6.7406
22460.0000 50.7693 6.7376
22465.0000 50.7505 6.7443
22470.0000 50.8098 6.7939
22475.0000 50.8141 6.7950
22480.0000 50.8338 6.7938
22485.0000 50.8463 6.7980
22490.0000 50.8556 6.7975
22495.0000 50.8828 6.7974
22500.0000 50.9122 6.8211
22505.0000 50.7626 6.7399
22510.0000 50.5880 6.6241
22515.0000 50.5159 6.6217
22520.0000 50.4552 6.6226
22525.0000 50.4244 6.6148
22530.0000 50.4008 6.6086
22535.0000 50.4677 6.6505
22540.0000 50.4870 6.6484
22545.0000 50.5068 6.6505
22550.0000 50.5550 6.6529
22555.0000 50.5742 6.6565
22560.0000 50.5764 6.6603
22565.0000 50.5970 6.6724
22570.0000 50.4412 6.6091
22575.0000 50.4041 6.6065
22580.0000 50.3600 6.6020
22585.0000 50.3575 6.6107
22590.0000 50.3808 6.6324
22595.0000 50.4306 6.6652
22600.0000 50.4767 6.6975
22605.0000 50.4409 6.6583
22610.0000 50.4748 6.6758
22615.0000 50.5296 6.7030
22620.0000 50.5036 6.6792
22625.0000 50.4606 6.6612
22630.0000 50.3855 6.6367
22635.0000 50.3437 6.6352
22640.0000 50.3821 6.6921
22645.0000 50.3680 6.6919
22650.0000 50.3533 6.6734
22655.0000 50.3763 6.6729
22660.0000 50.3906 6.6719
22665.0000 50.4371 6.7009
22670.0000 50.4371 6.7009
22675.0000 50.4371 6.7009
22680.0000 50.4873 6.7353
22685.0000 50.4412 6.7260
22690.0000 50.4187 6.7318
22695.0000 50.4081 6.7308
22700.0000 50.3797 6.7337
22705.0000 50.3792 6.7347
22710.0000 50.3889 6.7320
22715.0000 50.4088 6.7358
22720.0000 50.4330 6.7351
22725.0000 50.4495 6.7391
22730.0000 50.4643 6.7437
22735.0000 50.5143 6.7691
22740.0000 50.5910 6.7646
22745.0000 50.6516 6.7732
22750.0000 50.6105 6.7640
22755.0000 50.5816 6.7667
22760.0000 50.5863 6.7958
22765.0000 50.6201 6.8511
22770.0000 50.6694 6.8862
22775.0000 50.6695 6.8715
22780.0000 50.7520 6.9369
22785.0000 50.7608 6.9377
22790.0000 50.7660 6.9388
22795.0000 50.7812 6.9418
22800.0000 50.7850 6.9431
22805.0000 50.7253 6.9122
22810.0000 50.6610 6.8871
22815.0000 50.6709 6.9065
22820.0000 50.6593 6.9204
22825.0000 50.6341 6.9047
22830.0000 50.6334 6.9051
22835.0000 50.6738 6.9238
22840.0000 50.7030 6.9341
22845.0000 50.7354 6.9574
22850.0000 50.7727 6.9718
22855.0000 50.7727 6.9718
22860.0000 50.7799 6.9712
22865.0000 50.6477 6.9049
22870.0000 50.5721 6.8733
22875.0000 50.5098 6.8564
22880.0000 50.5063 6.8703
22885.0000 50.5034 6.8713
22890.0000 50.5149 6.8706
22895.0000 50.5312 6.8702
22900.0000 50.5363 6.8715
22905.0000 50.5363 6.8715
22910.0000 50.5693 6.8928
22915.0000 50.5977 6.8973
22920.0000 50.6163 6.8921
22925.0000 50.6270 6.8878
22930.0000 50.6146 6.8888
22935.0000 50.5901 6.8913
22940.0000 50.6071 6.9231
22945.0000 50.5726 6.9256
22950.0000 50.5240 6.8822
22955.0000 50.5951 6.9025
22960.0000 50.6369 6.9105
22965.0000 50.6539 6.9099
22970.0000 50.6628 6.9088
22975.0000 50.6809 6.9092
22980.0000 50.6730 6.9117
22985.0000 50.6267 6.8889
22990.0000 50.4998 6.7990
22995.0000 50.4028 6.7581
23000.0000 50.3851 6.7595
23005.0000 50.4203 6.8020
23010.0000 50.4255 6.8149
23015.0000 50.4828 6.8554
23020.0000 50.4967 6.8589
23025.0000 50.4992 6.8587
23030.0000 50.5158 6.8592
23035.0000 50.5163 6.8543
23040.0000 50.5597 6.8953
23045.0000 50.3549 6.8077
23050.0000 50.3405 6.8222
23055.0000 50.3021 6.8224
23060.0000 50.2805 6.8205
23065.0000 50.1956 6.7697
23070.0000 50.1975 6.7706
23075.0000 50.2584 6.7796
23080.0000 50.2848 6.7838
23085.0000 50.2971 6.7865
23090.0000 50.3094 6.7861
23095.0000 50.3190 6.7878
23100.0000 50.3097 6.7796
23105.0000 50.2517 6.7416
23110.0000 50.2061 6.7111
23115.0000 50.1660 6.6968
23120.0000 50.1050 6.6663
23125.0000 50.1126 6.7059
23130.0000 50.1146 6.7039
23135.0000 50.1275 6.7062
23140.0000 50.1364 6.7071
23145.0000 50.1813 6.7116
23150.0000 50.1893 6.7187
23155.0000 50.1893 6.7187
23160.0000 50.1961 6.7204
23165.0000 50.2064 6.7186
23170.0000 50.1446 6.7030
23175.0000 50.0424 6.6850
23180.0000 50.0151 6.6824
23185.0000 49.9846 6.6880
23190.0000 49.9540 6.6770
23195.0000 49.9635 6.6786
23200.0000 49.9564 6.6722
23205.0000 49.9639 6.6654
23210.0000 49.9790 6.6663
23215.0000 49.9947 6.6654
23220.0000 50.0847 6.7196
23225.0000 50.0583 6.7226
23230.0000 49.9911 6.6857
23235.0000 49.9044 6.6785
23240.0000 49.8923 6.6784
23245.0000 49.8673 6.6769
23250.0000 49.8565 6.6715
23255.0000 49.8704 6.6695
23260.0000 49.9109 6.7007
23265.0000 49.9262 6.7075
23270.0000 49.9302 6.7069
23275.0000 49.9400 6.7113
23280.0000 49.9546 6.7201
23285.0000 49.9592 6.7195
23290.0000 49.9455 6.7257
23295.0000 49.8786 6.6946
23300.0000 49.8645 6.6916
23305.0000 49.8482 6.7021
23310.0000 49.8445 6.6993
23315.0000 49.8507 6.6998
23320.0000 49.8828 6.7243
23325.0000 49.8863 6.7231
23330.0000 49.8933 6.7243
23335.0000 49.9149 6.7263
23340.0000 49.9282 6.7295
23345.0000 49.9336 6.7303
23350.0000 49.9009 6.7393
23355.0000 49.8892 6.7348
23360.0000 49.8602 6.7339
23365.0000 49.8573 6.7365
23370.0000 49.9157 6.7820
23375.0000 49.9486 6.8038
23380.0000 49.9486 6.8038
23385.0000 49.9580 6.8003
23390.0000 49.9580 6.8003
23395.0000 49.9628 6.8015
23400.0000 49.9798 6.7992
23405.0000 49.9071 6.7704
23410.0000 49.8879 6.7528
23415.0000 49.8423 6.7503
23420.0000 49.8428 6.7560
23425.0000 49.8539 6.7715
23430.0000 49.8685 6.7697
23435.0000 49.8815 6.7702
23440.0000 49.8938 6.7669
23445.0000 49.9269 6.7865
23450.0000 50.0076 6.8367
23455.0000 50.0137 6.8342
23460.0000 50.0165 6.8376
23465.0000 50.0160 6.8615
23470.0000 49.9784 6.8364
23475.0000 49.9508 6.8185
23480.0000 49.9144 6.8190
23485.0000 49.9020 6.8250
23490.0000 49.8976 6.8206
23495.0000 49.8711 6.7972
23500.0000 49.9069 6.8284
23505.0000 49.9444 6.8568
23510.0000 49.9496 6.8585
23515.0000 49.9567 6.8583
23520.0000 49.9612 6.8617
23525.0000 49.9551 6.8612
23530.0000 49.9117 6.8573
23535.0000 49.8089 6.7959
23540.0000 49.7711 6.7898
23545.0000 49.7576 6.7924
23550.0000 49.7505 6.7867
23555.0000 49.7886 6.8163
23560.0000 49.8206 6.8397
23565.0000 49.8240 6.8385
23570.0000 49.7948 6.8042
23575.0000 49.8106 6.8060
23580.0000 49.8141 6.8068
23585.0000 49.7104 6.7616
23590.0000 49.6944 6.7604
23595.0000 49.6284 6.7312
23600.0000 49.6366 6.7456
23605.0000 49.6282 6.7479
23610.0000 49.6201 6.7432
23615.0000 49.6201 6.7432
23620.0000 49.6250 6.7427
23625.0000 49.6839 6.7742
23630.0000 49.7248 6.7840
23635.0000 49.7348 6.7844
23640.0000 49.8093 6.8313
23645.0000 49.7390 6.7749
23650.0000 49.7192 6.7737
23655.0000 49.7034 6.7719
23660.0000 49.6750 6.7693
23665.0000 49.6341 6.7711
23670.0000 49.7406 6.8639
23675.0000 49.7785 6.8800
23680.0000 49.7470 6.8484
23685.0000 49.7640 6.8530
23690.0000 49.7677 6.8542
23695.0000 49.7743 6.8556
23700.0000 49.8104 6.8794
23705.0000 49.8585 6.8916
23710.0000 49.8197 6.8903
23715.0000 49.8146 6.8996
23720.0000 49.8180 6.9036
23725.0000 49.9295 6.9865
23730.0000 49.9243 6.9835
23735.0000 49.9198 6.9794
23740.0000 49.9284 6.9820
23745.0000 49.9332 6.9830
23750.0000 49.9332 6.9830
23755.0000 49.9896 7.0184
23760.0000 50.0259 7.0633
23765.0000 49.9225 7.0046
23770.0000 49.7917 6.9121
23775.0000 49.6812 6.8714
23780.0000 49.5955 6.8065
23785.0000 49.6255 6.8520
23790.0000 49.6235 6.8637
23795.0000 49.6281 6.8629
23800.0000 49.6085 6.8350
23805.0000 49.6171 6.8276
23810.0000 49.6281 6.8312
23815.0000 49.6281 6.8312
23820.0000 49.6382 6.8373
23825.0000 49.5435 6.7793
23830.0000 49.4634 6.7449
23835.0000 49.4765 6.7759
23840.0000 49.4951 6.8067
23845.0000 49.5126 6.8157
23850.0000 49.5235 6.8122
23855.0000 49.5556 6.8072
23860.0000 49.5806 6.8022
23865.0000 49.6052 6.7998
23870.0000 49.6253 6.7986
23875.0000 49.6453 6.7947
23880.0000 49.6810 6.7913
23885.0000 49.6833 6.7783
23890.0000 49.7041 6.7807
23895.0000 49.6866 6.7811
23900.0000 49.7105 6.7872
23905.0000 49.7364 6.7938
23910.0000 49.8042 6.8262
23915.0000 49.8322 6.8301
23920.0000 49.8362 6.8243
23925.0000 49.8635 6.8311
23930.0000 49.8770 6.8347
23935.0000 49.9086 6.8404
23940.0000 49.9324 6.8435
23945.0000 49.9711 6.8546
23950.0000 49.9569 6.8650
23955.0000 49.8605 6.8112
23960.0000 49.8600 6.8201
23965.0000 49.8750 6.8541
23970.0000 49.8605 6.8523
23975.0000 49.8789 6.8544
23980.0000 49.8979 6.8554
23985.0000 49.9393 6.8786
23990.0000 49.9550 6.8855
23995.0000 49.9764 6.8863
24000.0000 49.9848 6.8866
24005.0000 49.9747 6.8606
24010.0000 49.9591 6.8711
24015.0000 49.8307 6.8352
24020.0000 49.9050 6.8562
24025.0000 49.8873 6.8475
24030.0000 49.9097 6.8764
24035.0000 49.9786 6.9098
24040.0000 50.0189 6.9323
24045.0000 50.0484 6.9539
24050.0000 50.0658 6.9600
24055.0000 50.0658 6.9600
24060.0000 50.1041 6.9867
24065.0000 50.1430 7.0073
24070.0000 50.1242 6.9962
24075.0000 50.0970 6.9894
24080.0000 50.0793 6.9938
24085.0000 50.0574 6.9959
24090.0000 50.0576 6.9958
24095.0000 50.0952 7.0088
24100.0000 50.1445 7.0356
24105.0000 50.1550 7.0275
24110.0000 50.1627 7.0275
24115.0000 50.1715 7.0272
24120.0000 50.1945 7.0561
24125.0000 50.1378 7.0360
24130.0000 50.0937 7.0255
24135.0000 50.1024 7.0580
24140.0000 50.0974 7.0591
24145.0000 50.0917 7.0593
24150.0000 50.0789 7.0334
24155.0000 50.0842 7.0379
24160.0000 50.0877 7.0374
24165.0000 50.0976 7.0370
24170.0000 50.1178 7.0420
24175.0000 50.1285 7.0410
24180.0000 50.1318 7.0465
24185.0000 50.1348 7.0461
24190.0000 50.0228 6.9731
24195.0000 49.9644 6.9711
24200.0000 49.9855 6.9854
24205.0000 49.9925 6.9832
24210.0000 49.9886 6.9801
24215.0000 49.9936 6.9780
24220.0000 49.9936 6.9780
24225.0000 50.0181 6.9833
24230.0000 50.0339 6.9837
24235.0000 50.0593 6.9802
24240.0000 50.0805 6.9946
24245.0000 50.0763 6.9942
24250.0000 50.0619 6.9741
24255.0000 50.0098 6.9614
24260.0000 50.0451 6.9882
24265.0000 50.0756 7.0129
24270.0000 50.0916 7.0300
24275.0000 50.1207 7.0323
24280.0000 50.1273 7.0350
24285.0000 50.1297 7.0325
24290.0000 50.1462 7.0359
24295.0000 50.1855 7.0328
24300.0000 50.1966 7.0317
24305.0000 50.2179 7.0354
24310.0000 50.2620 7.0710
24315.0000 50.2267 7.0646
24320.0000 50.2328 7.0731
24325.0000 50.2407 7.0796
24330.0000 50.2092 7.0486
24335.0000 50.2311 7.0492
24340.0000 50.2611 7.0517
24345.0000 50.2827 7.0512
24350.0000 50.3685 7.0863
24355.0000 50.4588 7.1390
24360.0000 50.5211 7.1865
24365.0000 50.4550 7.1740
24370.0000 50.5009 7.1947
24375.0000 50.5262 7.2198
24380.0000 50.5532 7.2235
24385.0000 50.5566 7.2201
24390.0000 50.5800 7.2195
24395.0000 50.6236 7.2213
24400.0000 50.6489 7.2252
24405.0000 50.6655 7.2293
24410.0000 50.7083 7.2453
24415.0000 50.7304 7.2491
24420.0000 50.7465 7.2535
24425.0000 50.6875 7.2292
24430.0000 50.6336 7.1909
24435.0000 50.5903 7.1906
24440.0000 50.5545 7.1837
24445.0000 50.5136 7.1915
24450.0000 50.5366 7.2069
24455.0000 50.5768 7.2233
24460.0000 50.6333 7.2632
24465.0000 50.6437 7.2613
24470.0000 50.6685 7.2574
24475.0000 50.6815 7.2554
24480.0000 50.6907 7.2624
24485.0000 50.6192 7.2122
24490.0000 50.5893 7.1812
24495.0000 50.5615 7.1765
24500.0000 50.5505 7.1721
24505.0000 50.5705 7.1958
24510.0000 50.5663 7.1951
24515.0000 50.5733 7.1976
24520.0000 50.5611 7.1870
24525.0000 50.5679 7.1893
24530.0000 50.6090 7.2164
24535.0000 50.6137 7.2159
24540.0000 50.6224 7.2148
24545.0000 50.6291 7.2177
24550.0000 50.5542 7.1731
24555.0000 50.5252 7.1688
24560.0000 50.5174 7.1690
24565.0000 50.4913 7.1663
24570.0000 50.5354 7.2115
24575.0000 50.5582 7.2054
24580.0000 50.5717 7.1925
24585.0000 50.5919 7.1887
24590.0000 50.5760 7.1504
24595.0000 50.6390 7.1837
24600.0000 50.6526 7.1793
24605.0000 50.5903 7.1263
24610.0000 50.4706 7.0551
24615.0000 50.4429 7.0331
24620.0000 50.6013 7.1087
24625.0000 50.6185 7.1409
24630.0000 50.6293 7.1330
24635.0000 50.6672 7.1362
24640.0000 50.6672 7.1362
24645.0000 50.6672 7.1362
24650.0000 50.7164 7.1712
24655.0000 50.7164 7.1712
24660.0000 50.7678 7.1795
24665.0000 50.7586 7.1668
24670.0000 50.7211 7.1415
24675.0000 50.6860 7.1130
24680.0000 50.6705 7.1167
24685.0000 50.6589 7.1184
24690.0000 50.6530 7.1233
24695.0000 50.6578 7.1252
24700.0000 50.6667 7.1278
24705.0000 50.6936 7.1520
24710.0000 50.6936 7.1520
24715.0000 50.7019 7.1544
24720.0000 50.6986 7.1559
24725.0000 50.6102 7.0894
24730.0000 50.5705 7.0705
24735.0000 50.5205 7.0724
24740.0000 50.5421 7.1108
24745.0000 50.5155 7.1237
24750.0000 50.4894 7.0854
24755.0000 50.6132 7.1503
24760.0000 50.6769 7.1854
24765.0000 50.7472 7.2171
24770.0000 50.7610 7.2192
24775.0000 50.8124 7.2357
24780.0000 50.8521 7.2541
24785.0000 50.8225 7.2416
24790.0000 50.7043 7.1594
24795.0000 50.6685 7.1582
24800.0000 50.6382 7.1579
24805.0000 50.5666 7.1077
24810.0000 50.5848 7.1210
24815.0000 50.6508 7.1347
24820.0000 50.6978 7.1671
24825.0000 50.6978 7.1671
24830.0000 50.7020 7.1661
24835.0000 50.7071 7.1684
24840.0000 50.7071 7.1684
24845.0000 50.7414 7.1874
24850.0000 50.7046 7.1738
24855.0000 50.6569 7.1754
24860.0000 50.6397 7.1785
24865.0000 50.6149 7.1800
24870.0000 50.5902 7.1731
24875.0000 50.5968 7.1694
24880.0000 50.6017 7.1678
24885.0000 50.6017 7.1678
24890.0000 50.6279 7.1888
24895.0000 50.6952 7.2211
24900.0000 50.7493 7.2739
24905.0000 50.5693 7.1810
24910.0000 50.3586 7.0825
24915.0000 50.2780 7.0660
24920.0000 50.2170 7.0723
24925.0000 50.2656 7.1085
24930.0000 50.3939 7.1380
24935.0000 50.5737 7.2248
24940.0000 50.5859 7.2303
24945.0000 50.6212 7.2089
24950.0000 50.6257 7.2092
24955.0000 50.6601 7.2067
24960.0000 50.7347 7.2327
24965.0000 50.6391 7.1316
24970.0000 50.5569 7.0991
24975.0000 50.5352 7.1137
24980.0000 50.5461 7.1137
24985.0000 50.5324 7.1220
24990.0000 50.5714 7.1199
24995.0000 50.5958 7.1240
25000.0000 50.5798 7.0876
25005.0000 50.5798 7.0876
25010.0000 50.5856 7.0902
25015.0000 50.6231 7.1019
25020.0000 50.6436 7.0980
25025.0000 50.6362 7.0987
25030.0000 50.6321 7.1054
25035.0000 50.5965 7.1039
25040.0000 50.5757 7.1063
25045.0000 50.5476 7.0976
25050.0000 50.5528 7.1106
25055.0000 50.5505 7.1088
25060.0000 50.5689 7.1065
25065.0000 50.5803 7.1064
25070.0000 50.6329 7.1089
25075.0000 50.6730 7.1112
25080.0000 50.7453 7.1341
25085.0000 50.7407 7.1387
25090.0000 50.7300 7.1492
25095.0000 50.7204 7.1550
25100.0000 50.7172 7.1491
25105.0000 50.7045 7.1520
25110.0000 50.6990 7.1422
25115.0000 50.7399 7.1752
25120.0000 50.7528 7.1739
25125.0000 50.7747 7.1736
25130.0000 50.8441 7.1853
25135.0000 50.9129 7.2088
25140.0000 50.9408 7.2056
25145.0000 50.7497 7.0908
25150.0000 50.7674 7.1260
25155.0000 50.7245 7.1291
25160.0000 50.7471 7.1422
25165.0000 50.7198 7.1456
25170.0000 50.7249 7.1489
25175.0000 50.7201 7.1486
25180.0000 50.7263 7.1461
25185.0000 50.7374 7.1453
25190.0000 50.7481 7.1452
25195.0000 50.7861 7.1549
25200.0000 50.8140 7.1893
25205.0000 50.7196 7.1210
25210.0000 50.6223 7.0671
25215.0000 50.5702 7.0517
25220.0000 50.5811 7.0680
25225.0000 50.5590 7.0701
25230.0000 50.6103 7.1045
25235.0000 50.6103 7.1045
25240.0000 50.6619 7.1432
25245.0000 50.6472 7.1142
25250.0000 50.6507 7.1131
25255.0000 50.6557 7.1115
25260.0000 50.6832 7.1370
25265.0000 50.6486 7.1181
25270.0000 50.6116 7.1127
25275.0000 50.6124 7.1189
25280.0000 50.6282 7.1416
25285.0000 50.6023 7.1412
25290.0000 50.5915 7.1389
25295.0000 50.6018 7.1394
25300.0000 50.6101 7.1392
25305.0000 50.6168 7.1365
25310.0000 50.6559 7.1409
25315.0000 50.6967 7.1564
25320.0000 50.7085 7.1547
25325.0000 50.7157 7.1518
25330.0000 50.6026 7.0978
25335.0000 50.6226 7.1189
25340.0000 50.6076 7.1217
25345.0000 50.5724 7.1219
25350.0000 50.5695 7.1196
25355.0000 50.6058 7.1444
25360.0000 50.6175 7.1435
25365.0000 50.6454 7.1462
25370.0000 50.6588 7.1450
25375.0000 50.7188 7.1599
25380.0000 50.7722 7.1718
25385.0000 50.7046 7.0912
25390.0000 50.6538 7.0434
25395.0000 50.6655 7.0380
25400.0000 50.6611 7.0427
25405.0000 50.6470 7.0460
25410.0000 50.6461 7.0399
25415.0000 50.6625 7.0438
25420.0000 50.6843 7.0459
25425.0000 50.7052 7.0449
25430.0000 50.7682 7.0647
25435.0000 50.7882 7.0611
25440.0000 50.8196 7.0596
25445.0000 50.8375 7.0633
25450.0000 50.8471 7.0780
25455.0000 50.7497 7.0184
25460.0000 50.7336 7.0191
25465.0000 50.7207 7.0189
25470.0000 50.8086 7.0649
25475.0000 50.9367 7.1346
25480.0000 50.9920 7.1583
25485.0000 51.0396 7.1823
25490.0000 51.0969 7.2032
25495.0000 51.1366 7.2246
25500.0000 51.1427 7.2268
25505.0000 51.1338 7.1820
25510.0000 51.0851 7.1443
25515.0000 51.0885 7.1563
25520.0000 51.1277 7.1891
25525.0000 51.1856 7.2352
25530.0000 51.1805 7.2376
25535.0000 51.1869 7.2443
25540.0000 51.2104 7.2437
25545.0000 51.2524 7.2758
25550.0000 51.2725 7.2845
25555.0000 51.2805 7.2894
25560.0000 51.3535 7.3629
25565.0000 51.1984 7.2919
25570.0000 51.2047 7.2949
25575.0000 51.1814 7.2911
25580.0000 51.1788 7.2968
25585.0000 51.1899 7.3169
25590.0000 51.2074 7.3298
25595.0000 51.2205 7.3348
25600.0000 51.2651 7.3472
25605.0000 51.3193 7.3773
25610.0000 51.3625 7.4050
25615.0000 51.3705 7.4080
25620.0000 51.3772 7.4179
25625.0000 51.3815 7.4162
25630.0000 51.3405 7.3921
25635.0000 51.2991 7.3783
25640.0000 51.3324 7.3915
25645.0000 51.3651 7.4229
25650.0000 51.3576 7.4239
25655.0000 51.4103 7.4538
25660.0000 51.4734 7.4764
25665.0000 51.5148 7.4958
25670.0000 51.6276 7.5463
25675.0000 51.7119 7.5889
25680.0000 51.7578 7.6174
25685.0000 51.6585 7.5464
25690.0000 51.6609 7.5601
25695.0000 51.5732 7.5432
25700.0000 51.6038 7.5705
25705.0000 51.5800 7.5853
25710.0000 51.6585 7.6405
25715.0000 51.7516 7.6988
25720.0000 51.7513 7.6789
25725.0000 51.7664 7.6842
25730.0000 51.7574 7.6666
25735.0000 51.7883 7.6926
25740.0000 51.8360 7.7144
25745.0000 51.8060 7.6740
25750.0000 51.8176 7.6740
25755.0000 51.8417 7.6769
25760.0000 51.8302 7.6767
25765.0000 51.8302 7.6767
25770.0000 51.8267 7.6763
25775.0000 51.8150 7.6769
25780.0000 51.8452 7.6827
25785.0000 51.8539 7.6795
25790.0000 51.8845 7.6977
25795.0000 51.8845 7.6977
25800.0000 51.8911 7.6982
25805.0000 51.7958 7.6312
25810.0000 51.7962 7.6305
25815.0000 51.7824 7.6250
25820.0000 51.7481 7.6282
25825.0000 51.7657 7.6526
25830.0000 51.7411 7.6530
25835.0000 51.7759 7.6813
25840.0000 51.8209 7.7078
25845.0000 51.7857 7.6741
25850.0000 51.8011 7.6753
25855.0000 51.8462 7.7051
25860.0000 51.8949 7.7301
25865.0000 51.7392 7.6200
25870.0000 51.6452 7.5820
25875.0000 51.6066 7.5874
25880.0000 51.6376 7.6059
25885.0000 51.6211 7.6260
25890.0000 51.6189 7.6250
25895.0000 51.6290 7.6342
25900.0000 51.6654 7.6607
25905.0000 51.6849 7.6642
25910.0000 51.6918 7.6592
25915.0000 51.7137 7.6739
25920.0000 51.7212 7.6842
25925.0000 51.5921 7.5884
25930.0000 51.5823 7.5936
25935.0000 51.6575 7.6382
25940.0000 51.6905 7.6635
25945.0000 51.6684 7.6616
25950.0000 51.6245 7.6203
25955.0000 51.6525 7.6352
25960.0000 51.6525 7.6352
25965.0000 51.6487 7.6243
25970.0000 51.6894 7.6468
25975.0000 51.6894 7.6468
25980.0000 51.6787 7.6530
25985.0000 51.5312 7.5418
25990.0000 51.5094 7.5835
25995.0000 51.4249 7.5366
26000.0000 51.4086 7.5305
26005.0000 51.3835 7.5293
26010.0000 51.3900 7.5233
26015.0000 51.4036 7.5198
26020.0000 51.4470 7.5433
26025.0000 51.4533 7.5372
26030.0000 51.4575 7.5381
26035.0000 51.5028 7.5649
26040.0000 51.5152 7.5597
26045.0000 51.5156 7.5578
26050.0000 51.5368 7.6204
26055.0000 51.4900 7.6161
26060.0000 51.4696 7.6112
26065.0000 51.4416 7.6197
26070.0000 51.4349 7.6159
26075.0000 51.4655 7.6166
26080.0000 51.5187 7.6252
26085.0000 51.5804 7.6074
26090.0000 51.6315 7.6189
26095.0000 51.7062 7.6439
26100.0000 51.7404 7.6625
26105.0000 51.7967 7.6974
26110.0000 51.7688 7.7226
26115.0000 51.8151 7.7832
26120.0000 51.8029 7.7760
26125.0000 51.8557 7.8388
26130.0000 51.8618 7.8512
26135.0000 51.8663 7.8427
26140.0000 51.9377 7.8875
26145.0000 51.9753 7.8964
26150.0000 51.9984 7.9026
26155.0000 52.0899 7.9548
26160.0000 52.1557 8.0131
26165.0000 52.1396 8.0042
26170.0000 52.1242 8.0278
26175.0000 52.1018 8.0278
26180.0000 52.1315 8.0694
26185.0000 52.1415 8.0731
26190.0000 52.1245 8.0739
26195.0000 52.1245 8.0739
26200.0000 52.1257 8.0467
26205.0000 52.1593 8.0603
26210.0000 52.1979 8.0881
26215.0000 52.1798 8.0734
26220.0000 52.2623 8.1401
26225.0000 52.2057 8.0893
26230.0000 52.1613 8.0601
26235.0000 52.1338 8.0594
26240.0000 52.1427 8.0656
26245.0000 52.1229 8.0276
26250.0000 52.1154 8.0217
26255.0000 52.1276 8.0191
26260.0000 52.1300 8.0023
26265.0000 52.1456 8.0088
26270.0000 52.2426 8.0666
26275.0000 52.3143 8.1133
26280.0000 52.3297 8.1221
26285.0000 52.2194 8.0193
26290.0000 52.1270 7.9612
26295.0000 52.1014 7.9655
26300.0000 52.0854 7.9725
26305.0000 52.0637 7.9942
26310.0000 52.0253 7.9914
26315.0000 52.0457 7.9991
26320.0000 52.0608 8.0050
26325.0000 52.0702 8.0059
26330.0000 52.0767 8.0089
26335.0000 52.0860 8.0134
26340.0000 52.0916 8.0221
26345.0000 52.1148 8.0291
26350.0000 52.0200 8.0026
26355.0000 51.9794 8.0109
26360.0000 51.9716 8.0176
26365.0000 51.8948 8.0282
26370.0000 51.8649 8.0137
26375.0000 51.8761 8.0103
26380.0000 51.8951 8.0117
26385.0000 51.9497 8.0389
26390.0000 52.0002 8.0576
26395.0000 52.0185 8.0575
26400.0000 52.0304 8.0618
26405.0000 51.8672 7.9542
26410.0000 51.8440 7.9461
26415.0000 51.8197 7.9240
26420.0000 51.8150 7.9299
26425.0000 51.7905 7.9421
26430.0000 51.7734 7.9292
26435.0000 51.7691 7.9294
26440.0000 51.7694 7.9228
26445.0000 51.7900 7.9294
26450.0000 51.7942 7.9310
26455.0000 51.8115 7.9350
26460.0000 51.8182 7.9317
26465.0000 51.7260 7.8952
26470.0000 51.7119 7.9091
26475.0000 51.5623 7.8440
26480.0000 51.5540 7.8475
26485.0000 51.4916 7.8616
26490.0000 51.5193 7.9087
26495.0000 51.5346 7.9139
26500.0000 51.5698 7.9235
26505.0000 51.6293 7.9472
26510.0000 51.6832 7.9755
26515.0000 51.7351 8.0105
26520.0000 51.7914 8.0442
26525.0000 51.7652 8.0167
26530.0000 51.7388 8.0195
26535.0000 51.7211 7.9935
26540.0000 51.7262 7.9919
26545.0000 51.7131 8.0148
26550.0000 51.6922 8.0049
26555.0000 51.7085 8.0038
26560.0000 51.7529 8.0366
26565.0000 51.7568 8.0357
26570.0000 51.7966 8.0556
26575.0000 51.8000 8.0539
26580.0000 51.8126 8.0579
26585.0000 51.6944 7.9697
26590.0000 51.6668 7.9467
26595.0000 51.5955 7.9084
26600.0000 51.6142 7.9381
26605.0000 51.5837 7.9318
26610.0000 51.5817 7.9390
26615.0000 51.5829 7.9403
26620.0000 51.6160 7.9577
26625.0000 51.6341 7.9617
26630.0000 51.6507 7.9680
26635.0000 51.6651 7.9733
26640.0000 51.7336 8.0336
26645.0000 51.6569 7.9671
26650.0000 51.6193 7.9536
26655.0000 51.5616 7.9359
26660.0000 51.5414 7.9455
26665.0000 51.5000 7.9395
26670.0000 51.4871 7.9210
26675.0000 51.4981 7.9236
26680.0000 51.4678 7.8898
26685.0000 51.4678 7.8898
26690.0000 51.5053 7.9220
26695.0000 51.5188 7.9197
26700.0000 51.5582 7.9567
26705.0000 51.5582 7.9567
26710.0000 51.5440 7.9448
26715.0000 51.5803 7.9803
26720.0000 51.6112 7.9987
26725.0000 51.6901 8.0671
26730.0000 51.7227 8.0922
26735.0000 51.7185 8.0963
26740.0000 51.7255 8.0984
26745.0000 51.6896 8.0683
26750.0000 51.7081 8.0789
26755.0000 51.7081 8.0789
26760.0000 51.7130 8.0792
26765.0000 51.6808 8.0596
26770.0000 51.6354 8.0310
26775.0000 51.6111 8.0263
26780.0000 51.6113 8.0252
26785.0000 51.5864 8.0205
26790.0000 51.5569 8.0050
26795.0000 51.5588 8.0051
26800.0000 51.5957 8.0279
26805.0000 51.6113 8.0319
26810.0000 51.6113 8.0319
26815.0000 51.6175 8.0344
26820.0000 51.6575 8.0705
26825.0000 51.5657 8.0017
26830.0000 51.4910 7.9672
26835.0000 51.4760 7.9865
26840.0000 51.4890 8.0266
26845.0000 51.4768 8.0235
26850.0000 51.4066 7.9625
26855.0000 51.4393 7.9727
26860.0000 51.4813 7.9858
26865.0000 51.5185 7.9998
26870.0000 51.5097 7.9922
26875.0000 51.5118 7.9917
26880.0000 51.5132 7.9925
26885.0000 51.5195 7.9923
26890.0000 51.4719 7.9627
26895.0000 51.3991 7.9228
26900.0000 51.4026 7.9346
26905.0000 51.3673 7.9399
26910.0000 51.4275 7.9823
26915.0000 51.4247 7.9832
26920.0000 51.4824 8.0185
26925.0000 51.4923 8.0170
26930.0000 51.5328 8.0385
26935.0000 51.5497 8.0449
26940.0000 51.5471 8.0462
26945.0000 51.4601 7.9930
26950.0000 51.3393 7.9458
26955.0000 51.3319 7.9523
26960.0000 51.3396 7.9581
26965.0000 51.3195 7.9694
26970.0000 51.3445 7.9908
26975.0000 51.3750 8.0124
26980.0000 51.3888 8.0183
26985.0000 51.4813 8.0587
26990.0000 51.5007 8.0625
26995.0000 51.5148 8.0684
27000.0000 51.5527 8.0981
27005.0000 51.4861 8.0551
27010.0000 51.4354 8.0246
27015.0000 51.3982 7.9940
27020.0000 51.4485 8.0409
27025.0000 51.4835 8.0814
27030.0000 51.4827 8.0921
27035.0000 51.4889 8.0995
27040.0000 51.5295 8.1193
27045.0000 51.5443 8.1274
27050.0000 51.5508 8.1315
27055.0000 51.5719 8.1396
27060.0000 51.5926 8.1495
27065.0000 51.5766 8.1330
27070.0000 51.5449 8.1157
27075.0000 51.4348 8.0565
27080.0000 51.4605 8.0861
27085.0000 51.4199 8.0991
27090.0000 51.3839 8.0857
27095.0000 51.4064 8.1040
27100.0000 51.4029 8.0957
27105.0000 51.4417 8.1250
27110.0000 51.4587 8.1232
27115.0000 51.5182 8.1634
27120.0000 51.4971 8.1468
27125.0000 51.4088 8.1295
27130.0000 51.3410 8.0925
27135.0000 51.2980 8.1018
27140.0000 51.3627 8.1581
27145.0000 51.3603 8.1619
27150.0000 51.4634 8.2459
27155.0000 51.5386 8.2842
27160.0000 51.5288 8.2754
27165.0000 51.5300 8.2663
27170.0000 51.5763 8.2742
27175.0000 51.6523 8.3098
27180.0000 51.7203 8.3594
27185.0000 51.6316 8.3288
27190.0000 51.6303 8.3397
27195.0000 51.6300 8.3444
27200.0000 51.6340 8.3474
27205.0000 51.6017 8.3545
27210.0000 51.6298 8.3931
27215.0000 51.6339 8.3939
27220.0000 51.6415 8.3969
27225.0000 51.6611 8.3985
27230.0000 51.6705 8.3907
27235.0000 51.7402 8.4268
27240.0000 51.7473 8.4278
27245.0000 51.7796 8.4464
27250.0000 51.7880 8.4829
27255.0000 51.7883 8.4731
27260.0000 51.8223 8.4867
27265.0000 51.8130 8.4880
27270.0000 51.8314 8.5074
27275.0000 51.8521 8.5103
27280.0000 51.8604 8.5070
27285.0000 51.8740 8.5056
27290.0000 51.8783 8.4969
27295.0000 51.9503 8.5478
27300.0000 51.9937 8.5672
27305.0000 51.9087 8.4732
27310.0000 51.8749 8.4792
27315.0000 51.8416 8.4562
27320.0000 51.9224 8.5391
27325.0000 51.9468 8.5676
27330.0000 51.9174 8.5308
27335.0000 51.9187 8.5315
27340.0000 51.9269 8.5308
27345.0000 51.9513 8.5379
27350.0000 51.9209 8.5017
27355.0000 51.9794 8.5369
27360.0000 51.9897 8.5343
27365.0000 51.8704 8.4418
27370.0000 51.8770 8.4587
27375.0000 51.8520 8.4400
27380.0000 51.8450 8.4379
27385.0000 51.8387 8.4352
27390.0000 51.8495 8.4595
27395.0000 51.8427 8.4466
27400.0000 51.9059 8.4769
27405.0000 51.9241 8.4715
27410.0000 51.9396 8.4691
27415.0000 52.0318 8.5117
27420.0000 52.1021 8.5383
27425.0000 52.1019 8.5512
27430.0000 52.1087 8.5536
27435.0000 52.0821 8.5498
27440.0000 52.0884 8.5508
27445.0000 52.0277 8.5176
27450.0000 51.9654 8.4815
27455.0000 51.9600 8.4726
27460.0000 51.9710 8.4723
27465.0000 51.9863 8.4734
27470.0000 51.9937 8.4751
27475.0000 52.0146 8.4770
27480.0000 52.0699 8.5031
27485.0000 51.9545 8.4290
27490.0000 51.9839 8.4682
27495.0000 51.9087 8.3979
27500.0000 51.9177 8.3941
27505.0000 51.9045 8.3913
27510.0000 51.8837 8.3871
27515.0000 51.9136 8.4066
27520.0000 51.9252 8.4077
27525.0000 51.9319 8.4065
27530.0000 51.9503 8.3947
27535.0000 51.9912 8.4074
27540.0000 51.9926 8.4095
27545.0000 51.9678 8.3764
27550.0000 51.7969 8.2938
27555.0000 51.7819 8.2943
27560.0000 51.7812 8.2875
27565.0000 51.8221 8.3224
27570.0000 51.8268 8.3107
27575.0000 51.8309 8.2936
27580.0000 51.8893 8.3188
27585.0000 51.8632 8.2945
27590.0000 51.8765 8.2949
27595.0000 51.8915 8.3000
27600.0000 51.8998 8.2946
27605.0000 51.9549 8.3408
27610.0000 51.9437 8.3412
27615.0000 51.8318 8.2832
27620.0000 51.8222 8.2851
27625.0000 51.8097 8.2842
27630.0000 51.8045 8.2754
27635.0000 51.8119 8.2699
27640.0000 51.8625 8.3042
27645.0000 51.9099 8.3318
27650.0000 51.9917 8.3771
27655.0000 51.9917 8.3771
27660.0000 52.0418 8.4186
27665.0000 52.1197 8.4577
27670.0000 52.1607 8.4827
27675.0000 52.1786 8.5065
27680.0000 52.1707 8.5069
27685.0000 52.1386 8.4897
27690.0000 52.1098 8.4729
27695.0000 52.1629 8.5148
27700.0000 52.1978 8.5424
27705.0000 52.2031 8.5411
27710.0000 52.2096 8.5414
27715.0000 52.2490 8.5686
27720.0000 52.2183 8.5300
27725.0000 52.0749 8.4477
27730.0000 51.9511 8.3883
27735.0000 51.8300 8.3324
27740.0000 51.8614 8.3541
27745.0000 51.8920 8.3916
27750.0000 51.8855 8.4076
27755.0000 51.8548 8.3703
27760.0000 51.8594 8.3693
27765.0000 51.8683 8.3729
27770.0000 51.9222 8.4132
27775.0000 51.9434 8.4191
27780.0000 51.9797 8.4504
27785.0000 51.9397 8.4021
27790.0000 51.8891 8.3871
27795.0000 51.9088 8.3941
27800.0000 51.9185 8.3698
27805.0000 51.8849 8.3739
27810.0000 51.8748 8.3708
27815.0000 51.8245 8.3330
27820.0000 51.8351 8.3292
27825.0000 51.8351 8.3292
27830.0000 51.8325 8.3269
27835.0000 51.8674 8.3227
27840.0000 51.9192 8.3427
27845.0000 51.8265 8.3070
27850.0000 51.7756 8.2863
27855.0000 51.6944 8.2353
27860.0000 51.7099 8.2434
27865.0000 51.6847 8.2497
27870.0000 51.6769 8.2589
27875.0000 51.6868 8.2641
27880.0000 51.6917 8.2622
27885.0000 51.6917 8.2622
27890.0000 51.7375 8.2554
27895.0000 51.8472 8.2515
27900.0000 51.9108 8.2512
27905.0000 51.9618 8.2731
27910.0000 51.9850 8.2487
27915.0000 51.9481 8.2599
27920.0000 51.9957 8.2988
27925.0000 51.9787 8.2994
27930.0000 52.0411 8.3570
27935.0000 52.0451 8.3520
27940.0000 52.0632 8.3537
27945.0000 52.0722 8.3565
27950.0000 52.0808 8.3565
27955.0000 52.0976 8.3622
27960.0000 52.0984 8.3745
27965.0000 52.0921 8.3529
27970.0000 52.0613 8.3077
27975.0000 52.0625 8.2922
27980.0000 52.1305 8.3073
27985.0000 52.1839 8.3175
27990.0000 52.2658 8.3461
27995.0000 52.3074 8.3484
28000.0000 52.4146 8.3974
28005.0000 52.5114 8.4581
28010.0000 52.5406 8.4676
28015.0000 52.5572 8.4764
28020.0000 52.5763 8.4900
28025.0000 52.5488 8.4576
28030.0000 52.4994 8.4053
28035.0000 52.2362 8.2661
28040.0000 52.2322 8.2737
28045.0000 52.2526 8.3182
28050.0000 52.2766 8.3321
28055.0000 52.3637 8.3721
28060.0000 52.3941 8.3797
28065.0000 52.3972 8.3772
28070.0000 52.4141 8.3847
28075.0000 52.4405 8.4000
28080.0000 52.5088 8.4282
28085.0000 52.5161 8.4467
28090.0000 52.5201 8.4591
28095.0000 52.4825 8.4503
28100.0000 52.5051 8.4612
28105.0000 52.4921 8.4678
28110.0000 52.4440 8.4793
28115.0000 52.4856 8.4934
28120.0000 52.4919 8.4989
28125.0000 52.5041 8.5098
28130.0000 52.5724 8.5469
28135.0000 52.6435 8.5845
28140.0000 52.6533 8.5880
28145.0000 52.6972 8.6111
28150.0000 52.6585 8.5787
28155.0000 52.6197 8.5480
28160.0000 52.6227 8.5441
28165.0000 52.6547 8.5980
28170.0000 52.6185 8.5917
28175.0000 52.6225 8.5848
28180.0000 52.6996 8.6313
28185.0000 52.7047 8.6358
28190.0000 52.7047 8.6358
28195.0000 52.7132 8.6347
28200.0000 52.7132 8.6347
28205.0000 52.6908 8.6245
28210.0000 52.6048 8.5727
28215.0000 52.4936 8.5169
28220.0000 52.5157 8.5474
28225.0000 52.5197 8.5582
28230.0000 52.5415 8.5751
28235.0000 52.6243 8.6361
28240.0000 52.6036 8.6167
28245.0000 52.6140 8.6211
28250.0000 52.6197 8.6189
28255.0000 52.6696 8.6440
28260.0000 52.6783 8.6464
28265.0000 52.6552 8.6322
28270.0000 52.6184 8.6337
28275.0000 52.5568 8.6085
28280.0000 52.6001 8.6428
28285.0000 52.6125 8.6675
28290.0000 52.6388 8.6962
28295.0000 52.6476 8.6957
28300.0000 52.6982 8.7226
28305.0000 52.7188 8.7208
28310.0000 52.8103 8.7630
28315.0000 52.8270 8.7642
28320.0000 52.8349 8.7638
28325.0000 52.8493 8.7651
28330.0000 52.8145 8.7405
28335.0000 52.7770 8.7530
28340.0000 52.7844 8.7656
28345.0000 52.7826 8.7739
28350.0000 52.7235 8.7689
28355.0000 52.7352 8.7694
28360.0000 52.7352 8.7694
28365.0000 52.7671 8.7856
28370.0000 52.8225 8.8132
28375.0000 52.8273 8.8114
28380.0000 52.8225 8.8144
28385.0000 52.8539 8.8316
28390.0000 52.9035 8.8972
28395.0000 52.8584 8.8596
28400.0000 52.8496 8.8594
28405.0000 52.7722 8.8403
28410.0000 52.8157 8.8884
28415.0000 52.8390 8.9041
28420.0000 52.8481 8.9013
28425.0000 52.8195 8.8717
28430.0000 52.8561 8.8843
28435.0000 52.9199 8.9332
28440.0000 52.9235 8.9338
28445.0000 52.8516 8.8822
28450.0000 52.8286 8.8548
28455.0000 52.8243 8.8558
28460.0000 52.8837 8.9021
28465.0000 52.8238 8.8861
28470.0000 52.8389 8.9105
28475.0000 52.8762 8.9432
28480.0000 52.9061 8.9623
28485.0000 52.9160 8.9653
28490.0000 52.9282 8.9684
28495.0000 52.9423 8.9714
28500.0000 52.9809 9.0052
28505.0000 52.8029 8.9170
28510.0000 52.7159 8.8662
28515.0000 52.5865 8.8235
28520.0000 52.5406 8.7979
28525.0000 52.5007 8.8031
28530.0000 52.4757 8.7935
28535.0000 52.4573 8.7641
28540.0000 52.4662 8.7636
28545.0000 52.5770 8.8126
28550.0000 52.5848 8.8130
28555.0000 52.6461 8.8589
28560.0000 52.6674 8.8733
28565.0000 52.5470 8.7889
28570.0000 52.4676 8.7211
28575.0000 52.4091 8.6900
28580.0000 52.4141 8.6919
28585.0000 52.4285 8.7124
28590.0000 52.4236 8.7080
28595.0000 52.4242 8.7048
28600.0000 52.4835 8.7414
28605.0000 52.5119 8.7387
28610.0000 52.5480 8.7541
28615.0000 52.5594 8.7599
28620.0000 52.6634 8.8294
28625.0000 52.6327 8.7910
28630.0000 52.5893 8.7692
28635.0000 52.5950 8.7798
28640.0000 52.6077 8.7868
28645.0000 52.6031 8.7975
28650.0000 52.5366 8.7658
28655.0000 52.6050 8.8267
28660.0000 52.6233 8.8320
28665.0000 52.6412 8.8384
28670.0000 52.6896 8.8809
28675.0000 52.7059 8.8841
28680.0000 52.7407 8.8922
28685.0000 52.8061 8.9022
28690.0000 52.8552 8.9420
28695.0000 52.8020 8.9368
28700.0000 52.8821 8.9860
28705.0000 52.8726 8.9945
28710.0000 52.8071 8.9394
28715.0000 52.8142 8.9516
28720.0000 52.8554 8.9558
28725.0000 52.9080 8.9752
28730.0000 52.9661 8.9965
28735.0000 52.9273 8.9414
28740.0000 53.0324 9.0042
28745.0000 53.1985 9.0859
28750.0000 53.1029 9.0166
28755.0000 53.1374 9.0574
28760.0000 53.1289 9.0582
28765.0000 53.0732 9.0374
28770.0000 52.9858 9.0056
28775.0000 53.0303 9.0388
28780.0000 53.0220 9.0248
28785.0000 53.0253 9.0236
28790.0000 53.1084 9.0723
28795.0000 53.1122 9.0712
28800.0000 53.1560 9.0980
28805.0000 53.0182 9.0084
28810.0000 52.8589 8.9325
28815.0000 52.7787 8.8959
28820.0000 52.7825 8.8974
28825.0000 52.7618 8.9006
28830.0000 52.7282 8.8792
28835.0000 52.7464 8.8759
28840.0000 52.7544 8.8745
28845.0000 52.7938 8.8907
28850.0000 52.7975 8.8929
28855.0000 52.8075 8.9006
28860.0000 52.8220 8.8990
28865.0000 52.7373 8.8520
28870.0000 52.6943 8.8279
28875.0000 52.6720 8.8118
28880.0000 52.7102 8.8227
28885.0000 52.7122 8.8220
28890.0000 52.7430 8.8434
28895.0000 52.7500 8.8401
28900.0000 52.7815 8.8552
28905.0000 52.7972 8.8529
28910.0000 52.8116 8.8554
28915.0000 52.8202 8.8545
28920.0000 52.8288 8.8542
28925.0000 52.7251 8.8069
28930.0000 52.6940 8.7930
28935.0000 52.6188 8.7497
28940.0000 52.6247 8.7324
28945.0000 52.6578 8.7416
28950.0000 52.6379 8.7278
28955.0000 52.6411 8.7245
28960.0000 52.6504 8.7201
28965.0000 52.6603 8.7148
28970.0000 52.6604 8.6983
28975.0000 52.7273 8.7279
28980.0000 52.7386 8.7347
28985.0000 52.6704 8.6808
28990.0000 52.6434 8.6501
28995.0000 52.6051 8.6196
29000.0000 52.6108 8.6095
29005.0000 52.7359 8.6944
29010.0000 52.7172 8.6827
29015.0000 52.7310 8.6768
29020.0000 52.8105 8.7147
29025.0000 52.8228 8.7151
29030.0000 52.8332 8.7200
29035.0000 52.8332 8.7200
29040.0000 52.8332 8.7200
29045.0000 52.7548 8.6654
29050.0000 52.7509 8.6657
29055.0000 52.7703 8.6889
29060.0000 52.8259 8.7320
29065.0000 52.7823 8.7241
29070.0000 52.7507 8.7291
29075.0000 52.7465 8.7308
29080.0000 52.7780 8.7492
29085.0000 52.8424 8.7704
29090.0000 52.8723 8.7813
29095.0000 52.8723 8.7813
29100.0000 52.8759 8.7803
29105.0000 52.8685 8.7900
29110.0000 52.8329 8.7787
29115.0000 52.8264 8.7742
29120.0000 52.8682 8.7844
29125.0000 52.8515 8.7781
29130.0000 52.8737 8.8118
29135.0000 52.8662 8.8010
29140.0000 52.8717 8.7803
29145.0000 52.9312 8.8061
29150.0000 52.9190 8.7872
29155.0000 52.9493 8.8101
29160.0000 52.9940 8.8470
29165.0000 52.9327 8.8102
29170.0000 52.7730 8.7050
29175.0000 52.7714 8.7183
29180.0000 52.8064 8.7430
29185.0000 52.8092 8.7698
29190.0000 52.7637 8.7591
29195.0000 52.7610 8.7567
29200.0000 52.7465 8.7259
29205.0000 52.7870 8.7252
29210.0000 52.8251 8.7491
29215.0000 52.8229 8.7477
29220.0000 52.8510 8.7723
29225.0000 52.7443 8.6903
29230.0000 52.7193 8.6795
29235.0000 52.7378 8.7045
29240.0000 52.7350 8.7062
29245.0000 52.7180 8.7076
29250.0000 52.6976 8.7009
29255.0000 52.6872 8.7034
29260.0000 52.7368 8.7244
29265.0000 52.7443 8.7243
29270.0000 52.7908 8.7596
29275.0000 52.7888 8.7486
29280.0000 52.7719 8.7358
29285.0000 52.7853 8.7397
29290.0000 52.7609 8.7221
29295.0000 52.6907 8.7060
29300.0000 52.6852 8.6959
29305.0000 52.6829 8.6984
29310.0000 52.6975 8.6953
29315.0000 52.7260 8.7193
29320.0000 52.7036 8.7000
29325.0000 52.7255 8.6981
29330.0000 52.7428 8.6973
29335.0000 52.7376 8.6853
29340.0000 52.7245 8.6699
29345.0000 52.6172 8.6162
29350.0000 52.6696 8.6461
29355.0000 52.6107 8.6326
29360.0000 52.5892 8.6181
29365.0000 52.5819 8.6618
29370.0000 52.5848 8.6728
29375.0000 52.6120 8.6966
29380.0000 52.6283 8.6850
29385.0000 52.6834 8.7062
29390.0000 52.7064 8.7068
29395.0000 52.7491 8.7372
29400.0000 52.7607 8.7385
29405.0000 52.7326 8.7185
29410.0000 52.6818 8.6925
29415.0000 52.6836 8.7246
29420.0000 52.6892 8.7253
29425.0000 52.6246 8.7086
29430.0000 52.6035 8.6944
29435.0000 52.6070 8.6985
29440.0000 52.6070 8.6985
29445.0000 52.6410 8.6945
29450.0000 52.6725 8.6921
29455.0000 52.6857 8.6854
29460.0000 52.7317 8.7025
29465.0000 52.7442 8.6894
29470.0000 52.7990 8.7231
29475.0000 52.7564 8.7202
29480.0000 52.7730 8.7167
29485.0000 52.7513 8.7144
29490.0000 52.7076 8.7046
29495.0000 52.7238 8.7082
29500.0000 52.6795 8.6657
29505.0000 52.7082 8.6862
29510.0000 52.7658 8.7218
29515.0000 52.7860 8.7311
29520.0000 52.8333 8.7483
29525.0000 52.8070 8.7179
29530.0000 52.7836 8.7157
29535.0000 52.7888 8.7446
29540.0000 52.7673 8.7252
29545.0000 52.7249 8.6799
29550.0000 52.6637 8.6492
29555.0000 52.6997 8.6685
29560.0000 52.6997 8.6685
29565.0000 52.6997 8.6685
29570.0000 52.6674 8.6354
29575.0000 52.6739 8.6359
29580.0000 52.6739 8.6359
29585.0000 52.6261 8.5847
29590.0000 52.6733 8.6096
29595.0000 52.6366 8.5994
29600.0000 52.7039 8.6388
29605.0000 52.7250 8.6532
29610.0000 52.7202 8.6473
29615.0000 52.7287 8.6383
29620.0000 52.7208 8.6261
29625.0000 52.7735 8.6643
29630.0000 52.7881 8.6650
29635.0000 52.8282 8.6613
29640.0000 52.8375 8.6626
29645.0000 52.7929 8.6446
29650.0000 52.7384 8.6219
29655.0000 52.6957 8.6230
29660.0000 52.7318 8.6578
29665.0000 52.7045 8.6613
29670.0000 52.6590 8.6455
29675.0000 52.6688 8.6418
29680.0000 52.6732 8.6406
29685.0000 52.6825 8.6402
29690.0000 52.6898 8.6383
29695.0000 52.7111 8.6362
29700.0000 52.7062 8.6242
29705.0000 52.7173 8.6292
29710.0000 52.6864 8.6148
29715.0000 52.7057 8.6477
29720.0000 52.7417 8.6738
29725.0000 52.7377 8.6753
29730.0000 52.7187 8.6859
29735.0000 52.7210 8.6913
29740.0000 52.7210 8.6913
29745.0000 52.8103 8.7471
29750.0000 52.8216 8.7384
29755.0000 52.8101 8.7181
29760.0000 52.7797 8.6884
29765.0000 52.7822 8.6875
29770.0000 52.8717 8.7504
29775.0000 52.8722 8.7425
29780.0000 52.9218 8.7636
29785.0000 52.9095 8.7600
29790.0000 52.8660 8.7524
29795.0000 52.8718 8.7401
29800.0000 52.9059 8.7327
29805.0000 52.9389 8.7311
29810.0000 52.9605 8.7286
29815.0000 52.9702 8.7244
29820.0000 52.9718 8.7273
29825.0000 52.9718 8.7273
29830.0000 52.9251 8.7132
29835.0000 52.8523 8.6939
29840.0000 52.8780 8.7148
29845.0000 52.8543 8.7143
29850.0000 52.7831 8.6879
29855.0000 52.8083 8.7003
29860.0000 52.8378 8.7096
29865.0000 52.8830 8.7358
29870.0000 52.9635 8.7718
29875.0000 53.0087 8.7959
29880.0000 53.0318 8.8061
29885.0000 52.9999 8.7758
29890.0000 52.9313 8.7368
29895.0000 52.8884 8.7176
29900.0000 52.9327 8.7479
29905.0000 52.9483 8.7470
29910.0000 52.9831 8.7778
29915.0000 52.9681 8.7725
29920.0000 52.9842 8.7779
29925.0000 52.9628 8.7502
29930.0000 53.0461 8.8101
29935.0000 53.1040 8.8421
29940.0000 53.1281 8.8509
29945.0000 53.1263 8.8474
29950.0000 53.1242 8.8547
29955.0000 53.0251 8.8265
29960.0000 53.0232 8.8219
29965.0000 52.9750 8.7926
29970.0000 52.9402 8.7848
29975.0000 52.9715 8.8079
29980.0000 53.0289 8.8393
29985.0000 53.0329 8.8348
29990.0000 53.0619 8.8399
29995.0000 53.0805 8.8398
30000.0000 53.0949 8.8362
30005.0000 53.0353 8.7964
30010.0000 52.9865 8.7872
30015.0000 52.9948 8.8147
30020.0000 53.0101 8.8263
30025.0000 53.0251 8.8609
30030.0000 53.0232 8.8882
30035.0000 53.0241 8.8938
30040.0000 53.0324 8.8984
30045.0000 53.0405 8.8991
30050.0000 53.0775 8.9206
30055.0000 53.1043 8.9254
30060.0000 53.1296 8.9255
30065.0000 53.1627 8.9337
30070.0000 53.1306 8.9096
30075.0000 53.1203 8.9138
30080.0000 53.1212 8.9069
30085.0000 53.1202 8.9081
30090.0000 53.1065 8.9231
30095.0000 53.1224 8.9198
30100.0000 53.1251 8.9187
30105.0000 53.1350 8.9187
30110.0000 53.1451 8.9149
30115.0000 53.1528 8.9118
30120.0000 53.1638 8.9148
30125.0000 53.1253 8.8848
30130.0000 53.0994 8.8944
30135.0000 53.0213 8.8828
30140.0000 53.0212 8.8854
30145.0000 53.0324 8.9280
30150.0000 53.0826 9.0032
30155.0000 53.0788 9.0017
30160.0000 53.0710 8.9954
30165.0000 53.0838 8.9951
30170.0000 53.0899 8.9947
30175.0000 53.1472 9.0226
30180.0000 53.1622 9.0245
30185.0000 53.1679 9.0233
30190.0000 53.1777 9.0243
30195.0000 53.0977 8.9830
30200.0000 53.0812 8.9860
30205.0000 53.0382 8.9514
30210.0000 53.0305 8.9508
30215.0000 53.0386 8.9551
30220.0000 53.0575 8.9583
30225.0000 53.0636 8.9633
30230.0000 53.0705 8.9692
30235.0000 53.0793 8.9696
30240.0000 53.1230 8.9951
30245.0000 53.1331 8.9953
30250.0000 53.1208 8.9985
30255.0000 53.0836 8.9943
30260.0000 53.0583 8.9655
30265.0000 53.0372 8.9660
30270.0000 53.0080 8.9792
30275.0000 52.9803 8.9773
30280.0000 52.9860 8.9761
30285.0000 52.9860 8.9761
30290.0000 52.9964 8.9747
30295.0000 53.0012 8.9792
30300.0000 53.0012 8.9792
30305.0000 52.9783 8.9610
30310.0000 52.9659 8.9424
30315.0000 52.8536 8.8966
30320.0000 52.8714 8.9298
30325.0000 52.8572 8.9134
30330.0000 52.8692 8.9503
30335.0000 52.8920 8.9682
30340.0000 52.9760 9.0287
30345.0000 52.9607 9.0047
30350.0000 52.9806 9.0211
30355.0000 53.0038 9.0192
30360.0000 52.9878 8.9947
30365.0000 52.9529 8.9674
30370.0000 52.9308 8.9516
30375.0000 52.8948 8.9549
30380.0000 52.8966 8.9562
30385.0000 52.8565 8.9411
30390.0000 52.8397 8.9506
30395.0000 52.8347 8.9415
30400.0000 52.8441 8.9436
30405.0000 52.8067 8.9044
30410.0000 52.8443 8.9302
30415.0000 52.8536 8.9349
30420.0000 52.9097 8.9654
30425.0000 52.9974 9.0178
30430.0000 52.9508 8.9715
30435.0000 52.9036 8.9781
30440.0000 52.8880 8.9785
30445.0000 52.9447 9.0020
30450.0000 52.9079 8.9919
30455.0000 52.9250 9.0081
30460.0000 52.9471 9.0192
30465.0000 52.9713 9.0074
30470.0000 52.9915 9.0064
30475.0000 52.9745 8.9811
30480.0000 52.9964 9.0012
30485.0000 53.0031 9.0016
30490.0000 53.0548 9.0405
30495.0000 53.0433 9.0381
30500.0000 53.0516 9.0321
30505.0000 53.0616 9.0252
30510.0000 53.0455 9.0241
30515.0000 53.0504 9.0267
30520.0000 53.0353 9.0016
30525.0000 53.0217 8.9711
30530.0000 52.9955 8.9392
30535.0000 53.0477 8.9697
30540.0000 53.1049 9.0038
30545.0000 53.1070 9.0051
30550.0000 53.0446 8.9715
30555.0000 53.0210 8.9658
30560.0000 53.0166 8.9655
30565.0000 53.0471 8.9876
30570.0000 53.0211 8.9863
30575.0000 53.0253 8.9923
30580.0000 53.0616 9.0191
30585.0000 53.1002 9.0446
30590.0000 53.1209 9.0560
30595.0000 53.2072 9.1114
30600.0000 53.2397 9.1275
30605.0000 53.1804 9.0700
30610.0000 53.2151 9.1015
30615.0000 53.0693 9.0570
30620.0000 53.0695 9.0571
30625.0000 53.0782 9.0543
30630.0000 53.0537 9.0628
30635.0000 53.1080 9.1109
30640.0000 53.1215 9.1121
30645.0000 53.1572 9.1283
30650.0000 53.1711 9.1284
30655.0000 53.2182 9.1450
30660.0000 53.2634 9.1602
30665.0000 53.2339 9.1328
30670.0000 53.1561 9.0840
30675.0000 52.9838 8.9732
30680.0000 53.0030 8.9881
30685.0000 52.9663 8.9970
30690.0000 52.9165 8.9968
30695.0000 52.9170 9.0013
30700.0000 52.9263 9.0048
30705.0000 52.9598 9.0332
30710.0000 52.9802 9.0431
30715.0000 52.9843 9.0415
30720.0000 52.9843 9.0415
30725.0000 52.9486 9.0063
30730.0000 52.9314 8.9937
30735.0000 52.8909 8.9986
30740.0000 52.9002 8.9951
30745.0000 52.8803 8.9915
30750.0000 52.8254 8.9525
30755.0000 52.8169 8.9333
30760.0000 52.8353 8.9310
30765.0000 52.8480 8.9254
30770.0000 52.8250 8.8993
30775.0000 52.8702 8.8978
30780.0000 52.8847 8.9033
30785.0000 52.8668 8.8801
30790.0000 52.8546 8.8819
30795.0000 52.8119 8.8633
30800.0000 52.7599 8.8247
30805.0000 52.7498 8.8255
30810.0000 52.7639 8.8598
30815.0000 52.7544 8.8678
30820.0000 52.7662 8.8739
30825.0000 52.8496 8.9303
30830.0000 52.8368 8.9083
30835.0000 52.8531 8.9024
30840.0000 52.8738 8.8923
30845.0000 52.7893 8.8218
30850.0000 52.8037 8.8340
30855.0000 52.8466 8.8783
30860.0000 52.8666 8.8871
30865.0000 52.8571 8.9021
30870.0000 52.7555 8.8437
30875.0000 52.7707 8.8413
30880.0000 52.7893 8.8381
30885.0000 52.8297 8.8612
30890.0000 52.8291 8.8355
30895.0000 52.8314 8.8152
30900.0000 52.8636 8.8105
30905.0000 52.8213 8.7733
30910.0000 52.8077 8.7610
30915.0000 52.7612 8.7347
30920.0000 52.7206 8.7175
30925.0000 52.7615 8.7361
30930.0000 52.7323 8.7387
30935.0000 52.7744 8.7555
30940.0000 52.7905 8.7538
30945.0000 52.8388 8.7759
30950.0000 52.8552 8.7684
30955.0000 52.8751 8.7615
30960.0000 52.8937 8.7634
30965.0000 52.9134 8.7575
30970.0000 52.9258 8.7540
30975.0000 52.9117 8.7668
30980.0000 52.9326 8.7709
30985.0000 52.9208 8.7598
30990.0000 52.9453 8.7542
30995.0000 52.9614 8.7615
31000.0000 53.0314 8.7954
31005.0000 53.0689 8.7927
31010.0000 53.0827 8.7894
31015.0000 53.1441 8.8056
31020.0000 53.1465 8.8073
31025.0000 53.1532 8.8088
31030.0000 53.0456 8.7460
31035.0000 53.0169 8.7303
31040.0000 53.0017 8.7320
31045.0000 52.9510 8.7080
31050.0000 52.9384 8.7173
31055.0000 52.8910 8.6762
31060.0000 52.9034 8.6761
31065.0000 52.9603 8.7222
31070.0000 53.0053 8.7348
31075.0000 53.0209 8.7446
31080.0000 53.0262 8.7494
31085.0000 52.9561 8.6998
31090.0000 52.6635 8.5658
31095.0000 52.5534 8.5161
31100.0000 52.6306 8.5616
31105.0000 52.6095 8.5506
31110.0000 52.5721 8.5407
31115.0000 52.5552 8.5357
31120.0000 52.6070 8.5762
31125.0000 52.6000 8.5698
31130.0000 52.5715 8.5283
31135.0000 52.5850 8.5320
31140.0000 52.6046 8.5330
31145.0000 52.6112 8.5416
31150.0000 52.6258 8.5669
31155.0000 52.6162 8.5644
31160.0000 52.6127 8.5672
31165.0000 52.6453 8.5953
31170.0000 52.6742 8.6167
31175.0000 52.6577 8.6112
31180.0000 52.6635 8.6094
31185.0000 52.6823 8.6150
31190.0000 52.7381 8.6386
31195.0000 52.8131 8.6927
31200.0000 52.7796 8.6615
31205.0000 52.7520 8.6486
31210.0000 52.7009 8.6401
31215.0000 52.7530 8.6742
31220.0000 52.7646 8.6621
31225.0000 52.7569 8.6707
31230.0000 52.7293 8.6644
31235.0000 52.7579 8.6895
31240.0000 52.7771 8.6916
31245.0000 52.7967 8.6874
31250.0000 52.8434 8.7162
31255.0000 52.8623 8.7153
31260.0000 52.8985 8.7293
31265.0000 52.9112 8.7264
31270.0000 52.8037 8.6493
31275.0000 52.8242 8.6853
31280.0000 52.9381 8.7615
31285.0000 52.9359 8.7629
31290.0000 52.9060 8.7819
31295.0000 52.9280 8.8056
31300.0000 52.9361 8.8063
31305.0000 52.9760 8.8369
31310.0000 52.9760 8.8369
31315.0000 52.9797 8.8366
31320.0000 53.0202 8.8556
31325.0000 52.9679 8.8235
31330.0000 52.9733 8.8253
31335.0000 52.9541 8.8236
31340.0000 52.9921 8.8503
31345.0000 53.0044 8.8493
31350.0000 53.0074 8.8415
31355.0000 53.0232 8.8416
31360.0000 53.0474 8.8451
31365.0000 53.0063 8.7926
31370.0000 53.0102 8.7913
31375.0000 53.0138 8.7902
31380.0000 53.0138 8.7902
31385.0000 52.9841 8.7538
31390.0000 53.0460 8.8068
31395.0000 52.9630 8.7621
31400.0000 52.9618 8.7594
31405.0000 52.9872 8.7812
31410.0000 52.9216 8.7411
31415.0000 52.9436 8.7638
31420.0000 52.9691 8.7848
31425.0000 52.9833 8.7794
31430.0000 53.0026 8.7757
31435.0000 53.0091 8.7735
31440.0000 53.0179 8.7829
31445.0000 52.9630 8.7275
31450.0000 53.0081 8.7709
31455.0000 52.9734 8.7590
31460.0000 52.9817 8.7582
31465.0000 52.9840 8.7638
31470.0000 52.9216 8.7330
31475.0000 52.9192 8.7260
31480.0000 52.9278 8.7227
31485.0000 52.9401 8.7202
31490.0000 52.9860 8.7503
31495.0000 53.0061 8.7454
31500.0000 53.0163 8.7445
31505.0000 53.0536 8.7707
31510.0000 53.0067 8.7600
31515.0000 52.9148 8.7014
31520.0000 52.9064 8.7032
31525.0000 52.8883 8.7050
31530.0000 52.8629 8.6977
31535.0000 52.9215 8.7512
31540.0000 52.9288 8.7530
31545.0000 52.9333 8.7508
31550.0000 52.9469 8.7481
31555.0000 52.9522 8.7474
31560.0000 53.0059 8.7668
31565.0000 52.9893 8.7400
31570.0000 52.9003 8.6570
31575.0000 52.9247 8.6717
31580.0000 52.9087 8.6635
31585.0000 52.9209 8.6599
31590.0000 52.9028 8.6569
31595.0000 52.9218 8.6839
31600.0000 52.9444 8.6761
31605.0000 52.9569 8.6699
31610.0000 52.9636 8.6706
31615.0000 52.9768 8.6634
31620.0000 52.9873 8.6619
31625.0000 52.9910 8.6612
31630.0000 52.9199 8.6042
31635.0000 52.8829 8.5911
31640.0000 52.9056 8.6166
31645.0000 52.9323 8.6529
31650.0000 52.9153 8.6515
31655.0000 52.9180 8.6484
31660.0000 52.9692 8.6619
31665.0000 53.0250 8.6882
31670.0000 53.0423 8.6858
31675.0000 53.0579 8.6802
31680.0000 53.1099 8.7156
31685.0000 53.1451 8.7365
31690.0000 53.1487 8.7406
31695.0000 53.1255 8.7488
31700.0000 53.1062 8.7176
31705.0000 53.0652 8.6901
31710.0000 53.0225 8.6941
31715.0000 53.0250 8.6863
31720.0000 53.1039 8.7290
31725.0000 53.1309 8.7310
31730.0000 53.1712 8.7403
31735.0000 53.1982 8.7471
31740.0000 53.2750 8.7746
31745.0000 53.3043 8.7835
31750.0000 53.1707 8.7222
31755.0000 53.1777 8.7475
31760.0000 53.2523 8.7925
31765.0000 53.2546 8.8003
31770.0000 53.2294 8.8049
31775.0000 53.2645 8.8343
31780.0000 53.3107 8.8567
31785.0000 53.3136 8.8536
31790.0000 53.3266 8.8569
31795.0000 53.3049 8.8322
31800.0000 53.2872 8.8105
31805.0000 53.3052 8.8219
31810.0000 53.2667 8.7889
31815.0000 53.2748 8.8025
31820.0000 53.3254 8.8416
31825.0000 53.2969 8.8223
31830.0000 53.3592 8.9015
31835.0000 53.3781 8.9160
31840.0000 53.3884 8.9209
31845.0000 53.3933 8.9192
31850.0000 53.4014 8.9186
31855.0000 53.4221 8.9244
31860.0000 53.4357 8.9274
31865.0000 53.4712 8.9467
31870.0000 53.4424 8.9221
31875.0000 53.4224 8.9326
31880.0000 53.3711 8.9076
31885.0000 53.3653 8.9028
31890.0000 53.3485 8.8880
31895.0000 53.3266 8.8720
31900.0000 53.3314 8.8712
31905.0000 53.3416 8.8672
31910.0000 53.3521 8.8712
31915.0000 53.3970 8.8854
31920.0000 53.4141 8.8798
31925.0000 53.3522 8.8424
31930.0000 53.3273 8.8267
31935.0000 53.3349 8.8374
31940.0000 53.3696 8.8611
31945.0000 53.4118 8.8842
31950.0000 53.3948 8.8823
31955.0000 53.3863 8.8615
31960.0000 53.3962 8.8604
31965.0000 53.4184 8.8627
31970.0000 53.4247 8.8620
31975.0000 53.4441 8.8651
31980.0000 53.4516 8.8654
31985.0000 53.4261 8.8367
31990.0000 53.2933 8.7572
31995.0000 53.2862 8.7583
32000.0000 53.2381 8.7272
32005.0000 53.2393 8.7316
32010.0000 53.2147 8.7128
32015.0000 53.2014 8.6997
32020.0000 53.2290 8.7104
32025.0000 53.2392 8.7150
32030.0000 53.2675 8.7217
32035.0000 53.2884 8.7212
32040.0000 53.2929 8.7221
32045.0000 53.2303 8.6639
32050.0000 53.1391 8.6583
32055.0000 53.1364 8.6641
32060.0000 53.0890 8.6348
32065.0000 53.1005 8.6743
32070.0000 53.0597 8.6753
32075.0000 53.1095 8.7115
32080.0000 53.1273 8.7122
32085.0000 53.1441 8.7126
32090.0000 53.1503 8.7064
32095.0000 53.1667 8.7076
32100.0000 53.1849 8.7179
32105.0000 53.1637 8.7029
32110.0000 53.1534 8.7106
32115.0000 53.1969 8.7471
32120.0000 53.1813 8.7552
32125.0000 53.2039 8.7929
32130.0000 53.1686 8.7900
32135.0000 53.1568 8.7835
32140.0000 53.1807 8.7756
32145.0000 53.1931 8.7726
32150.0000 53.1977 8.7722
32155.0000 53.2276 8.7895
32160.0000 53.2276 8.7895
32165.0000 53.1824 8.7640
32170.0000 53.1426 8.7467
32175.0000 53.1664 8.7628
32180.0000 53.0363 8.6744
32185.0000 53.0336 8.6822
32190.0000 53.0179 8.7018
32195.0000 53.0054 8.6957
32200.0000 53.0101 8.6924
32205.0000 53.0199 8.6916
32210.0000 53.0063 8.6797
32215.0000 53.0063 8.6797
32220.0000 53.0553 8.7103
32225.0000 53.0639 8.7077
32230.0000 53.0125 8.6913
32235.0000 53.0041 8.6904
32240.0000 53.0070 8.6891
32245.0000 53.0237 8.7002
32250.0000 53.0031 8.6878
32255.0000 53.0141 8.6857
32260.0000 53.0240 8.6836
32265.0000 53.0348 8.6858
32270.0000 53.0292 8.6810
32275.0000 53.0292 8.6810
32280.0000 53.0657 8.6936
32285.0000 53.0780 8.6908
32290.0000 53.1149 8.7207
32295.0000 53.0326 8.6704
32300.0000 53.0049 8.6666
32305.0000 52.9826 8.6741
32310.0000 52.9900 8.6773
32315.0000 52.9725 8.6678
32320.0000 52.9697 8.6663
32325.0000 52.9751 8.6709
32330.0000 52.9711 8.6674
32335.0000 52.9711 8.6674
32340.0000 53.0237 8.6878
32345.0000 52.9967 8.6679
32350.0000 53.0565 8.7134
32355.0000 53.0355 8.7055
32360.0000 53.0955 8.7755
32365.0000 53.1543 8.8303
32370.0000 53.1599 8.8410
32375.0000 53.1357 8.8361
32380.0000 53.1393 8.8357
32385.0000 53.1706 8.8519
32390.0000 53.1823 8.8470
32395.0000 53.1963 8.8418
32400.0000 53.2401 8.8656
32405.0000 53.2504 8.8677
32410.0000 53.2120 8.8485
32415.0000 53.1134 8.7841
32420.0000 53.1503 8.8099
32425.0000 53.1487 8.8101
32430.0000 53.1227 8.8061
32435.0000 53.1327 8.8057
32440.0000 53.2039 8.8444
32445.0000 53.2261 8.8513
32450.0000 53.2296 8.8474
32455.0000 53.2794 8.8651
32460.0000 53.3195 8.8826
32465.0000 53.3312 8.8856
32470.0000 53.3841 8.9190
32475.0000 53.4079 8.9354
32480.0000 53.4086 8.9408
32485.0000 53.4155 8.9426
32490.0000 53.4027 8.9428
32495.0000 53.4249 8.9680
32500.0000 53.3833 8.9368
32505.0000 53.4282 8.9599
32510.0000 53.4464 8.9620
32515.0000 53.4890 8.9819
32520.0000 53.5036 8.9904
32525.0000 53.5014 8.9806
32530.0000 53.4048 8.9233
32535.0000 53.3697 8.9139
32540.0000 53.3614 8.9200
32545.0000 53.3424 8.9249
32550.0000 53.3038 8.9198
32555.0000 53.2570 8.9057
32560.0000 53.3232 8.9527
32565.0000 53.3588 8.9758
32570.0000 53.3624 8.9744
32575.0000 53.3666 8.9721
32580.0000 53.4096 8.9893
32585.0000 53.3218 8.9229
32590.0000 53.1780 8.9036
32595.0000 53.1038 8.8593
32600.0000 53.0991 8.8563
32605.0000 53.0765 8.8385
32610.0000 53.0723 8.8331
32615.0000 53.0677 8.8202
32620.0000 53.0832 8.8180
32625.0000 53.0980 8.8137
32630.0000 53.1329 8.8345
32635.0000 53.1681 8.8545
32640.0000 53.1919 8.8513
32645.0000 53.1953 8.8508
32650.0000 53.2040 8.8503
32655.0000 53.1338 8.7962
32660.0000 53.1187 8.7975
32665.0000 53.1384 8.7871
32670.0000 53.1164 8.7852
32675.0000 53.1118 8.7787
32680.0000 53.1474 8.8028
32685.0000 53.2591 8.8658
32690.0000 53.3302 8.9037
32695.0000 53.3773 8.9200
32700.0000 53.3802 8.9187
32705.0000 53.3338 8.8920
32710.0000 53.2022 8.8841
32715.0000 53.1558 8.9072
32720.0000 53.1337 8.9020
32725.0000 53.2288 8.9667
32730.0000 53.2864 9.0273
32735.0000 53.2404 9.0214
32740.0000 53.2272 9.0253
32745.0000 53.2326 9.0216
32750.0000 53.2417 9.0118
32755.0000 53.2543 9.0068
32760.0000 53.2640 9.0018
32765.0000 53.2693 8.9984
32770.0000 53.2068 8.9509
32775.0000 53.0914 8.8727
32780.0000 53.1464 8.9132
32785.0000 53.1332 8.9155
32790.0000 53.1529 8.9502
32795.0000 53.1702 8.9585
32800.0000 53.1996 8.9708
32805.0000 53.2492 9.0018
32810.0000 53.2640 9.0036
32815.0000 53.3286 9.0391
32820.0000 53.3475 9.0428
32825.0000 53.3956 9.0766
32830.0000 53.3368 9.0512
32835.0000 53.3505 9.0523
32840.0000 53.3621 9.0524
32845.0000 53.3526 9.0488
32850.0000 53.3376 9.0478
32855.0000 53.3214 9.0375
32860.0000 53.3691 9.0183
32865.0000 53.4651 9.0306
32870.0000 53.4912 9.0246
32875.0000 53.5081 9.0264
32880.0000 53.4526 8.9735
32885.0000 53.4257 8.9517
32890.0000 53.3057 8.8749
32895.0000 53.2500 8.8275
32900.0000 53.2964 8.8511
32905.0000 53.3288 8.8752
32910.0000 53.3116 8.8765
32915.0000 53.2976 8.8724
32920.0000 53.3020 8.8789
32925.0000 53.3647 8.9239
32930.0000 53.3573 8.9044
32935.0000 53.3979 8.9347
32940.0000 53.4155 8.9434
32945.0000 53.4339 8.9500
32950.0000 53.3711 8.8943
32955.0000 53.3816 8.8918
32960.0000 53.3912 8.8985
32965.0000 53.4279 8.9387
32970.0000 53.4351 8.9683
32975.0000 53.4509 8.9843
32980.0000 53.4601 8.9877
32985.0000 53.4704 8.9916
32990.0000 53.4670 8.9823
32995.0000 53.4670 8.9823
33000.0000 53.4680 8.9831
33005.0000 53.4363 8.9580
33010.0000 53.3981 8.9334
33015.0000 53.3115 8.8772
33020.0000 53.2532 8.8605
33025.0000 53.2545 8.8621
33030.0000 53.2460 8.8638
33035.0000 53.2634 8.8765
33040.0000 53.2645 8.8836
33045.0000 53.2969 8.8902
33050.0000 53.3035 8.8736
33055.0000 53.3145 8.8780
33060.0000 53.3194 8.8806
33065.0000 53.3304 8.8876
33070.0000 53.2504 8.8406
33075.0000 53.1420 8.7751
33080.0000 53.1404 8.7727
33085.0000 53.1409 8.7828
33090.0000 53.1221 8.7752
33095.0000 53.1102 8.7680
33100.0000 53.1374 8.7950
33105.0000 53.1722 8.8016
33110.0000 53.1845 8.8042
33115.0000 53.2214 8.8294
33120.0000 53.2604 8.8549
33125.0000 53.2297 8.8236
33130.0000 53.1491 8.7700
33135.0000 53.1239 8.7644
33140.0000 53.1710 8.8031
33145.0000 53.1736 8.8131
33150.0000 53.1492 8.8080
33155.0000 53.1850 8.8470
33160.0000 53.2189 8.8794
33165.0000 53.2389 8.8817
33170.0000 53.3242 8.9194
33175.0000 53.3313 8.9206
33180.0000 53.3469 8.9300
33185.0000 53.2046 8.8339
33190.0000 53.2321 8.8477
33195.0000 53.2264 8.8476
33200.0000 53.2864 8.8850
33205.0000 53.3513 8.9466
33210.0000 53.3916 8.9727
33215.0000 53.3946 8.9603
33220.0000 53.4213 8.9553
33225.0000 53.4463 8.9538
33230.0000 53.4700 8.9423
33235.0000 53.5069 8.9572
33240.0000 53.5506 8.9818
33245.0000 53.5189 8.9643
33250.0000 53.4585 8.9363
33255.0000 53.3717 8.8790
33260.0000 53.4271 8.9256
33265.0000 53.4217 8.9355
33270.0000 53.4464 8.9676
33275.0000 53.4424 8.9645
33280.0000 53.4766 8.9916
33285.0000 53.5184 9.0085
33290.0000 53.5350 9.0013
33295.0000 53.5483 9.0001
33300.0000 53.6057 9.0340
33305.0000 53.6442 9.0587
33310.0000 53.6637 9.0918
33315.0000 53.6939 9.1059
33320.0000 53.7028 9.0991
33325.0000 53.6899 9.1043
33330.0000 53.6263 9.0665
33335.0000 53.6457 9.0768
33340.0000 53.6115 9.0405
33345.0000 53.6988 9.0965
33350.0000 53.7401 9.1257
33355.0000 53.7626 9.1448
33360.0000 53.7676 9.1435
33365.0000 53.7893 9.1580
33370.0000 53.7861 9.1694
33375.0000 53.7536 9.1501
33380.0000 53.7732 9.1551
33385.0000 53.8159 9.1861
33390.0000 53.7972 9.1830
33395.0000 53.7708 9.1720
33400.0000 53.7592 9.1671
33405.0000 53.7685 9.1698
33410.0000 53.7487 9.1450
33415.0000 53.7538 9.1466
33420.0000 53.7620 9.1589
33425.0000 53.7272 9.1369
33430.0000 53.6932 9.1145
33435.0000 53.6913 9.1153
33440.0000 53.6875 9.1216
33445.0000 53.6630 9.1366
33450.0000 53.6502 9.1398
33455.0000 53.7165 9.1900
33460.0000 53.7265 9.1948
33465.0000 53.7640 9.2258
33470.0000 53.8154 9.2575
33475.0000 53.8266 9.2632
33480.0000 53.8617 9.2886
33485.0000 53.8729 9.2961
33490.0000 53.8482 9.2849
33495.0000 53.8570 9.2823
33500.0000 53.9471 9.3299
33505.0000 53.9231 9.3313
33510.0000 53.9586 9.3664
33515.0000 53.9581 9.3660
33520.0000 53.9581 9.3660
33525.0000 53.9439 9.3499
33530.0000 53.9787 9.3630
33535.0000 54.0257 9.3939
33540.0000 54.0967 9.4283
33545.0000 54.1023 9.4379
33550.0000 54.0201 9.4173
33555.0000 54.0371 9.4410
33560.0000 54.0851 9.4611
33565.0000 54.0260 9.4248
33570.0000 53.9862 9.4102
33575.0000 53.9822 9.3964
33580.0000 53.9869 9.3894
33585.0000 54.0372 9.4180
33590.0000 54.0413 9.4171
33595.0000 54.0139 9.3938
33600.0000 54.0170 9.3932
33605.0000 53.9754 9.3616
33610.0000 53.8592 9.2826
33615.0000 53.7697 9.2367
33620.0000 53.7503 9.2219
33625.0000 53.7069 9.2363
33630.0000 53.6738 9.2219
33635.0000 53.6943 9.2406
33640.0000 53.7029 9.2355
33645.0000 53.7264 9.2279
33650.0000 53.7793 9.2510
33655.0000 53.8053 9.2411
33660.0000 53.8634 9.2586
33665.0000 53.7962 9.2066
33670.0000 53.7356 9.1208
33675.0000 53.6930 9.0883
33680.0000 53.6895 9.0962
33685.0000 53.6819 9.1110
33690.0000 53.6477 9.1114
33695.0000 53.6069 9.0927
33700.0000 53.6545 9.1320
33705.0000 53.6703 9.1357
33710.0000 53.6944 9.1365
33715.0000 53.7292 9.1571
33720.0000 53.8091 9.2178
33725.0000 53.7711 9.1904
33730.0000 53.6739 9.1484
33735.0000 53.5758 9.0949
33740.0000 53.6123 9.1248
33745.0000 53.5989 9.1290
33750.0000 53.5902 9.1247
33755.0000 53.5956 9.1392
33760.0000 53.6010 9.1267
33765.0000 53.6108 9.1254
33770.0000 53.6158 9.1247
33775.0000 53.6229 9.1230
33780.0000 53.6303 9.1246
33785.0000 53.6211 9.1227
33790.0000 53.5310 9.0555
33795.0000 53.5005 9.0437
33800.0000 53.5005 9.0437
33805.0000 53.5056 9.0450
33810.0000 53.4752 9.0399
33815.0000 53.4781 9.0419
33820.0000 53.5496 9.0738
33825.0000 53.5496 9.0738
33830.0000 53.5484 9.0728
33835.0000 53.5997 9.0849
33840.0000 53.6106 9.0865
33845.0000 53.6198 9.0860
33850.0000 53.6586 9.1052
33855.0000 53.6202 9.0809
33860.0000 53.6980 9.1266
33865.0000 53.7397 9.1574
33870.0000 53.7577 9.1625
33875.0000 53.7544 9.1558
33880.0000 53.7603 9.1597
33885.0000 53.7697 9.1493
33890.0000 53.7773 9.1473
33895.0000 53.7776 9.1379
33900.0000 53.7921 9.1362
33905.0000 53.7747 9.1230
33910.0000 53.7141 9.0783
33915.0000 53.5707 8.9859
33920.0000 53.5975 8.9993
33925.0000 53.5901 9.0068
33930.0000 53.5607 9.0054
33935.0000 53.5553 8.9987
33940.0000 53.5537 8.9949
33945.0000 53.5654 8.9893
33950.0000 53.5740 8.9856
33955.0000 53.5834 8.9710
33960.0000 53.6546 9.0111
33965.0000 53.6740 9.0033
33970.0000 53.6901 9.0017
33975.0000 53.6800 8.9976
33980.0000 53.6899 8.9941
33985.0000 53.6505 8.9689
33990.0000 53.6160 8.9640
33995.0000 53.5893 8.9420
34000.0000 53.5967 8.9403
34005.0000 53.6144 8.9360
34010.0000 53.5986 8.9127
34015.0000 53.6090 8.9087
34020.0000 53.6203 8.9079
34025.0000 53.6287 8.9063
34030.0000 53.5969 8.8756
34035.0000 53.5914 8.8761
34040.0000 53.6440 8.9003
34045.0000 53.6790 8.9268
34050.0000 53.6851 8.9263
34055.0000 53.6746 8.9100
34060.0000 53.6961 8.9059
34065.0000 53.7098 8.9102
34070.0000 53.7937 8.9666
34075.0000 53.8002 8.9621
34080.0000 53.8487 8.9785
34085.0000 53.8858 8.9896
34090.0000 53.7295 8.8723
34095.0000 53.6865 8.8426
34100.0000 53.7115 8.8664
34105.0000 53.7065 8.8747
34110.0000 53.6847 8.8759
34115.0000 53.6455 8.8513
34120.0000 53.6457 8.8513
34125.0000 53.6457 8.8513
34130.0000 53.6928 8.8831
34135.0000 53.6829 8.8727
34140.0000 53.7245 8.8992
34145.0000 53.7256 8.9001
34150.0000 53.7625 8.9274
34155.0000 53.8133 8.9745
34160.0000 53.8121 8.9761
34165.0000 53.8119 8.9950
34170.0000 53.7615 8.9630
34175.0000 53.8429 9.0144
34180.0000 53.8458 9.0086
34185.0000 53.8816 9.0159
34190.0000 53.9360 9.0367
34195.0000 53.9419 9.0348
34200.0000 53.9407 9.0338
34205.0000 53.9472 9.0396
34210.0000 53.8151 9.0163
34215.0000 53.7827 8.9960
34220.0000 53.7883 8.9928
34225.0000 53.7665 8.9986
34230.0000 53.8507 9.0597
34235.0000 53.8674 9.0831
34240.0000 53.8481 9.0778
34245.0000 53.9048 9.1078
34250.0000 53.8865 9.0679
34255.0000 53.8908 9.0585
34260.0000 53.9021 9.0520
34265.0000 53.9057 9.0493
34270.0000 53.8839 9.0290
34275.0000 53.8688 9.0359
34280.0000 53.8731 9.0414
34285.0000 53.9012 9.0567
34290.0000 53.8930 9.0573
34295.0000 53.8490 9.0438
34300.0000 53.8312 9.0418
34305.0000 53.8429 9.0431
34310.0000 53.8462 9.0419
34315.0000 53.8549 9.0452
34320.0000 53.9108 9.0827
34325.0000 53.8662 9.0614
34330.0000 53.8134 9.0426
34335.0000 53.8168 9.0390
34340.0000 53.7248 8.9729
34345.0000 53.7143 8.9770
34350.0000 53.6617 8.9520
34355.0000 53.6416 8.9409
34360.0000 53.6396 8.9379
34365.0000 53.6547 8.9384
34370.0000 53.6570 8.9143
34375.0000 53.6663 8.9176
34380.0000 53.6771 8.9135
34385.0000 53.6223 8.8759
34390.0000 53.4764 8.8025
34395.0000 53.4295 8.7869
34400.0000 53.3686 8.7543
34405.0000 53.3512 8.7637
34410.0000 53.3223 8.7726
34415.0000 53.2856 8.7753
34420.0000 53.2890 8.7858
34425.0000 53.2866 8.7759
34430.0000 53.2911 8.7792
34435.0000 53.3225 8.8014
34440.0000 53.3334 8.8104
34445.0000 53.2264 8.7360
34450.0000 53.1899 8.7271
34455.0000 53.2486 8.7694
34460.0000 53.3049 8.8191
34465.0000 53.3234 8.8269
34470.0000 53.3646 8.8573
34475.0000 53.3510 8.8462
34480.0000 53.3976 8.8831
34485.0000 53.4318 8.8971
34490.0000 53.4615 8.9037
34495.0000 53.5272 8.9308
34500.0000 53.6099 8.9775
34505.0000 53.5891 8.9563
34510.0000 53.5625 8.9565
34515.0000 53.5669 8.9609
34520.0000 53.5336 8.9518
34525.0000 53.4861 8.9185
34530.0000 53.4756 8.9197
34535.0000 53.4460 8.9204
34540.0000 53.3930 8.8828
34545.0000 53.4264 8.8961
34550.0000 53.4542 8.9169
34555.0000 53.4564 8.9052
34560.0000 53.4599 8.9045
34565.0000 53.5147 8.9371
34570.0000 53.4776 8.9128
34575.0000 53.4440 8.8956
34580.0000 53.3957 8.8804
34585.0000 53.3801 8.8823
34590.0000 53.3572 8.8857
34595.0000 53.3104 8.8862
34600.0000 53.3807 8.9490
34605.0000 53.3572 8.9189
34610.0000 53.3803 8.9134
34615.0000 53.3869 8.8961
34620.0000 53.3923 8.8853
34625.0000 53.4042 8.8916
34630.0000 53.4283 8.8926
34635.0000 53.3990 8.8642
34640.0000 53.4106 8.8614
34645.0000 53.3936 8.8654
34650.0000 53.3838 8.8600
34655.0000 53.3749 8.8561
34660.0000 53.3698 8.8523
34665.0000 53.3837 8.8489
34670.0000 53.3906 8.8439
34675.0000 53.3984 8.8380
34680.0000 53.3984 8.8380
34685.0000 53.4064 8.8383
34690.0000 53.4006 8.8352
34695.0000 53.4593 8.8850
34700.0000 53.4345 8.8558
34705.0000 53.4295 8.8559
34710.0000 53.4358 8.8647
34715.0000 53.4469 8.8625
34720.0000 53.5032 8.8929
34725.0000 53.5437 8.9104
34730.0000 53.5407 8.9080
34735.0000 53.5505 8.9107
34740.0000 53.6057 8.9398
34745.0000 53.6015 8.9419
34750.0000 53.5987 8.9423
34755.0000 53.5815 8.9411
34760.0000 53.6034 8.9495
34765.0000 53.6670 8.9812
34770.0000 53.6429 8.9838
34775.0000 53.6177 8.9842
34780.0000 53.6649 9.0219
34785.0000 53.7501 9.0158
34790.0000 53.8055 9.0165
34795.0000 53.9027 9.0852
34800.0000 53.9145 9.0844
34805.0000 53.9174 9.0819
34810.0000 53.8771 9.0753
34815.0000 53.8681 9.0759
34820.0000 53.8648 9.0724
34825.0000 53.8704 9.0749
34830.0000 53.8963 9.1128
34835.0000 53.8625 9.1053
34840.0000 53.8457 9.0893
34845.0000 53.8532 9.0870
34850.0000 53.8684 9.0819
34855.0000 53.7950 9.0141
34860.0000 53.8505 9.0470
34865.0000 53.8644 9.0480
34870.0000 53.7603 8.9773
34875.0000 53.7599 8.9814
34880.0000 53.7172 8.9594
34885.0000 53.6737 8.9352
34890.0000 53.6675 8.9399
34895.0000 53.6430 8.9317
34900.0000 53.6695 8.9504
34905.0000 53.6887 8.9534
34910.0000 53.7461 8.9929
34915.0000 53.7461 8.9929
34920.0000 53.7072 8.9604
34925.0000 53.7245 8.9734
34930.0000 53.6848 8.9472
34935.0000 53.6921 8.9769
34940.0000 53.7078 8.9939
34945.0000 53.6916 9.0006
34950.0000 53.6657 9.0044
34955.0000 53.6441 8.9995
34960.0000 53.6256 8.9967
34965.0000 53.6350 8.9910
34970.0000 53.6395 8.9928
34975.0000 53.6359 8.9903
34980.0000 53.6993 9.0430
34985.0000 53.7811 9.0944
34990.0000 53.5726 8.9981
34995.0000 53.5196 8.9763
35000.0000 53.5246 8.9759
35005.0000 53.5101 8.9786
35010.0000 53.5007 8.9820
35015.0000 53.5127 9.0003
35020.0000 53.4963 8.9841
35025.0000 53.4997 8.9843
35030.0000 53.5046 8.9826
35035.0000 53.5002 8.9795
35040.0000 53.5037 8.9835
35045.0000 53.5019 8.9704
35050.0000 53.5023 8.9710
35055.0000 53.4717 8.9513
35060.0000 53.4130 8.9138
35065.0000 53.4419 8.9472
35070.0000 53.4446 8.9514
35075.0000 53.4429 8.9453
35080.0000 53.4542 8.9354
35085.0000 53.4853 8.9574
35090.0000 53.5284 8.9910
35095.0000 53.5486 9.0014
35100.0000 53.5486 9.0014
35105.0000 53.5307 8.9853
35110.0000 53.4443 8.9667
35115.0000 53.4123 8.9489
35120.0000 53.4173 8.9431
35125.0000 53.4099 8.9471
35130.0000 53.4231 8.9407
35135.0000 53.4483 8.9723
35140.0000 53.4157 8.9572
35145.0000 53.4412 8.9686
35150.0000 53.4412 8.9686
35155.0000 53.4510 8.9729
35160.0000 53.4709 8.9793
35165.0000 53.4458 8.9711
35170.0000 53.3899 8.9498
35175.0000 53.4188 8.9750
35180.0000 53.4146 8.9756
35185.0000 53.4319 8.9847
35190.0000 53.4673 8.9880
35195.0000 53.4951 8.9911
35200.0000 53.5459 9.0092
35205.0000 53.6571 9.0775
35210.0000 53.7131 9.1147
35215.0000 53.7180 9.1130
35220.0000 53.7106 9.1048
35225.0000 53.8027 9.1614
35230.0000 53.6751 9.0825
35235.0000 53.6359 9.0462
35240.0000 53.6191 9.0385
35245.0000 53.6206 9.0444
35250.0000 53.6130 9.0469
35255.0000 53.5888 9.0426
35260.0000 53.6070 9.0564
35265.0000 53.6469 9.0725
35270.0000 53.6976 9.1022
35275.0000 53.7463 9.1158
35280.0000 53.7438 9.0898
35285.0000 53.7696 9.1051
35290.0000 53.7511 9.0797
35295.0000 53.7615 9.1007
35300.0000 53.7335 9.1031
35305.0000 53.7213 9.1069
35310.0000 53.7007 9.1116
35315.0000 53.6463 9.0947
35320.0000 53.6707 9.1160
35325.0000 53.6941 9.1151
35330.0000 53.7028 9.1112
35335.0000 53.7081 9.1147
35340.0000 53.7422 9.1395
35345.0000 53.7132 9.1032
35350.0000 53.7198 9.1031
35355.0000 53.6783 9.0786
35360.0000 53.6770 9.0803
35365.0000 53.6675 9.0854
35370.0000 53.7316 9.1371
35375.0000 53.7177 9.1346
35380.0000 53.7034 9.1286
35385.0000 53.7137 9.1278
35390.0000 53.6745 9.0955
35395.0000 53.6745 9.0955
35400.0000 53.6745 9.0955
35405.0000 53.6873 9.1045
35410.0000 53.6416 9.0759
35415.0000 53.5682 9.0352
35420.0000 53.5218 9.0018
35425.0000 53.5098 9.0009
35430.0000 53.5097 9.0048
35435.0000 53.5053 8.9936
35440.0000 53.5167 8.9967
35445.0000 53.5351 8.9986
35450.0000 53.5450 9.0017
35455.0000 53.5944 9.0386
35460.0000 53.6073 9.0436
35465.0000 53.5295 8.9903
35470.0000 53.5441 8.9984
35475.0000 53.5615 9.0146
35480.0000 53.5621 9.0177
35485.0000 53.5829 9.0395
35490.0000 53.6143 9.0704
35495.0000 53.5949 9.0765
35500.0000 53.5751 9.0761
35505.0000 53.5839 9.0732
35510.0000 53.5839 9.0732
35515.0000 53.6053 9.0889
35520.0000 53.6053 9.0889
35525.0000 53.6093 9.0984
35530.0000 53.5742 9.0646
35535.0000 53.5613 9.0616
35540.0000 53.5886 9.1062
35545.0000 53.5832 9.1052
35550.0000 53.5733 9.1045
35555.0000 53.5342 9.0906
35560.0000 53.5277 9.0825
35565.0000 53.5635 9.1108
35570.0000 53.5635 9.1108
35575.0000 53.5635 9.1108
35580.0000 53.5572 9.1055
35585.0000 53.6108 9.1248
35590.0000 53.5880 9.1021
35595.0000 53.5203 9.0525
35600.0000 53.4868 9.0256
35605.0000 53.4794 9.0258
35610.0000 53.4746 9.0296
35615.0000 53.5343 9.0503
35620.0000 53.6049 9.1087
35625.0000 53.7016 9.1677
35630.0000 53.7116 9.1670
35635.0000 53.7459 9.1900
35640.0000 53.7938 9.2177
35645.0000 53.6568 9.0985
35650.0000 53.6372 9.0870
35655.0000 53.6658 9.1159
35660.0000 53.7034 9.1478
35665.0000 53.6811 9.1496
35670.0000 53.6668 9.1550
35675.0000 53.6230 9.1452
35680.0000 53.6395 9.1437
35685.0000 53.6247 9.1244
35690.0000 53.6889 9.1731
35695.0000 53.6820 9.1636
35700.0000 53.7127 9.1852
35705.0000 53.5942 9.0925
35710.0000 53.4889 9.0221
35715.0000 53.4067 8.9817
35720.0000 53.3391 8.9334
35725.0000 53.3645 8.9690
35730.0000 53.3567 8.9728
35735.0000 53.3607 8.9732
35740.0000 53.3697 8.9811
35745.0000 53.4340 9.0181
35750.0000 53.4716 9.0436
35755.0000 53.4762 9.0418
35760.0000 53.4824 9.0425
35765.0000 53.4824 9.0425
35770.0000 53.4681 9.0195
35775.0000 53.4533 9.0258
35780.0000 53.4403 9.0322
35785.0000 53.4493 9.0310
35790.0000 53.4329 8.9956
35795.0000 53.4195 8.9914
35800.0000 53.4085 8.9847
35805.0000 53.4179 8.9829
35810.0000 53.4323 8.9791
35815.0000 53.4790 8.9858
35820.0000 53.5135 8.9817
35825.0000 53.4961 8.9534
35830.0000 53.4699 8.9296
35835.0000 53.4331 8.9131
35840.0000 53.3945 8.8892
35845.0000 53.4341 8.9166
35850.0000 53.5293 8.9779
35855.0000 53.4997 8.9665
35860.0000 53.4489 8.9251
35865.0000 53.5008 8.9563
35870.0000 53.4936 8.9430
35875.0000 53.5039 8.9371
35880.0000 53.5500 8.9605
35885.0000 53.5579 8.9668
35890.0000 53.4410 8.8882
35895.0000 53.3812 8.8682
35900.0000 53.3318 8.8371
35905.0000 53.3643 8.8728
35910.0000 53.3928 8.9049
35915.0000 53.3722 8.8984
35920.0000 53.3631 8.8974
35925.0000 53.3685 8.9007
35930.0000 53.3337 8.8668
35935.0000 53.3384 8.8642
35940.0000 53.3775 8.8853
35945.0000 53.3436 8.8666
35950.0000 53.3633 8.8720
35955.0000 53.3944 8.8839
35960.0000 53.3785 8.8862
35965.0000 53.3576 8.8903
35970.0000 53.3478 8.8875
35975.0000 53.3356 8.8926
35980.0000 53.3146 8.8830
35985.0000 53.3146 8.8830
35990.0000 53.3191 8.8831
35995.0000 53.3266 8.8796
36000.0000 53.3434 8.8829
36005.0000 53.3571 8.8859
36010.0000 53.3234 8.8863
36015.0000 53.2970 8.8956
36020.0000 53.2253 8.8566
36025.0000 53.2022 8.8702
36030.0000 53.1663 8.8721
36035.0000 53.1769 8.8802
36040.0000 53.1960 8.9046
36045.0000 53.2326 8.9216
36050.0000 53.2535 8.9178
36055.0000 53.2508 8.9155
36060.0000 53.2705 8.9319
36065.0000 53.2670 8.9357
36070.0000 53.2672 8.9406
36075.0000 53.1616 8.8970
36080.0000 53.1834 8.9156
36085.0000 53.1878 8.9159
36090.0000 53.1823 8.8923
36095.0000 53.1552 8.8703
36100.0000 53.1633 8.8591
36105.0000 53.1906 8.8559
36110.0000 53.2511 8.8844
36115.0000 53.2645 8.8831
36120.0000 53.2751 8.8940
36125.0000 53.2956 8.9026
36130.0000 53.2618 8.8939
36135.0000 53.1904 8.8454
36140.0000 53.1860 8.8443
36145.0000 53.1720 8.8557
36150.0000 53.1907 8.8770
36155.0000 53.1778 8.8749
36160.0000 53.1749 8.8711
36165.0000 53.2566 8.9092
36170.0000 53.2675 8.9095
36175.0000 53.2514 8.8887
36180.0000 53.2949 8.9237
36185.0000 53.2658 8.9027
36190.0000 53.2759 8.9113
36195.0000 53.2312 8.9176
36200.0000 53.1468 8.8723
36205.0000 53.1231 8.8896
36210.0000 53.1029 8.8948
36215.0000 53.0402 8.8942
36220.0000 53.0130 8.8929
36225.0000 53.0537 8.8790
36230.0000 53.0619 8.8812
36235.0000 53.0370 8.8478
36240.0000 53.0419 8.8468
36245.0000 53.0693 8.8626
36250.0000 52.9213 8.7583
36255.0000 52.8036 8.6857
36260.0000 52.7249 8.6450
36265.0000 52.7299 8.6568
36270.0000 52.7481 8.6884
36275.0000 52.8290 8.7075
36280.0000 52.8353 8.7105
36285.0000 52.8966 8.7556
36290.0000 52.8916 8.7476
36295.0000 52.9037 8.7446
36300.0000 52.9664 8.7791
36305.0000 52.9459 8.7606
36310.0000 52.9322 8.7658
36315.0000 52.8315 8.6896
36320.0000 52.7589 8.6399
36325.0000 52.7477 8.6480
36330.0000 52.7433 8.6476
36335.0000 52.7181 8.6420
36340.0000 52.6981 8.6372
36345.0000 52.7619 8.6700
36350.0000 52.7619 8.6700
36355.0000 52.7605 8.6679
36360.0000 52.7950 8.6959
36365.0000 52.8119 8.7031
36370.0000 52.8060 8.7050
36375.0000 52.7620 8.6844
36380.0000 52.8041 8.6718
36385.0000 52.7865 8.6796
36390.0000 52.7793 8.6936
36395.0000 52.7832 8.6966
36400.0000 52.7572 8.6886
36405.0000 52.7877 8.6952
36410.0000 52.7618 8.6519
36415.0000 52.8350 8.6563
36420.0000 52.8350 8.6563
36425.0000 52.7550 8.5996
36430.0000 52.6737 8.5520
36435.0000 52.6209 8.5218
36440.0000 52.5843 8.5000
36445.0000 52.6105 8.5179
36450.0000 52.6395 8.5460
36455.0000 52.6047 8.5383
36460.0000 52.5843 8.5311
36465.0000 52.5898 8.5302
36470.0000 52.5949 8.5306
36475.0000 52.5949 8.5306
36480.0000 52.6352 8.5591
36485.0000 52.6305 8.5584
36490.0000 52.5488 8.5033
36495.0000 52.4891 8.4909
36500.0000 52.4511 8.4863
36505.0000 52.4514 8.5147
36510.0000 52.4631 8.5101
36515.0000 52.4857 8.5404
36520.0000 52.4870 8.5440
36525.0000 52.4913 8.5449
36530.0000 52.4982 8.5503
36535.0000 52.4931 8.5464
36540.0000 52.4970 8.5487
36545.0000 52.4965 8.5507
36550.0000 52.4883 8.5530
36555.0000 52.4399 8.5314
36560.0000 52.5033 8.5788
36565.0000 52.5249 8.5976
36570.0000 52.5174 8.5995
36575.0000 52.4851 8.6021
36580.0000 52.4756 8.6043
36585.0000 52.4962 8.6086
36590.0000 52.5135 8.6144
36595.0000 52.5502 8.6187
36600.0000 52.5800 8.6251
36605.0000 52.6072 8.6182
36610.0000 52.6284 8.6221
36615.0000 52.6035 8.6131
36620.0000 52.6066 8.6038
36625.0000 52.6172 8.6159
36630.0000 52.6445 8.6342
36635.0000 52.6356 8.6430
36640.0000 52.6237 8.6292
36645.0000 52.6335 8.6291
36650.0000 52.7052 8.6729
36655.0000 52.7147 8.6693
36660.0000 52.7258 8.6701
36665.0000 52.7393 8.6701
36670.0000 52.7438 8.6493
36675.0000 52.7670 8.6591
36680.0000 52.8111 8.6618
36685.0000 52.8361 8.6870
36690.0000 52.8622 8.6959
36695.0000 52.8475 8.6944
36700.0000 52.8192 8.6777
36705.0000 52.8363 8.6832
36710.0000 52.9015 8.7224
36715.0000 52.9210 8.7252
36720.0000 52.9414 8.7262
36725.0000 52.9335 8.7102
36730.0000 52.9443 8.7156
36735.0000 52.9547 8.7231
36740.0000 52.9516 8.7204
36745.0000 52.9644 8.7272
36750.0000 52.9495 8.7274
36755.0000 52.9613 8.7334
36760.0000 52.9828 8.7397
36765.0000 53.0636 8.7796
36770.0000 53.1039 8.8045
36775.0000 53.1476 8.8367
36780.0000 53.2109 8.8799
36785.0000 53.2288 8.8933
36790.0000 53.1812 8.8581
36795.0000 53.1257 8.8224
36800.0000 53.1199 8.8196
36805.0000 53.1378 8.8475
36810.0000 53.1620 8.8721
36815.0000 53.1287 8.8656
36820.0000 53.1265 8.8431
36825.0000 53.1297 8.8414
36830.0000 53.1475 8.8353
36835.0000 53.1468 8.8303
36840.0000 53.1990 8.8578
36845.0000 53.1758 8.8323
36850.0000 53.1365 8.8179
36855.0000 53.1257 8.8192
36860.0000 53.1070 8.7972
36865.0000 53.1155 8.7910
36870.0000 53.1286 8.8015
36875.0000 53.1340 8.7932
36880.0000 53.1580 8.8203
36885.0000 53.1682 8.8246
36890.0000 53.1791 8.8260
36895.0000 53.2014 8.8389
36900.0000 53.2285 8.8526
36905.0000 53.2022 8.8281
36910.0000 53.0781 8.7311
36915.0000 52.9068 8.6782
36920.0000 52.9084 8.6842
36925.0000 52.9093 8.7063
36930.0000 52.9287 8.7264
36935.0000 52.8939 8.7167
36940.0000 52.8477 8.6941
36945.0000 52.8477 8.6941
36950.0000 52.8477 8.6941
36955.0000 52.8461 8.6885
36960.0000 52.8864 8.7168
36965.0000 52.8678 8.6917
36970.0000 52.8380 8.7088
36975.0000 52.6766 8.6401
36980.0000 52.6594 8.6300
36985.0000 52.6386 8.6288
36990.0000 52.6586 8.6485
36995.0000 52.6478 8.6416
37000.0000 52.6030 8.6073
37005.0000 52.6030 8.6073
37010.0000 52.6254 8.6256
37015.0000 52.6301 8.6256
37020.0000 52.6932 8.6545
37025.0000 52.7267 8.6786
37030.0000 52.7402 8.6774
37035.0000 52.6872 8.6260
37040.0000 52.6835 8.6289
37045.0000 52.6553 8.6021
37050.0000 52.6643 8.6028
37055.0000 52.6347 8.5984
37060.0000 52.5997 8.5878
37065.0000 52.6040 8.5880
37070.0000 52.6174 8.5839
37075.0000 52.6106 8.5773
37080.0000 52.6214 8.5738
37085.0000 52.5823 8.5548
37090.0000 52.5111 8.5086
37095.0000 52.5555 8.5506
37100.0000 52.5781 8.5620
37105.0000 52.6365 8.6018
37110.0000 52.6492 8.6019
37115.0000 52.6708 8.6173
37120.0000 52.6502 8.6139
37125.0000 52.6582 8.6160
37130.0000 52.6619 8.6185
37135.0000 52.6619 8.6185
37140.0000 52.6714 8.6154
37145.0000 52.7011 8.6406
37150.0000 52.7158 8.6400
37155.0000 52.7151 8.6422
37160.0000 52.7087 8.6313
37165.0000 52.7101 8.6277
37170.0000 52.7119 8.6276
37175.0000 52.6747 8.6249
37180.0000 52.6430 8.6120
37185.0000 52.6430 8.6120
37190.0000 52.6768 8.6323
37195.0000 52.7036 8.6516
37200.0000 52.7154 8.6474
37205.0000 52.7301 8.6451
37210.0000 52.7345 8.6432
37215.0000 52.7381 8.6427
37220.0000 52.7674 8.6605
37225.0000 52.7414 8.6303
37230.0000 52.7324 8.6250
37235.0000 52.7259 8.6244
37240.0000 52.7426 8.6060
37245.0000 52.7528 8.6102
37250.0000 52.8005 8.6292
37255.0000 52.7966 8.6250
37260.0000 52.8062 8.6276
37265.0000 52.7884 8.6067
37270.0000 52.7912 8.6125
37275.0000 52.7405 8.5742
37280.0000 52.6791 8.5497
37285.0000 52.6660 8.5510
37290.0000 52.6641 8.5526
37295.0000 52.6359 8.5523
37300.0000 52.6058 8.5404
37305.0000 52.6189 8.5399
37310.0000 52.6556 8.5602
37315.0000 52.6994 8.5792
37320.0000 52.6994 8.5792
37325.0000 52.6573 8.5552
37330.0000 52.6998 8.5776
37335.0000 52.6319 8.5376
37340.0000 52.5856 8.5139
37345.0000 52.6311 8.5487
37350.0000 52.6661 8.5774
37355.0000 52.6630 8.5878
37360.0000 52.6389 8.5748
37365.0000 52.6683 8.5894
37370.0000 52.6968 8.5992
37375.0000 52.7117 8.6061
37380.0000 52.7341 8.6206
37385.0000 52.7740 8.6218
37390.0000 52.6989 8.5604
37395.0000 52.7374 8.6002
37400.0000 52.6735 8.5829
37405.0000 52.7132 8.5863
37410.0000 52.7571 8.6059
37415.0000 52.7280 8.5977
37420.0000 52.7697 8.6187
37425.0000 52.8415 8.6444
37430.0000 52.8812 8.6377
37435.0000 52.9531 8.6636
37440.0000 52.9787 8.6567
37445.0000 53.0057 8.6558
37450.0000 53.0189 8.6316
37455.0000 53.0087 8.5858
37460.0000 53.0135 8.5837
37465.0000 53.0159 8.5802
37470.0000 53.0730 8.5855
37475.0000 53.0786 8.5828
37480.0000 53.0742 8.5574
37485.0000 53.0849 8.5643
37490.0000 53.0929 8.5697
37495.0000 53.1008 8.5711
37500.0000 53.1008 8.5711
37505.0000 53.0499 8.5634
37510.0000 53.0136 8.5358
37515.0000 53.0138 8.5402
37520.0000 53.0057 8.5432
37525.0000 52.9967 8.5397
37530.0000 52.9775 8.5461
37535.0000 52.9591 8.5450
37540.0000 52.9370 8.5352
37545.0000 52.9417 8.5341
37550.0000 52.9508 8.5338
37555.0000 53.0103 8.5608
37560.0000 53.0112 8.5654
37565.0000 53.0189 8.5662
37570.0000 52.8989 8.4879
37575.0000 52.9058 8.5021
37580.0000 52.9332 8.5202
37585.0000 52.9345 8.5151
37590.0000 52.9402 8.5166
37595.0000 52.9087 8.5189
37600.0000 52.9346 8.5359
37605.0000 52.9723 8.5481
37610.0000 53.0176 8.5839
37615.0000 53.0501 8.6030
37620.0000 53.0703 8.6055
37625.0000 53.0912 8.6085
37630.0000 53.1767 8.6708
37635.0000 53.2252 8.6985
37640.0000 53.2579 8.7060
37645.0000 53.2560 8.7084
37650.0000 53.2458 8.6997
37655.0000 53.2319 8.6979
37660.0000 53.2035 8.6800
37665.0000 53.2179 8.6813
37670.0000 53.2400 8.6819
37675.0000 53.2472 8.6775
37680.0000 53.2656 8.6764
37685.0000 53.2360 8.6512
37690.0000 53.1684 8.6025
37695.0000 53.1497 8.5754
37700.0000 53.1508 8.5726
37705.0000 53.1535 8.5727
37710.0000 53.1559 8.5723
37715.0000 53.1176 8.5568
37720.0000 53.1041 8.5471
37725.0000 53.0979 8.5464
37730.0000 53.1369 8.5681
37735.0000 53.1369 8.5681
37740.0000 53.1656 8.5744
37745.0000 53.1442 8.5524
37750.0000 53.1602 8.5711
37755.0000 53.1678 8.5905
37760.0000 53.1813 8.5963
37765.0000 53.2702 8.6411
37770.0000 53.2758 8.6487
37775.0000 53.2810 8.6535
37780.0000 53.2994 8.6711
37785.0000 53.3170 8.6819
37790.0000 53.3346 8.6930
37795.0000 53.3474 8.6973
37800.0000 53.3976 8.7163
37805.0000 53.4638 8.7479
37810.0000 53.5067 8.7693
37815.0000 53.5571 8.8021
37820.0000 53.6191 8.8425
37825.0000 53.5801 8.8152
37830.0000 53.6197 8.8529
37835.0000 53.5865 8.8500
37840.0000 53.5500 8.8289
37845.0000 53.5813 8.8457
37850.0000 53.6727 8.8923
37855.0000 53.6840 8.8818
37860.0000 53.7013 8.8817
37865.0000 53.6638 8.8579
37870.0000 53.6399 8.8322
37875.0000 53.5962 8.8077
37880.0000 53.5793 8.8228
37885.0000 53.5921 8.8256
37890.0000 53.5947 8.8260
37895.0000 53.5747 8.8212
37900.0000 53.6242 8.8540
37905.0000 53.6376 8.8595
37910.0000 53.7283 8.9316
37915.0000 53.7814 8.9645
37920.0000 53.7922 8.9641
37925.0000 53.7710 8.9434
37930.0000 53.7808 8.9540
37935.0000 53.7795 8.9549
37940.0000 53.7779 8.9566
37945.0000 53.7063 8.8934
37950.0000 53.6897 8.8943
37955.0000 53.7085 8.9066
37960.0000 53.8044 8.9872
37965.0000 53.7686 8.9559
37970.0000 53.7767 8.9622
37975.0000 53.8431 8.9890
37980.0000 53.8449 8.9904
37985.0000 53.8795 9.0130
37990.0000 53.8289 8.9795
37995.0000 53.8076 8.9749
38000.0000 53.8152 8.9966
38005.0000 53.7999 8.9892
38010.0000 53.8018 8.9869
38015.0000 53.7958 8.9841
38020.0000 53.7665 8.9716
38025.0000 53.7944 8.9882
38030.0000 53.8096 8.9839
38035.0000 53.8314 8.9858
38040.0000 53.7971 8.9580
38045.0000 53.7668 8.9482
38050.0000 53.6820 8.8985
38055.0000 53.6262 8.8830
38060.0000 53.6458 8.8766
38065.0000 53.6246 8.8381
38070.0000 53.6237 8.8408
38075.0000 53.6029 8.8390
38080.0000 53.5790 8.8399
38085.0000 53.5790 8.8399
38090.0000 53.5853 8.8439
38095.0000 53.6045 8.8402
38100.0000 53.6512 8.8787
38105.0000 53.6189 8.8602
38110.0000 53.5789 8.8483
38115.0000 53.5146 8.8190
38120.0000 53.4793 8.8124
38125.0000 53.4813 8.8233
38130.0000 53.4958 8.8339
38135.0000 53.4782 8.8284
38140.0000 53.4416 8.8104
38145.0000 53.4757 8.8378
38150.0000 53.4907 8.8394
38155.0000 53.5012 8.8336
38160.0000 53.5247 8.8350
38165.0000 53.5361 8.8416
38170.0000 53.5554 8.8429
38175.0000 53.5625 8.8519
38180.0000 53.6033 8.8869
38185.0000 53.6003 8.8875
38190.0000 53.5936 8.8878
38195.0000 53.5817 8.8848
38200.0000 53.5768 8.8861
38205.0000 53.5755 8.8807
38210.0000 53.5743 8.8796
38215.0000 53.5726 8.8788
38220.0000 53.5762 8.8784
38225.0000 53.5010 8.8191
38230.0000 53.4027 8.7664
38235.0000 53.3277 8.7210
38240.0000 53.3009 8.7159
38245.0000 53.3149 8.7431
38250.0000 53.3326 8.7751
38255.0000 53.2966 8.7716
38260.0000 53.2854 8.7553
38265.0000 53.3034 8.7552
38270.0000 53.3106 8.7565
38275.0000 53.3718 8.7902
38280.0000 53.3799 8.7881
38285.0000 53.4151 8.8100
38290.0000 53.4339 8.8083
38295.0000 53.4975 8.8663
38300.0000 53.4988 8.8684
38305.0000 53.4760 8.8627
38310.0000 53.4981 8.8768
38315.0000 53.4941 8.8730
38320.0000 53.4961 8.8685
38325.0000 53.4974 8.8701
38330.0000 53.5194 8.8493
38335.0000 53.5297 8.8409
38340.0000 53.5572 8.8537
38345.0000 53.5661 8.8515
38350.0000 53.5846 8.8628
38355.0000 53.5389 8.8342
38360.0000 53.4494 8.7668
38365.0000 53.4524 8.7655
38370.0000 53.4457 8.7614
38375.0000 53.4294 8.7652
38380.0000 53.4409 8.7507
38385.0000 53.4423 8.7475
38390.0000 53.4516 8.7454
38395.0000 53.4564 8.7435
38400.0000 53.5084 8.7825
38405.0000 53.5147 8.7881
38410.0000 53.5716 8.8117
38415.0000 53.5064 8.7750
38420.0000 53.5331 8.7775
38425.0000 53.5663 8.8011
38430.0000 53.5664 8.7927
38435.0000 53.5711 8.8031
38440.0000 53.5606 8.7765
38445.0000 53.5977 8.7957
38450.0000 53.6808 8.8388
38455.0000 53.7129 8.8424
38460.0000 53.6955 8.8083
38465.0000 53.6667 8.7747
38470.0000 53.6524 8.7500
38475.0000 53.6001 8.7102
38480.0000 53.5208 8.6667
38485.0000 53.5091 8.6554
38490.0000 53.5183 8.6534
38495.0000 53.5599 8.6819
38500.0000 53.5342 8.6588
38505.0000 53.5758 8.6803
38510.0000 53.6140 8.6974
38515.0000 53.6878 8.7399
38520.0000 53.6968 8.7352
38525.0000 53.7010 8.7388
38530.0000 53.6947 8.7423
38535.0000 53.6724 8.7431
38540.0000 53.6874 8.7405
38545.0000 53.6786 8.7408
38550.0000 53.6820 8.7427
38555.0000 53.6855 8.7360
38560.0000 53.6717 8.7392
38565.0000 53.6919 8.7585
38570.0000 53.6853 8.7394
38575.0000 53.6939 8.7393
38580.0000 53.7164 8.7451
38585.0000 53.7344 8.7521
38590.0000 53.6931 8.7326
38595.0000 53.6698 8.7124
38600.0000 53.6459 8.7146
38605.0000 53.6467 8.7126
38610.0000 53.6287 8.7176
38615.0000 53.6851 8.7563
38620.0000 53.6586 8.7535
38625.0000 53.6509 8.7418
38630.0000 53.6571 8.7449
38635.0000 53.6636 8.7511
38640.0000 53.6780 8.7520
38645.0000 53.7452 8.7963
38650.0000 53.8243 8.8490
38655.0000 53.6945 8.7705
38660.0000 53.7175 8.7729
38665.0000 53.6796 8.7407
38670.0000 53.6885 8.7446
38675.0000 53.7029 8.7445
38680.0000 53.6743 8.7394
38685.0000 53.7642 8.7912
38690.0000 53.7937 8.7930
38695.0000 53.7984 8.7843
38700.0000 53.7950 8.7622
38705.0000 53.7961 8.7397
38710.0000 53.7997 8.7337
38715.0000 53.8079 8.7354
38720.0000 53.7621 8.7215
38725.0000 53.8040 8.7457
38730.0000 53.8006 8.7474
38735.0000 53.7748 8.7512
38740.0000 53.7685 8.7281
38745.0000 53.7846 8.7265
38750.0000 53.7948 8.7200
38755.0000 53.8059 8.7073
38760.0000 53.8832 8.7561
38765.0000 53.8525 8.7211
38770.0000 53.7560 8.6661
38775.0000 53.7172 8.6429
38780.0000 53.7093 8.6422
38785.0000 53.7261 8.6489
38790.0000 53.7383 8.6902
38795.0000 53.7413 8.7031
38800.0000 53.7119 8.6968
38805.0000 53.7360 8.6917
38810.0000 53.7473 8.6882
38815.0000 53.7304 8.6631
38820.0000 53.7489 8.6633
38825.0000 53.7627 8.6645
38830.0000 53.6901 8.6271
38835.0000 53.5187 8.5404
38840.0000 53.5566 8.5570
38845.0000 53.5916 8.5835
38850.0000 53.5879 8.5911
38855.0000 53.5850 8.5959
38860.0000 53.6194 8.6075
38865.0000 53.6376 8.6108
38870.0000 53.7630 8.6606
38875.0000 53.8371 8.6881
38880.0000 53.8572 8.6931
38885.0000 53.8057 8.6683
38890.0000 53.7852 8.6470
38895.0000 53.5452 8.5298
38900.0000 53.5285 8.5331
38905.0000 53.5694 8.5712
38910.0000 53.6255 8.6323
38915.0000 53.6151 8.6404
38920.0000 53.5717 8.6330
38925.0000 53.5780 8.6322
38930.0000 53.5854 8.6339
38935.0000 53.6023 8.6381
38940.0000 53.6437 8.6717
38945.0000 53.6245 8.6464
38950.0000 53.5333 8.5882
38955.0000 53.4963 8.5518
38960.0000 53.4907 8.5462
38965.0000 53.5425 8.5843
38970.0000 53.5995 8.6484
38975.0000 53.5714 8.6491
38980.0000 53.5087 8.6452
38985.0000 53.4911 8.6381
38990.0000 53.4904 8.6268
38995.0000 53.5427 8.6327
39000.0000 53.5591 8.6353
39005.0000 53.5801 8.5947
39010.0000 53.5165 8.5672
39015.0000 53.5749 8.6085
39020.0000 53.6012 8.6269
39025.0000 53.6453 8.6607
39030.0000 53.6409 8.6609
39035.0000 53.6795 8.7108
39040.0000 53.6362 8.6985
39045.0000 53.6482 8.6931
39050.0000 53.7108 8.7250
39055.0000 53.7228 8.7251
39060.0000 53.7163 8.7099
39065.0000 53.6635 8.6532
39070.0000 53.6807 8.6411
39075.0000 53.7295 8.6549
39080.0000 53.6541 8.6244
39085.0000 53.6552 8.6203
39090.0000 53.6831 8.6589
39095.0000 53.6608 8.6468
39100.0000 53.6643 8.6679
39105.0000 53.6683 8.6668
39110.0000 53.6694 8.6624
39115.0000 53.6826 8.6564
39120.0000 53.7143 8.6659
39125.0000 53.7186 8.6661
39130.0000 53.7651 8.7200
39135.0000 53.7711 8.7294
39140.0000 53.7652 8.7229
39145.0000 53.7810 8.7329
39150.0000 53.8481 8.7796
39155.0000 53.8723 8.7926
39160.0000 53.9541 8.8567
39165.0000 53.9541 8.8608
39170.0000 53.9585 8.8563
39175.0000 53.9153 8.8089
39180.0000 53.9172 8.7910
39185.0000 53.9525 8.7985
39190.0000 53.8873 8.7588
39195.0000 53.8867 8.7562
39200.0000 53.8037 8.7057
39205.0000 53.8570 8.7354
39210.0000 53.9086 8.7507
39215.0000 53.9114 8.7585
39220.0000 53.8968 8.7613
39225.0000 53.8875 8.7526
39230.0000 53.9117 8.7624
39235.0000 53.9902 8.8006
39240.0000 54.0352 8.8132
39245.0000 53.9323 8.7392
39250.0000 53.7794 8.6527
39255.0000 53.7438 8.6150
39260.0000 53.6775 8.5576
39265.0000 53.6512 8.5381
39270.0000 53.6160 8.5477
39275.0000 53.6244 8.5365
39280.0000 53.6127 8.5280
39285.0000 53.6301 8.5244
39290.0000 53.6567 8.5433
39295.0000 53.6538 8.5396
39300.0000 53.6684 8.5489
39305.0000 53.6846 8.5639
39310.0000 53.7119 8.5932
39315.0000 53.6677 8.5735
39320.0000 53.6408 8.5678
39325.0000 53.6655 8.5969
39330.0000 53.6423 8.6023
39335.0000 53.6277 8.6034
39340.0000 53.5917 8.5886
39345.0000 53.5742 8.5766
39350.0000 53.5731 8.5732
39355.0000 53.5511 8.5445
39360.0000 53.5745 8.5491
39365.0000 53.6212 8.5760
39370.0000 53.6656 8.6081
39375.0000 53.5676 8.5320
39380.0000 53.5454 8.5426
39385.0000 53.5713 8.5555
39390.0000 53.5757 8.5483
39395.0000 53.5728 8.5422
39400.0000 53.5693 8.5577
39405.0000 53.5658 8.5535
39410.0000 53.5682 8.5479
39415.0000 53.6268 8.5844
39420.0000 53.6407 8.5800
39425.0000 53.6390 8.5811
39430.0000 53.6366 8.5814
39435.0000 53.6411 8.5856
39440.0000 53.6000 8.5685
39445.0000 53.6312 8.5917
39450.0000 53.6339 8.5902
39455.0000 53.6665 8.6118
39460.0000 53.6723 8.6351
39465.0000 53.6787 8.6405
39470.0000 53.6984 8.6577
39475.0000 53.6950 8.6545
39480.0000 53.7177 8.6521
39485.0000 53.7801 8.6778
39490.0000 53.8461 8.7214
39495.0000 53.8147 8.6948
39500.0000 53.6824 8.6644
39505.0000 53.7412 8.6942
39510.0000 53.7314 8.6994
39515.0000 53.7013 8.6865
39520.0000 53.6637 8.6783
39525.0000 53.6768 8.6872
39530.0000 53.7104 8.7107
39535.0000 53.7265 8.7230
39540.0000 53.7811 8.7602
39545.0000 53.7621 8.7421
39550.0000 53.7748 8.7638
39555.0000 53.6597 8.6907
39560.0000 53.6147 8.6701
39565.0000 53.6832 8.7174
39570.0000 53.6645 8.7215
39575.0000 53.6924 8.7427
39580.0000 53.6893 8.7538
39585.0000 53.6893 8.7538
39590.0000 53.6942 8.7530
39595.0000 53.6918 8.7502
39600.0000 53.6953 8.7512
39605.0000 53.6921 8.7533
39610.0000 53.5868 8.6933
39615.0000 53.5847 8.6891
39620.0000 53.5972 8.6979
39625.0000 53.6213 8.7139
39630.0000 53.5948 8.7256
39635.0000 53.5547 8.7196
39640.0000 53.4741 8.6977
39645.0000 53.4730 8.6992
39650.0000 53.4784 8.7029
39655.0000 53.4958 8.7009
39660.0000 53.5255 8.7035
39665.0000 53.5078 8.6772
39670.0000 53.4669 8.6483
39675.0000 53.4669 8.6567
39680.0000 53.4670 8.6528
39685.0000 53.4747 8.6662
39690.0000 53.4489 8.6485
39695.0000 53.4342 8.6756
39700.0000 53.3854 8.6748
39705.0000 53.3970 8.6832
39710.0000 53.5012 8.7631
39715.0000 53.5352 8.7826
39720.0000 53.5679 8.8047
39725.0000 53.6165 8.8418
39730.0000 53.4548 8.7428
39735.0000 53.4406 8.7339
39740.0000 53.4025 8.7343
39745.0000 53.3881 8.7257
39750.0000 53.3703 8.7313
39755.0000 53.3858 8.7228
39760.0000 53.3817 8.7133
39765.0000 53.4227 8.7259
39770.0000 53.4204 8.7226
39775.0000 53.4197 8.7246
39780.0000 53.5011 8.7742
39785.0000 53.4893 8.7618
39790.0000 53.4518 8.7361
39795.0000 53.4780 8.7325
39800.0000 53.4215 8.7205
39805.0000 53.4246 8.7260
39810.0000 53.4400 8.7516
39815.0000 53.4463 8.7579
39820.0000 53.5066 8.8101
39825.0000 53.5537 8.8402
39830.0000 53.5626 8.8453
39835.0000 53.5726 8.8448
39840.0000 53.5801 8.8470
39845.0000 53.5801 8.8470
39850.0000 53.5758 8.8472
39855.0000 53.5513 8.8257
39860.0000 53.5188 8.8018
39865.0000 53.5886 8.8387
39870.0000 53.5745 8.8460
39875.0000 53.5917 8.8629
39880.0000 53.5805 8.8757
39885.0000 53.5727 8.8762
39890.0000 53.5804 8.8776
39895.0000 53.6467 8.8713
39900.0000 53.6141 8.8444
39905.0000 53.5839 8.8198
39910.0000 53.5729 8.8085
39915.0000 53.5905 8.8026
39920.0000 53.5863 8.8035
39925.0000 53.5742 8.7972
39930.0000 53.5590 8.7972
39935.0000 53.5683 8.8193
39940.0000 53.5734 8.8254
39945.0000 53.5659 8.8244
39950.0000 53.5408 8.7965
39955.0000 53.5659 8.8014
39960.0000 53.6206 8.8124
39965.0000 53.6284 8.8175
39970.0000 53.6492 8.8197
39975.0000 53.6657 8.8217
39980.0000 53.6766 8.8258
39985.0000 53.6711 8.8302
39990.0000 53.7310 8.8649
39995.0000 53.7551 8.8732
40000.0000 53.7488 8.8851
40005.0000 53.7580 8.8908
40010.0000 53.7622 8.8974
40015.0000 53.7627 8.8997
40020.0000 53.7748 8.9081
40025.0000 53.7691 8.9113
40030.0000 53.7731 8.9101
40035.0000 53.7405 8.8965
40040.0000 53.6500 8.8507
40045.0000 53.6464 8.8474
40050.0000 53.6525 8.8501
40055.0000 53.6392 8.8512
40060.0000 53.6604 8.8494
40065.0000 53.6916 8.8639
40070.0000 53.7562 8.8937
40075.0000 53.8288 8.9232
40080.0000 53.8752 8.9507
40085.0000 53.9532 9.0039
40090.0000 53.9296 8.9939
40095.0000 53.9349 8.9976
40100.0000 53.8993 8.9704
40105.0000 53.9050 8.9737
40110.0000 53.9480 8.9960
40115.0000 53.9468 8.9950
40120.0000 53.9193 8.9904
40125.0000 53.9201 8.9849
40130.0000 53.9182 8.9861
40135.0000 53.8937 8.9619
40140.0000 53.9001 8.9652
40145.0000 53.9016 8.9676
40150.0000 53.8825 8.9351
40155.0000 53.8594 8.9062
40160.0000 53.8454 8.9040
40165.0000 53.8381 8.8976
40170.0000 53.8138 8.9041
40175.0000 53.7902 8.9133
40180.0000 53.7470 8.9055
40185.0000 53.7428 8.8926
40190.0000 53.7539 8.8915
40195.0000 53.7501 8.8887
40200.0000 53.7668 8.8891
40205.0000 53.7765 8.8863
40210.0000 53.7133 8.8449
40215.0000 53.6465 8.7880
40220.0000 53.5375 8.7506
40225.0000 53.5382 8.7486
40230.0000 53.5410 8.7645
40235.0000 53.5605 8.7665
40240.0000 53.5293 8.7507
40245.0000 53.5295 8.7343
40250.0000 53.5370 8.7319
40255.0000 53.5832 8.7454
40260.0000 53.5920 8.7268
40265.0000 53.5789 8.7042
40270.0000 53.5391 8.6912
40275.0000 53.5038 8.6817
40280.0000 53.5364 8.7051
40285.0000 53.5337 8.6981
40290.0000 53.5344 8.7255
40295.0000 53.5083 8.7087
40300.0000 53.5021 8.7347
40305.0000 53.5024 8.7330
40310.0000 53.5137 8.7326
40315.0000 53.5635 8.7679
40320.0000 53.5889 8.7626
40325.0000 53.5868 8.7542
40330.0000 53.5819 8.7457
40335.0000 53.4745 8.6851
40340.0000 53.3285 8.5929
40345.0000 53.3469 8.6057
40350.0000 53.4006 8.6433
40355.0000 53.4097 8.6424
40360.0000 53.4140 8.6596
40365.0000 53.4134 8.6415
40370.0000 53.4264 8.6373
40375.0000 53.4295 8.6336
40380.0000 53.4477 8.6234
40385.0000 53.4670 8.6196
40390.0000 53.3632 8.5573
40395.0000 53.3627 8.5591
40400.0000 53.3675 8.5664
40405.0000 53.3727 8.5449
40410.0000 53.4464 8.5744
40415.0000 53.4707 8.5981
40420.0000 53.4500 8.5794
40425.0000 53.4676 8.5890
40430.0000 53.5810 8.6526
40435.0000 53.5903 8.6451
40440.0000 53.5937 8.6441
40445.0000 53.5355 8.5837
40450.0000 53.4511 8.5270
40455.0000 53.3811 8.4929
40460.0000 53.3807 8.4877
40465.0000 53.3872 8.4875
40470.0000 53.3756 8.4958
40475.0000 53.3973 8.5296
40480.0000 53.4270 8.5661
40485.0000 53.4282 8.5872
40490.0000 53.4282 8.5872
40495.0000 53.3933 8.5596
40500.0000 53.4397 8.5870
40505.0000 53.4430 8.5846
40510.0000 53.4202 8.5645
40515.0000 53.4299 8.5577
40520.0000 53.4391 8.5538
40525.0000 53.4524 8.5419
40530.0000 53.4264 8.5136
40535.0000 53.4197 8.5147
40540.0000 53.3889 8.5036
40545.0000 53.4234 8.5262
40550.0000 53.5297 8.5960
40555.0000 53.5118 8.5651
40560.0000 53.5104 8.5634
40565.0000 53.4620 8.5087
40570.0000 53.3417 8.4387
40575.0000 53.2695 8.3859
40580.0000 53.2274 8.3725
40585.0000 53.3071 8.4202
40590.0000 53.3283 8.4382
40595.0000 53.2915 8.4384
40600.0000 53.2948 8.4621
40605.0000 53.4014 8.5511
40610.0000 53.4078 8.5505
40615.0000 53.3767 8.5213
40620.0000 53.4169 8.5436
40625.0000 53.4185 8.5436
40630.0000 53.3198 8.4747
40635.0000 53.3199 8.4930
40640.0000 53.3204 8.5274
40645.0000 53.3008 8.5020
40650.0000 53.3301 8.5247
40655.0000 53.3256 8.5232
40660.0000 53.3200 8.5184
40665.0000 53.2884 8.5098
40670.0000 53.3341 8.5460
40675.0000 53.3654 8.5741
40680.0000 53.3650 8.5768
40685.0000 53.2883 8.5260
40690.0000 53.1953 8.4711
40695.0000 53.1493 8.4675
40700.0000 53.0002 8.3800
40705.0000 52.9934 8.3820
40710.0000 52.9780 8.4026
40715.0000 52.9571 8.4036
40720.0000 52.9927 8.4120
40725.0000 53.0095 8.4256
40730.0000 53.0555 8.4501
40735.0000 53.1778 8.5423
40740.0000 53.1958 8.5443
40745.0000 53.2369 8.5818
40750.0000 53.2268 8.5823
40755.0000 53.2200 8.5702
40760.0000 53.1220 8.4998
40765.0000 53.1380 8.5144
40770.0000 53.1920 8.5469
40775.0000 53.2028 8.5801
40780.0000 53.1936 8.5823
40785.0000 53.1582 8.5869
40790.0000 53.1703 8.5953
40795.0000 53.2748 8.6735
40800.0000 53.2830 8.6729
40805.0000 53.2571 8.6556
40810.0000 53.2503 8.6973
40815.0000 53.0998 8.6185
40820.0000 53.1655 8.6505
40825.0000 53.1842 8.6369
40830.0000 53.1830 8.6401
40835.0000 53.1640 8.6336
40840.0000 53.1487 8.6253
40845.0000 53.1578 8.6294
40850.0000 53.1616 8.6249
40855.0000 53.1682 8.6274
40860.0000 53.1867 8.6246
40865.0000 53.2092 8.6478
40870.0000 53.1866 8.6354
40875.0000 53.1875 8.6424
40880.0000 53.1562 8.6274
40885.0000 53.1452 8.6166
40890.0000 53.1371 8.6223
40895.0000 53.1321 8.6211
40900.0000 53.1491 8.6329
40905.0000 53.1592 8.6367
40910.0000 53.1418 8.6099
40915.0000 53.1341 8.6058
40920.0000 53.1264 8.6018
40925.0000 53.1267 8.6028
40930.0000 53.0119 8.5096
40935.0000 52.9697 8.4732
40940.0000 52.9133 8.4227
40945.0000 52.9122 8.4210
40950.0000 52.9799 8.4557
40955.0000 52.9592 8.4484
40960.0000 52.9614 8.4464
40965.0000 52.9479 8.4303
40970.0000 52.9559 8.4214
40975.0000 52.9279 8.3824
40980.0000 52.9273 8.3804
40985.0000 52.9203 8.3653
40990.0000 52.8376 8.3225
40995.0000 52.8222 8.3232
41000.0000 52.7632 8.2798
41005.0000 52.7632 8.2756
41010.0000 52.7602 8.2879
41015.0000 52.7608 8.2841
41020.0000 52.7955 8.2941
41025.0000 52.8143 8.3016
41030.0000 52.8311 8.3098
41035.0000 52.8564 8.3182
41040.0000 52.8986 8.3464
41045.0000 52.8628 8.3122
41050.0000 52.8264 8.2877
41055.0000 52.8087 8.2677
41060.0000 52.7667 8.2644
41065.0000 52.8161 8.3013
41070.0000 52.8196 8.3019
41075.0000 52.8013 8.3028
41080.0000 52.7961 8.3022
41085.0000 52.7599 8.2964
41090.0000 52.7599 8.2964
41095.0000 52.8073 8.3332
41100.0000 52.9242 8.4187
41105.0000 52.9724 8.4635
41110.0000 53.0071 8.5222
41115.0000 53.0033 8.5222
41120.0000 52.9397 8.5211
41125.0000 52.9393 8.5144
41130.0000 52.9065 8.4908
41135.0000 52.8638 8.4496
41140.0000 52.8379 8.4585
41145.0000 52.8489 8.4676
41150.0000 52.8919 8.4845
41155.0000 52.9305 8.5028
41160.0000 53.0223 8.5509
41165.0000 53.0485 8.5546
41170.0000 53.1006 8.5916
41175.0000 53.1151 8.6102
41180.0000 53.0305 8.5801
41185.0000 53.0512 8.5887
41190.0000 53.0732 8.5927
41195.0000 53.0644 8.5943
41200.0000 53.0434 8.5855
41205.0000 53.0861 8.6174
41210.0000 53.1698 8.6742
41215.0000 53.2149 8.7076
41220.0000 53.2232 8.6975
41225.0000 53.2709 8.7060
41230.0000 53.2775 8.7105
41235.0000 53.2130 8.6849
41240.0000 53.1247 8.6342
41245.0000 53.1370 8.6666
41250.0000 53.1398 8.6730
41255.0000 53.1192 8.6865
41260.0000 53.0866 8.6788
41265.0000 53.0679 8.6723
41270.0000 53.0679 8.6723
41275.0000 53.0942 8.6978
41280.0000 53.1014 8.6934
41285.0000 53.0670 8.6516
41290.0000 53.0265 8.6154
41295.0000 52.9943 8.5813
41300.0000 52.9530 8.5617
41305.0000 52.9354 8.5622
41310.0000 52.9333 8.5669
41315.0000 52.9648 8.5967
41320.0000 52.9494 8.5897
41325.0000 52.9809 8.5971
41330.0000 52.9974 8.5945
41335.0000 53.0114 8.5919
41340.0000 53.0323 8.5920
41345.0000 53.0277 8.5597
41350.0000 53.0297 8.5496
41355.0000 53.0391 8.5487
41360.0000 53.0120 8.5414
41365.0000 53.0108 8.5418
41370.0000 53.0503 8.5446
41375.0000 53.0547 8.5584
41380.0000 53.0066 8.5564
41385.0000 53.0010 8.5604
41390.0000 52.9849 8.5414
41395.0000 52.9869 8.5409
41400.0000 52.9959 8.5441
41405.0000 53.0416 8.5769
41410.0000 52.9695 8.5391
41415.0000 52.9209 8.5134
41420.0000 52.8902 8.5103
41425.0000 52.8821 8.5063
41430.0000 52.8767 8.5083
41435.0000 52.8597 8.5116
41440.0000 52.8156 8.4972
41445.0000 52.8256 8.5213
41450.0000 52.8487 8.5348
41455.0000 52.8690 8.5269
41460.0000 52.8873 8.5241
41465.0000 52.8846 8.5258
41470.0000 52.8390 8.4947
41475.0000 52.6726 8.3995
41480.0000 52.6568 8.3977
41485.0000 52.6629 8.3895
41490.0000 52.6518 8.3932
41495.0000 52.6345 8.3929
41500.0000 52.5845 8.3768
41505.0000 52.5974 8.3758
41510.0000 52.6356 8.4044
41515.0000 52.6304 8.4041
41520.0000 52.7062 8.4541
41525.0000 52.7520 8.4879
41530.0000 52.6742 8.4371
41535.0000 52.5847 8.3520
41540.0000 52.5430 8.3197
41545.0000 52.5649 8.3241
41550.0000 52.6083 8.3705
41555.0000 52.5945 8.3713
41560.0000 52.5678 8.3651
41565.0000 52.6212 8.3946
41570.0000 52.6226 8.3885
41575.0000 52.6059 8.3654
41580.0000 52.6165 8.3661
41585.0000 52.6323 8.3695
41590.0000 52.6463 8.3747
41595.0000 52.6615 8.3793
41600.0000 52.6090 8.3506
41605.0000 52.6119 8.3490
41610.0000 52.6112 8.3497
41615.0000 52.6060 8.3573
41620.0000 52.6140 8.3781
41625.0000 52.6223 8.3947
41630.0000 52.6280 8.3901
41635.0000 52.6396 8.3886
41640.0000 52.6753 8.3940
41645.0000 52.7049 8.3997
41650.0000 52.7333 8.4153
41655.0000 52.7026 8.3955
41660.0000 52.7203 8.4089
41665.0000 52.6965 8.3821
41670.0000 52.7561 8.4473
41675.0000 52.7622 8.4601
41680.0000 52.7072 8.4444
41685.0000 52.6788 8.4400
41690.0000 52.6876 8.4382
41695.0000 52.6912 8.4353
41700.0000 52.7088 8.4525
41705.0000 52.7170 8.4598
41710.0000 52.6869 8.4435
41715.0000 52.6008 8.3743
41720.0000 52.4947 8.3342
41725.0000 52.5093 8.3470
41730.0000 52.4865 8.3553
41735.0000 52.4793 8.3539
41740.0000 52.4581 8.3588
41745.0000 52.4482 8.3567
41750.0000 52.4860 8.3739
41755.0000 52.4932 8.3721
41760.0000 52.5228 8.3723
41765.0000 52.4769 8.3215
41770.0000 52.3981 8.2788
41775.0000 52.3775 8.2840
41780.0000 52.2506 8.2494
41785.0000 52.2398 8.2457
41790.0000 52.2580 8.2638
41795.0000 52.2984 8.2795
41800.0000 52.2549 8.2545
41805.0000 52.2287 8.2527
41810.0000 52.2077 8.2379
41815.0000 52.2337 8.2628
41820.0000 52.2353 8.2604
41825.0000 52.2385 8.2597
41830.0000 52.1846 8.2401
41835.0000 52.0366 8.1931
41840.0000 51.9873 8.1953
41845.0000 51.9801 8.1855
41850.0000 51.9867 8.2115
41855.0000 51.9717 8.2123
41860.0000 51.9929 8.2129
41865.0000 51.9815 8.2144
41870.0000 51.9919 8.2135
41875.0000 52.0521 8.2518
41880.0000 52.0409 8.2549
41885.0000 51.9981 8.2377
41890.0000 51.9874 8.2413
41895.0000 51.9470 8.2188
41900.0000 51.8618 8.1712
41905.0000 51.8618 8.1755
41910.0000 51.8416 8.1833
41915.0000 51.8719 8.2056
41920.0000 51.9046 8.2113
41925.0000 51.9089 8.2151
41930.0000 51.9185 8.2149
41935.0000 51.9152 8.2153
41940.0000 51.9357 8.2176
41945.0000 51.9058 8.1884
41950.0000 51.8719 8.1712
41955.0000 51.8288 8.1710
41960.0000 51.8178 8.1698
41965.0000 51.8367 8.1967
41970.0000 51.8409 8.2057
41975.0000 51.8194 8.2159
41980.0000 51.8292 8.2427
41985.0000 51.8353 8.2566
41990.0000 51.8466 8.2663
41995.0000 51.8216 8.2439
42000.0000 51.8249 8.2454
42005.0000 51.8394 8.2587
42010.0000 51.8512 8.2744
42015.0000 51.8569 8.2804
42020.0000 51.8349 8.2807
42025.0000 51.8378 8.2711
42030.0000 51.8355 8.2677
42035.0000 51.8637 8.2925
42040.0000 51.8826 8.3010
42045.0000 51.9241 8.3115
42050.0000 51.9222 8.3079
42055.0000 51.9004 8.2941
42060.0000 51.9006 8.2969
42065.0000 51.9316 8.3204
42070.0000 51.8843 8.2735
42075.0000 51.7830 8.2259
42080.0000 51.7743 8.2244
42085.0000 51.7776 8.2243
42090.0000 51.8222 8.2360
42095.0000 51.9159 8.2579
42100.0000 51.9099 8.2684
42105.0000 51.9185 8.2726
42110.0000 51.9202 8.2741
42115.0000 51.9247 8.2723
42120.0000 52.0000 8.3127
42125.0000 52.0036 8.3085
42130.0000 51.9666 8.2971
42135.0000 51.8790 8.2455
42140.0000 51.7962 8.2117
42145.0000 51.7946 8.2181
42150.0000 51.8204 8.2369
42155.0000 51.8286 8.2454
42160.0000 51.8170 8.2477
42165.0000 51.7913 8.2192
42170.0000 51.7955 8.2193
42175.0000 51.8154 8.2222
42180.0000 51.8511 8.2509
42185.0000 51.8536 8.2539
42190.0000 51.8543 8.2533
42195.0000 51.8097 8.2149
42200.0000 51.7996 8.2124
42205.0000 51.8716 8.2365
42210.0000 51.8606 8.2368
42215.0000 51.8465 8.2390
42220.0000 51.8394 8.2462
42225.0000 51.8486 8.2437
42230.0000 51.8505 8.2432
42235.0000 51.8579 8.2433
42240.0000 51.8840 8.2426
42245.0000 51.8742 8.2211
42250.0000 51.8568 8.2024
42255.0000 51.7296 8.1155
42260.0000 51.7102 8.1210
42265.0000 51.7134 8.1207
42270.0000 51.6713 8.1253
42275.0000 51.6692 8.1210
42280.0000 51.6703 8.1420
42285.0000 51.6596 8.1283
42290.0000 51.6524 8.1204
42295.0000 51.6494 8.1200
42300.0000 51.7013 8.1445
42305.0000 51.7238 8.1430
42310.0000 51.6089 8.0922
42315.0000 51.4792 8.0273
42320.0000 51.4455 8.0435
42325.0000 51.4390 8.0441
42330.0000 51.4268 8.0441
42335.0000 51.4138 8.0489
42340.0000 51.4040 8.0484
42345.0000 51.3996 8.0421
42350.0000 51.3996 8.0421
42355.0000 51.3996 8.0421
42360.0000 51.4029 8.0407
42365.0000 51.3844 8.0237
42370.0000 51.3348 8.0024
42375.0000 51.2974 7.9908
42380.0000 51.2678 7.9780
42385.0000 51.2527 7.9730
42390.0000 51.2551 7.9780
42395.0000 51.2485 7.9864
42400.0000 51.2396 7.9896
42405.0000 51.2340 7.9983
42410.0000 51.2808 8.0341
42415.0000 51.2399 7.9997
42420.0000 51.2399 7.9997
42425.0000 51.2854 8.0339
42430.0000 51.2570 8.0137
42435.0000 51.1684 7.9739
42440.0000 51.0831 7.9357
42445.0000 51.0831 7.9357
42450.0000 51.0664 7.9371
42455.0000 51.0693 7.9391
42460.0000 51.0991 7.9723
42465.0000 51.0823 7.9724
42470.0000 51.0823 7.9724
42475.0000 51.0763 7.9724
42480.0000 51.1660 8.0271
42485.0000 51.1978 8.0438
42490.0000 51.1930 8.0445
42495.0000 51.2131 8.0365
42500.0000 51.1806 8.0349
42505.0000 51.1705 8.0260
42510.0000 51.1670 8.0339
42515.0000 51.1947 8.0746
42520.0000 51.2591 8.1288
42525.0000 51.2999 8.1653
42530.0000 51.3356 8.1978
42535.0000 51.3433 8.1966
42540.0000 51.3182 8.1706
42545.0000 51.2794 8.1356
42550.0000 51.2208 8.0884
42555.0000 51.1359 8.0369
42560.0000 51.1107 8.0393
42565.0000 51.1165 8.0449
42570.0000 51.1451 8.0597
42575.0000 51.1202 8.0677
42580.0000 51.1064 8.0630
42585.0000 51.0898 8.0680
42590.0000 51.0777 8.0607
42595.0000 51.0664 8.0627
42600.0000 51.0664 8.0627
42605.0000 51.0073 8.0307
42610.0000 50.9741 8.0167
42615.0000 50.9017 7.9770
42620.0000 50.8815 7.9763
42625.0000 50.9192 7.9898
42630.0000 50.9304 7.9983
42635.0000 50.9510 7.9992
42640.0000 50.9359 7.9968
42645.0000 50.9613 7.9992
42650.0000 50.9613 7.9992
42655.0000 50.9635 8.0022
42660.0000 50.9669 8.0018
42665.0000 50.9823 8.0024
42670.0000 50.8355 7.8945
42675.0000 50.8177 7.8892
42680.0000 50.7816 7.8912
42685.0000 50.7893 7.8934
42690.0000 50.8261 7.9268
42695.0000 50.8425 7.9293
42700.0000 50.8902 7.9624
42705.0000 50.9394 7.9868
42710.0000 50.9946 8.0147
42715.0000 51.0057 8.0192
42720.0000 51.0260 8.0274
42725.0000 51.0120 8.0101
42730.0000 51.0349 8.0143
42735.0000 51.0452 8.0147
42740.0000 51.0503 8.0151
42745.0000 51.0584 8.0131
42750.0000 51.0426 8.0138
42755.0000 51.0849 8.0430
42760.0000 51.1836 8.1171
42765.0000 51.2938 8.1817
42770.0000 51.2843 8.1675
42775.0000 51.3664 8.2247
42780.0000 51.3806 8.2198
42785.0000 51.3923 8.2164
42790.0000 51.2884 8.1701
42795.0000 51.2097 8.1503
42800.0000 51.1560 8.1461
42805.0000 51.1664 8.1448
42810.0000 51.1609 8.1395
42815.0000 51.1684 8.1380
42820.0000 51.1524 8.1281
42825.0000 51.1408 8.1218
42830.0000 51.1504 8.1200
42835.0000 51.1589 8.1177
42840.0000 51.2106 8.1533
42845.0000 51.1685 8.1136
42850.0000 51.1381 8.0927
42855.0000 51.1434 8.0950
42860.0000 51.0797 8.1030
42865.0000 51.0886 8.1099
42870.0000 51.0523 8.1143
42875.0000 51.0553 8.1177
42880.0000 51.0263 8.1199
42885.0000 51.0453 8.1342
42890.0000 51.0262 8.1160
42895.0000 51.0262 8.1160
42900.0000 51.0243 8.1318
42905.0000 51.0182 8.1346
42910.0000 50.9832 8.1117
42915.0000 50.9259 8.1215
42920.0000 50.9186 8.1213
42925.0000 50.9135 8.1267
42930.0000 50.9131 8.1358
42935.0000 50.9073 8.1364
42940.0000 50.8955 8.1314
42945.0000 50.8816 8.1114
42950.0000 50.9176 8.1167
42955.0000 50.9610 8.1372
42960.0000 50.9759 8.1305
42965.0000 50.9768 8.1364
42970.0000 50.8094 8.0602
42975.0000 50.6544 7.9622
42980.0000 50.6114 7.9640
42985.0000 50.6021 7.9727
42990.0000 50.5973 7.9756
42995.0000 50.5712 7.9444
43000.0000 50.5500 7.9464
43005.0000 50.5894 7.9750
43010.0000 50.6268 8.0033
43015.0000 50.6268 8.0033
43020.0000 50.6491 8.0035
43025.0000 50.6553 8.0022
43030.0000 50.6991 8.0245
43035.0000 50.6938 8.0273
43040.0000 50.6371 8.0052
43045.0000 50.6385 8.0114
43050.0000 50.6105 8.0172
43055.0000 50.6053 8.0159
43060.0000 50.5782 8.0148
43065.0000 50.5839 8.0001
43070.0000 50.6387 7.9872
43075.0000 50.6462 7.9840
43080.0000 50.6512 7.9818
43085.0000 50.6689 7.9759
43090.0000 50.6387 7.9625
43095.0000 50.6040 7.9271
43100.0000 50.6603 7.9483
43105.0000 50.6557 7.9447
43110.0000 50.6426 7.9494
43115.0000 50.6500 7.9556
43120.0000 50.6852 7.9875
43125.0000 50.6872 7.9924
43130.0000 50.6832 7.9863
43135.0000 50.7026 7.9855
43140.0000 50.7054 7.9843
43145.0000 50.7092 7.9841
43150.0000 50.6405 7.9459
43155.0000 50.5530 7.8745
43160.0000 50.5312 7.8584
43165.0000 50.5840 7.8833
43170.0000 50.6049 7.8868
43175.0000 50.6300 7.9132
43180.0000 50.6012 7.9160
43185.0000 50.6107 7.9096
43190.0000 50.6137 7.9019
43195.0000 50.6347 7.9051
43200.0000 50.6503 7.9000
