5.0000 0.0000 0.0000
10.0000 0.0000 0.0000
15.0000 0.0000 0.0000
20.0000 0.0000 0.0000
25.0000 0.0045 0.0000
30.0000 0.0160 0.0001
35.0000 0.0318 0.0002
40.0000 0.0318 0.0002
45.0000 0.0318 0.0002
50.0000 0.0318 0.0002
55.0000 0.0355 0.0002
60.0000 0.0467 0.0003
65.0000 0.0574 0.0003
70.0000 0.0574 0.0003
75.0000 0.0574 0.0003
80.0000 0.0574 0.0003
85.0000 0.0981 0.0016
90.0000 0.1064 0.0016
95.0000 0.1176 0.0017
100.0000 0.1176 0.0017
105.0000 0.1176 0.0017
110.0000 0.1176 0.0017
115.0000 0.1581 0.0027
120.0000 0.1703 0.0027
125.0000 0.1810 0.0027
130.0000 0.2265 0.0046
135.0000 0.2265 0.0046
140.0000 0.2305 0.0046
145.0000 0.2449 0.0046
150.0000 0.2449 0.0046
155.0000 0.2596 0.0047
160.0000 0.2694 0.0048
165.0000 0.2725 0.0048
170.0000 0.2773 0.0048
175.0000 0.2850 0.0047
180.0000 0.2850 0.0047
185.0000 0.2893 0.0048
190.0000 0.2944 0.0048
195.0000 0.2944 0.0048
200.0000 0.3018 0.0048
205.0000 0.3018 0.0048
210.0000 0.3134 0.0048
215.0000 0.3134 0.0048
220.0000 0.3134 0.0048
225.0000 0.3277 0.0049
230.0000 0.3312 0.0049
235.0000 0.3312 0.0049
240.0000 0.3351 0.0050
245.0000 0.3422 0.0050
250.0000 0.3481 0.0050
255.0000 0.3507 0.0050
260.0000 0.3554 0.0051
265.0000 0.3675 0.0053
270.0000 0.3794 0.0054
275.0000 0.3794 0.0054
280.0000 0.3830 0.0054
285.0000 0.3922 0.0055
290.0000 0.3922 0.0055
295.0000 0.4239 0.0060
300.0000 0.4278 0.0060
305.0000 0.4353 0.0061
310.0000 0.4425 0.0061
315.0000 0.4580 0.0063
320.0000 0.4694 0.0065
325.0000 0.4694 0.0065
330.0000 0.5208 0.0075
335.0000 0.5208 0.0075
340.0000 0.5308 0.0076
345.0000 0.5774 0.0087
350.0000 0.6143 0.0120
355.0000 0.6218 0.0122
360.0000 0.6273 0.0122
365.0000 0.6598 0.0152
370.0000 0.6894 0.0196
375.0000 0.7211 0.0201
380.0000 0.7258 0.0202
385.0000 0.7570 0.0223
390.0000 0.7620 0.0223
395.0000 0.7662 0.0223
400.0000 0.7708 0.0223
405.0000 0.7741 0.0223
410.0000 0.7840 0.0224
415.0000 0.7882 0.0224
420.0000 0.7962 0.0227
425.0000 0.8019 0.0227
430.0000 0.8085 0.0227
435.0000 0.8085 0.0227
440.0000 0.8184 0.0228
445.0000 0.8184 0.0228
450.0000 0.8291 0.0228
455.0000 0.8557 0.0228
460.0000 0.9047 0.0254
465.0000 0.9758 0.0285
470.0000 0.9758 0.0285
475.0000 0.9803 0.0284
480.0000 0.9923 0.0285
485.0000 1.0055 0.0287
490.0000 1.0766 0.0296
495.0000 1.0812 0.0295
500.0000 1.0895 0.0295
505.0000 1.0982 0.0294
510.0000 1.1050 0.0295
515.0000 1.1324 0.0299
520.0000 1.1864 0.0306
525.0000 1.2753 0.0405
530.0000 1.2823 0.0404
535.0000 1.2869 0.0404
540.0000 1.2915 0.0404
545.0000 1.3046 0.0406
550.0000 1.3101 0.0407
555.0000 1.3153 0.0406
560.0000 1.3265 0.0405
565.0000 1.3309 0.0405
570.0000 1.3357 0.0406
575.0000 1.3480 0.0405
580.0000 1.3539 0.0405
585.0000 1.3849 0.0461
590.0000 1.4679 0.0472
595.0000 1.4789 0.0470
600.0000 1.4952 0.0474
605.0000 1.5050 0.0475
610.0000 1.5050 0.0475
615.0000 1.5095 0.0475
620.0000 1.5095 0.0475
625.0000 1.5095 0.0475
630.0000 1.5345 0.0476
635.0000 1.5345 0.0476
640.0000 1.5518 0.0480
645.0000 1.5644 0.0485
650.0000 1.5745 0.0484
655.0000 1.5793 0.0483
660.0000 1.5924 0.0485
665.0000 1.5961 0.0485
670.0000 1.6078 0.0483
675.0000 1.6129 0.0482
680.0000 1.6203 0.0483
685.0000 1.6561 0.0484
690.0000 1.6674 0.0483
695.0000 1.6773 0.0482
700.0000 1.7198 0.0515
705.0000 1.7198 0.0515
710.0000 1.7660 0.0584
715.0000 1.8004 0.0604
720.0000 1.8004 0.0604
725.0000 1.8116 0.0604
730.0000 1.8970 0.0758
735.0000 1.9449 0.0756
740.0000 1.9513 0.0757
745.0000 1.9939 0.0887
750.0000 2.0302 0.0982
755.0000 2.0715 0.1163
760.0000 2.1031 0.1164
765.0000 2.1159 0.1163
770.0000 2.1200 0.1163
775.0000 2.1200 0.1163
780.0000 2.1303 0.1161
785.0000 2.1372 0.1160
790.0000 2.1438 0.1160
795.0000 2.1479 0.1161
800.0000 2.1532 0.1162
805.0000 2.1532 0.1162
810.0000 2.2927 0.1213
815.0000 2.3052 0.1210
820.0000 2.3152 0.1210
825.0000 2.3152 0.1210
830.0000 2.3189 0.1209
835.0000 2.3239 0.1209
840.0000 2.3379 0.1210
845.0000 2.3713 0.1347
850.0000 2.3713 0.1347
855.0000 2.3753 0.1348
860.0000 2.3863 0.1350
865.0000 2.4012 0.1354
870.0000 2.4044 0.1356
875.0000 2.4255 0.1358
880.0000 2.4290 0.1359
885.0000 2.4427 0.1359
890.0000 2.4427 0.1359
895.0000 2.4741 0.1419
900.0000 2.5114 0.1503
905.0000 2.5298 0.1501
910.0000 2.5671 0.1512
915.0000 2.5777 0.1509
920.0000 2.5818 0.1508
925.0000 2.5818 0.1508
930.0000 2.5960 0.1505
935.0000 2.6072 0.1505
940.0000 2.6572 0.1500
945.0000 2.7683 0.1617
950.0000 2.7965 0.1677
955.0000 2.8343 0.1705
960.0000 2.8423 0.1705
965.0000 2.8473 0.1704
970.0000 2.8501 0.1703
975.0000 2.8501 0.1703
980.0000 2.8561 0.1701
985.0000 2.8561 0.1701
990.0000 2.8678 0.1702
995.0000 2.8766 0.1701
1000.0000 2.9251 0.1695
1005.0000 2.9659 0.1726
1010.0000 3.0064 0.1790
1015.0000 3.0115 0.1789
1020.0000 3.0194 0.1785
1025.0000 3.0251 0.1785
1030.0000 3.0400 0.1783
1035.0000 3.0780 0.1806
1040.0000 3.0895 0.1807
1045.0000 3.0895 0.1807
1050.0000 3.0937 0.1806
1055.0000 3.1065 0.1806
1060.0000 3.1096 0.1805
1065.0000 3.1096 0.1805
1070.0000 3.1597 0.1790
1075.0000 3.1597 0.1790
1080.0000 3.1933 0.1945
1085.0000 3.2398 0.2165
1090.0000 3.3424 0.2429
1095.0000 3.3567 0.2429
1100.0000 3.4411 0.2647
1105.0000 3.4573 0.2647
1110.0000 3.4683 0.2650
1115.0000 3.5607 0.2759
1120.0000 3.6479 0.2784
1125.0000 3.6479 0.2784
1130.0000 3.6898 0.2946
1135.0000 3.7358 0.3119
1140.0000 3.7675 0.3105
1145.0000 3.7800 0.3099
1150.0000 3.8064 0.3095
1155.0000 3.8098 0.3094
1160.0000 3.8422 0.3186
1165.0000 3.8662 0.3175
1170.0000 3.9259 0.3174
1175.0000 3.9384 0.3171
1180.0000 3.9384 0.3171
1185.0000 3.9384 0.3171
1190.0000 3.9942 0.3239
1195.0000 4.0129 0.3232
1200.0000 4.0239 0.3230
1205.0000 4.0637 0.3221
1210.0000 4.0762 0.3222
1215.0000 4.0845 0.3225
1220.0000 4.1027 0.3219
1225.0000 4.1550 0.3211
1230.0000 4.1751 0.3207
1235.0000 4.2391 0.3244
1240.0000 4.3135 0.3317
1245.0000 4.3289 0.3319
1250.0000 4.3876 0.3376
1255.0000 4.3939 0.3375
1260.0000 4.4180 0.3366
1265.0000 4.4764 0.3493
1270.0000 4.4848 0.3489
1275.0000 4.4999 0.3487
1280.0000 4.5588 0.3717
1285.0000 4.6237 0.3716
1290.0000 4.6342 0.3713
1295.0000 4.6823 0.3725
1300.0000 4.6915 0.3723
1305.0000 4.7271 0.3739
1310.0000 4.7639 0.3766
1315.0000 4.7723 0.3763
1320.0000 4.7893 0.3759
1325.0000 4.8384 0.3830
1330.0000 4.8812 0.3838
1335.0000 4.9053 0.3835
1340.0000 4.9452 0.3864
1345.0000 4.9901 0.3934
1350.0000 5.0628 0.4109
1355.0000 5.1227 0.4236
1360.0000 5.1319 0.4236
1365.0000 5.2770 0.4717
1370.0000 5.3143 0.4762
1375.0000 5.3572 0.4784
1380.0000 5.4201 0.4874
1385.0000 5.4686 0.4850
1390.0000 5.5276 0.4838
1395.0000 5.5930 0.4847
1400.0000 5.6401 0.4843
1405.0000 5.6516 0.4847
1410.0000 5.7343 0.4874
1415.0000 5.7843 0.4919
1420.0000 5.8189 0.4977
1425.0000 5.8997 0.5207
1430.0000 5.9583 0.5251
1435.0000 5.9697 0.5250
1440.0000 5.9751 0.5248
1445.0000 5.9787 0.5246
1450.0000 6.0367 0.5438
1455.0000 6.0417 0.5437
1460.0000 6.0870 0.5462
1465.0000 6.1396 0.5528
1470.0000 6.1757 0.5594
1475.0000 6.2159 0.5702
1480.0000 6.2602 0.5875
1485.0000 6.3768 0.6321
1490.0000 6.3954 0.6304
1495.0000 6.4283 0.6293
1500.0000 6.4321 0.6291
1505.0000 6.4499 0.6283
1510.0000 6.4615 0.6283
1515.0000 6.4830 0.6277
1520.0000 6.4873 0.6273
1525.0000 6.5267 0.6259
1530.0000 6.5721 0.6556
1535.0000 6.5721 0.6556
1540.0000 6.5721 0.6556
1545.0000 6.5879 0.6549
1550.0000 6.6153 0.6609
1555.0000 6.6322 0.6601
1560.0000 6.6745 0.6644
1565.0000 6.6745 0.6644
1570.0000 6.6824 0.6641
1575.0000 6.6875 0.6639
1580.0000 6.7295 0.6692
1585.0000 6.7656 0.6730
1590.0000 6.8361 0.6768
1595.0000 6.8833 0.7085
1600.0000 6.9003 0.7082
1605.0000 6.9333 0.7065
1610.0000 6.9511 0.7059
1615.0000 6.9575 0.7062
1620.0000 6.9698 0.7068
1625.0000 7.0399 0.7218
1630.0000 7.0938 0.7338
1635.0000 7.1068 0.7331
1640.0000 7.1480 0.7313
1645.0000 7.1779 0.7304
1650.0000 7.2203 0.7330
1655.0000 7.2332 0.7325
1660.0000 7.2463 0.7318
1665.0000 7.2575 0.7315
1670.0000 7.2732 0.7310
1675.0000 7.2732 0.7310
1680.0000 7.2831 0.7307
1685.0000 7.3369 0.7465
1690.0000 7.3814 0.7555
1695.0000 7.4204 0.7703
1700.0000 7.4629 0.7739
1705.0000 7.4919 0.7812
1710.0000 7.5000 0.7806
1715.0000 7.6356 0.8212
1720.0000 7.6484 0.8211
1725.0000 7.6484 0.8211
1730.0000 7.6530 0.8207
1735.0000 7.6530 0.8207
1740.0000 7.6672 0.8196
1745.0000 7.6847 0.8184
1750.0000 7.6847 0.8184
1755.0000 7.7271 0.8141
1760.0000 7.7271 0.8141
1765.0000 7.7374 0.8135
1770.0000 7.7478 0.8129
1775.0000 7.7620 0.8122
1780.0000 7.7620 0.8122
1785.0000 7.7673 0.8117
1790.0000 7.7786 0.8108
1795.0000 7.7896 0.8094
1800.0000 7.8011 0.8086
1805.0000 7.8085 0.8081
1810.0000 7.8303 0.8077
1815.0000 7.8749 0.8072
1820.0000 7.8821 0.8069
1825.0000 7.9139 0.8032
1830.0000 7.9630 0.8006
1835.0000 7.9750 0.7996
1840.0000 8.0087 0.8262
1845.0000 8.0812 0.8800
1850.0000 8.0812 0.8800
1855.0000 8.0812 0.8800
1860.0000 8.0897 0.8799
1865.0000 8.1032 0.8793
1870.0000 8.1439 0.8979
1875.0000 8.1955 0.9204
1880.0000 8.2484 0.9445
1885.0000 8.2526 0.9441
1890.0000 8.2572 0.9436
1895.0000 8.2699 0.9426
1900.0000 8.3123 0.9459
1905.0000 8.3674 0.9534
1910.0000 8.3674 0.9534
1915.0000 8.3674 0.9534
1920.0000 8.3720 0.9531
1925.0000 8.3896 0.9520
1930.0000 8.4021 0.9513
1935.0000 8.4185 0.9499
1940.0000 8.4234 0.9495
1945.0000 8.4234 0.9495
1950.0000 8.4579 0.9644
1955.0000 8.5729 0.9870
1960.0000 8.6102 1.0036
1965.0000 8.6696 1.0146
1970.0000 8.6757 1.0144
1975.0000 8.7450 1.0385
1980.0000 8.7566 1.0375
1985.0000 8.7696 1.0366
1990.0000 8.7732 1.0361
1995.0000 8.8399 1.0521
2000.0000 8.8796 1.0666
2005.0000 8.9624 1.1067
2010.0000 9.0673 1.1565
2015.0000 9.0749 1.1557
2020.0000 9.0820 1.1546
2025.0000 9.0868 1.1539
2030.0000 9.0904 1.1535
2035.0000 9.1029 1.1531
2040.0000 9.1385 1.1576
2045.0000 9.1436 1.1570
2050.0000 9.1436 1.1570
2055.0000 9.1436 1.1570
2060.0000 9.1483 1.1571
2065.0000 9.1898 1.1636
2070.0000 9.2000 1.1628
2075.0000 9.2000 1.1628
2080.0000 9.2036 1.1623
2085.0000 9.2154 1.1612
2090.0000 9.2282 1.1611
2095.0000 9.2498 1.1595
2100.0000 9.2590 1.1591
2105.0000 9.2695 1.1587
2110.0000 9.3620 1.2095
2115.0000 9.4033 1.2239
2120.0000 9.4180 1.2233
2125.0000 9.4259 1.2227
2130.0000 9.4414 1.2220
2135.0000 9.4458 1.2213
2140.0000 9.4713 1.2338
2145.0000 9.5049 1.2358
2150.0000 9.5049 1.2358
2155.0000 9.5251 1.2335
2160.0000 9.5479 1.2310
2165.0000 9.5666 1.2287
2170.0000 9.5876 1.2261
2175.0000 9.6025 1.2249
2180.0000 9.6722 1.2235
2185.0000 9.7279 1.2350
2190.0000 9.7594 1.2334
2195.0000 9.7767 1.2322
2200.0000 9.7909 1.2318
2205.0000 9.7979 1.2317
2210.0000 9.8071 1.2309
2215.0000 9.8476 1.2375
2220.0000 9.8573 1.2362
2225.0000 9.8573 1.2362
2230.0000 9.8843 1.2439
2235.0000 9.8843 1.2439
2240.0000 9.8991 1.2433
2245.0000 9.9140 1.2424
2250.0000 9.9474 1.2505
2255.0000 9.9837 1.2640
2260.0000 9.9837 1.2640
2265.0000 9.9837 1.2640
2270.0000 9.9873 1.2636
2275.0000 10.0089 1.2624
2280.0000 10.0294 1.2613
2285.0000 10.0392 1.2611
2290.0000 10.0738 1.2741
2295.0000 10.1611 1.2983
2300.0000 10.2011 1.3136
2305.0000 10.2057 1.3131
2310.0000 10.2146 1.3126
2315.0000 10.2280 1.3118
2320.0000 10.2729 1.3148
2325.0000 10.2946 1.3133
2330.0000 10.2998 1.3131
2335.0000 10.3191 1.3118
2340.0000 10.4143 1.3333
2345.0000 10.4590 1.3406
2350.0000 10.5071 1.3496
2355.0000 10.5317 1.3466
2360.0000 10.5720 1.3588
2365.0000 10.6101 1.3689
2370.0000 10.6193 1.3685
2375.0000 10.7024 1.4283
2380.0000 10.7174 1.4277
2385.0000 10.7174 1.4277
2390.0000 10.7314 1.4276
2395.0000 10.8224 1.4742
2400.0000 10.8413 1.4743
2405.0000 10.8754 1.4883
2410.0000 10.9265 1.4978
2415.0000 11.0127 1.5307
2420.0000 11.0263 1.5297
2425.0000 11.0363 1.5288
2430.0000 11.0437 1.5284
2435.0000 11.0891 1.5331
2440.0000 11.0982 1.5324
2445.0000 11.1059 1.5318
2450.0000 11.1141 1.5313
2455.0000 11.1141 1.5313
2460.0000 11.1141 1.5313
2465.0000 11.1141 1.5313
2470.0000 11.1889 1.5483
2475.0000 11.2299 1.5612
2480.0000 11.2299 1.5612
2485.0000 11.2390 1.5599
2490.0000 11.2390 1.5599
2495.0000 11.2446 1.5598
2500.0000 11.2776 1.5734
2505.0000 11.2811 1.5733
2510.0000 11.2811 1.5733
2515.0000 11.3124 1.5975
2520.0000 11.3166 1.5970
2525.0000 11.3672 1.6048
2530.0000 11.5024 1.6624
2535.0000 11.6065 1.6886
2540.0000 11.6213 1.6881
2545.0000 11.6341 1.6870
2550.0000 11.6590 1.6857
2555.0000 11.6640 1.6859
2560.0000 11.6731 1.6853
2565.0000 11.7250 1.7066
2570.0000 11.7335 1.7065
2575.0000 11.7539 1.7066
2580.0000 11.7735 1.7055
2585.0000 11.7844 1.7048
2590.0000 11.8002 1.7028
2595.0000 11.8107 1.7012
2600.0000 11.8453 1.7224
2605.0000 11.8810 1.7167
2610.0000 11.8852 1.7158
2615.0000 11.9362 1.7351
2620.0000 11.9411 1.7342
2625.0000 11.9520 1.7325
2630.0000 11.9564 1.7318
2635.0000 11.9774 1.7293
2640.0000 12.0309 1.7465
2645.0000 12.0885 1.7669
2650.0000 12.2007 1.8331
2655.0000 12.2865 1.8955
2660.0000 12.3728 1.9451
2665.0000 12.4221 1.9752
2670.0000 12.5113 2.0219
2675.0000 12.5233 2.0200
2680.0000 12.5368 2.0181
2685.0000 12.5452 2.0169
2690.0000 12.5587 2.0152
2695.0000 12.5644 2.0145
2700.0000 12.5868 2.0120
2705.0000 12.6057 2.0090
2710.0000 12.6585 2.0462
2715.0000 12.6585 2.0462
2720.0000 12.6791 2.0444
2725.0000 12.7014 2.0426
2730.0000 12.7253 2.0421
2735.0000 12.7309 2.0425
2740.0000 12.7475 2.0423
2745.0000 12.7475 2.0423
2750.0000 12.7712 2.0409
2755.0000 12.7843 2.0402
2760.0000 12.8060 2.0381
2765.0000 12.8102 2.0377
2770.0000 12.8592 2.0616
2775.0000 12.8699 2.0604
2780.0000 12.8741 2.0607
2785.0000 12.8816 2.0595
2790.0000 12.8968 2.0575
2795.0000 12.9011 2.0565
2800.0000 12.9011 2.0565
2805.0000 12.9089 2.0558
2810.0000 12.9507 2.0806
2815.0000 12.9556 2.0803
2820.0000 12.9688 2.0789
2825.0000 12.9880 2.0765
2830.0000 13.0066 2.0738
2835.0000 13.0066 2.0738
2840.0000 13.0195 2.0736
2845.0000 13.0351 2.0723
2850.0000 13.0403 2.0723
2855.0000 13.0520 2.0708
2860.0000 13.0616 2.0691
2865.0000 13.0814 2.0665
2870.0000 13.1033 2.0652
2875.0000 13.1154 2.0648
2880.0000 13.1154 2.0648
2885.0000 13.1229 2.0647
2890.0000 13.1714 2.0605
2895.0000 13.2001 2.0690
2900.0000 13.2639 2.0943
2905.0000 13.3085 2.1121
2910.0000 13.3085 2.1121
2915.0000 13.3085 2.1121
2920.0000 13.3528 2.1401
2925.0000 13.3615 2.1391
2930.0000 13.3746 2.1379
2935.0000 13.3833 2.1362
2940.0000 13.4260 2.1684
2945.0000 13.4930 2.2285
2950.0000 13.5080 2.2277
2955.0000 13.5309 2.2260
2960.0000 13.5546 2.2239
2965.0000 13.6132 2.2593
2970.0000 13.6926 2.2803
2975.0000 13.6993 2.2805
2980.0000 13.7070 2.2797
2985.0000 13.7436 2.2947
2990.0000 13.8006 2.3235
2995.0000 13.8006 2.3235
3000.0000 13.8006 2.3235
3005.0000 13.8057 2.3227
3010.0000 13.8155 2.3219
3015.0000 13.8685 2.3456
3020.0000 13.8802 2.3439
3025.0000 13.9286 2.3452
3030.0000 13.9341 2.3444
3035.0000 13.9341 2.3444
3040.0000 13.9341 2.3444
3045.0000 13.9440 2.3436
3050.0000 14.0244 2.3852
3055.0000 14.0650 2.3901
3060.0000 14.1110 2.3910
3065.0000 14.1477 2.3964
3070.0000 14.1778 2.4118
3075.0000 14.1870 2.4107
3080.0000 14.2254 2.4165
3085.0000 14.2307 2.4156
3090.0000 14.2820 2.4520
3095.0000 14.2820 2.4520
3100.0000 14.2936 2.4499
3105.0000 14.4178 2.5026
3110.0000 14.4276 2.5015
3115.0000 14.4523 2.4985
3120.0000 14.5000 2.5397
3125.0000 14.5000 2.5397
3130.0000 14.5000 2.5397
3135.0000 14.5039 2.5390
3140.0000 14.5148 2.5380
3145.0000 14.5226 2.5371
3150.0000 14.5314 2.5366
3155.0000 14.5314 2.5366
3160.0000 14.5314 2.5366
3165.0000 14.5479 2.5350
3170.0000 14.5550 2.5342
3175.0000 14.5589 2.5338
3180.0000 14.6064 2.5755
3185.0000 14.6493 2.6260
3190.0000 14.6539 2.6256
3195.0000 14.6946 2.6377
3200.0000 14.7030 2.6371
3205.0000 14.7120 2.6365
3210.0000 14.7236 2.6347
3215.0000 14.7956 2.6694
3220.0000 14.8258 2.6955
3225.0000 14.8384 2.6944
3230.0000 14.8592 2.6919
3235.0000 14.8651 2.6911
3240.0000 14.9282 2.7254
3245.0000 14.9402 2.7245
3250.0000 14.9954 2.7291
3255.0000 15.0570 2.7265
3260.0000 15.0602 2.7260
3265.0000 15.0602 2.7260
3270.0000 15.0636 2.7256
3275.0000 15.0636 2.7256
3280.0000 15.0636 2.7256
3285.0000 15.0726 2.7247
3290.0000 15.1301 2.7268
3295.0000 15.1767 2.7735
3300.0000 15.1924 2.7712
3305.0000 15.2154 2.7685
3310.0000 15.2344 2.7657
3315.0000 15.2831 2.7857
3320.0000 15.3466 2.7957
3325.0000 15.3994 2.8511
3330.0000 15.4125 2.8501
3335.0000 15.4176 2.8501
3340.0000 15.4873 2.9190
3345.0000 15.5927 2.9718
3350.0000 15.7700 3.1461
3355.0000 15.7946 3.1456
3360.0000 15.8104 3.1466
3365.0000 15.8104 3.1466
3370.0000 15.8104 3.1466
3375.0000 15.8304 3.1436
3380.0000 15.8304 3.1436
3385.0000 15.8363 3.1427
3390.0000 15.8415 3.1420
3395.0000 15.8415 3.1420
3400.0000 15.8451 3.1414
3405.0000 15.8562 3.1393
3410.0000 15.8739 3.1377
3415.0000 15.8788 3.1370
3420.0000 15.8840 3.1372
3425.0000 15.8874 3.1361
3430.0000 15.9066 3.1350
3435.0000 15.9196 3.1330
3440.0000 15.9196 3.1330
3445.0000 15.9252 3.1332
3450.0000 16.0171 3.1607
3455.0000 16.0308 3.1592
3460.0000 16.0408 3.1585
3465.0000 16.0495 3.1574
3470.0000 16.0649 3.1554
3475.0000 16.0649 3.1554
3480.0000 16.0808 3.1532
3485.0000 16.1306 3.2056
3490.0000 16.1806 3.2159
3495.0000 16.1897 3.2149
3500.0000 16.2644 3.2142
3505.0000 16.2742 3.2126
3510.0000 16.2844 3.2106
3515.0000 16.3841 3.2663
3520.0000 16.3940 3.2646
3525.0000 16.4518 3.2709
3530.0000 16.4687 3.2684
3535.0000 16.4894 3.2637
3540.0000 16.5466 3.2798
3545.0000 16.6384 3.3060
3550.0000 16.7078 3.3361
3555.0000 16.7262 3.3338
3560.0000 16.7404 3.3313
3565.0000 16.7438 3.3308
3570.0000 16.7931 3.3736
3575.0000 16.8081 3.3718
3580.0000 16.8227 3.3702
3585.0000 16.8274 3.3690
3590.0000 16.8423 3.3673
3595.0000 16.8536 3.3650
3600.0000 16.9339 3.4374
3605.0000 16.9641 3.4332
3610.0000 17.0314 3.4988
3615.0000 17.1120 3.5487
3620.0000 17.1466 3.5561
3625.0000 17.1515 3.5555
3630.0000 17.1596 3.5544
3635.0000 17.1882 3.5507
3640.0000 17.2370 3.5623
3645.0000 17.2721 3.5711
3650.0000 17.2933 3.5686
3655.0000 17.2995 3.5689
3660.0000 17.3056 3.5693
3665.0000 17.3792 3.5699
3670.0000 17.4310 3.5843
3675.0000 17.4424 3.5854
3680.0000 17.4572 3.5850
3685.0000 17.4992 3.5847
3690.0000 17.4992 3.5847
3695.0000 17.5175 3.5835
3700.0000 17.5235 3.5822
3705.0000 17.5235 3.5822
3710.0000 17.5579 3.5956
3715.0000 17.5755 3.5924
3720.0000 17.5791 3.5913
3725.0000 17.5908 3.5900
3730.0000 17.5908 3.5900
3735.0000 17.6377 3.6100
3740.0000 17.6881 3.6317
3745.0000 17.7109 3.6296
3750.0000 17.7231 3.6282
3755.0000 17.8228 3.6397
3760.0000 17.8967 3.6728
3765.0000 17.9497 3.6751
3770.0000 17.9802 3.6670
3775.0000 18.0480 3.6638
3780.0000 18.1624 3.7032
3785.0000 18.1784 3.7008
3790.0000 18.1827 3.7000
3795.0000 18.1827 3.7000
3800.0000 18.2443 3.7021
3805.0000 18.3677 3.7270
3810.0000 18.4185 3.7441
3815.0000 18.4647 3.7511
3820.0000 18.4930 3.7548
3825.0000 18.4930 3.7548
3830.0000 18.4930 3.7548
3835.0000 18.5057 3.7527
3840.0000 18.5057 3.7527
3845.0000 18.5123 3.7516
3850.0000 18.5184 3.7500
3855.0000 18.5586 3.7715
3860.0000 18.5586 3.7715
3865.0000 18.5979 3.7782
3870.0000 18.6581 3.7971
3875.0000 18.6700 3.7955
3880.0000 18.6928 3.7925
3885.0000 18.6928 3.7925
3890.0000 18.7288 3.7907
3895.0000 18.7626 3.7867
3900.0000 18.7812 3.7839
3905.0000 18.7897 3.7820
3910.0000 18.8016 3.7805
3915.0000 18.8016 3.7805
3920.0000 18.8100 3.7789
3925.0000 18.8139 3.7782
3930.0000 18.8282 3.7765
3935.0000 18.8407 3.7743
3940.0000 18.8479 3.7741
3945.0000 18.8659 3.7725
3950.0000 18.9136 3.8077
3955.0000 18.9307 3.8047
3960.0000 18.9391 3.8029
3965.0000 18.9531 3.8004
3970.0000 18.9558 3.7999
3975.0000 18.9919 3.8237
3980.0000 19.0005 3.8216
3985.0000 19.0129 3.8191
3990.0000 19.0646 3.8398
3995.0000 19.1051 3.8404
4000.0000 19.1051 3.8404
4005.0000 19.1100 3.8390
4010.0000 19.1421 3.8524
4015.0000 19.1525 3.8515
4020.0000 19.2093 3.8920
4025.0000 19.2093 3.8920
4030.0000 19.2156 3.8904
4035.0000 19.3018 3.9457
4040.0000 19.3069 3.9440
4045.0000 19.3148 3.9433
4050.0000 19.3259 3.9407
4055.0000 19.3418 3.9391
4060.0000 19.3749 3.9351
4065.0000 19.3934 3.9333
4070.0000 19.4565 3.9513
4075.0000 19.4922 3.9482
4080.0000 19.5270 3.9464
4085.0000 19.5499 3.9434
4090.0000 19.5705 3.9405
4095.0000 19.5852 3.9383
4100.0000 19.5933 3.9377
4105.0000 19.5970 3.9370
4110.0000 19.6492 3.9588
4115.0000 19.7065 3.9846
4120.0000 19.7484 3.9944
4125.0000 19.7872 4.0020
4130.0000 19.7999 4.0012
4135.0000 19.8173 3.9994
4140.0000 19.8525 3.9958
4145.0000 19.8668 3.9944
4150.0000 19.8969 3.9944
4155.0000 19.9020 3.9935
4160.0000 19.9108 3.9922
4165.0000 19.9339 3.9876
4170.0000 19.9501 3.9837
4175.0000 19.9629 3.9803
4180.0000 19.9776 3.9770
4185.0000 20.0126 3.9832
4190.0000 20.0221 3.9808
4195.0000 20.0346 3.9782
4200.0000 20.0417 3.9771
4205.0000 20.0899 3.9976
4210.0000 20.0998 3.9956
4215.0000 20.1049 3.9947
4220.0000 20.1103 3.9936
4225.0000 20.1262 3.9915
4230.0000 20.1351 3.9901
4235.0000 20.1554 3.9865
4240.0000 20.1710 3.9856
4245.0000 20.2186 3.9965
4250.0000 20.2231 3.9962
4255.0000 20.2436 3.9924
4260.0000 20.2577 3.9900
4265.0000 20.2882 3.9848
4270.0000 20.2991 3.9829
4275.0000 20.3034 3.9816
4280.0000 20.3075 3.9811
4285.0000 20.3116 3.9801
4290.0000 20.3458 3.9898
4295.0000 20.3497 3.9889
4300.0000 20.4002 4.0109
4305.0000 20.4863 4.0497
4310.0000 20.4911 4.0492
4315.0000 20.4960 4.0485
4320.0000 20.5361 4.0651
4325.0000 20.6106 4.0982
4330.0000 20.6297 4.0963
4335.0000 20.6713 4.1168
4340.0000 20.7792 4.1943
4345.0000 20.8154 4.2258
4350.0000 20.8202 4.2259
4355.0000 20.8202 4.2259
4360.0000 20.8272 4.2242
4365.0000 20.8392 4.2238
4370.0000 20.8392 4.2238
4375.0000 20.8436 4.2236
4380.0000 20.8483 4.2227
4385.0000 20.8483 4.2227
4390.0000 20.8483 4.2227
4395.0000 20.9393 4.2619
4400.0000 20.9977 4.2975
4405.0000 21.0881 4.3616
4410.0000 21.1549 4.4042
4415.0000 21.1627 4.4023
4420.0000 21.2450 4.4525
4425.0000 21.2483 4.4521
4430.0000 21.2483 4.4521
4435.0000 21.2539 4.4510
4440.0000 21.2590 4.4503
4445.0000 21.2626 4.4497
4450.0000 21.2719 4.4485
4455.0000 21.2752 4.4475
4460.0000 21.2801 4.4463
4465.0000 21.3227 4.4543
4470.0000 21.3652 4.4674
4475.0000 21.3975 4.4877
4480.0000 21.4058 4.4858
4485.0000 21.4132 4.4851
4490.0000 21.4940 4.4930
4495.0000 21.4940 4.4930
4500.0000 21.5107 4.4896
4505.0000 21.5107 4.4896
4510.0000 21.5107 4.4896
4515.0000 21.5253 4.4884
4520.0000 21.5253 4.4884
4525.0000 21.5748 4.4887
4530.0000 21.5792 4.4891
4535.0000 21.5792 4.4891
4540.0000 21.5833 4.4884
4545.0000 21.6038 4.4858
4550.0000 21.6169 4.4845
4555.0000 21.6278 4.4840
4560.0000 21.6755 4.5082
4565.0000 21.7216 4.5136
4570.0000 21.7411 4.5127
4575.0000 21.7661 4.5107
4580.0000 21.7768 4.5112
4585.0000 21.8841 4.5693
4590.0000 21.8876 4.5687
4595.0000 21.8938 4.5671
4600.0000 21.9030 4.5654
4605.0000 21.9452 4.5848
4610.0000 21.9498 4.5850
4615.0000 21.9888 4.5983
4620.0000 22.0908 4.7084
4625.0000 22.1383 4.7211
4630.0000 22.1383 4.7211
4635.0000 22.1812 4.7358
4640.0000 22.1812 4.7358
4645.0000 22.1862 4.7349
4650.0000 22.2021 4.7319
4655.0000 22.2021 4.7319
4660.0000 22.2021 4.7319
4665.0000 22.2097 4.7308
4670.0000 22.2097 4.7308
4675.0000 22.2155 4.7299
4680.0000 22.2673 4.7590
4685.0000 22.3044 4.7884
4690.0000 22.3091 4.7873
4695.0000 22.3182 4.7848
4700.0000 22.3157 4.7723
4705.0000 22.3206 4.7727
4710.0000 22.3250 4.7716
4715.0000 22.3250 4.7716
4720.0000 22.3294 4.7705
4725.0000 22.3522 4.7694
4730.0000 22.3567 4.7684
4735.0000 22.3712 4.7656
4740.0000 22.3753 4.7647
4745.0000 22.3841 4.7632
4750.0000 22.4422 4.8097
4755.0000 22.5552 4.8556
4760.0000 22.6241 4.8910
4765.0000 22.6277 4.8902
4770.0000 22.6324 4.8887
4775.0000 22.7161 4.9579
4780.0000 22.7406 4.9534
4785.0000 22.7836 4.9709
4790.0000 22.7968 4.9691
4795.0000 22.8389 4.9814
4800.0000 22.8534 4.9799
4805.0000 22.8996 4.9943
4810.0000 22.9116 4.9931
4815.0000 22.9593 5.0348
4820.0000 22.9593 5.0348
4825.0000 22.9654 5.0334
4830.0000 22.9698 5.0327
4835.0000 22.9835 5.0315
4840.0000 22.9835 5.0315
4845.0000 23.0194 5.0339
4850.0000 23.0486 5.0498
4855.0000 23.0667 5.0473
4860.0000 23.0856 5.0447
4865.0000 23.1058 5.0408
4870.0000 23.1058 5.0408
4875.0000 23.1058 5.0408
4880.0000 23.1149 5.0398
4885.0000 23.1323 5.0372
4890.0000 23.1492 5.0371
4895.0000 23.1636 5.0362
4900.0000 23.1702 5.0367
4905.0000 23.2197 5.0521
4910.0000 23.2536 5.0780
4915.0000 23.2649 5.0795
4920.0000 23.2917 5.0790
4925.0000 23.3335 5.0939
4930.0000 23.3780 5.1431
4935.0000 23.3822 5.1424
4940.0000 23.3923 5.1409
4945.0000 23.4171 5.1364
4950.0000 23.4251 5.1355
4955.0000 23.3929 5.0715
4960.0000 23.4561 5.1311
4965.0000 23.4608 5.1300
4970.0000 23.4680 5.1302
4975.0000 23.4405 5.0748
4980.0000 23.4884 5.0585
4985.0000 23.4965 5.0565
4990.0000 23.5349 5.0876
4995.0000 23.5391 5.0866
5000.0000 23.5490 5.0863
5005.0000 23.5653 5.0860
5010.0000 23.5734 5.0844
5015.0000 23.5734 5.0844
5020.0000 23.6107 5.1102
5025.0000 23.6230 5.1081
5030.0000 23.6230 5.1081
5035.0000 23.6267 5.1074
5040.0000 23.6358 5.1057
5045.0000 23.6358 5.1057
5050.0000 23.7152 5.1966
5055.0000 23.7205 5.1975
5060.0000 23.7261 5.1966
5065.0000 23.8203 5.2895
5070.0000 23.8423 5.2945
5075.0000 23.8476 5.2939
5080.0000 23.8892 5.3107
5085.0000 23.9003 5.3062
5090.0000 23.9043 5.3058
5095.0000 23.9079 5.3056
5100.0000 23.9368 5.3008
5105.0000 23.9420 5.3005
5110.0000 23.9627 5.2995
5115.0000 23.9757 5.2978
5120.0000 24.0636 5.3262
5125.0000 24.0717 5.3254
5130.0000 24.0627 5.2725
5135.0000 24.1447 5.3070
5140.0000 24.1941 5.3484
5145.0000 24.2354 5.3650
5150.0000 24.2476 5.3619
5155.0000 24.2680 5.3577
5160.0000 24.2861 5.3538
5165.0000 24.3017 5.3333
5170.0000 24.3208 5.3301
5175.0000 24.4045 5.4310
5180.0000 24.4192 5.4297
5185.0000 24.4299 5.4272
5190.0000 24.4389 5.4249
5195.0000 24.4821 5.4803
5200.0000 24.5103 5.5186
5205.0000 24.4908 5.4852
5210.0000 24.4513 5.4311
5215.0000 24.5193 5.4646
5220.0000 24.5315 5.4642
5225.0000 24.5453 5.4615
5230.0000 24.5553 5.4607
5235.0000 24.6006 5.4809
5240.0000 24.6287 5.4755
5245.0000 24.6384 5.4737
5250.0000 24.6478 5.4720
5255.0000 24.6478 5.4720
5260.0000 24.6541 5.4700
5265.0000 24.6541 5.4700
5270.0000 24.6604 5.4693
5275.0000 24.6714 5.4673
5280.0000 24.6775 5.4659
5285.0000 24.6830 5.4647
5290.0000 24.6880 5.4642
5295.0000 24.7310 5.4870
5300.0000 24.7494 5.4851
5305.0000 24.7494 5.4851
5310.0000 24.7599 5.4996
5315.0000 24.7760 5.5171
5320.0000 24.7801 5.5160
5325.0000 24.7898 5.5150
5330.0000 24.8408 5.4999
5335.0000 24.8408 5.4999
5340.0000 24.8487 5.5002
5345.0000 24.8525 5.5004
5350.0000 24.8837 5.5154
5355.0000 24.9038 5.5130
5360.0000 24.9215 5.5099
5365.0000 24.9215 5.5099
5370.0000 24.9271 5.5120
5375.0000 24.9879 5.5993
5380.0000 24.9992 5.5982
5385.0000 25.0503 5.6512
5390.0000 25.0581 5.6488
5395.0000 25.0595 5.5758
5400.0000 25.1292 5.6507
5405.0000 25.1292 5.6507
5410.0000 25.1365 5.6489
5415.0000 25.2718 5.7529
5420.0000 25.2766 5.7513
5425.0000 25.2884 5.7499
5430.0000 25.2924 5.7492
5435.0000 25.2984 5.7491
5440.0000 25.3010 5.7486
5445.0000 25.3135 5.7460
5450.0000 25.4382 5.7955
5455.0000 25.4812 5.7867
5460.0000 25.4869 5.7852
5465.0000 25.5147 5.7999
5470.0000 25.5286 5.7991
5475.0000 25.5213 5.7538
5480.0000 25.5311 5.7539
5485.0000 25.5347 5.7532
5490.0000 25.4913 5.6912
5495.0000 25.4914 5.6838
5500.0000 25.4914 5.6838
5505.0000 25.4998 5.6831
5510.0000 25.5187 5.6795
5515.0000 25.5644 5.6738
5520.0000 25.5675 5.6734
5525.0000 25.6151 5.6925
5530.0000 25.6474 5.7067
5535.0000 25.6560 5.7047
5540.0000 25.6651 5.7022
5545.0000 25.6722 5.7009
5550.0000 25.6764 5.6998
5555.0000 25.6880 5.6969
5560.0000 25.6937 5.6956
5565.0000 25.7077 5.6929
5570.0000 25.7231 5.6911
5575.0000 25.8094 5.7440
5580.0000 25.9360 5.8063
5585.0000 26.0380 5.8991
5590.0000 26.1136 5.9601
5595.0000 26.1510 5.9914
5600.0000 26.1624 5.9814
5605.0000 26.1809 5.9789
5610.0000 26.1851 5.9784
5615.0000 26.2005 5.9760
5620.0000 26.2289 5.9706
5625.0000 26.2574 5.9648
5630.0000 26.2736 5.9608
5635.0000 26.2851 5.9585
5640.0000 26.2910 5.9568
5645.0000 26.2982 5.9564
5650.0000 26.3190 5.9531
5655.0000 26.3281 5.9530
5660.0000 26.3470 5.9548
5665.0000 26.3560 5.9546
5670.0000 26.3560 5.9546
5675.0000 26.3829 5.9708
5680.0000 26.3900 5.9694
5685.0000 26.4452 6.0178
5690.0000 26.5007 6.0443
5695.0000 26.5865 6.1019
5700.0000 26.6745 6.1585
5705.0000 26.8134 6.2306
5710.0000 26.8192 6.2293
5715.0000 26.8365 6.2272
5720.0000 26.8656 6.2240
5725.0000 26.8923 6.2184
5730.0000 26.9047 6.2145
5735.0000 26.9117 6.2133
5740.0000 26.9905 6.2834
5745.0000 27.0122 6.2782
5750.0000 27.0310 6.2773
5755.0000 27.0450 6.2748
5760.0000 27.0571 6.2730
5765.0000 27.1203 6.2941
5770.0000 27.1308 6.2926
5775.0000 27.1426 6.2897
5780.0000 27.1669 6.2849
5785.0000 27.1906 6.2822
5790.0000 27.2068 6.2761
5795.0000 27.2330 6.2471
5800.0000 27.3164 6.2906
5805.0000 27.3709 6.3250
5810.0000 27.3781 6.3212
5815.0000 27.3936 6.3166
5820.0000 27.4708 6.3842
5825.0000 27.5100 6.4003
5830.0000 27.5179 6.3990
5835.0000 27.6107 6.4373
5840.0000 27.7447 6.5437
5845.0000 27.8259 6.6149
5850.0000 28.0183 6.8162
5855.0000 28.1044 6.8882
5860.0000 28.1373 6.9217
5865.0000 28.1539 6.9220
5870.0000 28.1652 6.9192
5875.0000 28.1732 6.9170
5880.0000 28.1841 6.9141
5885.0000 28.1870 6.9132
5890.0000 28.2066 6.9113
5895.0000 28.2172 6.9098
5900.0000 28.2230 6.9088
5905.0000 28.2296 6.9077
5910.0000 28.2579 6.9064
5915.0000 28.2784 6.9033
5920.0000 28.3329 6.9524
5925.0000 28.3912 6.9587
5930.0000 28.4904 7.0107
5935.0000 28.5032 7.0059
5940.0000 28.5392 7.0196
5945.0000 28.4819 6.9252
5950.0000 28.5398 6.9835
5955.0000 28.5592 6.9809
5960.0000 28.6168 7.0016
5965.0000 28.6428 6.9945
5970.0000 28.6491 6.9927
5975.0000 28.6613 6.9891
5980.0000 28.6763 6.9855
5985.0000 28.6900 6.9831
5990.0000 28.6954 6.9820
5995.0000 28.7045 6.9792
6000.0000 28.7356 6.9931
6005.0000 28.7488 6.9901
6010.0000 28.7793 6.9981
6015.0000 28.8215 6.9902
6020.0000 28.7861 6.9358
6025.0000 28.8187 6.9576
6030.0000 28.8494 6.9672
6035.0000 28.8862 6.9851
6040.0000 28.9351 6.9763
6045.0000 28.9446 6.9746
6050.0000 28.9966 6.9898
6055.0000 29.0143 6.9844
6060.0000 29.0612 7.0272
6065.0000 29.0750 7.0238
6070.0000 29.1125 7.0157
6075.0000 29.1660 7.0259
6080.0000 29.1754 7.0240
6085.0000 29.1795 7.0232
6090.0000 29.1795 7.0232
6095.0000 29.2264 7.0813
6100.0000 29.2384 7.0785
6105.0000 29.2024 7.0232
6110.0000 29.2791 7.1116
6115.0000 29.2885 7.1105
6120.0000 29.3490 7.1672
6125.0000 29.3717 7.1597
6130.0000 29.4427 7.2114
6135.0000 29.4750 7.2458
6140.0000 29.4818 7.2455
6145.0000 29.4863 7.2437
6150.0000 29.4568 7.1930
6155.0000 29.4609 7.1914
6160.0000 29.4671 7.1894
6165.0000 29.4900 7.1847
6170.0000 29.4900 7.1847
6175.0000 29.4900 7.1847
6180.0000 29.4506 7.1292
6185.0000 29.4603 7.1274
6190.0000 29.4677 7.1262
6195.0000 29.5281 7.1458
6200.0000 29.5390 7.1423
6205.0000 29.5492 7.1408
6210.0000 29.5781 7.1376
6215.0000 29.6311 7.1479
6220.0000 29.6680 7.1425
6225.0000 29.6999 7.1369
6230.0000 29.7246 7.1347
6235.0000 29.7405 7.1338
6240.0000 29.7883 7.1551
6245.0000 29.8586 7.2307
6250.0000 29.9011 7.2598
6255.0000 29.9208 7.2536
6260.0000 29.9256 7.2521
6265.0000 29.9343 7.2496
6270.0000 29.9380 7.2486
6275.0000 29.9047 7.1846
6280.0000 29.9862 7.2143
6285.0000 30.0262 7.2324
6290.0000 30.1431 7.3266
6295.0000 30.2078 7.3808
6300.0000 30.2396 7.3780
6305.0000 30.2546 7.3753
6310.0000 30.2730 7.3726
6315.0000 30.3303 7.3985
6320.0000 30.3791 7.4164
6325.0000 30.3966 7.3926
6330.0000 30.4081 7.3908
6335.0000 30.4134 7.3902
6340.0000 30.4294 7.3881
6345.0000 30.4328 7.3876
6350.0000 30.4695 7.3800
6355.0000 30.5291 7.4097
6360.0000 30.5392 7.4066
6365.0000 30.5515 7.4025
6370.0000 30.6105 7.4325
6375.0000 30.6588 7.4555
6380.0000 30.6678 7.4532
6385.0000 30.6782 7.4508
6390.0000 30.7236 7.4687
6395.0000 30.7321 7.4665
6400.0000 30.7922 7.4830
6405.0000 30.7922 7.4830
6410.0000 30.8309 7.5049
6415.0000 30.9043 7.5461
6420.0000 30.9601 7.5722
6425.0000 30.9854 7.5687
6430.0000 31.0013 7.5670
6435.0000 31.0593 7.5910
6440.0000 31.1303 7.6395
6445.0000 31.1942 7.6761
6450.0000 31.1991 7.6766
6455.0000 31.2147 7.6735
6460.0000 31.2179 7.6724
6465.0000 31.2232 7.6712
6470.0000 31.2630 7.6923
6475.0000 31.2684 7.6914
6480.0000 31.2788 7.6889
6485.0000 31.2824 7.6882
6490.0000 31.2901 7.6862
6495.0000 31.3350 7.7137
6500.0000 31.3871 7.7477
6505.0000 31.4729 7.7938
6510.0000 31.5081 7.8299
6515.0000 31.5706 7.8691
6520.0000 31.5750 7.8680
6525.0000 31.6285 7.9099
6530.0000 31.6285 7.9099
6535.0000 31.6467 7.9055
6540.0000 31.6467 7.9055
6545.0000 31.6623 7.9029
6550.0000 31.6958 7.9173
6555.0000 31.6958 7.9173
6560.0000 31.7112 7.9142
6565.0000 31.7163 7.9131
6570.0000 31.7576 7.9391
6575.0000 31.8235 7.9853
6580.0000 31.8498 7.9804
6585.0000 31.8729 7.9765
6590.0000 31.8858 7.9661
6595.0000 31.9255 7.9364
6600.0000 31.9740 7.9300
6605.0000 31.9836 7.9278
6610.0000 31.9836 7.9278
6615.0000 32.0310 7.9891
6620.0000 32.0491 7.9794
6625.0000 32.0540 7.9778
6630.0000 32.0654 7.9756
6635.0000 32.1260 8.0191
6640.0000 32.1314 8.0182
6645.0000 32.1849 8.0410
6650.0000 32.2058 8.0337
6655.0000 32.2244 8.0300
6660.0000 32.2306 8.0287
6665.0000 32.2197 8.0029
6670.0000 32.2260 8.0029
6675.0000 32.2290 8.0017
6680.0000 32.2290 8.0017
6685.0000 32.2290 8.0017
6690.0000 32.2778 8.0051
6695.0000 32.2908 8.0020
6700.0000 32.2946 8.0010
6705.0000 32.3220 8.0175
6710.0000 32.3715 8.0456
6715.0000 32.4973 8.1623
6720.0000 32.5175 8.1572
6725.0000 32.5350 8.1535
6730.0000 32.5462 8.1521
6735.0000 32.5638 8.1491
6740.0000 32.5747 8.1477
6745.0000 32.5820 8.1467
6750.0000 32.6003 8.1445
6755.0000 32.6099 8.1440
6760.0000 32.6444 8.1397
6765.0000 32.6543 8.1384
6770.0000 32.7065 8.1922
6775.0000 32.7839 8.2567
6780.0000 32.8013 8.2521
6785.0000 32.8183 8.2499
6790.0000 32.8301 8.2463
6795.0000 32.8423 8.2422
6800.0000 32.8077 8.1935
6805.0000 32.8603 8.2406
6810.0000 32.8706 8.2384
6815.0000 32.8827 8.2369
6820.0000 32.9002 8.2313
6825.0000 32.9045 8.2295
6830.0000 32.9152 8.2252
6835.0000 32.9251 8.2218
6840.0000 32.9251 8.2218
6845.0000 32.9542 8.2162
6850.0000 32.9659 8.2136
6855.0000 32.9801 8.2117
6860.0000 32.9587 8.1595
6865.0000 32.9916 8.1698
6870.0000 33.0288 8.1794
6875.0000 33.0499 8.1773
6880.0000 33.0926 8.1829
6885.0000 33.0964 8.1819
6890.0000 33.1093 8.1798
6895.0000 33.1388 8.1825
6900.0000 33.1681 8.1799
6905.0000 33.2165 8.2014
6910.0000 33.2092 8.1633
6915.0000 33.1804 8.1099
6920.0000 33.1854 8.1090
6925.0000 33.1941 8.1073
6930.0000 33.2289 8.1124
6935.0000 33.2781 8.1600
6940.0000 33.3115 8.1539
6945.0000 33.3314 8.1487
6950.0000 33.3558 8.1415
6955.0000 33.3919 8.1327
6960.0000 33.4102 8.1277
6965.0000 33.4628 8.1270
6970.0000 33.4776 8.1116
6975.0000 33.5040 8.1376
6980.0000 33.5040 8.1376
6985.0000 33.5638 8.1736
6990.0000 33.5695 8.1715
6995.0000 33.6144 8.2058
7000.0000 33.6600 8.1988
7005.0000 33.6786 8.1960
7010.0000 33.7725 8.2477
7015.0000 33.8543 8.2837
7020.0000 33.8681 8.2803
7025.0000 33.8890 8.2758
7030.0000 33.8391 8.1925
7035.0000 33.8391 8.1925
7040.0000 33.8474 8.1902
7045.0000 33.8544 8.1875
7050.0000 33.8544 8.1875
7055.0000 33.8769 8.1812
7060.0000 33.8769 8.1812
7065.0000 33.8841 8.1787
7070.0000 33.8935 8.1757
7075.0000 33.9323 8.2022
7080.0000 33.9424 8.2012
7085.0000 33.9751 8.1950
7090.0000 33.9863 8.1918
7095.0000 33.9932 8.1928
7100.0000 34.0202 8.2254
7105.0000 34.0096 8.2061
7110.0000 34.0593 8.1994
7115.0000 34.0699 8.1992
7120.0000 34.0860 8.1973
7125.0000 34.1001 8.1946
7130.0000 34.1101 8.1927
7135.0000 34.0714 8.1425
7140.0000 34.1189 8.1790
7145.0000 34.1758 8.2132
7150.0000 34.1758 8.2132
7155.0000 34.1882 8.2106
7160.0000 34.2034 8.2066
7165.0000 34.2755 8.2849
7170.0000 34.2975 8.2809
7175.0000 34.3148 8.2776
7180.0000 34.3231 8.2768
7185.0000 34.3328 8.2745
7190.0000 34.3356 8.2741
7195.0000 34.3661 8.3058
7200.0000 34.3787 8.3019
7205.0000 34.3787 8.3019
7210.0000 34.3882 8.3006
7215.0000 34.4171 8.3004
7220.0000 34.4209 8.2996
7225.0000 34.4209 8.2996
7230.0000 34.4344 8.2934
7235.0000 34.4325 8.2911
7240.0000 34.4398 8.2915
7245.0000 34.4463 8.2889
7250.0000 34.4494 8.2862
7255.0000 34.4531 8.2848
7260.0000 34.4953 8.3194
7265.0000 34.5379 8.3333
7270.0000 34.6077 8.3750
7275.0000 34.6077 8.3750
7280.0000 34.6187 8.3747
7285.0000 34.6799 8.4005
7290.0000 34.7033 8.3929
7295.0000 34.7667 8.4573
7300.0000 34.8077 8.4964
7305.0000 34.8220 8.4963
7310.0000 34.8449 8.5173
7315.0000 34.8602 8.5219
7320.0000 34.8636 8.5209
7325.0000 34.8763 8.5164
7330.0000 34.9030 8.5115
7335.0000 34.9120 8.5103
7340.0000 34.9703 8.5535
7345.0000 34.9783 8.5528
7350.0000 34.9922 8.5510
7355.0000 35.0002 8.5481
7360.0000 34.9350 8.4599
7365.0000 34.9504 8.4780
7370.0000 34.9527 8.4738
7375.0000 34.9694 8.4705
7380.0000 34.9779 8.4673
7385.0000 34.9989 8.4631
7390.0000 35.0131 8.4634
7395.0000 35.0930 8.5394
7400.0000 35.0542 8.4807
7405.0000 35.1047 8.5192
7410.0000 35.1103 8.5203
7415.0000 35.1103 8.5203
7420.0000 35.1141 8.5186
7425.0000 35.1141 8.5186
7430.0000 35.1141 8.5186
7435.0000 35.1305 8.5148
7440.0000 35.0602 8.4202
7445.0000 35.0602 8.4202
7450.0000 35.0568 8.3891
7455.0000 35.0661 8.3875
7460.0000 35.0746 8.3841
7465.0000 35.0890 8.3790
7470.0000 35.0890 8.3790
7475.0000 35.0933 8.3786
7480.0000 35.1323 8.3962
7485.0000 35.1323 8.3962
7490.0000 35.1323 8.3962
7495.0000 35.1455 8.3943
7500.0000 35.1508 8.3921
7505.0000 35.1588 8.3908
7510.0000 35.1620 8.3892
7515.0000 35.1620 8.3892
7520.0000 35.1659 8.3880
7525.0000 35.1703 8.3862
7530.0000 35.2208 8.3883
7535.0000 35.2362 8.3807
7540.0000 35.2362 8.3807
7545.0000 35.2528 8.3748
7550.0000 35.2668 8.3719
7555.0000 35.2735 8.3726
7560.0000 35.3159 8.4013
7565.0000 35.3159 8.4013
7570.0000 35.3260 8.3995
7575.0000 35.3327 8.3969
7580.0000 35.3369 8.3948
7585.0000 35.3217 8.3765
7590.0000 35.3377 8.3729
7595.0000 35.3444 8.3691
7600.0000 35.3518 8.3656
7605.0000 35.3628 8.3606
7610.0000 35.3667 8.3580
7615.0000 35.3822 8.3695
7620.0000 35.3930 8.3683
7625.0000 35.4043 8.3562
7630.0000 35.4155 8.3524
7635.0000 35.4701 8.4005
7640.0000 35.4753 8.3991
7645.0000 35.5174 8.4414
7650.0000 35.5539 8.4384
7655.0000 35.5232 8.3772
7660.0000 35.5591 8.4140
7665.0000 35.5656 8.4121
7670.0000 35.5717 8.4105
7675.0000 35.5757 8.4096
7680.0000 35.5859 8.4094
7685.0000 35.5964 8.4053
7690.0000 35.6132 8.4001
7695.0000 35.6248 8.3981
7700.0000 35.6521 8.3911
7705.0000 35.6585 8.3891
7710.0000 35.6738 8.3845
7715.0000 35.6881 8.3774
7720.0000 35.7012 8.3761
7725.0000 35.6959 8.3644
7730.0000 35.7069 8.3593
7735.0000 35.7129 8.3595
7740.0000 35.7244 8.3565
7745.0000 35.7746 8.4002
7750.0000 35.8146 8.3997
7755.0000 35.8281 8.3995
7760.0000 35.7762 8.3172
7765.0000 35.7124 8.2247
7770.0000 35.7354 8.2335
7775.0000 35.7437 8.2324
7780.0000 35.7535 8.2313
7785.0000 35.7570 8.2302
7790.0000 35.7693 8.2245
7795.0000 35.8183 8.2441
7800.0000 35.8830 8.2702
7805.0000 35.8860 8.2694
7810.0000 35.9242 8.2968
7815.0000 35.8917 8.2586
7820.0000 35.9052 8.2569
7825.0000 35.9168 8.2559
7830.0000 35.9471 8.2499
7835.0000 35.9471 8.2499
7840.0000 35.9506 8.2478
7845.0000 35.9614 8.2451
7850.0000 35.9794 8.2430
7855.0000 36.0146 8.2401
7860.0000 36.0282 8.2372
7865.0000 36.0378 8.2346
7870.0000 36.0568 8.2312
7875.0000 36.0697 8.2291
7880.0000 36.0758 8.2286
7885.0000 36.0882 8.2354
7890.0000 36.0882 8.2354
7895.0000 36.1004 8.2346
7900.0000 36.1496 8.2842
7905.0000 36.1496 8.2842
7910.0000 36.1496 8.2842
7915.0000 36.1496 8.2842
7920.0000 36.1931 8.3296
7925.0000 36.2206 8.3251
7930.0000 36.2296 8.3298
7935.0000 36.2041 8.3000
7940.0000 36.1609 8.2498
7945.0000 36.1861 8.2515
7950.0000 36.2032 8.2468
7955.0000 36.2154 8.2436
7960.0000 36.2257 8.2430
7965.0000 36.2315 8.2424
7970.0000 36.2452 8.2384
7975.0000 36.2882 8.2401
7980.0000 36.3080 8.2375
7985.0000 36.3192 8.2356
7990.0000 36.3299 8.2334
7995.0000 36.3458 8.2305
8000.0000 36.3633 8.2268
8005.0000 36.3496 8.1879
8010.0000 36.3435 8.1765
8015.0000 36.3579 8.1723
8020.0000 36.3719 8.1666
8025.0000 36.3829 8.1602
8030.0000 36.3476 8.1120
8035.0000 36.4641 8.1807
8040.0000 36.4750 8.1766
8045.0000 36.5223 8.2260
8050.0000 36.5223 8.2260
8055.0000 36.5309 8.2265
8060.0000 36.5497 8.2324
8065.0000 36.5662 8.2263
8070.0000 36.5711 8.2242
8075.0000 36.6168 8.2609
8080.0000 36.6230 8.2590
8085.0000 36.6010 8.2291
8090.0000 36.6055 8.2280
8095.0000 36.6108 8.2197
8100.0000 36.6207 8.2162
8105.0000 36.6207 8.2162
8110.0000 36.6719 8.2684
8115.0000 36.6719 8.2684
8120.0000 36.7100 8.2912
8125.0000 36.7157 8.2843
8130.0000 36.7301 8.2794
8135.0000 36.7400 8.2784
8140.0000 36.7454 8.2772
8145.0000 36.7544 8.2753
8150.0000 36.8126 8.3139
8155.0000 36.8176 8.3125
8160.0000 36.8325 8.3115
8165.0000 36.8125 8.2851
8170.0000 36.8543 8.2857
8175.0000 36.8543 8.2857
8180.0000 36.8748 8.2831
8185.0000 36.9296 8.3339
8190.0000 36.9691 8.3330
8195.0000 36.9691 8.3330
8200.0000 36.9854 8.3298
8205.0000 37.0154 8.3255
8210.0000 37.0430 8.3205
8215.0000 37.0643 8.3196
8220.0000 37.0471 8.2868
8225.0000 37.0948 8.3136
8230.0000 37.1606 8.3610
8235.0000 37.1676 8.3612
8240.0000 37.2377 8.3655
8245.0000 37.2828 8.4034
8250.0000 37.2877 8.4092
8255.0000 37.3207 8.4495
8260.0000 37.3363 8.4488
8265.0000 37.3543 8.4466
8270.0000 37.3583 8.4352
8275.0000 37.3835 8.4335
8280.0000 37.3962 8.4296
8285.0000 37.4075 8.4283
8290.0000 37.4234 8.4245
8295.0000 37.4436 8.4186
8300.0000 37.3799 8.3324
8305.0000 37.3945 8.3300
8310.0000 37.4055 8.3273
8315.0000 37.4415 8.3328
8320.0000 37.4463 8.3307
8325.0000 37.4585 8.3313
8330.0000 37.4585 8.3313
8335.0000 37.4646 8.3322
8340.0000 37.4815 8.3300
8345.0000 37.5453 8.3952
8350.0000 37.5946 8.4341
8355.0000 37.5891 8.4075
8360.0000 37.6653 8.4617
8365.0000 37.7328 8.4881
8370.0000 37.7396 8.4892
8375.0000 37.7236 8.4569
8380.0000 37.7398 8.4562
8385.0000 37.7589 8.4582
8390.0000 37.7686 8.4588
8395.0000 37.7770 8.4536
8400.0000 37.7919 8.4551
8405.0000 37.8024 8.4625
8410.0000 37.8239 8.4604
8415.0000 37.8532 8.4840
8420.0000 37.8618 8.4804
8425.0000 37.8536 8.4501
8430.0000 37.8959 8.4666
8435.0000 37.9609 8.4710
8440.0000 38.0398 8.5101
8445.0000 38.1187 8.5538
8450.0000 38.1313 8.5485
8455.0000 38.1423 8.5445
8460.0000 38.1122 8.4957
8465.0000 38.1412 8.5121
8470.0000 38.1648 8.5046
8475.0000 38.1829 8.4995
8480.0000 38.1990 8.4953
8485.0000 38.2132 8.4912
8490.0000 38.2283 8.4910
8495.0000 38.2325 8.4890
8500.0000 38.2355 8.4884
8505.0000 38.2355 8.4884
8510.0000 38.2399 8.4871
8515.0000 38.2719 8.4849
8520.0000 38.3165 8.4914
8525.0000 38.3306 8.4873
8530.0000 38.3472 8.4856
8535.0000 38.3575 8.4870
8540.0000 38.3585 8.4761
8545.0000 38.3642 8.4758
8550.0000 38.4159 8.5251
8555.0000 38.4266 8.5238
8560.0000 38.4585 8.5184
8565.0000 38.4213 8.4618
8570.0000 38.4415 8.4605
8575.0000 38.4688 8.4516
8580.0000 38.4886 8.4557
8585.0000 38.5011 8.4522
8590.0000 38.5179 8.4442
8595.0000 38.5618 8.4533
8600.0000 38.6125 8.4738
8605.0000 38.6593 8.4972
8610.0000 38.6402 8.4598
8615.0000 38.6472 8.4596
8620.0000 38.6748 8.4565
8625.0000 38.7304 8.4834
8630.0000 38.7980 8.5193
8635.0000 38.8126 8.5172
8640.0000 38.8181 8.5142
8645.0000 38.8323 8.5100
8650.0000 38.8631 8.5023
8655.0000 38.8859 8.4927
8660.0000 38.9035 8.4858
8665.0000 38.9235 8.4888
8670.0000 38.9309 8.4710
8675.0000 38.9397 8.4696
8680.0000 38.9480 8.4678
8685.0000 38.9531 8.4663
8690.0000 38.9803 8.4974
8695.0000 39.0637 8.5465
8700.0000 39.0877 8.5529
8705.0000 39.1156 8.5479
8710.0000 39.1104 8.5114
8715.0000 39.1334 8.5068
8720.0000 39.2040 8.5164
8725.0000 39.2229 8.5145
8730.0000 39.2438 8.5115
8735.0000 39.2621 8.5129
8740.0000 39.2754 8.5130
8745.0000 39.2834 8.5084
8750.0000 39.3091 8.5209
8755.0000 39.3045 8.5156
8760.0000 39.3440 8.5616
8765.0000 39.3497 8.5627
8770.0000 39.3590 8.5598
8775.0000 39.3590 8.5598
8780.0000 39.3709 8.5582
8785.0000 39.3881 8.5543
8790.0000 39.3979 8.5517
8795.0000 39.3763 8.5077
8800.0000 39.4118 8.5046
8805.0000 39.4083 8.4692
8810.0000 39.4244 8.4697
8815.0000 39.4544 8.4648
8820.0000 39.4881 8.4611
8825.0000 39.5729 8.5054
8830.0000 39.6466 8.4935
8835.0000 39.6713 8.4933
8840.0000 39.6895 8.4907
8845.0000 39.7031 8.4928
8850.0000 39.7455 8.5225
8855.0000 39.7872 8.5566
8860.0000 39.8189 8.5857
8865.0000 39.8270 8.5846
8870.0000 39.8270 8.5846
8875.0000 39.8289 8.5746
8880.0000 39.8290 8.5650
8885.0000 39.9232 8.6699
8890.0000 39.8651 8.5969
8895.0000 39.8813 8.5952
8900.0000 39.8936 8.5993
8905.0000 39.8872 8.5924
8910.0000 39.9101 8.5916
8915.0000 39.9132 8.5913
8920.0000 39.8808 8.5465
8925.0000 39.8985 8.5428
8930.0000 39.9128 8.5390
8935.0000 39.9271 8.5397
8940.0000 39.9414 8.5397
8945.0000 39.9808 8.5638
8950.0000 39.9978 8.5605
8955.0000 40.0114 8.5576
8960.0000 40.0254 8.5581
8965.0000 40.0407 8.5571
8970.0000 40.0840 8.5892
8975.0000 40.0961 8.5865
8980.0000 40.1154 8.5781
8985.0000 40.1276 8.5762
8990.0000 40.1086 8.5497
8995.0000 40.1317 8.5428
9000.0000 40.2097 8.6159
9005.0000 40.1722 8.5612
9010.0000 40.1876 8.5588
9015.0000 40.2387 8.5711
9020.0000 40.2171 8.5298
9025.0000 40.2294 8.5289
9030.0000 40.2407 8.5285
9035.0000 40.2489 8.5261
9040.0000 40.2523 8.5252
9045.0000 40.2755 8.5272
9050.0000 40.2446 8.4940
9055.0000 40.2587 8.4929
9060.0000 40.2688 8.4932
9065.0000 40.2748 8.4929
9070.0000 40.2987 8.5013
9075.0000 40.3587 8.5138
9080.0000 40.3793 8.5102
9085.0000 40.3966 8.5080
9090.0000 40.4094 8.5034
9095.0000 40.4650 8.5442
9100.0000 40.4797 8.5595
9105.0000 40.5147 8.5891
9110.0000 40.5179 8.5723
9115.0000 40.6301 8.6379
9120.0000 40.6361 8.6360
9125.0000 40.6995 8.6819
9130.0000 40.7382 8.7259
9135.0000 40.7130 8.6706
9140.0000 40.7268 8.6646
9145.0000 40.6754 8.5849
9150.0000 40.6882 8.5816
9155.0000 40.6944 8.5799
9160.0000 40.7041 8.5773
9165.0000 40.7222 8.5757
9170.0000 40.7264 8.5748
9175.0000 40.7414 8.5731
9180.0000 40.7646 8.5866
9185.0000 40.7795 8.5855
9190.0000 40.7735 8.5624
9195.0000 40.7735 8.5624
9200.0000 40.7823 8.5600
9205.0000 40.7907 8.5601
9210.0000 40.7575 8.5126
9215.0000 40.7890 8.5273
9220.0000 40.8295 8.5429
9225.0000 40.8130 8.4974
9230.0000 40.8199 8.4956
9235.0000 40.8385 8.4886
9240.0000 40.8427 8.4875
9245.0000 40.8515 8.4846
9250.0000 40.8643 8.4826
9255.0000 40.8835 8.4791
9260.0000 40.8975 8.4807
9265.0000 40.9830 8.4941
9270.0000 41.0006 8.4969
9275.0000 41.0155 8.4946
9280.0000 41.0950 8.5001
9285.0000 41.1122 8.4956
9290.0000 41.1288 8.4903
9295.0000 41.1379 8.4880
9300.0000 41.1485 8.4853
9305.0000 41.1646 8.4729
9310.0000 41.2194 8.5138
9315.0000 41.2798 8.5262
9320.0000 41.2994 8.5224
9325.0000 41.2901 8.4866
9330.0000 41.3261 8.4976
9335.0000 41.3303 8.4825
9340.0000 41.3928 8.5071
9345.0000 41.4017 8.5040
9350.0000 41.4073 8.5033
9355.0000 41.4710 8.5415
9360.0000 41.4846 8.5430
9365.0000 41.5287 8.5860
9370.0000 41.5387 8.5838
9375.0000 41.5568 8.5803
9380.0000 41.5671 8.5793
9385.0000 41.5716 8.5774
9390.0000 41.5760 8.5787
9395.0000 41.5790 8.5777
9400.0000 41.5936 8.5762
9405.0000 41.5936 8.5762
9410.0000 41.6127 8.5736
9415.0000 41.6379 8.5724
9420.0000 41.6473 8.5670
9425.0000 41.6530 8.5651
9430.0000 41.6530 8.5651
9435.0000 41.6591 8.5621
9440.0000 41.6839 8.5572
9445.0000 41.7065 8.5541
9450.0000 41.7201 8.5518
9455.0000 41.7372 8.5477
9460.0000 41.7433 8.5470
9465.0000 41.7566 8.5455
9470.0000 41.7211 8.4932
9475.0000 41.7390 8.4921
9480.0000 41.7390 8.4921
9485.0000 41.7420 8.4907
9490.0000 41.7420 8.4907
9495.0000 41.7551 8.4943
9500.0000 41.7704 8.4864
9505.0000 41.7703 8.4789
9510.0000 41.7728 8.4734
9515.0000 41.7828 8.4714
9520.0000 41.7873 8.4712
9525.0000 41.7754 8.4417
9530.0000 41.8252 8.4688
9535.0000 41.8311 8.4670
9540.0000 41.8311 8.4670
9545.0000 41.8368 8.4665
9550.0000 41.8274 8.4448
9555.0000 41.8452 8.4443
9560.0000 41.8589 8.4400
9565.0000 41.8764 8.4304
9570.0000 41.8782 8.4267
9575.0000 41.9176 8.4435
9580.0000 41.9548 8.4565
9585.0000 41.9655 8.4536
9590.0000 42.0197 8.4751
9595.0000 42.0778 8.5138
9600.0000 42.0902 8.5120
9605.0000 42.1146 8.5069
9610.0000 42.1412 8.5106
9615.0000 42.1586 8.5091
9620.0000 42.1651 8.5072
9625.0000 42.1651 8.5072
9630.0000 42.1730 8.5055
9635.0000 42.2382 8.5278
9640.0000 42.2607 8.5227
9645.0000 42.3078 8.5498
9650.0000 42.2701 8.5030
9655.0000 42.2701 8.5030
9660.0000 42.2758 8.4961
9665.0000 42.2800 8.4944
9670.0000 42.2434 8.4339
9675.0000 42.2963 8.4355
9680.0000 42.3185 8.4340
9685.0000 42.3458 8.4320
9690.0000 42.3673 8.4336
9695.0000 42.3716 8.4195
9700.0000 42.3792 8.4190
9705.0000 42.3972 8.4165
9710.0000 42.4504 8.4297
9715.0000 42.4449 8.4172
9720.0000 42.4774 8.4442
9725.0000 42.4870 8.4382
9730.0000 42.4912 8.4369
9735.0000 42.4752 8.4028
9740.0000 42.5026 8.4116
9745.0000 42.5798 8.4688
9750.0000 42.6058 8.4760
9755.0000 42.6129 8.4756
9760.0000 42.5996 8.4583
9765.0000 42.6170 8.4561
9770.0000 42.6312 8.4562
9775.0000 42.6367 8.4620
9780.0000 42.6944 8.5021
9785.0000 42.7550 8.5280
9790.0000 42.7839 8.5197
9795.0000 42.7885 8.5193
9800.0000 42.8096 8.5155
9805.0000 42.8162 8.5137
9810.0000 42.8365 8.5076
9815.0000 42.8675 8.5025
9820.0000 42.8831 8.5040
9825.0000 42.8959 8.5049
9830.0000 42.9607 8.5395
9835.0000 42.9762 8.5366
9840.0000 42.9644 8.5028
9845.0000 42.9861 8.5000
9850.0000 43.0176 8.5126
9855.0000 43.0267 8.5127
9860.0000 43.0443 8.5161
9865.0000 43.0695 8.5177
9870.0000 43.0816 8.5075
9875.0000 43.1015 8.5057
9880.0000 43.1204 8.5036
9885.0000 43.1643 8.5313
9890.0000 43.1643 8.5313
9895.0000 43.1760 8.5293
9900.0000 43.1867 8.5235
9905.0000 43.1600 8.4806
9910.0000 43.1660 8.4817
9915.0000 43.1972 8.5126
9920.0000 43.2066 8.5114
9925.0000 43.2631 8.5459
9930.0000 43.2366 8.5064
9935.0000 43.3045 8.5530
9940.0000 43.3243 8.5503
9945.0000 43.3649 8.5566
9950.0000 43.4139 8.5669
9955.0000 43.4192 8.5383
9960.0000 43.4483 8.5346
9965.0000 43.4736 8.5312
9970.0000 43.4959 8.5495
9975.0000 43.4651 8.5131
9980.0000 43.5589 8.5884
9985.0000 43.5884 8.5963
9990.0000 43.6110 8.5960
9995.0000 43.6356 8.5915
10000.0000 43.5865 8.5214
10005.0000 43.5865 8.5214
10010.0000 43.5689 8.5037
10015.0000 43.5762 8.5029
10020.0000 43.5968 8.4976
10025.0000 43.6440 8.5272
10030.0000 43.6840 8.5585
10035.0000 43.7083 8.5652
10040.0000 43.7189 8.5668
10045.0000 43.7405 8.5705
10050.0000 43.8215 8.6172
10055.0000 43.8428 8.6215
10060.0000 43.8789 8.6285
10065.0000 43.9387 8.6738
10070.0000 43.9381 8.6541
10075.0000 43.9739 8.6682
10080.0000 43.9979 8.6673
10085.0000 44.0261 8.6595
10090.0000 44.0393 8.6533
10095.0000 44.0449 8.6502
10100.0000 44.0565 8.6454
10105.0000 44.0637 8.6459
10110.0000 44.1235 8.6829
10115.0000 44.1260 8.6853
10120.0000 44.1311 8.6834
10125.0000 44.1359 8.6810
10130.0000 44.1409 8.6810
10135.0000 44.1536 8.6814
10140.0000 44.1641 8.6801
10145.0000 44.1679 8.6787
10150.0000 44.1709 8.6772
10155.0000 44.1709 8.6772
10160.0000 44.1788 8.6750
10165.0000 44.1858 8.6746
10170.0000 44.1431 8.6280
10175.0000 44.1169 8.5965
10180.0000 44.1209 8.5947
10185.0000 44.1876 8.6299
10190.0000 44.2354 8.6433
10195.0000 44.2483 8.6425
10200.0000 44.2660 8.6400
10205.0000 44.2840 8.6377
10210.0000 44.3015 8.6455
10215.0000 44.3307 8.6480
10220.0000 44.3539 8.6541
10225.0000 44.3796 8.6636
10230.0000 44.4079 8.6771
10235.0000 44.4320 8.6804
10240.0000 44.5110 8.7287
10245.0000 44.5413 8.7220
10250.0000 44.5708 8.7194
10255.0000 44.5464 8.6821
10260.0000 44.5575 8.6775
10265.0000 44.5669 8.6754
10270.0000 44.5879 8.6914
10275.0000 44.5738 8.6776
10280.0000 44.6283 8.7260
10285.0000 44.6283 8.7260
10290.0000 44.5983 8.6949
10295.0000 44.6449 8.7329
10300.0000 44.7113 8.7895
10305.0000 44.6889 8.7592
10310.0000 44.7211 8.7863
10315.0000 44.7309 8.7898
10320.0000 44.7753 8.8095
10325.0000 44.7883 8.7996
10330.0000 44.8105 8.7898
10335.0000 44.8159 8.7906
10340.0000 44.8276 8.7871
10345.0000 44.8461 8.7815
10350.0000 44.8581 8.7773
10355.0000 44.8617 8.7773
10360.0000 44.8759 8.7717
10365.0000 44.8488 8.7320
10370.0000 44.8488 8.7320
10375.0000 44.8488 8.7320
10380.0000 44.8488 8.7320
10385.0000 44.8536 8.7321
10390.0000 44.8225 8.6959
10395.0000 44.8218 8.6721
10400.0000 44.8056 8.6406
10405.0000 44.8133 8.6410
10410.0000 44.8260 8.6420
10415.0000 44.8363 8.6431
10420.0000 44.8524 8.6431
10425.0000 44.8832 8.6440
10430.0000 44.8759 8.6317
10435.0000 44.8730 8.6215
10440.0000 44.8778 8.6257
10445.0000 44.8826 8.6233
10450.0000 44.9292 8.6458
10455.0000 44.9469 8.6431
10460.0000 44.9709 8.6497
10465.0000 44.9905 8.6599
10470.0000 45.0549 8.6970
10475.0000 45.1058 8.7226
10480.0000 45.1265 8.7158
10485.0000 45.1748 8.7385
10490.0000 45.1993 8.7293
10495.0000 45.2404 8.7005
10500.0000 45.2702 8.6892
10505.0000 45.2963 8.6825
10510.0000 45.3005 8.6811
10515.0000 45.3175 8.6773
10520.0000 45.3009 8.6483
10525.0000 45.3160 8.6630
10530.0000 45.3201 8.6618
10535.0000 45.3742 8.7105
10540.0000 45.3535 8.6800
10545.0000 45.3576 8.6790
10550.0000 45.3622 8.6764
10555.0000 45.3719 8.6755
10560.0000 45.3886 8.6757
10565.0000 45.4050 8.6776
10570.0000 45.4230 8.6801
10575.0000 45.4395 8.6787
10580.0000 45.4602 8.6825
10585.0000 45.5150 8.7335
10590.0000 45.4457 8.6633
10595.0000 45.4841 8.6745
10600.0000 45.4993 8.6569
10605.0000 45.5350 8.6465
10610.0000 45.5610 8.6401
10615.0000 45.5810 8.6355
10620.0000 45.6573 8.6827
10625.0000 45.6578 8.6700
10630.0000 45.6932 8.6727
10635.0000 45.7152 8.6726
10640.0000 45.7142 8.6639
10645.0000 45.7218 8.6675
10650.0000 45.6929 8.6291
10655.0000 45.7054 8.6327
10660.0000 45.7191 8.6346
10665.0000 45.7490 8.6376
10670.0000 45.8075 8.6788
10675.0000 45.8432 8.6824
10680.0000 45.8621 8.6895
10685.0000 45.8805 8.6919
10690.0000 45.9032 8.6964
10695.0000 45.9702 8.7384
10700.0000 46.0521 8.8091
10705.0000 46.0535 8.8087
10710.0000 46.0332 8.7791
10715.0000 46.0407 8.7769
10720.0000 46.0989 8.8173
10725.0000 46.1206 8.8096
10730.0000 46.1369 8.8065
10735.0000 46.1523 8.8028
10740.0000 46.1743 8.7966
10745.0000 46.1899 8.7941
10750.0000 46.2023 8.7940
10755.0000 46.2266 8.7915
10760.0000 46.2607 8.7839
10765.0000 46.3266 8.8213
10770.0000 46.3405 8.8188
10775.0000 46.3662 8.8145
10780.0000 46.3751 8.8019
10785.0000 46.3823 8.8015
10790.0000 46.3940 8.7976
10795.0000 46.4036 8.7974
10800.0000 46.4047 8.7944
10805.0000 46.4468 8.7914
10810.0000 46.4570 8.7894
10815.0000 46.4740 8.7868
10820.0000 46.5026 8.7688
10825.0000 46.5113 8.7646
10830.0000 46.5402 8.7566
10835.0000 46.5608 8.7492
10840.0000 46.5710 8.7460
10845.0000 46.5794 8.7438
10850.0000 46.5892 8.7405
10855.0000 46.6002 8.7316
10860.0000 46.6774 8.7630
10865.0000 46.7032 8.7785
10870.0000 46.7106 8.7751
10875.0000 46.7412 8.8040
10880.0000 46.7491 8.8001
10885.0000 46.7249 8.7713
10890.0000 46.7317 8.7672
10895.0000 46.7460 8.7610
10900.0000 46.7569 8.7579
10905.0000 46.7039 8.7005
10910.0000 46.7087 8.6972
10915.0000 46.6866 8.6648
10920.0000 46.6964 8.6738
10925.0000 46.7061 8.6705
10930.0000 46.7420 8.6985
10935.0000 46.7481 8.6984
10940.0000 46.8032 8.7216
10945.0000 46.8099 8.7203
10950.0000 46.8193 8.7194
10955.0000 46.8700 8.7533
10960.0000 46.8774 8.7531
10965.0000 46.9160 8.7844
10970.0000 46.9256 8.7809
10975.0000 46.9430 8.7647
10980.0000 46.9583 8.7615
10985.0000 46.9658 8.7627
10990.0000 46.9705 8.7625
10995.0000 46.9705 8.7625
11000.0000 46.9823 8.7594
11005.0000 47.0053 8.7665
11010.0000 47.0560 8.7955
11015.0000 47.0070 8.7260
11020.0000 47.0156 8.7222
11025.0000 47.0537 8.7534
11030.0000 47.0717 8.7489
11035.0000 47.0994 8.7662
11040.0000 47.1115 8.7681
11045.0000 47.1141 8.7681
11050.0000 47.1612 8.7940
11055.0000 47.2213 8.8376
11060.0000 47.2520 8.8614
11065.0000 47.2153 8.8103
11070.0000 47.2594 8.8313
11075.0000 47.2941 8.8572
11080.0000 47.3170 8.8559
11085.0000 47.3253 8.8532
11090.0000 47.2947 8.8195
11095.0000 47.2580 8.7806
11100.0000 47.2580 8.7806
11105.0000 47.2313 8.7443
11110.0000 47.2372 8.7443
11115.0000 47.2507 8.7496
11120.0000 47.2592 8.7495
11125.0000 47.3277 8.7972
11130.0000 47.3740 8.8246
11135.0000 47.4020 8.8222
11140.0000 47.4473 8.8601
11145.0000 47.4575 8.8554
11150.0000 47.4591 8.8579
11155.0000 47.4816 8.8691
11160.0000 47.5457 8.9244
11165.0000 47.5615 8.9137
11170.0000 47.5793 8.9218
11175.0000 47.5957 8.9179
11180.0000 47.6100 8.9223
11185.0000 47.6230 8.9274
11190.0000 47.6344 8.9356
11195.0000 47.6380 8.9355
11200.0000 47.6007 8.8944
11205.0000 47.5447 8.8174
11210.0000 47.5627 8.8176
11215.0000 47.5665 8.8171
11220.0000 47.5833 8.8179
11225.0000 47.5833 8.8179
11230.0000 47.5929 8.8144
11235.0000 47.5979 8.8133
11240.0000 47.6669 8.8646
11245.0000 47.7169 8.9043
11250.0000 47.7855 8.9442
11255.0000 47.8217 8.9690
11260.0000 47.8680 8.9960
11265.0000 47.8898 8.9913
11270.0000 47.9062 8.9886
11275.0000 47.9120 8.9872
11280.0000 47.9313 8.9868
11285.0000 47.9424 8.9778
11290.0000 47.9520 8.9740
11295.0000 47.9576 8.9711
11300.0000 47.9576 8.9711
11305.0000 47.8749 8.8739
11310.0000 47.8985 8.8950
11315.0000 47.9100 8.8960
11320.0000 47.8466 8.8328
11325.0000 47.8466 8.8328
11330.0000 47.8090 8.7986
11335.0000 47.8090 8.7986
11340.0000 47.8228 8.7888
11345.0000 47.8164 8.7788
11350.0000 47.8207 8.7776
11355.0000 47.8207 8.7776
11360.0000 47.8267 8.7762
11365.0000 47.8736 8.7973
11370.0000 47.8871 8.7942
11375.0000 47.8871 8.7942
11380.0000 47.8871 8.7942
11385.0000 47.8917 8.7923
11390.0000 47.8917 8.7923
11395.0000 47.9113 8.7906
11400.0000 47.9282 8.7882
11405.0000 47.9606 8.7742
11410.0000 47.9932 8.7732
11415.0000 48.0401 8.8018
11420.0000 48.0176 8.7652
11425.0000 47.9694 8.7083
11430.0000 47.9882 8.7060
11435.0000 47.9882 8.7060
11440.0000 48.0138 8.7038
11445.0000 48.0235 8.7015
11450.0000 48.0052 8.6760
11455.0000 48.0132 8.6572
11460.0000 48.0620 8.6810
11465.0000 48.0802 8.6861
11470.0000 48.1756 8.7356
11475.0000 48.1958 8.7351
11480.0000 48.2548 8.7636
11485.0000 48.2726 8.7561
11490.0000 48.2915 8.7486
11495.0000 48.3276 8.7454
11500.0000 48.3228 8.7240
11505.0000 48.3504 8.7221
11510.0000 48.4031 8.7676
11515.0000 48.4106 8.7710
11520.0000 48.4184 8.7691
11525.0000 48.4402 8.7494
11530.0000 48.5470 8.8143
11535.0000 48.5994 8.8375
11540.0000 48.6028 8.8285
11545.0000 48.6127 8.8232
11550.0000 48.6344 8.8215
11555.0000 48.6537 8.8160
11560.0000 48.6355 8.7688
11565.0000 48.6394 8.7680
11570.0000 48.6475 8.7661
11575.0000 48.6648 8.7619
11580.0000 48.7278 8.7970
11585.0000 48.7434 8.7942
11590.0000 48.7523 8.7937
11595.0000 48.7613 8.7938
11600.0000 48.7682 8.7926
11605.0000 48.8616 8.8567
11610.0000 48.8506 8.8355
11615.0000 48.8395 8.8182
11620.0000 48.9026 8.8539
11625.0000 48.9253 8.8530
11630.0000 48.9452 8.8519
11635.0000 48.9976 8.8644
11640.0000 49.0381 8.8820
11645.0000 49.0364 8.8629
11650.0000 49.0507 8.8643
11655.0000 49.0691 8.8669
11660.0000 49.0912 8.8700
11665.0000 49.1851 8.9326
11670.0000 49.2130 8.9321
11675.0000 49.2304 8.9359
11680.0000 49.2374 8.9379
11685.0000 49.2253 8.9179
11690.0000 49.2352 8.9165
11695.0000 49.2927 8.9547
11700.0000 49.3778 9.0189
11705.0000 49.3828 9.0179
11710.0000 49.3521 8.9794
11715.0000 49.3443 8.9539
11720.0000 49.3526 8.9504
11725.0000 49.3580 8.9495
11730.0000 49.2775 8.8730
11735.0000 49.3269 8.9132
11740.0000 49.3114 8.8914
11745.0000 49.4243 8.9831
11750.0000 49.4339 8.9857
11755.0000 49.4398 8.9832
11760.0000 49.4485 8.9798
11765.0000 49.3812 8.9030
11770.0000 49.4069 8.8941
11775.0000 49.4247 8.8882
11780.0000 49.4452 8.8824
11785.0000 49.4738 8.8865
11790.0000 49.5006 8.8786
11795.0000 49.5086 8.8755
11800.0000 49.6246 8.9542
11805.0000 49.6234 8.9414
11810.0000 49.6307 8.9403
11815.0000 49.7014 9.0006
11820.0000 49.6136 8.9218
11825.0000 49.6562 8.9541
11830.0000 49.6596 8.9529
11835.0000 49.6716 8.9537
11840.0000 49.6820 8.9498
11845.0000 49.6635 8.9130
11850.0000 49.6780 8.9115
11855.0000 49.6884 8.9094
11860.0000 49.6985 8.9112
11865.0000 49.7076 8.9081
11870.0000 49.6433 8.8493
11875.0000 49.6534 8.8504
11880.0000 49.7186 8.8956
11885.0000 49.7027 8.8514
11890.0000 49.7845 8.8789
11895.0000 49.7937 8.8766
11900.0000 49.8275 8.8692
11905.0000 49.8449 8.8635
11910.0000 49.8564 8.8597
11915.0000 49.8660 8.8534
11920.0000 49.8508 8.8296
11925.0000 49.8405 8.8154
11930.0000 49.8494 8.8152
11935.0000 49.8327 8.7962
11940.0000 49.8481 8.7904
11945.0000 49.8668 8.7939
11950.0000 49.9618 8.8669
11955.0000 49.9219 8.8270
11960.0000 49.9335 8.8224
11965.0000 49.9438 8.8184
11970.0000 49.9380 8.7912
11975.0000 49.9754 8.7939
11980.0000 49.9665 8.7672
11985.0000 49.9810 8.7633
11990.0000 49.9666 8.7262
11995.0000 49.9801 8.7240
12000.0000 50.0004 8.7283
12005.0000 49.8879 8.6746
12010.0000 49.8332 8.6820
12015.0000 49.8555 8.7170
12020.0000 49.8417 8.6882
12025.0000 49.8623 8.6889
12030.0000 49.8727 8.6885
12035.0000 49.8882 8.6846
12040.0000 49.8921 8.6832
12045.0000 49.8951 8.6821
12050.0000 49.8991 8.6807
12055.0000 49.9332 8.6717
12060.0000 49.9423 8.6640
12065.0000 49.7558 8.6011
12070.0000 49.6932 8.5870
12075.0000 49.6752 8.5879
12080.0000 49.7133 8.6070
12085.0000 49.7194 8.6048
12090.0000 49.7654 8.6292
12095.0000 49.8135 8.6664
12100.0000 49.8135 8.6664
12105.0000 49.7914 8.6407
12110.0000 49.8014 8.6413
12115.0000 49.8442 8.6319
12120.0000 49.8171 8.6015
12125.0000 49.6589 8.5004
12130.0000 49.5575 8.4589
12135.0000 49.5671 8.5029
12140.0000 49.5508 8.4891
12145.0000 49.4836 8.4069
12150.0000 49.5051 8.4057
12155.0000 49.5449 8.4284
12160.0000 49.6069 8.4601
12165.0000 49.6223 8.4581
12170.0000 49.6321 8.4552
12175.0000 49.6770 8.4866
12180.0000 49.6477 8.4601
12185.0000 49.5174 8.4028
12190.0000 49.4296 8.3664
12195.0000 49.3901 8.3677
12200.0000 49.4250 8.3657
12205.0000 49.4484 8.3644
12210.0000 49.4671 8.3684
12215.0000 49.4784 8.3654
12220.0000 49.4914 8.3639
12225.0000 49.4949 8.3479
12230.0000 49.4978 8.3471
12235.0000 49.4998 8.3417
12240.0000 49.5102 8.3448
12245.0000 49.3665 8.3083
12250.0000 49.2672 8.2816
12255.0000 49.2240 8.2924
12260.0000 49.2517 8.3096
12265.0000 49.2887 8.3308
12270.0000 49.3366 8.3630
12275.0000 49.3412 8.3603
12280.0000 49.3849 8.3845
12285.0000 49.4034 8.3769
12290.0000 49.4102 8.3750
12295.0000 49.4501 8.4011
12300.0000 49.4637 8.4014
12305.0000 49.4123 8.3982
12310.0000 49.3133 8.4098
12315.0000 49.2334 8.3957
12320.0000 49.2895 8.4282
12325.0000 49.3038 8.4293
12330.0000 49.3466 8.4559
12335.0000 49.3603 8.4586
12340.0000 49.3752 8.4633
12345.0000 49.3485 8.4203
12350.0000 49.3635 8.4190
12355.0000 49.3723 8.4173
12360.0000 49.3484 8.3866
12365.0000 49.3882 8.4209
12370.0000 49.3135 8.4086
12375.0000 49.2803 8.4164
12380.0000 49.3012 8.4149
12385.0000 49.3062 8.4153
12390.0000 49.3220 8.4169
12395.0000 49.3543 8.4408
12400.0000 49.3604 8.4434
12405.0000 49.3695 8.4271
12410.0000 49.3772 8.4229
12415.0000 49.4432 8.4850
12420.0000 49.4685 8.5019
12425.0000 49.3613 8.4495
12430.0000 49.3372 8.4563
12435.0000 49.3101 8.4892
12440.0000 49.3211 8.4836
12445.0000 49.3667 8.5150
12450.0000 49.3785 8.5157
12455.0000 49.3901 8.5184
12460.0000 49.3889 8.5069
12465.0000 49.4145 8.5107
12470.0000 49.4275 8.5148
12475.0000 49.4435 8.5011
12480.0000 49.4160 8.4704
12485.0000 49.2690 8.4236
12490.0000 49.0930 8.3428
12495.0000 49.0807 8.3493
12500.0000 49.0930 8.3545
12505.0000 49.1089 8.3603
12510.0000 49.1234 8.3601
12515.0000 49.1363 8.3635
12520.0000 49.1636 8.3540
12525.0000 49.1816 8.3556
12530.0000 49.2684 8.3842
12535.0000 49.3090 8.3950
12540.0000 49.3006 8.3856
12545.0000 49.2962 8.4216
12550.0000 49.1997 8.3846
12555.0000 49.1970 8.3898
12560.0000 49.2087 8.3800
12565.0000 49.2356 8.3762
12570.0000 49.2555 8.3722
12575.0000 49.2765 8.3720
12580.0000 49.2978 8.3715
12585.0000 49.3180 8.3743
12590.0000 49.2935 8.3286
12595.0000 49.3160 8.3282
12600.0000 49.2633 8.2843
12605.0000 49.2106 8.2497
12610.0000 49.1463 8.2396
12615.0000 49.1321 8.2423
12620.0000 49.1627 8.2550
12625.0000 49.1763 8.2475
12630.0000 49.1906 8.2445
12635.0000 49.2238 8.2409
12640.0000 49.2352 8.2369
12645.0000 49.2521 8.2373
12650.0000 49.2674 8.2381
12655.0000 49.2812 8.2381
12660.0000 49.3390 8.2825
12665.0000 49.2913 8.2833
12670.0000 49.2216 8.2693
12675.0000 49.2299 8.2801
12680.0000 49.2622 8.3288
12685.0000 49.2724 8.3280
12690.0000 49.2900 8.3259
12695.0000 49.3269 8.3222
12700.0000 49.3899 8.3494
12705.0000 49.3856 8.3477
12710.0000 49.3531 8.3183
12715.0000 49.3855 8.3289
12720.0000 49.3923 8.3338
12725.0000 49.2967 8.2709
12730.0000 49.2046 8.2789
12735.0000 49.1574 8.2865
12740.0000 49.0815 8.2182
12745.0000 49.1091 8.2377
12750.0000 49.1207 8.2394
12755.0000 49.1247 8.2369
12760.0000 49.1146 8.2236
12765.0000 49.1604 8.2603
12770.0000 49.1677 8.2559
12775.0000 49.1935 8.2491
12780.0000 49.2427 8.2824
12785.0000 49.0863 8.2291
12790.0000 49.0239 8.2513
12795.0000 48.9552 8.2630
12800.0000 48.9978 8.3033
12805.0000 49.0085 8.3022
12810.0000 49.0254 8.3043
12815.0000 49.0286 8.3031
12820.0000 49.0374 8.3016
12825.0000 49.0419 8.2999
12830.0000 49.0461 8.2977
12835.0000 49.0684 8.2989
12840.0000 49.0244 8.2699
12845.0000 48.9634 8.2779
12850.0000 48.8938 8.2787
12855.0000 48.9115 8.3181
12860.0000 48.9231 8.3253
12865.0000 48.9441 8.3266
12870.0000 48.9710 8.3380
12875.0000 48.9859 8.3413
12880.0000 49.0089 8.3463
12885.0000 49.0200 8.3502
12890.0000 49.0478 8.3518
12895.0000 49.0541 8.3372
12900.0000 49.0424 8.3105
12905.0000 48.8990 8.2261
12910.0000 48.8122 8.2052
12915.0000 48.8508 8.2288
12920.0000 48.8844 8.2705
12925.0000 48.8946 8.2678
12930.0000 48.9098 8.2680
12935.0000 48.9009 8.2514
12940.0000 48.9152 8.2571
12945.0000 48.8792 8.2110
12950.0000 48.8525 8.1758
12955.0000 48.9104 8.2101
12960.0000 48.9035 8.2156
12965.0000 48.8251 8.1823
12970.0000 48.7824 8.2022
12975.0000 48.7463 8.2119
12980.0000 48.7464 8.2149
12985.0000 48.7677 8.2149
12990.0000 48.7677 8.2149
12995.0000 48.7677 8.2149
13000.0000 48.7724 8.2138
13005.0000 48.7742 8.2104
13010.0000 48.8011 8.2053
13015.0000 48.8106 8.2051
13020.0000 48.8510 8.2091
13025.0000 48.7576 8.1877
13030.0000 48.6349 8.1571
13035.0000 48.5962 8.1198
13040.0000 48.5685 8.1181
13045.0000 48.5817 8.1217
13050.0000 48.6024 8.1252
13055.0000 48.6210 8.1260
13060.0000 48.6361 8.1265
13065.0000 48.6607 8.1260
13070.0000 48.6877 8.1283
13075.0000 48.6945 8.1247
13080.0000 48.6562 8.1096
13085.0000 48.5549 8.0334
13090.0000 48.5107 8.0355
13095.0000 48.4841 8.0431
13100.0000 48.4723 8.0484
13105.0000 48.5185 8.0742
13110.0000 48.6329 8.1712
13115.0000 48.6364 8.1624
13120.0000 48.6915 8.2069
13125.0000 48.7363 8.2281
13130.0000 48.7293 8.2171
13135.0000 48.7641 8.2422
13140.0000 48.8349 8.2986
13145.0000 48.6708 8.2031
13150.0000 48.5757 8.1803
13155.0000 48.5807 8.2214
13160.0000 48.5739 8.2223
13165.0000 48.5739 8.2223
13170.0000 48.5739 8.2223
13175.0000 48.5800 8.2201
13180.0000 48.5305 8.1681
13185.0000 48.5529 8.1648
13190.0000 48.5176 8.1326
13195.0000 48.5236 8.1344
13200.0000 48.5236 8.1352
13205.0000 48.4199 8.0990
13210.0000 48.3049 8.0681
13215.0000 48.2804 8.0801
13220.0000 48.3382 8.1556
13225.0000 48.3683 8.1806
13230.0000 48.4056 8.2126
13235.0000 48.4104 8.2116
13240.0000 48.4183 8.2099
13245.0000 48.4904 8.2416
13250.0000 48.5151 8.2409
13255.0000 48.5263 8.2445
13260.0000 48.5746 8.2889
13265.0000 48.5483 8.3056
13270.0000 48.5358 8.3305
13275.0000 48.5344 8.3317
13280.0000 48.5499 8.3317
13285.0000 48.5394 8.3033
13290.0000 48.5648 8.3121
13295.0000 48.5803 8.3116
13300.0000 48.6006 8.3095
13305.0000 48.5864 8.2761
13310.0000 48.6041 8.2735
13315.0000 48.6205 8.2739
13320.0000 48.6346 8.2745
13325.0000 48.5509 8.2519
13330.0000 48.4926 8.2585
13335.0000 48.4754 8.2625
13340.0000 48.4642 8.2675
13345.0000 48.4758 8.2737
13350.0000 48.4415 8.2226
13355.0000 48.4825 8.2599
13360.0000 48.5401 8.3046
13365.0000 48.5456 8.3023
13370.0000 48.5561 8.3077
13375.0000 48.6107 8.3317
13380.0000 48.5862 8.3174
13385.0000 48.4950 8.2878
13390.0000 48.4473 8.2537
13395.0000 48.4370 8.2576
13400.0000 48.4138 8.2603
13405.0000 48.4555 8.2819
13410.0000 48.4555 8.2819
13415.0000 48.4600 8.2799
13420.0000 48.5022 8.3111
13425.0000 48.5191 8.3089
13430.0000 48.5354 8.3044
13435.0000 48.5637 8.3256
13440.0000 48.6221 8.3670
13445.0000 48.4316 8.2895
13450.0000 48.3743 8.2604
13455.0000 48.3044 8.2341
13460.0000 48.2970 8.2354
13465.0000 48.2598 8.1896
13470.0000 48.2669 8.1865
13475.0000 48.3465 8.2348
13480.0000 48.3548 8.2320
13485.0000 48.3662 8.2297
13490.0000 48.3827 8.2238
13495.0000 48.4216 8.2548
13500.0000 48.3304 8.2006
13505.0000 48.2037 8.1598
13510.0000 48.0947 8.1235
13515.0000 48.0965 8.1175
13520.0000 48.0704 8.1344
13525.0000 48.0969 8.1498
13530.0000 48.0638 8.0984
13535.0000 48.0755 8.0935
13540.0000 48.0941 8.0907
13545.0000 48.1324 8.1221
13550.0000 48.1573 8.1452
13555.0000 48.1617 8.1425
13560.0000 48.1649 8.1462
13565.0000 48.0672 8.0977
13570.0000 47.9815 8.0696
13575.0000 47.9548 8.0743
13580.0000 47.9826 8.1085
13585.0000 47.9823 8.1079
13590.0000 48.0133 8.1360
13595.0000 48.0263 8.1344
13600.0000 48.0371 8.1337
13605.0000 48.0307 8.1165
13610.0000 48.0498 8.1285
13615.0000 48.0534 8.1271
13620.0000 48.0494 8.1282
13625.0000 47.9790 8.0942
13630.0000 47.9823 8.1107
13635.0000 47.9770 8.1114
13640.0000 47.9816 8.1131
13645.0000 48.0241 8.1438
13650.0000 48.0353 8.1484
13655.0000 48.0125 8.1246
13660.0000 48.0247 8.1245
13665.0000 48.0308 8.1213
13670.0000 48.0443 8.1260
13675.0000 48.0728 8.1504
13680.0000 48.0458 8.1322
13685.0000 47.8741 8.0362
13690.0000 47.7894 8.0037
13695.0000 47.7821 7.9960
13700.0000 47.7705 8.0006
13705.0000 47.8162 8.0297
13710.0000 47.8136 8.0013
13715.0000 47.8689 8.0441
13720.0000 47.8902 8.0475
13725.0000 47.9574 8.0710
13730.0000 47.9795 8.0650
13735.0000 48.0087 8.0632
13740.0000 47.9760 8.0263
13745.0000 47.8399 7.9516
13750.0000 47.7351 7.8572
13755.0000 47.7297 7.8546
13760.0000 47.8148 7.9254
13765.0000 47.8345 7.9232
13770.0000 47.8657 7.9229
13775.0000 47.8916 7.9227
13780.0000 47.8990 7.9198
13785.0000 47.9290 7.9287
13790.0000 47.9327 7.9207
13795.0000 47.9442 7.9175
13800.0000 47.9492 7.9188
13805.0000 47.9152 7.9240
13810.0000 47.7967 7.9041
13815.0000 47.8803 7.9885
13820.0000 47.8733 7.9908
13825.0000 47.9175 8.0137
13830.0000 47.9325 8.0118
13835.0000 47.9988 8.0486
13840.0000 47.9740 8.0211
13845.0000 47.9435 7.9750
13850.0000 47.9555 7.9741
13855.0000 47.9716 7.9708
13860.0000 47.9260 7.9271
13865.0000 47.8697 7.9018
13870.0000 47.7859 7.8941
13875.0000 47.8021 7.9157
13880.0000 47.8521 7.9387
13885.0000 47.9107 7.9350
13890.0000 47.9491 7.9316
13895.0000 48.0037 7.9570
13900.0000 48.0302 7.9640
13905.0000 48.0104 7.9291
13910.0000 48.1021 7.9675
13915.0000 48.1241 7.9651
13920.0000 48.1427 7.9697
13925.0000 48.1091 7.9723
13930.0000 48.0637 7.9552
13935.0000 48.0504 7.9546
13940.0000 48.0837 7.9722
13945.0000 48.0837 7.9722
13950.0000 48.1034 7.9677
13955.0000 48.0637 7.9317
13960.0000 48.0637 7.9317
13965.0000 48.0725 7.9313
13970.0000 48.0793 7.9320
13975.0000 48.0956 7.9306
13980.0000 48.0859 7.9048
13985.0000 47.8241 7.7495
13990.0000 47.7691 7.7407
13995.0000 47.7688 7.7663
14000.0000 47.7451 7.7681
14005.0000 47.7521 7.7663
14010.0000 47.7806 7.7623
14015.0000 47.7846 7.7616
14020.0000 47.7953 7.7587
14025.0000 47.7995 7.7581
14030.0000 47.8286 7.7569
14035.0000 47.8430 7.7304
14040.0000 47.8163 7.7294
14045.0000 47.8132 7.7493
14050.0000 47.7018 7.6892
14055.0000 47.7725 7.7605
14060.0000 47.7676 7.7561
14065.0000 47.8084 7.7893
14070.0000 47.8289 7.7927
14075.0000 47.8426 7.7923
14080.0000 47.8485 7.7934
14085.0000 47.8628 7.7961
14090.0000 47.8713 7.7974
14095.0000 47.8587 7.7739
14100.0000 47.9378 7.8221
14105.0000 47.9173 7.8257
14110.0000 47.8647 7.8201
14115.0000 47.8807 7.8690
14120.0000 47.8939 7.9004
14125.0000 47.9042 7.9053
14130.0000 47.9511 7.9448
14135.0000 47.9108 7.9063
14140.0000 47.9541 7.9353
14145.0000 47.9819 7.9603
14150.0000 47.9887 7.9465
14155.0000 47.9887 7.9465
14160.0000 47.9744 7.9520
14165.0000 47.8171 7.8781
14170.0000 47.7439 7.8320
14175.0000 47.7494 7.8703
14180.0000 47.6722 7.8277
14185.0000 47.6675 7.8275
14190.0000 47.6717 7.8272
14195.0000 47.7131 7.8452
14200.0000 47.7836 7.9064
14205.0000 47.7894 7.8863
14210.0000 47.8318 7.9099
14215.0000 47.7946 7.8745
14220.0000 47.7913 7.8606
14225.0000 47.6623 7.8195
14230.0000 47.5460 7.7908
14235.0000 47.4773 7.7503
14240.0000 47.4683 7.7501
14245.0000 47.4924 7.7734
14250.0000 47.5301 7.7960
14255.0000 47.5361 7.7955
14260.0000 47.5361 7.7955
14265.0000 47.5801 7.8214
14270.0000 47.6256 7.8456
14275.0000 47.5950 7.8044
14280.0000 47.6284 7.8135
14285.0000 47.5815 7.7882
14290.0000 47.5363 7.7859
14295.0000 47.5886 7.8395
14300.0000 47.5942 7.8496
14305.0000 47.6103 7.8510
14310.0000 47.6267 7.8494
14315.0000 47.6219 7.8314
14320.0000 47.6399 7.8327
14325.0000 47.6542 7.8157
14330.0000 47.6770 7.8326
14335.0000 47.7257 7.8565
14340.0000 47.7373 7.8691
14345.0000 47.7453 7.9169
14350.0000 47.7241 7.9603
14355.0000 47.6981 7.9492
14360.0000 47.7463 7.9974
14365.0000 47.7723 8.0156
14370.0000 47.8174 8.0453
14375.0000 47.7791 8.0100
14380.0000 47.7859 8.0133
14385.0000 47.7927 8.0106
14390.0000 47.7568 7.9773
14395.0000 47.8072 8.0187
14400.0000 47.7470 8.0160
14405.0000 47.6443 7.9771
14410.0000 47.5625 7.9339
14415.0000 47.5086 7.9282
14420.0000 47.5063 7.9308
14425.0000 47.5183 7.9312
14430.0000 47.5525 7.9556
14435.0000 47.5584 7.9569
14440.0000 47.5707 7.9632
14445.0000 47.6251 7.9880
14450.0000 47.6054 7.9700
14455.0000 47.5764 7.9375
14460.0000 47.5242 7.9466
14465.0000 47.4770 7.9450
14470.0000 47.4029 7.9246
14475.0000 47.3885 7.9137
14480.0000 47.4014 7.9348
14485.0000 47.4649 7.9655
14490.0000 47.5022 7.9910
14495.0000 47.5533 8.0277
14500.0000 47.6121 8.0539
14505.0000 47.6709 8.0795
14510.0000 47.6837 8.0764
14515.0000 47.7026 8.0733
14520.0000 47.6842 8.0501
14525.0000 47.6017 8.0063
14530.0000 47.5652 8.0113
14535.0000 47.5074 7.9666
14540.0000 47.5588 8.0069
14545.0000 47.5155 7.9525
14550.0000 47.5062 7.9088
14555.0000 47.5292 7.9000
14560.0000 47.5892 7.9292
14565.0000 47.6231 7.9178
14570.0000 47.6734 7.9350
14575.0000 47.7267 7.9589
14580.0000 47.7898 7.9679
14585.0000 47.7782 7.9663
14590.0000 47.6851 7.9231
14595.0000 47.6615 7.9283
14600.0000 47.6589 7.9287
14605.0000 47.7026 7.9591
14610.0000 47.7553 7.9929
14615.0000 47.8194 8.0309
14620.0000 47.8680 8.0665
14625.0000 47.8903 8.0706
14630.0000 47.9140 8.0681
14635.0000 47.9219 8.0669
14640.0000 47.9210 8.0734
14645.0000 47.9107 8.1147
14650.0000 47.8609 8.1017
14655.0000 47.8271 8.1126
14660.0000 47.8397 8.0992
14665.0000 47.8464 8.0994
14670.0000 47.9059 8.1330
14675.0000 47.9317 8.1314
14680.0000 47.9507 8.1372
14685.0000 47.9432 8.1022
14690.0000 47.9945 8.1305
14695.0000 48.0174 8.1300
14700.0000 48.0174 8.1300
14705.0000 47.9368 8.0913
14710.0000 47.8901 8.1026
14715.0000 47.8657 8.1106
14720.0000 47.8423 8.1116
14725.0000 47.8609 8.1054
14730.0000 47.8663 8.1026
14735.0000 47.9077 8.1376
14740.0000 47.9487 8.1453
14745.0000 47.9568 8.1440
14750.0000 47.9261 8.1133
14755.0000 47.8869 8.0648
14760.0000 47.8843 8.0660
14765.0000 47.8196 8.0429
14770.0000 47.7624 8.0283
14775.0000 47.7603 8.0532
14780.0000 47.7583 8.0564
14785.0000 47.7261 8.0290
14790.0000 47.7399 8.0262
14795.0000 47.7499 8.0258
14800.0000 47.7682 8.0299
14805.0000 47.7737 8.0282
14810.0000 47.7804 8.0268
14815.0000 47.8415 8.0668
14820.0000 47.8175 8.0391
14825.0000 47.6805 7.9307
14830.0000 47.6121 7.9069
14835.0000 47.5658 7.8953
14840.0000 47.5606 7.8952
14845.0000 47.5740 7.8925
14850.0000 47.5917 7.8944
14855.0000 47.6127 7.8920
14860.0000 47.6518 7.9131
14865.0000 47.7231 7.9656
14870.0000 47.7460 7.9782
14875.0000 47.7868 7.9735
14880.0000 47.8472 7.9719
14885.0000 47.9224 8.0267
14890.0000 47.9001 8.0140
14895.0000 47.7933 7.9677
14900.0000 47.7599 7.9701
14905.0000 47.7616 7.9706
14910.0000 47.8010 7.9976
14915.0000 47.8047 7.9969
14920.0000 47.8079 7.9954
14925.0000 47.8218 7.9935
14930.0000 47.8409 7.9913
14935.0000 47.8483 7.9927
14940.0000 47.8745 8.0168
14945.0000 47.8122 7.9846
14950.0000 47.7666 7.9886
14955.0000 47.7382 8.0418
14960.0000 47.7261 8.0408
14965.0000 47.7724 8.0768
14970.0000 47.7555 8.0403
14975.0000 47.7776 8.0391
14980.0000 47.7967 8.0381
14985.0000 47.8177 8.0369
14990.0000 47.8516 8.0314
14995.0000 47.8669 8.0188
15000.0000 47.8868 8.0181
15005.0000 47.8257 7.9668
15010.0000 47.8278 7.9909
15015.0000 47.7924 7.9772
15020.0000 47.7831 7.9798
15025.0000 47.7831 7.9798
15030.0000 47.8007 7.9851
15035.0000 47.8076 7.9837
15040.0000 47.8379 8.0055
15045.0000 47.8488 8.0043
15050.0000 47.8695 7.9992
15055.0000 47.9053 7.9991
15060.0000 47.9587 8.0211
15065.0000 47.8503 7.9479
15070.0000 47.8059 7.9456
15075.0000 47.7569 7.9464
15080.0000 47.7431 7.9490
15085.0000 47.7513 7.9522
15090.0000 47.7702 7.9539
15095.0000 47.7702 7.9539
15100.0000 47.7739 7.9538
15105.0000 47.7938 7.9680
15110.0000 47.7973 7.9670
15115.0000 47.7973 7.9670
15120.0000 47.8093 7.9721
15125.0000 47.8469 8.0649
15130.0000 47.8290 8.0653
15135.0000 47.8008 8.1103
15140.0000 47.8803 8.1736
15145.0000 47.8792 8.1741
15150.0000 47.8792 8.1741
15155.0000 47.9415 8.2174
15160.0000 47.9538 8.2158
15165.0000 47.9619 8.2160
15170.0000 47.9968 8.2374
15175.0000 48.0556 8.2817
15180.0000 48.0603 8.2822
15185.0000 48.0235 8.2572
15190.0000 47.9755 8.2377
15195.0000 47.9364 8.2305
15200.0000 47.9202 8.2452
15205.0000 47.9340 8.2463
15210.0000 47.9333 8.2391
15215.0000 47.9401 8.2418
15220.0000 47.9401 8.2418
15225.0000 47.9837 8.2653
15230.0000 47.9957 8.2677
15235.0000 48.0107 8.2654
15240.0000 48.0462 8.2967
15245.0000 47.9078 8.2198
15250.0000 47.9310 8.2647
15255.0000 47.8824 8.2513
15260.0000 47.8474 8.2550
15265.0000 47.8995 8.2633
15270.0000 47.9527 8.2752
15275.0000 47.9294 8.2490
15280.0000 47.9390 8.2492
15285.0000 47.9774 8.2762
15290.0000 47.9774 8.2762
15295.0000 47.9926 8.2733
15300.0000 48.0046 8.3058
15305.0000 47.8240 8.1825
15310.0000 47.7766 8.1851
15315.0000 47.7883 8.2275
15320.0000 47.8253 8.2750
15325.0000 47.8403 8.2797
15330.0000 47.8338 8.2539
15335.0000 47.8442 8.2531
15340.0000 47.8904 8.2841
15345.0000 47.9190 8.2959
15350.0000 47.9565 8.3027
15355.0000 47.9901 8.3071
15360.0000 48.0282 8.3528
15365.0000 47.9450 8.2971
15370.0000 47.8405 8.2457
15375.0000 47.7564 8.2403
15380.0000 47.7564 8.2422
15385.0000 47.7818 8.2432
15390.0000 47.7932 8.2449
15395.0000 47.8283 8.2399
15400.0000 47.9102 8.2880
15405.0000 47.9249 8.2880
15410.0000 47.8658 8.2208
15415.0000 47.8749 8.2201
15420.0000 47.8852 8.2159
15425.0000 47.7896 8.1662
15430.0000 47.6776 8.0962
15435.0000 47.6090 8.0679
15440.0000 47.6318 8.1031
15445.0000 47.6352 8.1033
15450.0000 47.6603 8.0961
15455.0000 47.6848 8.0896
15460.0000 47.6927 8.0884
15465.0000 47.7413 8.0952
15470.0000 47.7475 8.0930
15475.0000 47.7072 8.0563
15480.0000 47.7214 8.0505
15485.0000 47.6272 7.9998
15490.0000 47.5179 7.9325
15495.0000 47.4845 7.9260
15500.0000 47.4715 7.9331
15505.0000 47.4930 7.9278
15510.0000 47.5280 7.9504
15515.0000 47.5418 7.9461
15520.0000 47.6066 7.9903
15525.0000 47.6387 7.9984
15530.0000 47.6607 7.9992
15535.0000 47.6856 7.9930
15540.0000 47.6789 7.9793
15545.0000 47.5921 7.9284
15550.0000 47.3703 7.8237
15555.0000 47.3260 7.8234
15560.0000 47.2819 7.7912
15565.0000 47.3318 7.8260
15570.0000 47.4185 7.8939
15575.0000 47.4595 7.9186
15580.0000 47.4961 7.9404
15585.0000 47.5196 7.9404
15590.0000 47.5252 7.9389
15595.0000 47.5362 7.9407
15600.0000 47.5324 7.9425
15605.0000 47.5220 7.9665
15610.0000 47.4881 7.9721
15615.0000 47.4606 7.9671
15620.0000 47.4590 7.9641
15625.0000 47.4353 7.9236
15630.0000 47.4516 7.9176
15635.0000 47.4610 7.9162
15640.0000 47.5037 7.9319
15645.0000 47.5171 7.9324
15650.0000 47.5308 7.9273
15655.0000 47.5096 7.8985
15660.0000 47.5149 7.8970
15665.0000 47.3961 7.8242
15670.0000 47.3469 7.8071
15675.0000 47.3884 7.8620
15680.0000 47.3651 7.8734
15685.0000 47.3875 7.8775
15690.0000 47.4392 7.8918
15695.0000 47.4739 7.8933
15700.0000 47.4964 7.8960
15705.0000 47.5156 7.8950
15710.0000 47.5325 7.8941
15715.0000 47.5934 7.9414
15720.0000 47.5382 7.9254
15725.0000 47.4916 7.9036
15730.0000 47.4943 7.9085
15735.0000 47.5518 7.9498
15740.0000 47.5245 7.9497
15745.0000 47.5278 7.9485
15750.0000 47.5322 7.9488
15755.0000 47.5567 7.9469
15760.0000 47.5617 7.9468
15765.0000 47.5679 7.9467
15770.0000 47.5132 7.8838
15775.0000 47.5489 7.9117
15780.0000 47.5568 7.9229
15785.0000 47.5948 7.9878
15790.0000 47.5609 7.9932
15795.0000 47.5526 8.0028
15800.0000 47.5122 7.9886
15805.0000 47.5555 8.0308
15810.0000 47.5597 8.0292
15815.0000 47.5741 8.0264
15820.0000 47.6294 8.0510
15825.0000 47.6349 8.0491
15830.0000 47.6349 8.0491
15835.0000 47.6349 8.0491
15840.0000 47.6308 8.0527
15845.0000 47.5379 7.9939
15850.0000 47.4991 7.9720
15855.0000 47.4485 7.9514
15860.0000 47.4372 7.9462
15865.0000 47.4993 7.9922
15870.0000 47.5086 7.9682
15875.0000 47.5349 7.9731
15880.0000 47.5468 7.9663
15885.0000 47.5682 7.9612
15890.0000 47.5807 7.9573
15895.0000 47.6020 7.9514
15900.0000 47.6303 7.9805
15905.0000 47.6123 7.9877
15910.0000 47.5536 7.9740
15915.0000 47.5538 7.9931
15920.0000 47.5589 8.0051
15925.0000 47.5683 8.0045
15930.0000 47.5382 7.9765
15935.0000 47.5553 7.9790
15940.0000 47.5948 7.9925
15945.0000 47.5820 7.9724
15950.0000 47.5944 7.9729
15955.0000 47.6066 7.9695
15960.0000 47.6360 7.9725
15965.0000 47.5645 7.9358
15970.0000 47.5228 7.9139
15975.0000 47.5269 7.9177
15980.0000 47.5083 7.9207
15985.0000 47.5055 7.9143
15990.0000 47.4810 7.8827
15995.0000 47.4502 7.8348
16000.0000 47.5154 7.8525
16005.0000 47.5606 7.8747
16010.0000 47.6315 7.9133
16015.0000 47.6761 7.9373
16020.0000 47.6789 7.9361
16025.0000 47.6064 7.8774
16030.0000 47.5944 7.8807
16035.0000 47.5239 7.8679
16040.0000 47.4907 7.8729
16045.0000 47.4974 7.8686
16050.0000 47.4553 7.8290
16055.0000 47.5089 7.8430
16060.0000 47.5604 7.8742
16065.0000 47.6000 7.8721
16070.0000 47.6069 7.8663
16075.0000 47.6457 7.8979
16080.0000 47.6583 7.8953
16085.0000 47.6487 7.8657
16090.0000 47.6142 7.8552
16095.0000 47.5974 7.8773
16100.0000 47.5671 7.8769
16105.0000 47.5496 7.8639
16110.0000 47.5616 7.8660
16115.0000 47.5697 7.8622
16120.0000 47.5697 7.8622
16125.0000 47.5656 7.8587
16130.0000 47.6604 7.9043
16135.0000 47.7016 7.9319
16140.0000 47.7665 7.9402
16145.0000 47.6544 7.8982
16150.0000 47.6666 7.9283
16155.0000 47.7223 8.0244
16160.0000 47.6817 8.0124
16165.0000 47.6781 8.0167
16170.0000 47.6940 8.0161
16175.0000 47.7735 8.0806
16180.0000 47.7769 8.0790
16185.0000 47.7748 8.0572
16190.0000 47.7374 8.0131
16195.0000 47.6838 7.9494
16200.0000 47.6972 7.9575
16205.0000 47.6874 7.9657
16210.0000 47.5876 7.9260
16215.0000 47.5932 7.9576
16220.0000 47.5504 7.9458
16225.0000 47.5460 7.9249
16230.0000 47.5794 7.9489
16235.0000 47.5506 7.9110
16240.0000 47.5624 7.9066
16245.0000 47.5714 7.9045
16250.0000 47.6064 7.9235
16255.0000 47.6241 7.9261
16260.0000 47.6385 7.9271
16265.0000 47.5668 7.9066
16270.0000 47.5049 7.8973
16275.0000 47.4557 7.8904
16280.0000 47.5131 7.9542
16285.0000 47.5425 7.9899
16290.0000 47.5987 8.0370
16295.0000 47.5882 8.0249
16300.0000 47.5920 8.0236
16305.0000 47.6266 8.0375
16310.0000 47.6668 8.0508
16315.0000 47.6840 8.0506
16320.0000 47.6617 8.0184
16325.0000 47.5418 7.9486
16330.0000 47.3946 7.8482
16335.0000 47.4019 7.8848
16340.0000 47.3507 7.8351
16345.0000 47.4298 7.9163
16350.0000 47.4757 7.9552
16355.0000 47.4820 7.9548
16360.0000 47.4859 7.9538
16365.0000 47.5032 7.9514
16370.0000 47.5515 7.9934
16375.0000 47.5351 7.9746
16380.0000 47.5341 7.9788
16385.0000 47.4885 7.9815
16390.0000 47.4443 7.9874
16395.0000 47.3978 7.9742
16400.0000 47.3782 7.9746
16405.0000 47.3776 7.9779
16410.0000 47.3192 7.9111
16415.0000 47.3363 7.9069
16420.0000 47.4228 7.9662
16425.0000 47.4309 7.9637
16430.0000 47.4597 7.9793
16435.0000 47.4713 7.9821
16440.0000 47.4413 7.9532
16445.0000 47.3009 7.8562
16450.0000 47.2805 7.8670
16455.0000 47.2170 7.8692
16460.0000 47.1958 7.8728
16465.0000 47.2857 7.9407
16470.0000 47.3002 7.9407
16475.0000 47.3073 7.9383
16480.0000 47.3073 7.9383
16485.0000 47.3817 7.9690
16490.0000 47.3923 7.9701
16495.0000 47.4035 7.9672
16500.0000 47.4138 7.9674
16505.0000 47.2611 7.8575
16510.0000 47.2326 7.8577
16515.0000 47.2446 7.8998
16520.0000 47.2369 7.9012
16525.0000 47.2414 7.9002
16530.0000 47.3102 7.9296
16535.0000 47.3060 7.8901
16540.0000 47.3597 7.9362
16545.0000 47.4092 7.9596
16550.0000 47.4265 7.9502
16555.0000 47.4529 7.9443
16560.0000 47.5158 7.9870
16565.0000 47.5033 7.9870
16570.0000 47.4973 7.9892
16575.0000 47.4997 7.9795
16580.0000 47.4739 7.9571
16585.0000 47.5040 7.9787
16590.0000 47.5567 8.0038
16595.0000 47.5667 7.9843
16600.0000 47.5715 7.9823
16605.0000 47.5791 7.9799
16610.0000 47.5596 7.9520
16615.0000 47.5230 7.9018
16620.0000 47.5486 7.9297
16625.0000 47.4944 7.9130
16630.0000 47.4642 7.9155
16635.0000 47.4444 7.9128
16640.0000 47.4193 7.9106
16645.0000 47.4190 7.9138
16650.0000 47.4329 7.9107
16655.0000 47.4424 7.9072
16660.0000 47.5216 7.9583
16665.0000 47.5341 7.9551
16670.0000 47.5391 7.9540
16675.0000 47.5115 7.9127
16680.0000 47.5188 7.9147
16685.0000 47.4716 7.8900
16690.0000 47.4675 7.9162
16695.0000 47.3881 7.8726
16700.0000 47.3607 7.8776
16705.0000 47.3816 7.9045
16710.0000 47.4102 7.8984
16715.0000 47.4252 7.8978
16720.0000 47.4376 7.8981
16725.0000 47.4522 7.8980
16730.0000 47.4906 7.9276
16735.0000 47.4980 7.9246
16740.0000 47.4531 7.8798
16745.0000 47.4382 7.8850
16750.0000 47.3520 7.8950
16755.0000 47.2990 7.8984
16760.0000 47.2996 7.9211
16765.0000 47.3131 7.9276
16770.0000 47.3116 7.9203
16775.0000 47.3216 7.9181
16780.0000 47.4070 7.9754
16785.0000 47.4059 7.9645
16790.0000 47.4041 7.9543
16795.0000 47.4158 7.9534
16800.0000 47.4811 7.9969
16805.0000 47.3196 7.9287
16810.0000 47.2607 7.9154
16815.0000 47.2361 7.9477
16820.0000 47.2092 7.9507
16825.0000 47.2241 7.9649
16830.0000 47.2395 7.9622
16835.0000 47.2803 7.9858
16840.0000 47.2884 7.9847
16845.0000 47.2944 7.9817
16850.0000 47.3094 7.9844
16855.0000 47.3663 8.0272
16860.0000 47.3637 8.0294
16865.0000 47.3737 8.0702
16870.0000 47.3447 8.0771
16875.0000 47.3171 8.0778
16880.0000 47.3050 8.0794
16885.0000 47.2966 8.0807
16890.0000 47.3473 8.1107
16895.0000 47.3370 8.0720
16900.0000 47.3489 8.0688
16905.0000 47.3560 8.0666
16910.0000 47.3747 8.0652
16915.0000 47.3963 8.0591
16920.0000 47.4286 8.0712
16925.0000 47.3425 8.0237
16930.0000 47.2865 8.0239
16935.0000 47.2665 8.0525
16940.0000 47.2264 8.0168
16945.0000 47.2262 8.0283
16950.0000 47.2421 8.0255
16955.0000 47.2483 8.0253
16960.0000 47.2894 8.0554
16965.0000 47.3384 8.0935
16970.0000 47.3873 8.1239
16975.0000 47.4118 8.1335
16980.0000 47.3697 8.0913
16985.0000 47.3077 8.0701
16990.0000 47.1909 8.0262
16995.0000 47.1858 8.0621
17000.0000 47.1442 8.0241
17005.0000 47.1299 8.0269
17010.0000 47.1508 8.0225
17015.0000 47.1559 8.0213
17020.0000 47.2275 8.0759
17025.0000 47.2035 8.0394
17030.0000 47.2132 8.0328
17035.0000 47.2617 8.0633
17040.0000 47.2617 8.0633
17045.0000 47.2455 8.0520
17050.0000 47.2408 8.0855
17055.0000 47.2224 8.0896
17060.0000 47.1869 8.0746
17065.0000 47.2692 8.1451
17070.0000 47.3056 8.1672
17075.0000 47.3090 8.1668
17080.0000 47.3167 8.1634
17085.0000 47.3202 8.1628
17090.0000 47.3314 8.1681
17095.0000 47.3464 8.1676
17100.0000 47.3400 8.1710
17105.0000 47.3424 8.2040
17110.0000 47.2836 8.1893
17115.0000 47.2869 8.1915
17120.0000 47.1903 8.1149
17125.0000 47.1262 8.0788
17130.0000 47.1890 8.1073
17135.0000 47.1723 8.0756
17140.0000 47.1297 8.0350
17145.0000 47.1376 8.0324
17150.0000 47.1444 8.0395
17155.0000 47.1509 8.0403
17160.0000 47.1185 8.0222
17165.0000 47.0208 7.9587
17170.0000 46.9641 7.9355
17175.0000 46.9624 7.9456
17180.0000 46.9265 7.9498
17185.0000 46.9029 7.9244
17190.0000 46.9269 7.9269
17195.0000 46.9610 7.9256
17200.0000 46.9828 7.9219
17205.0000 47.0115 7.9166
17210.0000 47.0338 7.9153
17215.0000 47.0580 7.9126
17220.0000 47.0851 7.9294
17225.0000 47.0875 7.9204
17230.0000 47.0282 7.8945
17235.0000 47.0059 7.8859
17240.0000 46.9876 7.8877
17245.0000 46.9773 7.8904
17250.0000 47.0005 7.8854
17255.0000 47.0121 7.8863
17260.0000 47.0637 7.9143
17265.0000 47.0728 7.9157
17270.0000 47.0688 7.9119
17275.0000 47.0714 7.9102
17280.0000 47.0255 7.8787
17285.0000 47.0280 7.8787
17290.0000 46.8787 7.7975
17295.0000 46.8533 7.7992
17300.0000 46.8160 7.8011
17305.0000 46.8156 7.8297
17310.0000 46.8655 7.8659
17315.0000 46.8771 7.8678
17320.0000 46.8914 7.8589
17325.0000 46.9560 7.9059
17330.0000 47.0190 7.9429
17335.0000 47.0422 7.9602
17340.0000 47.0593 7.9643
17345.0000 47.0106 7.9429
17350.0000 46.9193 7.9029
17355.0000 46.8741 7.8962
17360.0000 46.8827 7.8991
17365.0000 46.8661 7.9036
17370.0000 46.8916 7.9011
17375.0000 46.8978 7.8996
17380.0000 46.9252 7.9247
17385.0000 46.9602 7.9557
17390.0000 46.9668 7.9540
17395.0000 47.0384 7.9948
17400.0000 47.0222 7.9834
17405.0000 46.9702 7.9580
17410.0000 46.9044 7.9152
17415.0000 46.8558 7.9127
17420.0000 46.8289 7.9193
17425.0000 46.8224 7.9207
17430.0000 46.8701 7.9707
17435.0000 46.8629 7.9440
17440.0000 46.8025 7.8824
17445.0000 46.8114 7.8843
17450.0000 46.8114 7.8843
17455.0000 46.8171 7.8830
17460.0000 46.8180 7.8781
17465.0000 46.9082 7.9697
17470.0000 46.7676 7.9012
17475.0000 46.7501 7.8969
17480.0000 46.7187 7.9013
17485.0000 46.7036 7.9034
17490.0000 46.7112 7.9109
17495.0000 46.7150 7.9094
17500.0000 46.7264 7.9067
17505.0000 46.7529 7.9300
17510.0000 46.7570 7.9286
17515.0000 46.7627 7.9282
17520.0000 46.7274 7.8974
17525.0000 46.6798 7.8723
17530.0000 46.5525 7.8184
17535.0000 46.5262 7.8332
17540.0000 46.5243 7.8414
17545.0000 46.5725 7.8765
17550.0000 46.5892 7.8823
17555.0000 46.6034 7.8870
17560.0000 46.6136 7.8875
17565.0000 46.5877 7.8488
17570.0000 46.6008 7.8530
17575.0000 46.6405 7.8609
17580.0000 46.6596 7.8689
17585.0000 46.6064 7.8488
17590.0000 46.5913 7.8509
17595.0000 46.5734 7.8580
17600.0000 46.5938 7.8916
17605.0000 46.5915 7.9037
17610.0000 46.5585 7.8699
17615.0000 46.5637 7.8694
17620.0000 46.5763 7.8675
17625.0000 46.5962 7.8635
17630.0000 46.6216 7.8659
17635.0000 46.6341 7.8660
17640.0000 46.6341 7.8660
17645.0000 46.4991 7.7886
17650.0000 46.4017 7.7129
17655.0000 46.4150 7.7337
17660.0000 46.4376 7.7575
17665.0000 46.5209 7.8502
17670.0000 46.5437 7.8754
17675.0000 46.5417 7.8693
17680.0000 46.5532 7.8715
17685.0000 46.6032 7.9051
17690.0000 46.6208 7.9045
17695.0000 46.6277 7.9092
17700.0000 46.5781 7.8596
17705.0000 46.4654 7.8064
17710.0000 46.3721 7.7570
17715.0000 46.4064 7.7956
17720.0000 46.4753 7.8579
17725.0000 46.4919 7.8748
17730.0000 46.5209 7.8965
17735.0000 46.5248 7.8943
17740.0000 46.5397 7.8900
17745.0000 46.5500 7.8845
17750.0000 46.5758 7.8823
17755.0000 46.6167 7.9098
17760.0000 46.6196 7.9000
17765.0000 46.5546 7.8672
17770.0000 46.4194 7.7942
17775.0000 46.4133 7.7911
17780.0000 46.4040 7.7905
17785.0000 46.3791 7.7943
17790.0000 46.3338 7.7581
17795.0000 46.3796 7.7846
17800.0000 46.3915 7.7836
17805.0000 46.3647 7.7383
17810.0000 46.3880 7.7363
17815.0000 46.4061 7.7356
17820.0000 46.4103 7.7432
17825.0000 46.3883 7.7204
17830.0000 46.3266 7.6955
17835.0000 46.3157 7.7010
17840.0000 46.2897 7.6849
17845.0000 46.3009 7.6962
17850.0000 46.3301 7.7134
17855.0000 46.3419 7.7091
17860.0000 46.3505 7.7075
17865.0000 46.3212 7.6711
17870.0000 46.3694 7.6928
17875.0000 46.3769 7.6930
17880.0000 46.3496 7.6669
17885.0000 46.3353 7.6585
17890.0000 46.2946 7.6446
17895.0000 46.2731 7.6385
17900.0000 46.2552 7.6333
17905.0000 46.2496 7.6322
17910.0000 46.2540 7.6235
17915.0000 46.2838 7.6424
17920.0000 46.3677 7.6845
17925.0000 46.4366 7.7359
17930.0000 46.4694 7.7638
17935.0000 46.4749 7.7635
17940.0000 46.4699 7.7330
17945.0000 46.4500 7.7366
17950.0000 46.2172 7.5680
17955.0000 46.2053 7.5682
17960.0000 46.1935 7.5834
17965.0000 46.2317 7.6232
17970.0000 46.2506 7.6194
17975.0000 46.2632 7.6130
17980.0000 46.2786 7.6022
17985.0000 46.3252 7.6113
17990.0000 46.3329 7.5886
17995.0000 46.3512 7.5791
18000.0000 46.3663 7.5841
18005.0000 46.4193 7.6570
18010.0000 46.3424 7.6266
18015.0000 46.3169 7.6257
18020.0000 46.3124 7.6187
18025.0000 46.3591 7.6733
18030.0000 46.3582 7.6723
18035.0000 46.3627 7.6722
18040.0000 46.3980 7.6872
18045.0000 46.4123 7.6932
18050.0000 46.4226 7.6956
18055.0000 46.4454 7.6993
18060.0000 46.4531 7.7109
18065.0000 46.4963 7.7374
18070.0000 46.4420 7.7205
18075.0000 46.3900 7.7195
18080.0000 46.3791 7.7155
18085.0000 46.3800 7.7191
18090.0000 46.4319 7.7678
18095.0000 46.4879 7.8056
18100.0000 46.4945 7.8031
18105.0000 46.5225 7.8148
18110.0000 46.5657 7.8359
18115.0000 46.7028 7.9079
18120.0000 46.6623 7.8674
18125.0000 46.6954 7.9545
18130.0000 46.6525 7.9239
18135.0000 46.6049 7.9214
18140.0000 46.6059 7.9337
18145.0000 46.6491 7.9878
18150.0000 46.6491 7.9878
18155.0000 46.6871 8.0137
18160.0000 46.6617 7.9898
18165.0000 46.6751 7.9886
18170.0000 46.7076 8.0060
18175.0000 46.7036 8.0022
18180.0000 46.7456 8.0522
18185.0000 46.6725 7.9883
18190.0000 46.6582 7.9785
18195.0000 46.6483 7.9994
18200.0000 46.6686 8.0103
18205.0000 46.6656 8.0065
18210.0000 46.6731 8.0061
18215.0000 46.6779 8.0064
18220.0000 46.6826 8.0069
18225.0000 46.6942 8.0061
18230.0000 46.7406 8.0384
18235.0000 46.7194 8.0000
18240.0000 46.7391 8.0340
18245.0000 46.7117 8.0272
18250.0000 46.6521 8.0368
18255.0000 46.6469 8.0381
18260.0000 46.7067 8.0532
18265.0000 46.6805 8.0304
18270.0000 46.6819 8.0287
18275.0000 46.6887 8.0263
18280.0000 46.6967 8.0211
18285.0000 46.7065 8.0229
18290.0000 46.6870 7.9902
18295.0000 46.7461 8.0404
18300.0000 46.7567 8.0386
18305.0000 46.6872 8.0222
18310.0000 46.6077 7.9914
18315.0000 46.5675 7.9861
18320.0000 46.5533 7.9759
18325.0000 46.5507 7.9806
18330.0000 46.5479 7.9823
18335.0000 46.5545 7.9822
18340.0000 46.5545 7.9822
18345.0000 46.5612 7.9838
18350.0000 46.6015 8.0093
18355.0000 46.6571 8.0432
18360.0000 46.6450 8.0531
18365.0000 46.5199 7.9940
18370.0000 46.3972 7.9290
18375.0000 46.3773 7.9279
18380.0000 46.4042 7.9339
18385.0000 46.4783 8.0001
18390.0000 46.4576 7.9866
18395.0000 46.4576 7.9866
18400.0000 46.4576 7.9866
18405.0000 46.4676 7.9872
18410.0000 46.4770 7.9861
18415.0000 46.4820 7.9838
18420.0000 46.4793 7.9861
18425.0000 46.4365 7.9604
18430.0000 46.3727 7.9545
18435.0000 46.3343 7.9535
18440.0000 46.3101 7.9524
18445.0000 46.2985 7.9550
18450.0000 46.2857 7.9571
18455.0000 46.2857 7.9571
18460.0000 46.2938 7.9559
18465.0000 46.3718 8.0131
18470.0000 46.4283 8.0354
18475.0000 46.4283 8.0354
18480.0000 46.4283 8.0354
18485.0000 46.2685 7.9473
18490.0000 46.1528 7.9037
18495.0000 46.1253 7.9281
18500.0000 46.1066 7.9248
18505.0000 46.1369 7.9566
18510.0000 46.1154 7.9358
18515.0000 46.1154 7.9358
18520.0000 46.1197 7.9351
18525.0000 46.1284 7.9335
18530.0000 46.1398 7.9334
18535.0000 46.1533 7.9319
18540.0000 46.1523 7.9359
18545.0000 46.0575 7.8717
18550.0000 45.9762 7.8542
18555.0000 45.9303 7.8522
18560.0000 45.9274 7.8518
18565.0000 45.9586 7.8834
18570.0000 46.0056 7.9353
18575.0000 46.0056 7.9353
18580.0000 46.0154 7.9301
18585.0000 46.0734 7.9324
18590.0000 46.1129 7.9624
18595.0000 46.0973 7.9436
18600.0000 46.1068 7.9472
18605.0000 46.0529 7.9325
18610.0000 46.1373 8.0308
18615.0000 46.1097 8.0291
18620.0000 46.1123 8.0251
18625.0000 46.1519 8.0379
18630.0000 46.1670 8.0456
18635.0000 46.1797 8.0460
18640.0000 46.2396 8.0837
18645.0000 46.2526 8.0815
18650.0000 46.2977 8.1063
18655.0000 46.3097 8.1081
18660.0000 46.3003 8.1119
18665.0000 46.2140 8.0610
18670.0000 46.0646 7.9747
18675.0000 46.0446 7.9705
18680.0000 46.0312 7.9686
18685.0000 46.0358 7.9702
18690.0000 46.1183 8.0346
18695.0000 46.1423 8.0290
18700.0000 46.1657 8.0211
18705.0000 46.1852 8.0157
18710.0000 46.2020 8.0096
18715.0000 46.2244 8.0018
18720.0000 46.2244 8.0018
18725.0000 46.2199 8.0035
18730.0000 46.2059 8.0284
18735.0000 46.1728 8.0530
18740.0000 46.1480 8.0634
18745.0000 46.1164 8.0376
18750.0000 46.1165 8.0354
18755.0000 46.1263 8.0307
18760.0000 46.2327 8.1189
18765.0000 46.2389 8.1206
18770.0000 46.2389 8.1206
18775.0000 46.2456 8.1208
18780.0000 46.2338 8.1307
18785.0000 46.1122 8.0383
18790.0000 46.0145 7.9797
18795.0000 45.9597 7.9811
18800.0000 45.9510 7.9816
18805.0000 45.9290 7.9866
18810.0000 45.9666 8.0294
18815.0000 45.9773 8.0263
18820.0000 45.9865 8.0243
18825.0000 45.9552 7.9822
18830.0000 45.9943 8.0149
18835.0000 46.0254 8.0225
18840.0000 46.0136 8.0239
18845.0000 46.0372 8.0521
18850.0000 45.9920 8.0502
18855.0000 45.9704 8.0509
18860.0000 45.9987 8.0832
18865.0000 45.9878 8.0855
18870.0000 45.9877 8.0865
18875.0000 46.0331 8.1060
18880.0000 46.0474 8.1058
18885.0000 46.0523 8.1089
18890.0000 46.0833 8.1364
18895.0000 46.0860 8.1354
18900.0000 46.0906 8.1342
18905.0000 46.0761 8.1310
18910.0000 45.9665 8.0677
18915.0000 45.9292 8.0662
18920.0000 45.9081 8.0586
18925.0000 45.9406 8.1037
18930.0000 45.9319 8.1047
18935.0000 45.9411 8.1037
18940.0000 45.9467 8.1013
18945.0000 45.9500 8.1001
18950.0000 45.9542 8.0994
18955.0000 45.9727 8.0982
18960.0000 45.9940 8.1131
18965.0000 45.8694 8.0381
18970.0000 45.8205 8.0099
18975.0000 45.7603 7.9753
18980.0000 45.7749 8.0046
18985.0000 45.7575 8.0074
18990.0000 45.7469 8.0100
18995.0000 45.7513 8.0111
19000.0000 45.7557 8.0103
19005.0000 45.7588 8.0100
19010.0000 45.7661 8.0101
19015.0000 45.8131 8.0532
19020.0000 45.8448 8.0911
19025.0000 45.7448 8.0097
19030.0000 45.7653 8.0489
19035.0000 45.7249 8.0486
19040.0000 45.7488 8.0696
19045.0000 45.7498 8.0695
19050.0000 45.7483 8.0686
19055.0000 45.7510 8.0689
19060.0000 45.7744 8.0652
19065.0000 45.7951 8.0726
19070.0000 45.8550 8.1156
19075.0000 45.8695 8.1153
19080.0000 45.8725 8.1252
19085.0000 45.8325 8.0944
19090.0000 45.8174 8.0797
19095.0000 45.8210 8.1245
19100.0000 45.8035 8.1133
19105.0000 45.8057 8.1507
19110.0000 45.8112 8.1493
19115.0000 45.8161 8.1476
19120.0000 45.8638 8.1709
19125.0000 45.8474 8.1344
19130.0000 45.8526 8.1199
19135.0000 45.9150 8.1527
19140.0000 45.8634 8.1044
19145.0000 45.8023 8.0428
19150.0000 45.7241 8.0278
19155.0000 45.6536 8.0264
19160.0000 45.6239 8.0259
19165.0000 45.6475 8.0259
19170.0000 45.6610 8.0264
19175.0000 45.7313 8.0540
19180.0000 45.8161 8.0992
19185.0000 45.8161 8.0992
19190.0000 45.8041 8.0882
19195.0000 45.8153 8.0852
19200.0000 45.8280 8.1204
19205.0000 45.7140 8.0539
19210.0000 45.7160 8.0802
19215.0000 45.7406 8.1386
19220.0000 45.7114 8.1264
19225.0000 45.7718 8.1762
19230.0000 45.7730 8.1796
19235.0000 45.7863 8.1731
19240.0000 45.8362 8.2071
19245.0000 45.8408 8.2069
19250.0000 45.9152 8.2451
19255.0000 45.9207 8.2451
19260.0000 45.9543 8.2752
19265.0000 45.8503 8.1871
19270.0000 45.7396 8.1250
19275.0000 45.6866 8.1209
19280.0000 45.6700 8.1201
19285.0000 45.6622 8.1240
19290.0000 45.6643 8.1238
19295.0000 45.6756 8.1231
19300.0000 45.6802 8.1225
19305.0000 45.6860 8.1197
19310.0000 45.7081 8.1137
19315.0000 45.7207 8.1101
19320.0000 45.7292 8.1084
19325.0000 45.6838 8.1174
19330.0000 45.7003 8.1458
19335.0000 45.7016 8.1616
19340.0000 45.6336 8.0879
19345.0000 45.6074 8.0870
19350.0000 45.6234 8.0791
19355.0000 45.6649 8.0923
19360.0000 45.6826 8.0900
19365.0000 45.7053 8.0886
19370.0000 45.7182 8.0870
19375.0000 45.7246 8.0885
19380.0000 45.6958 8.0514
19385.0000 45.6769 8.0424
19390.0000 45.5336 7.9361
19395.0000 45.4828 7.9301
19400.0000 45.4636 7.9295
19405.0000 45.4461 7.9316
19410.0000 45.4536 7.9316
19415.0000 45.4660 7.9325
19420.0000 45.4723 7.9337
19425.0000 45.4825 7.9300
19430.0000 45.4925 7.9273
19435.0000 45.4974 7.9270
19440.0000 45.5001 7.9314
19445.0000 45.4507 7.9022
19450.0000 45.3699 7.9006
19455.0000 45.3457 7.9027
19460.0000 45.3734 7.9247
19465.0000 45.3783 7.9317
19470.0000 45.3847 7.9341
19475.0000 45.3980 7.9339
19480.0000 45.3724 7.9014
19485.0000 45.3941 7.8964
19490.0000 45.4378 7.9247
19495.0000 45.4522 7.9236
19500.0000 45.4485 7.9236
19505.0000 45.2699 7.7987
19510.0000 45.2207 7.7812
19515.0000 45.1226 7.7333
19520.0000 45.1264 7.7283
19525.0000 45.1001 7.7274
19530.0000 45.1364 7.7616
19535.0000 45.1444 7.7609
19540.0000 45.1444 7.7609
19545.0000 45.1517 7.7583
19550.0000 45.1567 7.7570
19555.0000 45.1976 7.7846
19560.0000 45.1877 7.7986
19565.0000 45.1368 7.8186
19570.0000 45.1154 7.8231
19575.0000 45.1312 7.8555
19580.0000 45.1221 7.8440
19585.0000 45.1240 7.8718
19590.0000 45.1214 7.8720
19595.0000 45.1245 7.8726
19600.0000 45.1245 7.8726
19605.0000 45.1333 7.8732
19610.0000 45.1499 7.8743
19615.0000 45.1620 7.8770
19620.0000 45.1651 7.8992
19625.0000 45.0773 7.8645
19630.0000 45.0378 7.8415
19635.0000 45.0424 7.8845
19640.0000 45.0538 7.8832
19645.0000 45.0475 7.8857
19650.0000 45.0455 7.8804
19655.0000 45.0566 7.8844
19660.0000 45.0566 7.8844
19665.0000 45.0599 7.8837
19670.0000 45.0698 7.8819
19675.0000 45.0698 7.8819
19680.0000 45.0994 7.9041
19685.0000 45.0160 7.8487
19690.0000 44.9765 7.8506
19695.0000 44.9346 7.8467
19700.0000 44.9301 7.8301
19705.0000 44.9804 7.8842
19710.0000 45.1083 8.0194
19715.0000 45.1479 8.0575
19720.0000 45.1683 8.0614
19725.0000 45.2033 8.0801
19730.0000 45.2294 8.0804
19735.0000 45.2377 8.0814
19740.0000 45.2891 8.0821
19745.0000 45.2675 8.0603
19750.0000 45.2260 8.0331
19755.0000 45.1921 8.0052
19760.0000 45.2004 8.0026
19765.0000 45.2351 8.0348
19770.0000 45.2470 8.0364
19775.0000 45.2522 8.0378
19780.0000 45.2628 8.0407
19785.0000 45.2793 8.0445
19790.0000 45.3010 8.0420
19795.0000 45.3567 8.0467
19800.0000 45.3957 8.0880
19805.0000 45.3701 8.0606
19810.0000 45.2914 8.0311
19815.0000 45.2464 8.0488
19820.0000 45.2738 8.0780
19825.0000 45.2490 8.0851
19830.0000 45.2478 8.0856
19835.0000 45.2478 8.0856
19840.0000 45.2525 8.0833
19845.0000 45.2618 8.0822
19850.0000 45.2679 8.0816
19855.0000 45.2811 8.0820
19860.0000 45.3010 8.1124
19865.0000 45.2502 8.0687
19870.0000 45.1927 8.0322
19875.0000 45.1489 8.0414
19880.0000 45.1267 8.0187
19885.0000 45.0920 8.0197
19890.0000 45.0839 8.0205
19895.0000 45.0882 8.0197
19900.0000 45.1174 8.0408
19905.0000 45.1238 8.0411
19910.0000 45.1298 8.0406
19915.0000 45.1341 8.0400
19920.0000 45.1324 8.0427
19925.0000 45.1081 8.0444
19930.0000 45.0951 8.0459
19935.0000 45.0605 8.0876
19940.0000 45.1018 8.1040
19945.0000 45.1163 8.1418
19950.0000 45.1523 8.1788
19955.0000 45.1754 8.1760
19960.0000 45.1817 8.1782
19965.0000 45.1870 8.1801
19970.0000 45.1933 8.1794
19975.0000 45.1989 8.1782
19980.0000 45.2032 8.1791
19985.0000 45.1480 8.1122
19990.0000 45.0806 8.0606
19995.0000 45.0074 8.0314
20000.0000 45.0198 8.0492
20005.0000 45.0076 8.0486
20010.0000 44.9857 8.0548
20015.0000 44.9927 8.0516
20020.0000 45.0101 8.0457
20025.0000 45.1015 8.1186
20030.0000 45.1015 8.1186
20035.0000 45.1516 8.1282
20040.0000 45.1982 8.1488
20045.0000 45.1230 8.1037
20050.0000 45.1339 8.1075
20055.0000 45.1061 8.1015
20060.0000 45.0871 8.0575
20065.0000 45.0723 8.0553
20070.0000 45.0999 8.0524
20075.0000 45.1600 8.0876
20080.0000 45.1748 8.0886
20085.0000 45.1825 8.0893
20090.0000 45.2366 8.1234
20095.0000 45.2880 8.1531
20100.0000 45.3098 8.1537
20105.0000 45.3208 8.1569
20110.0000 45.3070 8.1598
20115.0000 45.3017 8.1579
20120.0000 45.2962 8.1595
20125.0000 45.2176 8.1305
20130.0000 45.2256 8.1365
20135.0000 45.2362 8.1379
20140.0000 45.2525 8.1397
20145.0000 45.2776 8.1428
20150.0000 45.3368 8.1772
20155.0000 45.3351 8.1394
20160.0000 45.3720 8.1398
20165.0000 45.3427 8.1150
20170.0000 45.2913 8.1184
20175.0000 45.2413 8.1208
20180.0000 45.3269 8.2009
20185.0000 45.3164 8.2041
20190.0000 45.2494 8.1385
20195.0000 45.2685 8.1532
20200.0000 45.2736 8.1516
20205.0000 45.2972 8.1452
20210.0000 45.3103 8.1413
20215.0000 45.3246 8.1350
20220.0000 45.3325 8.1376
20225.0000 45.3393 8.1354
20230.0000 45.2182 8.0225
20235.0000 45.1798 7.9934
20240.0000 45.1870 7.9931
20245.0000 45.1656 7.9921
20250.0000 45.2202 8.0076
20255.0000 45.2418 8.0041
20260.0000 45.2556 8.0030
20265.0000 45.3219 8.0123
20270.0000 45.3471 8.0169
20275.0000 45.3786 8.0247
20280.0000 45.3849 7.9939
20285.0000 45.4376 8.0263
20290.0000 45.2642 7.9106
20295.0000 45.2311 7.9139
20300.0000 45.2278 7.9164
20305.0000 45.2449 7.9284
20310.0000 45.2480 7.9271
20315.0000 45.2790 7.9347
20320.0000 45.3439 7.9760
20325.0000 45.3668 7.9755
20330.0000 45.3728 7.9770
20335.0000 45.3839 7.9778
20340.0000 45.4333 8.0203
20345.0000 45.2695 7.9393
20350.0000 45.2509 7.9569
20355.0000 45.2799 7.9952
20360.0000 45.2781 8.0076
20365.0000 45.1989 7.9803
20370.0000 45.2073 7.9842
20375.0000 45.2214 7.9869
20380.0000 45.2411 7.9861
20385.0000 45.2612 7.9891
20390.0000 45.2800 7.9885
20395.0000 45.3060 7.9941
20400.0000 45.3163 8.0015
20405.0000 45.2283 7.9890
20410.0000 45.2029 7.9627
20415.0000 45.2310 7.9839
20420.0000 45.2514 7.9822
20425.0000 45.2222 7.9790
20430.0000 45.2308 7.9801
20435.0000 45.2372 7.9802
20440.0000 45.2526 7.9786
20445.0000 45.2446 7.9595
20450.0000 45.2399 7.9459
20455.0000 45.2766 7.9627
20460.0000 45.2534 7.9375
20465.0000 45.2663 7.9483
20470.0000 45.1941 7.8797
20475.0000 45.1698 7.8898
20480.0000 45.1671 7.9010
20485.0000 45.1613 7.9079
20490.0000 45.1937 7.9237
20495.0000 45.2253 7.9325
20500.0000 45.2712 7.9567
20505.0000 45.2753 7.9353
20510.0000 45.2938 7.9445
20515.0000 45.4349 8.0661
20520.0000 45.4664 8.0957
20525.0000 45.3880 8.0441
20530.0000 45.2715 7.9865
20535.0000 45.2539 7.9835
20540.0000 45.2252 7.9815
20545.0000 45.2055 7.9801
20550.0000 45.1991 7.9833
20555.0000 45.2004 7.9839
20560.0000 45.2134 7.9813
20565.0000 45.2134 7.9813
20570.0000 45.2170 7.9794
20575.0000 45.2604 8.0039
20580.0000 45.3193 8.0506
20585.0000 45.3814 8.0868
20590.0000 45.4354 8.1364
20595.0000 45.4004 8.1366
20600.0000 45.4114 8.1316
20605.0000 45.3542 8.0600
20610.0000 45.3446 8.0316
20615.0000 45.3681 8.0395
20620.0000 45.3769 8.0385
20625.0000 45.3279 7.9725
20630.0000 45.3399 7.9698
20635.0000 45.3399 7.9698
20640.0000 45.3480 7.9713
20645.0000 45.2524 7.9160
20650.0000 45.2191 7.9106
20655.0000 45.1833 7.9161
20660.0000 45.2105 7.9547
20665.0000 45.1951 7.9519
20670.0000 45.1898 7.9530
20675.0000 45.2001 7.9481
20680.0000 45.2232 7.9389
20685.0000 45.2276 7.9382
20690.0000 45.2361 7.9370
20695.0000 45.2524 7.9348
20700.0000 45.2608 7.9338
20705.0000 45.2184 7.9058
20710.0000 45.2184 7.9094
20715.0000 45.1756 7.9202
20720.0000 45.1502 7.9132
20725.0000 45.1821 7.9567
20730.0000 45.1844 7.9580
20735.0000 45.1837 7.9574
20740.0000 45.1971 7.9590
20745.0000 45.2085 7.9599
20750.0000 45.2118 7.9588
20755.0000 45.2195 7.9546
20760.0000 45.1851 7.9167
20765.0000 45.1632 7.9267
20770.0000 45.1019 7.9079
20775.0000 45.0841 7.9147
20780.0000 45.0592 7.9121
20785.0000 45.0541 7.9097
20790.0000 45.0554 7.9414
20795.0000 45.1109 7.9824
20800.0000 45.1109 7.9824
20805.0000 45.1187 7.9834
20810.0000 45.1321 7.9834
20815.0000 45.1600 8.0033
20820.0000 45.1632 7.9934
20825.0000 45.2317 8.0485
20830.0000 45.2141 8.0484
20835.0000 45.2268 8.0906
20840.0000 45.1984 8.0884
20845.0000 45.2164 8.1167
20850.0000 45.1755 8.0787
20855.0000 45.1750 8.0768
20860.0000 45.1787 8.0629
20865.0000 45.2838 8.1147
20870.0000 45.3767 8.1929
20875.0000 45.5105 8.2681
20880.0000 45.4564 8.2242
20885.0000 45.5205 8.2708
20890.0000 45.4777 8.2490
20895.0000 45.4671 8.2683
20900.0000 45.5070 8.3178
20905.0000 45.5340 8.3096
20910.0000 45.5323 8.3088
20915.0000 45.5429 8.3044
20920.0000 45.5535 8.2980
20925.0000 45.5593 8.2944
20930.0000 45.5691 8.2912
20935.0000 45.5993 8.2826
20940.0000 45.6193 8.2725
20945.0000 45.6145 8.2753
20950.0000 45.5361 8.2264
20955.0000 45.5185 8.2235
20960.0000 45.4515 8.1786
20965.0000 45.4650 8.1881
20970.0000 45.4522 8.1827
20975.0000 45.4585 8.1779
20980.0000 45.4742 8.1736
20985.0000 45.4601 8.1313
20990.0000 45.4750 8.1281
20995.0000 45.4921 8.1296
21000.0000 45.5013 8.1278
21005.0000 45.4956 8.1310
21010.0000 45.4008 8.0791
21015.0000 45.4136 8.1149
21020.0000 45.4149 8.1104
21025.0000 45.3985 8.1126
21030.0000 45.3980 8.1110
21035.0000 45.3991 8.1108
21040.0000 45.4105 8.1128
21045.0000 45.4234 8.1164
21050.0000 45.4770 8.1539
21055.0000 45.5253 8.1970
21060.0000 45.4842 8.1670
21065.0000 45.4887 8.1665
21070.0000 45.3284 8.0694
21075.0000 45.3079 8.0759
21080.0000 45.3175 8.0950
21085.0000 45.2978 8.0959
21090.0000 45.2954 8.0944
21095.0000 45.2883 8.0935
21100.0000 45.2883 8.0935
21105.0000 45.2994 8.0918
21110.0000 45.3430 8.1205
21115.0000 45.3518 8.1178
21120.0000 45.3670 8.1135
21125.0000 45.3071 8.0702
21130.0000 45.2718 8.0588
21135.0000 45.2032 8.0286
21140.0000 45.1852 8.0298
21145.0000 45.1542 8.0275
21150.0000 45.1569 8.0281
21155.0000 45.1807 8.0229
21160.0000 45.1853 8.0216
21165.0000 45.1916 8.0205
21170.0000 45.1987 8.0238
21175.0000 45.2097 8.0205
21180.0000 45.2097 8.0205
21185.0000 45.2137 8.0201
21190.0000 45.1333 7.9763
21195.0000 45.1086 7.9821
21200.0000 45.1575 8.0308
21205.0000 45.1368 8.0581
21210.0000 45.1979 8.1083
21215.0000 45.1757 8.0796
21220.0000 45.2119 8.1058
21225.0000 45.2199 8.1058
21230.0000 45.2417 8.1120
21235.0000 45.2640 8.1151
21240.0000 45.2704 8.1182
21245.0000 45.1914 8.0605
21250.0000 45.0907 7.9760
21255.0000 45.0511 7.9762
21260.0000 45.0527 7.9734
21265.0000 45.0360 7.9749
21270.0000 45.0244 7.9809
21275.0000 45.0609 8.0094
21280.0000 45.0609 8.0094
21285.0000 45.0690 8.0091
21290.0000 45.0744 8.0095
21295.0000 45.0861 8.0065
21300.0000 45.1331 8.0364
21305.0000 45.0953 8.0173
21310.0000 45.0885 8.0027
21315.0000 45.1141 8.0401
21320.0000 45.1160 8.0443
21325.0000 45.1020 8.0510
21330.0000 45.0639 8.0146
21335.0000 45.1074 8.0523
21340.0000 45.1074 8.0523
21345.0000 45.1108 8.0520
21350.0000 45.1229 8.0515
21355.0000 45.1805 8.0838
21360.0000 45.1904 8.0801
21365.0000 45.1564 8.0541
21370.0000 45.0221 7.9683
21375.0000 44.9564 7.9474
21380.0000 44.9320 7.9498
21385.0000 44.9119 7.9507
21390.0000 44.8953 7.9547
21395.0000 44.9006 7.9530
21400.0000 44.9006 7.9530
21405.0000 44.9119 7.9534
21410.0000 44.9734 7.9941
21415.0000 45.0100 8.0276
21420.0000 45.0063 8.0305
21425.0000 44.9779 8.0134
21430.0000 44.9370 7.9902
21435.0000 44.9698 8.0267
21440.0000 44.9799 8.0276
21445.0000 44.9481 8.0339
21450.0000 44.9388 8.0385
21455.0000 44.9391 8.0391
21460.0000 44.9458 8.0383
21465.0000 44.9521 8.0379
21470.0000 44.9628 8.0422
21475.0000 44.9628 8.0422
21480.0000 44.9360 8.0240
21485.0000 44.9317 8.0261
21490.0000 44.7611 7.8952
21495.0000 44.7267 7.9231
21500.0000 44.7152 7.9290
21505.0000 44.6999 7.9292
21510.0000 44.6915 7.9319
21515.0000 44.6915 7.9319
21520.0000 44.7060 7.9331
21525.0000 44.7060 7.9331
21530.0000 44.7231 7.9346
21535.0000 44.7801 7.9778
21540.0000 44.8677 8.0501
21545.0000 44.8561 8.0604
21550.0000 44.8061 8.0442
21555.0000 44.7497 8.0076
21560.0000 44.8099 8.0728
21565.0000 44.7996 8.0729
21570.0000 44.7879 8.0756
21575.0000 44.8441 8.1214
21580.0000 44.8474 8.1208
21585.0000 44.8549 8.1219
21590.0000 44.8584 8.1207
21595.0000 44.9162 8.1639
21600.0000 44.9148 8.1507
21605.0000 44.8874 8.1420
21610.0000 44.8351 8.1076
21615.0000 44.8115 8.1087
21620.0000 44.7695 8.0699
21625.0000 44.7226 8.0746
21630.0000 44.7188 8.0762
21635.0000 44.7224 8.0751
21640.0000 44.7406 8.0782
21645.0000 44.7480 8.0756
21650.0000 44.7443 8.0630
21655.0000 44.7500 8.0615
21660.0000 44.7550 8.0608
21665.0000 44.7705 8.0565
21670.0000 44.6511 7.9672
21675.0000 44.6512 8.0212
21680.0000 44.6510 8.0195
21685.0000 44.6219 8.0223
21690.0000 44.6284 8.0195
21695.0000 44.6797 8.0303
21700.0000 44.7625 8.0726
21705.0000 44.8799 8.1480
21710.0000 44.9959 8.2151
21715.0000 45.0457 8.2436
21720.0000 45.1071 8.2840
21725.0000 45.1307 8.3287
21730.0000 45.0859 8.3135
21735.0000 45.0619 8.3179
21740.0000 45.0208 8.3160
21745.0000 44.9885 8.3137
21750.0000 44.9903 8.3124
21755.0000 45.0001 8.3118
21760.0000 45.0001 8.3118
21765.0000 45.0001 8.3118
21770.0000 45.0032 8.3102
21775.0000 45.0202 8.3039
21780.0000 45.0274 8.3038
21785.0000 44.9580 8.2407
21790.0000 44.8964 8.2023
21795.0000 44.8778 8.1995
21800.0000 44.8776 8.1984
21805.0000 44.8789 8.1910
21810.0000 44.8834 8.1907
21815.0000 44.9073 8.1897
21820.0000 44.9211 8.1872
21825.0000 44.9345 8.1833
21830.0000 44.9574 8.1729
21835.0000 44.9694 8.1683
21840.0000 44.9834 8.1686
21845.0000 45.0376 8.2431
21850.0000 44.9327 8.1609
21855.0000 44.8574 8.1176
21860.0000 44.8328 8.1223
21865.0000 44.7925 8.1189
21870.0000 44.8302 8.1613
21875.0000 44.8265 8.1617
21880.0000 44.8313 8.1637
21885.0000 44.8313 8.1637
21890.0000 44.8399 8.1625
21895.0000 44.8532 8.1626
21900.0000 44.8631 8.1653
21905.0000 44.8576 8.2058
21910.0000 44.8097 8.1799
21915.0000 44.7959 8.1771
21920.0000 44.8006 8.1772
21925.0000 44.7779 8.1804
21930.0000 44.8572 8.2563
21935.0000 44.8915 8.2811
21940.0000 44.8949 8.2809
21945.0000 44.9094 8.2782
21950.0000 44.9226 8.2742
21955.0000 44.9727 8.3161
21960.0000 44.9855 8.3104
21965.0000 44.9377 8.3049
21970.0000 44.8288 8.2219
21975.0000 44.8032 8.2240
21980.0000 44.7830 8.2291
21985.0000 44.7419 8.2227
21990.0000 44.7279 8.2267
21995.0000 44.7331 8.2267
22000.0000 44.7449 8.2223
22005.0000 44.9208 8.3209
22010.0000 44.9760 8.3361
22015.0000 44.9812 8.3346
22020.0000 44.9812 8.3346
22025.0000 44.9039 8.2930
22030.0000 44.8565 8.2655
22035.0000 44.8099 8.2681
22040.0000 44.8010 8.2689
22045.0000 44.7495 8.2723
22050.0000 44.7400 8.2751
22055.0000 44.7427 8.2746
22060.0000 44.7798 8.2693
22065.0000 44.7892 8.2647
22070.0000 44.7934 8.2627
22075.0000 44.7988 8.2627
22080.0000 44.8330 8.2611
22085.0000 44.8424 8.3069
22090.0000 44.7336 8.2138
22095.0000 44.6782 8.2096
22100.0000 44.6720 8.2084
22105.0000 44.6356 8.2058
22110.0000 44.6341 8.2059
22115.0000 44.6296 8.2055
22120.0000 44.6438 8.2073
22125.0000 44.6674 8.2163
22130.0000 44.6674 8.2163
22135.0000 44.6730 8.2098
22140.0000 44.7324 8.2212
22145.0000 44.7476 8.2238
22150.0000 44.6010 8.1434
22155.0000 44.5670 8.1470
22160.0000 44.6264 8.1668
22165.0000 44.5893 8.1733
22170.0000 44.5950 8.1704
22175.0000 44.5999 8.1680
22180.0000 44.6039 8.1674
22185.0000 44.6094 8.1662
22190.0000 44.6204 8.1770
22195.0000 44.6307 8.1742
22200.0000 44.6337 8.1727
22205.0000 44.5639 8.1332
22210.0000 44.5162 8.1065
22215.0000 44.5069 8.1156
22220.0000 44.4971 8.1217
22225.0000 44.5165 8.1558
22230.0000 44.5021 8.1598
22235.0000 44.5339 8.1821
22240.0000 44.5383 8.1822
22245.0000 44.5610 8.1845
22250.0000 44.5931 8.1802
22255.0000 44.6506 8.2241
22260.0000 44.6545 8.2251
22265.0000 44.6347 8.1978
22270.0000 44.6124 8.1793
22275.0000 44.5934 8.1827
22280.0000 44.5722 8.2016
22285.0000 44.5429 8.2005
22290.0000 44.5541 8.2308
22295.0000 44.5462 8.2320
22300.0000 44.5558 8.2292
22305.0000 44.5741 8.2408
22310.0000 44.5741 8.2408
22315.0000 44.5778 8.2384
22320.0000 44.5619 8.2277
22325.0000 44.4939 8.1718
22330.0000 44.4314 8.1390
22335.0000 44.4401 8.1780
22340.0000 44.4602 8.2080
22345.0000 44.4201 8.2286
22350.0000 44.4574 8.2647
22355.0000 44.4552 8.2644
22360.0000 44.4780 8.2668
22365.0000 44.4885 8.2651
22370.0000 44.4885 8.2651
22375.0000 44.4477 8.2244
22380.0000 44.4926 8.2626
22385.0000 44.4552 8.2267
22390.0000 44.3185 8.1565
22395.0000 44.2914 8.1605
22400.0000 44.2739 8.1657
22405.0000 44.2368 8.1760
22410.0000 44.2298 8.1785
22415.0000 44.2520 8.1748
22420.0000 44.2666 8.1772
22425.0000 44.2666 8.1772
22430.0000 44.2761 8.1729
22435.0000 44.2797 8.1700
22440.0000 44.3059 8.2016
22445.0000 44.2739 8.1911
22450.0000 44.2537 8.1511
22455.0000 44.2060 8.1603
22460.0000 44.1914 8.1624
22465.0000 44.1704 8.1618
22470.0000 44.1660 8.1632
22475.0000 44.1894 8.1883
22480.0000 44.2545 8.2374
22485.0000 44.2999 8.2808
22490.0000 44.3326 8.2830
22495.0000 44.3326 8.2830
22500.0000 44.3464 8.2963
22505.0000 44.3865 8.3193
22510.0000 44.2812 8.2616
22515.0000 44.2716 8.2911
22520.0000 44.2631 8.2999
22525.0000 44.2695 8.3311
22530.0000 44.2341 8.2964
22535.0000 44.2577 8.3091
22540.0000 44.2324 8.2577
22545.0000 44.2286 8.2488
22550.0000 44.2525 8.2591
22555.0000 44.2647 8.2573
22560.0000 44.2745 8.2587
22565.0000 44.2017 8.2318
22570.0000 44.0997 8.1690
22575.0000 44.0566 8.1416
22580.0000 44.0442 8.1446
22585.0000 44.0160 8.1518
22590.0000 44.0224 8.1514
22595.0000 44.0386 8.1479
22600.0000 44.0715 8.1462
22605.0000 44.0791 8.1458
22610.0000 44.0878 8.1421
22615.0000 44.0959 8.1388
22620.0000 44.1065 8.1368
22625.0000 44.1186 8.1457
22630.0000 44.1135 8.1692
22635.0000 44.0766 8.1725
22640.0000 44.0923 8.2191
22645.0000 44.0342 8.1943
22650.0000 44.0608 8.2216
22655.0000 44.0864 8.2303
22660.0000 44.0797 8.2181
22665.0000 44.1035 8.2322
22670.0000 44.0616 8.1903
22675.0000 44.0616 8.1903
22680.0000 44.0290 8.1652
22685.0000 43.9766 8.1291
22690.0000 43.9212 8.0877
22695.0000 43.9014 8.0872
22700.0000 43.9168 8.1256
22705.0000 43.8643 8.1239
22710.0000 43.8661 8.1232
22715.0000 43.8608 8.1260
22720.0000 43.8753 8.1233
22725.0000 43.8753 8.1233
22730.0000 43.8753 8.1233
22735.0000 43.8753 8.1233
22740.0000 43.8849 8.1214
22745.0000 43.8417 8.1010
22750.0000 43.7628 8.0478
22755.0000 43.7248 8.0411
22760.0000 43.7532 8.0644
22765.0000 43.7236 8.0727
22770.0000 43.7731 8.1117
22775.0000 43.8130 8.1451
22780.0000 43.8609 8.1732
22785.0000 43.9159 8.2035
22790.0000 43.9802 8.2539
22795.0000 44.0091 8.2707
22800.0000 44.0580 8.2916
22805.0000 44.0248 8.2788
22810.0000 44.0142 8.3009
22815.0000 44.0822 8.3756
22820.0000 44.1107 8.3978
22825.0000 44.0958 8.3987
22830.0000 44.1981 8.4293
22835.0000 44.1987 8.4318
22840.0000 44.2185 8.4459
22845.0000 44.2468 8.4623
22850.0000 44.3363 8.5151
22855.0000 44.3669 8.5288
22860.0000 44.3959 8.5381
22865.0000 44.4000 8.5494
22870.0000 44.3610 8.5356
22875.0000 44.3456 8.5429
22880.0000 44.3418 8.5627
22885.0000 44.2764 8.5303
22890.0000 44.2813 8.5310
22895.0000 44.2873 8.5276
22900.0000 44.2924 8.5278
22905.0000 44.2988 8.5257
22910.0000 44.3477 8.5618
22915.0000 44.3905 8.5676
22920.0000 44.3802 8.5432
22925.0000 44.3287 8.5126
22930.0000 44.3286 8.5051
22935.0000 44.3086 8.4984
22940.0000 44.2825 8.4921
22945.0000 44.2579 8.5027
22950.0000 44.2616 8.5008
22955.0000 44.2477 8.5040
22960.0000 44.2567 8.5018
22965.0000 44.2688 8.4993
22970.0000 44.2761 8.4984
22975.0000 44.2862 8.5013
22980.0000 44.2225 8.4403
22985.0000 44.1927 8.4072
22990.0000 44.2018 8.4060
22995.0000 44.1844 8.4031
23000.0000 44.1689 8.4106
23005.0000 44.1102 8.4049
23010.0000 44.1053 8.4085
23015.0000 44.1171 8.4059
23020.0000 44.1349 8.4070
23025.0000 44.1935 8.4212
23030.0000 44.2148 8.4251
23035.0000 44.2469 8.4293
23040.0000 44.3128 8.4618
23045.0000 44.2099 8.3687
23050.0000 44.1906 8.3607
23055.0000 44.2135 8.3832
23060.0000 44.2006 8.3926
23065.0000 44.1760 8.3950
23070.0000 44.1854 8.3972
23075.0000 44.1443 8.3515
23080.0000 44.2122 8.3979
23085.0000 44.2218 8.3944
23090.0000 44.2282 8.3916
23095.0000 44.2189 8.3763
23100.0000 44.2231 8.3762
23105.0000 44.1900 8.4070
23110.0000 44.1017 8.3107
23115.0000 44.0711 8.3029
23120.0000 44.0129 8.2724
23125.0000 44.0138 8.2733
23130.0000 44.0089 8.2768
23135.0000 44.0266 8.2861
23140.0000 44.0675 8.3274
23145.0000 44.0474 8.2943
23150.0000 44.0418 8.2886
23155.0000 44.0418 8.2886
23160.0000 44.0132 8.2686
23165.0000 44.0125 8.2832
23170.0000 43.8988 8.2143
23175.0000 43.8579 8.2016
23180.0000 43.8078 8.1704
23185.0000 43.7837 8.1739
23190.0000 43.7758 8.1756
23195.0000 43.8233 8.2057
23200.0000 43.8087 8.1833
23205.0000 43.8092 8.1682
23210.0000 43.8350 8.1946
23215.0000 43.8664 8.1998
23220.0000 43.8618 8.2034
23225.0000 43.8583 8.1942
23230.0000 43.8446 8.2002
23235.0000 43.7804 8.1589
23240.0000 43.7624 8.1562
23245.0000 43.6840 8.1179
23250.0000 43.6621 8.0839
23255.0000 43.6733 8.0835
23260.0000 43.7610 8.1352
23265.0000 43.7763 8.1364
23270.0000 43.7803 8.1352
23275.0000 43.7823 8.1325
23280.0000 43.7856 8.1353
23285.0000 43.7190 8.0559
23290.0000 43.6947 8.0276
23295.0000 43.7071 8.0406
23300.0000 43.6966 8.0433
23305.0000 43.6731 8.0522
23310.0000 43.6761 8.0519
23315.0000 43.6784 8.0467
23320.0000 43.6862 8.0456
23325.0000 43.6991 8.0397
23330.0000 43.6991 8.0397
23335.0000 43.6812 8.0013
23340.0000 43.6897 7.9976
23345.0000 43.6558 7.9973
23350.0000 43.6792 8.0344
23355.0000 43.6785 8.0304
23360.0000 43.6252 7.9967
23365.0000 43.6294 7.9925
23370.0000 43.6200 7.9977
23375.0000 43.6292 7.9930
23380.0000 43.6327 7.9929
23385.0000 43.6936 8.0226
23390.0000 43.6979 8.0207
23395.0000 43.7208 8.0147
23400.0000 43.7533 8.0036
23405.0000 43.7477 8.0202
23410.0000 43.7103 7.9742
23415.0000 43.6663 7.9771
23420.0000 43.6406 7.9741
23425.0000 43.6487 8.0068
23430.0000 43.6646 8.0043
23435.0000 43.6646 8.0043
23440.0000 43.7442 8.0444
23445.0000 43.7481 8.0430
23450.0000 43.7608 8.0459
23455.0000 43.7716 8.0427
23460.0000 43.8166 8.0748
23465.0000 43.8119 8.0439
23470.0000 43.7449 8.0206
23475.0000 43.7164 8.0279
23480.0000 43.6974 8.0264
23485.0000 43.6851 8.0344
23490.0000 43.7512 8.0746
23495.0000 43.7515 8.0747
23500.0000 43.7576 8.0745
23505.0000 43.7576 8.0745
23510.0000 43.7628 8.0755
23515.0000 43.8200 8.1207
23520.0000 43.8293 8.1197
23525.0000 43.7578 8.0519
23530.0000 43.6830 7.9879
23535.0000 43.6222 7.9510
23540.0000 43.5859 7.9559
23545.0000 43.5074 7.9282
23550.0000 43.5148 7.9262
23555.0000 43.5054 7.9277
23560.0000 43.5447 7.9368
23565.0000 43.6327 7.9651
23570.0000 43.6779 7.9848
23575.0000 43.7609 8.0517
23580.0000 43.7840 8.0702
23585.0000 43.7278 8.0541
23590.0000 43.7074 8.0478
23595.0000 43.7004 8.0541
23600.0000 43.6990 8.0525
23605.0000 43.6880 8.0991
23610.0000 43.6955 8.0961
23615.0000 43.6860 8.0977
23620.0000 43.7021 8.0939
23625.0000 43.7125 8.0903
23630.0000 43.7144 8.0781
23635.0000 43.6769 8.0368
23640.0000 43.6671 8.0295
23645.0000 43.6988 8.0586
23650.0000 43.5741 7.9836
23655.0000 43.5373 7.9832
23660.0000 43.4894 7.9636
23665.0000 43.4576 7.9599
23670.0000 43.4561 7.9608
23675.0000 43.5018 8.0022
23680.0000 43.4837 7.9748
23685.0000 43.4870 7.9737
23690.0000 43.4870 7.9737
23695.0000 43.5520 8.0278
23700.0000 43.5664 8.0427
23705.0000 43.5678 8.0422
23710.0000 43.4674 7.9591
23715.0000 43.4412 7.9324
23720.0000 43.4937 7.9738
23725.0000 43.4579 7.9932
23730.0000 43.5116 8.0198
23735.0000 43.5574 8.0695
23740.0000 43.5741 8.0661
23745.0000 43.5715 8.0632
23750.0000 43.5715 8.0632
23755.0000 43.5969 8.0783
23760.0000 43.6346 8.1043
23765.0000 43.6723 8.1375
23770.0000 43.5192 8.0594
23775.0000 43.4956 8.0571
23780.0000 43.4696 8.0641
23785.0000 43.4614 8.0873
23790.0000 43.5028 8.1178
23795.0000 43.5157 8.1168
23800.0000 43.5636 8.1604
23805.0000 43.5691 8.1544
23810.0000 43.6141 8.1831
23815.0000 43.6356 8.1769
23820.0000 43.6558 8.1701
23825.0000 43.5724 8.1284
23830.0000 43.5155 8.1039
23835.0000 43.5009 8.1201
23840.0000 43.3922 8.0433
23845.0000 43.4570 8.1335
23850.0000 43.4617 8.1337
23855.0000 43.4750 8.1304
23860.0000 43.5268 8.1638
23865.0000 43.5700 8.1785
23870.0000 43.6412 8.2518
23875.0000 43.6412 8.2518
23880.0000 43.6404 8.2551
23885.0000 43.5613 8.1940
23890.0000 43.1955 7.9887
23895.0000 43.1492 7.9830
23900.0000 43.1715 7.9828
23905.0000 43.1106 7.9566
23910.0000 43.1240 7.9512
23915.0000 43.1277 7.9582
23920.0000 43.1277 7.9582
23925.0000 43.1754 7.9971
23930.0000 43.2218 8.0144
23935.0000 43.2756 8.0559
23940.0000 43.2955 8.0543
23945.0000 43.3571 8.1141
23950.0000 43.2613 8.0800
23955.0000 43.2508 8.0748
23960.0000 43.2301 8.0795
23965.0000 43.2062 8.0792
23970.0000 43.2058 8.0809
23975.0000 43.3212 8.1847
23980.0000 43.3212 8.1847
23985.0000 43.3309 8.1821
23990.0000 43.3773 8.2011
23995.0000 43.4237 8.2247
24000.0000 43.4269 8.2280
24005.0000 43.4368 8.2283
24010.0000 43.4074 8.1902
24015.0000 43.4022 8.1811
24020.0000 43.4038 8.1812
24025.0000 43.3849 8.1817
24030.0000 43.3680 8.1712
24035.0000 43.3430 8.1325
24040.0000 43.4064 8.1760
24045.0000 43.4156 8.1719
24050.0000 43.4274 8.1745
24055.0000 43.4227 8.1699
24060.0000 43.4636 8.1719
24065.0000 43.4011 8.1263
24070.0000 43.3865 8.1319
24075.0000 43.3489 8.1211
24080.0000 43.3111 8.1014
24085.0000 43.2375 8.0709
24090.0000 43.3031 8.1310
24095.0000 43.3609 8.1966
24100.0000 43.3595 8.1952
24105.0000 43.4988 8.3242
24110.0000 43.5154 8.3240
24115.0000 43.5676 8.3606
24120.0000 43.5742 8.3596
24125.0000 43.5495 8.3166
24130.0000 43.5290 8.2987
24135.0000 43.5137 8.3234
24140.0000 43.4903 8.3239
24145.0000 43.4619 8.3314
24150.0000 43.3930 8.2593
24155.0000 43.4041 8.2603
24160.0000 43.4180 8.2641
24165.0000 43.4295 8.2675
24170.0000 43.4407 8.2667
24175.0000 43.4667 8.2684
24180.0000 43.4711 8.2642
24185.0000 43.5198 8.3047
24190.0000 43.4015 8.2132
24195.0000 43.3090 8.1683
24200.0000 43.2725 8.1364
24205.0000 43.2923 8.1456
24210.0000 43.3190 8.1507
24215.0000 43.2966 8.1196
24220.0000 43.3002 8.1181
24225.0000 43.3164 8.1123
24230.0000 43.2935 8.0592
24235.0000 43.2919 8.0391
24240.0000 43.3267 8.0687
24245.0000 43.3586 8.0886
24250.0000 43.2581 8.0465
24255.0000 43.1800 8.0102
24260.0000 43.2161 8.0506
24265.0000 43.1802 8.0504
24270.0000 43.1726 8.0533
24275.0000 43.2312 8.0960
24280.0000 43.2383 8.0940
24285.0000 43.2702 8.0972
24290.0000 43.3007 8.1234
24295.0000 43.3200 8.1195
24300.0000 43.2832 8.0833
24305.0000 43.2601 8.0649
24310.0000 43.1945 8.0131
24315.0000 43.1028 7.9450
24320.0000 43.0844 7.9448
24325.0000 43.0755 7.9480
24330.0000 43.0673 7.9510
24335.0000 43.0755 7.9507
24340.0000 43.0752 7.9505
24345.0000 43.0734 7.9487
24350.0000 43.0880 7.9571
24355.0000 43.0910 7.9560
24360.0000 43.0709 7.9302
24365.0000 43.0538 7.9379
24370.0000 42.9165 7.8377
24375.0000 42.8095 7.7657
24380.0000 42.7528 7.7692
24385.0000 42.8163 7.8464
24390.0000 42.8125 7.8492
24395.0000 42.8206 7.8476
24400.0000 42.8099 7.8476
24405.0000 42.8159 7.8477
24410.0000 42.8159 7.8477
24415.0000 42.8205 7.8479
24420.0000 42.7770 7.8098
24425.0000 42.7541 7.7967
24430.0000 42.7515 7.7980
24435.0000 42.7017 7.7632
24440.0000 42.6833 7.7747
24445.0000 42.6720 7.7724
24450.0000 42.6869 7.7697
24455.0000 42.7268 7.8029
24460.0000 42.7268 7.8029
24465.0000 42.7323 7.8027
24470.0000 42.7550 7.8053
24475.0000 42.7822 7.8342
24480.0000 42.8178 7.8436
24485.0000 42.7921 7.8044
24490.0000 42.7793 7.8233
24495.0000 42.8180 7.8619
24500.0000 42.7666 7.8329
24505.0000 42.7498 7.8460
24510.0000 42.7901 7.8956
24515.0000 42.7443 7.8533
24520.0000 42.7443 7.8533
24525.0000 42.7512 7.8522
24530.0000 42.7612 7.8509
24535.0000 42.7839 7.8512
24540.0000 42.7955 7.8473
24545.0000 42.7994 7.8554
24550.0000 42.6925 7.7589
24555.0000 42.5537 7.6722
24560.0000 42.5335 7.6749
24565.0000 42.5582 7.6959
24570.0000 42.5573 7.6982
24575.0000 42.5709 7.7010
24580.0000 42.5748 7.7003
24585.0000 42.6022 7.7271
24590.0000 42.6022 7.7271
24595.0000 42.6090 7.7268
24600.0000 42.6108 7.7308
24605.0000 42.5329 7.6638
24610.0000 42.5419 7.6627
24615.0000 42.5394 7.6617
24620.0000 42.5159 7.6659
24625.0000 42.4801 7.6702
24630.0000 42.4966 7.6718
24635.0000 42.5474 7.6969
24640.0000 42.5301 7.6792
24645.0000 42.5658 7.7093
24650.0000 42.5658 7.7093
24655.0000 42.5725 7.7061
24660.0000 42.6157 7.7383
24665.0000 42.6333 7.7372
24670.0000 42.5266 7.6907
24675.0000 42.5069 7.6897
24680.0000 42.4825 7.6918
24685.0000 42.4767 7.6887
24690.0000 42.4805 7.6880
24695.0000 42.5354 7.7263
24700.0000 42.5383 7.7251
24705.0000 42.5436 7.7249
24710.0000 42.5436 7.7249
24715.0000 42.5705 7.7210
24720.0000 42.6263 7.7258
24725.0000 42.6513 7.7212
24730.0000 42.4775 7.5840
24735.0000 42.4399 7.5763
24740.0000 42.4121 7.5779
24745.0000 42.3980 7.5754
24750.0000 42.4077 7.5741
24755.0000 42.4036 7.5543
24760.0000 42.4456 7.5635
24765.0000 42.4686 7.5619
24770.0000 42.4780 7.5627
24775.0000 42.4935 7.5654
24780.0000 42.5031 7.5651
24785.0000 42.4350 7.5331
24790.0000 42.3329 7.4653
24795.0000 42.2727 7.4399
24800.0000 42.2600 7.4426
24805.0000 42.2846 7.4842
24810.0000 42.2833 7.4869
24815.0000 42.2986 7.4858
24820.0000 42.2925 7.4878
24825.0000 42.3394 7.5302
24830.0000 42.3436 7.5287
24835.0000 42.3487 7.5297
24840.0000 42.3383 7.5380
24845.0000 42.3316 7.5403
24850.0000 42.1798 7.4241
24855.0000 42.1597 7.4245
24860.0000 42.1843 7.4650
24865.0000 42.1553 7.4774
24870.0000 42.1468 7.4845
24875.0000 42.1839 7.5217
24880.0000 42.2811 7.5958
24885.0000 42.3181 7.6054
24890.0000 42.3384 7.6024
24895.0000 42.3555 7.6013
24900.0000 42.3684 7.5994
24905.0000 42.4069 7.6274
24910.0000 42.3739 7.6288
24915.0000 42.3091 7.5907
24920.0000 42.2524 7.5624
24925.0000 42.2893 7.5862
24930.0000 42.2986 7.5844
24935.0000 42.3110 7.5884
24940.0000 42.3240 7.6059
24945.0000 42.3240 7.6059
24950.0000 42.4010 7.6748
24955.0000 42.4137 7.6717
24960.0000 42.4558 7.7000
24965.0000 42.4388 7.7125
24970.0000 42.3647 7.6338
24975.0000 42.3066 7.5967
24980.0000 42.2500 7.5643
24985.0000 42.2449 7.5687
24990.0000 42.2331 7.5720
24995.0000 42.2367 7.5723
25000.0000 42.2365 7.5725
25005.0000 42.2249 7.5602
25010.0000 42.2361 7.5599
25015.0000 42.2396 7.5602
25020.0000 42.2362 7.5646
25025.0000 42.1601 7.5478
25030.0000 42.0282 7.4431
25035.0000 41.9983 7.4350
25040.0000 41.9571 7.4130
25045.0000 41.9477 7.4120
25050.0000 41.9618 7.4437
25055.0000 41.9290 7.4100
25060.0000 41.9312 7.4055
25065.0000 41.9425 7.4028
25070.0000 41.9537 7.3994
25075.0000 41.9580 7.3972
25080.0000 41.9979 7.4218
25085.0000 41.9979 7.4218
25090.0000 41.9808 7.4646
25095.0000 41.9391 7.4496
25100.0000 41.8927 7.4011
25105.0000 41.8985 7.3960
25110.0000 41.9167 7.3904
25115.0000 41.9323 7.3865
25120.0000 41.9621 7.3787
25125.0000 42.0022 7.3689
25130.0000 42.0306 7.3641
25135.0000 42.1138 7.4212
25140.0000 42.0824 7.3995
25145.0000 42.0849 7.4021
25150.0000 42.0741 7.3901
25155.0000 42.0469 7.3913
25160.0000 42.0438 7.3944
25165.0000 42.0862 7.4582
25170.0000 42.0962 7.4986
25175.0000 42.1008 7.4976
25180.0000 42.1068 7.4943
25185.0000 42.1297 7.4923
25190.0000 42.1893 7.5346
25195.0000 42.1980 7.5328
25200.0000 42.2315 7.5606
25205.0000 42.1666 7.5458
25210.0000 42.1594 7.5537
25215.0000 42.2218 7.6374
25220.0000 42.1768 7.6049
25225.0000 42.1585 7.6201
25230.0000 42.1528 7.6222
25235.0000 42.1664 7.6212
25240.0000 42.1893 7.6208
25245.0000 42.2103 7.6159
25250.0000 42.2164 7.6155
25255.0000 42.2246 7.6150
25260.0000 42.1835 7.5736
25265.0000 42.2109 7.6327
25270.0000 42.1545 7.5550
25275.0000 42.1589 7.5519
25280.0000 42.1181 7.5169
25285.0000 42.0929 7.5179
25290.0000 42.1030 7.5227
25295.0000 42.1092 7.5222
25300.0000 42.1145 7.5375
25305.0000 42.1224 7.5355
25310.0000 42.1374 7.5301
25315.0000 42.1472 7.5290
25320.0000 42.1601 7.5278
25325.0000 42.1695 7.5267
25330.0000 42.1781 7.5398
25335.0000 42.1878 7.5299
25340.0000 42.2077 7.5246
25345.0000 42.1934 7.5320
25350.0000 42.1800 7.5349
25355.0000 42.1966 7.5348
25360.0000 42.1990 7.5364
25365.0000 42.2238 7.5403
25370.0000 42.1940 7.4924
25375.0000 42.2439 7.5377
25380.0000 42.2405 7.5544
25385.0000 42.2397 7.5614
25390.0000 42.1808 7.5017
25395.0000 42.1621 7.5106
25400.0000 42.1511 7.5472
25405.0000 42.1840 7.5902
25410.0000 42.1695 7.5996
25415.0000 42.1818 7.6058
25420.0000 42.1926 7.6076
25425.0000 42.2094 7.6098
25430.0000 42.2140 7.6114
25435.0000 42.2253 7.6156
25440.0000 42.2370 7.6169
25445.0000 42.2278 7.6508
25450.0000 42.1933 7.6177
25455.0000 42.1695 7.6039
25460.0000 42.1208 7.5682
25465.0000 42.1085 7.5699
25470.0000 42.1143 7.5731
25475.0000 42.1487 7.6097
25480.0000 42.1595 7.6037
25485.0000 42.1418 7.5704
25490.0000 42.1565 7.5697
25495.0000 42.2073 7.6005
25500.0000 42.2236 7.5991
25505.0000 42.2392 7.6009
25510.0000 42.2321 7.6077
25515.0000 42.2354 7.6091
25520.0000 42.2162 7.6126
25525.0000 42.1994 7.5992
25530.0000 42.1912 7.6010
25535.0000 42.2003 7.6009
25540.0000 42.1783 7.5639
25545.0000 42.2472 7.6261
25550.0000 42.2579 7.6265
25555.0000 42.2579 7.6265
25560.0000 42.2619 7.6269
25565.0000 42.2721 7.6436
25570.0000 42.0615 7.5553
25575.0000 42.0131 7.5114
25580.0000 42.0025 7.5085
25585.0000 41.9679 7.5054
25590.0000 41.9606 7.5064
25595.0000 41.9506 7.5072
25600.0000 41.9535 7.5129
25605.0000 42.0495 7.5741
25610.0000 42.1295 7.6238
25615.0000 42.1324 7.6228
25620.0000 42.1396 7.6205
25625.0000 42.1382 7.6212
25630.0000 41.9107 7.5285
25635.0000 41.9020 7.5297
25640.0000 41.9089 7.5610
25645.0000 41.8868 7.5692
25650.0000 41.9061 7.6039
25655.0000 41.9108 7.5965
25660.0000 41.8998 7.5791
25665.0000 41.9071 7.5770
25670.0000 41.9216 7.5765
25675.0000 41.9290 7.5741
25680.0000 41.9290 7.5741
25685.0000 41.9700 7.6236
25690.0000 41.8925 7.5718
25695.0000 41.8945 7.5733
25700.0000 41.8346 7.5278
25705.0000 41.8076 7.5291
25710.0000 41.7941 7.5333
25715.0000 41.7889 7.5338
25720.0000 41.7883 7.5315
25725.0000 41.7923 7.5318
25730.0000 41.8031 7.5309
25735.0000 41.8077 7.5296
25740.0000 41.8299 7.5385
25745.0000 41.8299 7.5385
25750.0000 41.8279 7.5574
25755.0000 41.9041 7.5720
25760.0000 41.9897 7.6589
25765.0000 42.0302 7.6888
25770.0000 42.1618 7.7509
25775.0000 42.1976 7.7797
25780.0000 42.2161 7.7816
25785.0000 42.3154 7.8486
25790.0000 42.3768 7.9046
25795.0000 42.4059 7.9318
25800.0000 42.4097 7.9316
25805.0000 42.3786 7.9325
25810.0000 42.1883 7.8225
25815.0000 42.1148 7.7609
25820.0000 42.0393 7.7080
25825.0000 42.0319 7.7160
25830.0000 42.0475 7.7152
25835.0000 42.1065 7.7251
25840.0000 42.1155 7.7207
25845.0000 42.1283 7.7159
25850.0000 42.1467 7.7085
25855.0000 42.1667 7.6994
25860.0000 42.2529 7.6979
25865.0000 42.1309 7.6695
25870.0000 42.0743 7.6622
25875.0000 42.0086 7.6260
25880.0000 41.9794 7.6185
25885.0000 42.0306 7.6634
25890.0000 42.0548 7.6975
25895.0000 42.1270 7.7550
25900.0000 42.1267 7.7505
25905.0000 42.1568 7.7440
25910.0000 42.1682 7.7126
25915.0000 42.1791 7.7156
25920.0000 42.1889 7.7112
25925.0000 42.1795 7.6912
25930.0000 42.0690 7.5968
25935.0000 42.0714 7.5913
25940.0000 42.0105 7.5547
25945.0000 41.9850 7.5553
25950.0000 41.9740 7.5596
25955.0000 41.9579 7.5432
25960.0000 41.9710 7.5383
25965.0000 41.9753 7.5182
25970.0000 41.9937 7.5170
25975.0000 42.0435 7.5463
25980.0000 42.0124 7.4963
25985.0000 41.9862 7.4694
25990.0000 41.8883 7.4325
25995.0000 41.9829 7.5127
26000.0000 41.9447 7.5071
26005.0000 41.9597 7.5210
26010.0000 42.0027 7.5212
26015.0000 42.0110 7.5191
26020.0000 42.0260 7.5115
26025.0000 42.0391 7.5055
26030.0000 42.0346 7.5011
26035.0000 42.0470 7.5062
26040.0000 42.0681 7.4986
26045.0000 42.0547 7.4431
26050.0000 42.0847 7.4672
26055.0000 42.0436 7.4260
26060.0000 42.0386 7.4202
26065.0000 42.0174 7.4140
26070.0000 42.0118 7.4143
26075.0000 42.0286 7.4165
26080.0000 42.0452 7.4164
26085.0000 42.0521 7.3911
26090.0000 42.0591 7.3746
26095.0000 42.0720 7.3718
26100.0000 42.0868 7.3753
26105.0000 42.0637 7.3760
26110.0000 41.9283 7.2887
26115.0000 41.9679 7.3077
26120.0000 42.0395 7.3292
26125.0000 42.0180 7.3376
26130.0000 42.0260 7.3417
26135.0000 42.0335 7.3432
26140.0000 42.0804 7.3917
26145.0000 42.0859 7.3896
26150.0000 42.0966 7.3956
26155.0000 42.1006 7.3960
26160.0000 42.0976 7.3982
26165.0000 42.0667 7.3855
26170.0000 42.1111 7.3941
26175.0000 42.1089 7.3943
26180.0000 42.0339 7.3577
26185.0000 42.0547 7.3788
26190.0000 42.0317 7.3847
26195.0000 42.0681 7.4062
26200.0000 42.1082 7.4247
26205.0000 42.1296 7.4208
26210.0000 42.1423 7.4180
26215.0000 42.1545 7.4227
26220.0000 42.1648 7.4269
26225.0000 42.1697 7.4342
26230.0000 42.1174 7.4303
26235.0000 42.1103 7.4169
26240.0000 42.0390 7.3852
26245.0000 42.0635 7.4239
26250.0000 42.1041 7.4695
26255.0000 42.1258 7.4975
26260.0000 42.1396 7.4962
26265.0000 42.1442 7.5009
26270.0000 42.1797 7.5215
26275.0000 42.1827 7.5204
26280.0000 42.1855 7.5235
26285.0000 42.2101 7.5410
26290.0000 42.1576 7.5342
26295.0000 42.1704 7.5366
26300.0000 42.1490 7.5387
26305.0000 42.1166 7.4988
26310.0000 42.1581 7.5442
26315.0000 42.2426 7.5918
26320.0000 42.3025 7.6200
26325.0000 42.3238 7.6161
26330.0000 42.3351 7.6172
26335.0000 42.3852 7.6564
26340.0000 42.3923 7.6567
26345.0000 42.3204 7.6025
26350.0000 42.1792 7.4887
26355.0000 42.2104 7.5315
26360.0000 42.1518 7.5043
26365.0000 42.1302 7.5028
26370.0000 42.1173 7.5046
26375.0000 42.1558 7.5287
26380.0000 42.2056 7.5300
26385.0000 42.2056 7.5300
26390.0000 42.2313 7.5568
26395.0000 42.2357 7.5555
26400.0000 42.2023 7.5176
26405.0000 42.2296 7.5420
26410.0000 42.1684 7.4711
26415.0000 42.1119 7.4530
26420.0000 42.0661 7.4420
26425.0000 42.0370 7.4479
26430.0000 42.0309 7.4522
26435.0000 42.0129 7.4338
26440.0000 42.0208 7.4363
26445.0000 42.0163 7.4137
26450.0000 42.0345 7.4092
26455.0000 42.0345 7.4092
26460.0000 42.0313 7.3995
26465.0000 42.0386 7.4255
26470.0000 41.9801 7.4001
26475.0000 41.9389 7.3818
26480.0000 41.9614 7.4176
26485.0000 41.9088 7.4185
26490.0000 41.9008 7.4197
26495.0000 41.8893 7.3950
26500.0000 41.8408 7.3447
26505.0000 41.8475 7.3451
26510.0000 41.8408 7.3213
26515.0000 41.8488 7.3185
26520.0000 41.8667 7.3153
26525.0000 41.8369 7.2903
26530.0000 41.7465 7.2113
26535.0000 41.7354 7.2147
26540.0000 41.7587 7.2423
26545.0000 41.7495 7.2409
26550.0000 41.7453 7.2432
26555.0000 41.7567 7.2401
26560.0000 41.7740 7.2388
26565.0000 41.7983 7.2321
26570.0000 41.8607 7.2485
26575.0000 41.9386 7.2681
26580.0000 41.9544 7.2708
26585.0000 41.9445 7.2742
26590.0000 41.9325 7.2445
26595.0000 41.8346 7.1792
26600.0000 41.8015 7.1776
26605.0000 41.7909 7.1805
26610.0000 41.7933 7.2099
26615.0000 41.8300 7.2058
26620.0000 41.8292 7.2045
26625.0000 41.8341 7.2036
26630.0000 41.8085 7.1694
26635.0000 41.7944 7.1550
26640.0000 41.8037 7.1669
26645.0000 41.7697 7.1443
26650.0000 41.7335 7.1077
26655.0000 41.6723 7.0835
26660.0000 41.6667 7.0845
26665.0000 41.6264 7.0804
26670.0000 41.6182 7.0820
26675.0000 41.6226 7.0819
26680.0000 41.6270 7.0813
26685.0000 41.6303 7.0816
26690.0000 41.6303 7.0816
26695.0000 41.7051 7.1423
26700.0000 41.7304 7.1740
26705.0000 41.7244 7.1755
26710.0000 41.6819 7.1404
26715.0000 41.6586 7.1457
26720.0000 41.6443 7.1403
26725.0000 41.6331 7.1426
26730.0000 41.6219 7.1440
26735.0000 41.6358 7.1398
26740.0000 41.6472 7.1444
26745.0000 41.7183 7.2097
26750.0000 41.6909 7.1756
26755.0000 41.6909 7.1756
26760.0000 41.7294 7.2278
26765.0000 41.6015 7.1961
26770.0000 41.6076 7.2125
26775.0000 41.4980 7.1334
26780.0000 41.4958 7.1762
26785.0000 41.4540 7.1725
26790.0000 41.4400 7.1789
26795.0000 41.4576 7.1920
26800.0000 41.4888 7.2231
26805.0000 41.5465 7.2705
26810.0000 41.5503 7.2696
26815.0000 41.6025 7.2689
26820.0000 41.5595 7.2219
26825.0000 41.5261 7.2046
26830.0000 41.4542 7.1370
26835.0000 41.4089 7.0978
26840.0000 41.4229 7.0985
26845.0000 41.3399 7.0479
26850.0000 41.4097 7.1096
26855.0000 41.4397 7.1234
26860.0000 41.5007 7.1640
26865.0000 41.5007 7.1640
26870.0000 41.5007 7.1640
26875.0000 41.5315 7.1788
26880.0000 41.5366 7.1770
26885.0000 41.4816 7.1428
26890.0000 41.3596 7.0662
26895.0000 41.2127 6.9836
26900.0000 41.1653 6.9754
26905.0000 41.1685 6.9949
26910.0000 41.1997 7.0204
26915.0000 41.1967 7.0209
26920.0000 41.2500 7.0396
26925.0000 41.2546 7.0300
26930.0000 41.2602 7.0279
26935.0000 41.2734 7.0227
26940.0000 41.2703 7.0196
26945.0000 41.2605 7.0242
26950.0000 41.1775 7.0042
26955.0000 41.0702 6.9382
26960.0000 41.0298 6.9326
26965.0000 41.0354 6.9264
26970.0000 41.0573 6.9522
26975.0000 41.0874 6.9683
26980.0000 41.1160 6.9725
26985.0000 41.1384 6.9704
26990.0000 41.2188 7.0491
26995.0000 41.2416 7.0485
27000.0000 41.2500 7.0495
27005.0000 41.1442 7.0325
27010.0000 41.0503 7.0093
27015.0000 41.0265 7.0255
27020.0000 40.9613 6.9939
27025.0000 40.9381 6.9955
27030.0000 40.9255 6.9977
27035.0000 40.9296 6.9961
27040.0000 40.9318 6.9930
27045.0000 40.9365 6.9932
27050.0000 40.9745 7.0226
27055.0000 40.9887 7.0217
27060.0000 40.9880 7.0278
27065.0000 41.0429 7.0253
27070.0000 40.8561 6.9743
27075.0000 40.8262 6.9468
27080.0000 40.8326 6.9519
27085.0000 40.8486 6.9468
27090.0000 40.8853 6.9904
27095.0000 40.9008 6.9865
27100.0000 40.9148 6.9827
27105.0000 40.9148 6.9827
27110.0000 40.9583 6.9991
27115.0000 40.9746 7.0164
27120.0000 40.9026 6.9620
27125.0000 40.9059 6.9657
27130.0000 40.8958 6.9676
27135.0000 40.8892 6.9637
27140.0000 40.8592 6.9704
27145.0000 40.8433 6.9750
27150.0000 40.8721 7.0047
27155.0000 40.9047 7.0057
27160.0000 40.9053 7.0062
27165.0000 40.9205 7.0054
27170.0000 40.9353 7.0022
27175.0000 40.9460 6.9994
27180.0000 40.9515 6.9978
27185.0000 40.9531 6.9808
27190.0000 40.8602 6.9391
27195.0000 40.7926 6.9009
27200.0000 40.7679 6.8994
27205.0000 40.7467 6.9052
27210.0000 40.7403 6.9080
27215.0000 40.7819 6.9306
27220.0000 40.7765 6.9304
27225.0000 40.7944 6.9281
27230.0000 40.8053 6.9292
27235.0000 40.8093 6.9295
27240.0000 40.8550 6.9368
27245.0000 40.8578 6.9515
27250.0000 40.7664 6.8876
27255.0000 40.7792 6.8772
27260.0000 40.7989 6.8991
27265.0000 40.7811 6.9070
27270.0000 40.8371 6.9582
27275.0000 40.8448 6.9560
27280.0000 40.8393 6.9559
27285.0000 40.8872 6.9886
27290.0000 40.9297 7.0257
27295.0000 40.9334 7.0244
27300.0000 40.9845 7.0574
27305.0000 41.0326 7.0872
27310.0000 41.0229 7.0867
27315.0000 41.0127 7.0851
27320.0000 40.9858 7.0866
27325.0000 40.9414 7.0853
27330.0000 40.9425 7.0848
27335.0000 40.9370 7.0852
27340.0000 40.9746 7.1133
27345.0000 40.9928 7.1058
27350.0000 40.9976 7.1022
27355.0000 41.0225 7.1054
27360.0000 40.9971 7.0470
27365.0000 40.9938 7.0482
27370.0000 41.0083 7.0463
27375.0000 41.0047 7.0444
27380.0000 40.9673 7.0445
27385.0000 40.9723 7.0736
27390.0000 41.0060 7.0872
27395.0000 41.0250 7.0837
27400.0000 41.0251 7.0845
27405.0000 41.0412 7.0847
27410.0000 41.0610 7.0918
27415.0000 41.0871 7.0928
27420.0000 41.0986 7.0943
27425.0000 41.0749 7.0844
27430.0000 40.9528 7.0403
27435.0000 40.9262 7.0081
27440.0000 40.8669 6.9817
27445.0000 40.8721 6.9902
27450.0000 40.8533 6.9976
27455.0000 40.8672 7.0014
27460.0000 40.8994 7.0031
27465.0000 40.9308 7.0021
27470.0000 40.9413 7.0027
27475.0000 40.9651 7.0046
27480.0000 40.9600 6.9682
27485.0000 40.9287 6.9463
27490.0000 40.9272 6.9424
27495.0000 40.8856 6.9087
27500.0000 40.8424 6.8892
27505.0000 40.8662 6.9125
27510.0000 40.8761 6.9194
27515.0000 40.9135 6.9427
27520.0000 40.9245 6.9408
27525.0000 40.9433 6.9455
27530.0000 40.9748 6.9634
27535.0000 40.9933 6.9712
27540.0000 41.0152 6.9759
27545.0000 40.9922 6.9814
27550.0000 41.0292 6.9908
27555.0000 40.9211 6.9076
27560.0000 40.9201 6.9204
27565.0000 40.9022 6.9295
27570.0000 40.9099 6.9440
27575.0000 40.9353 6.9404
27580.0000 40.9420 6.9356
27585.0000 40.9489 6.9330
27590.0000 41.0049 6.9577
27595.0000 41.0154 6.9600
27600.0000 41.0662 6.9936
27605.0000 41.0260 7.0163
27610.0000 40.9511 6.9139
27615.0000 40.9114 6.9011
27620.0000 40.9091 6.8952
27625.0000 40.8855 6.8957
27630.0000 40.9103 6.9199
27635.0000 40.9484 6.9556
27640.0000 40.9482 6.9589
27645.0000 40.9513 6.9594
27650.0000 40.9654 6.9609
27655.0000 41.0092 6.9915
27660.0000 41.0279 6.9959
27665.0000 41.0407 6.9954
27670.0000 41.1130 7.0084
27675.0000 41.0604 6.9828
27680.0000 41.0101 6.9806
27685.0000 40.9643 6.9863
27690.0000 40.9442 6.9876
27695.0000 40.9397 6.9868
27700.0000 40.9343 6.9878
27705.0000 40.9397 6.9861
27710.0000 40.9735 7.0109
27715.0000 40.9761 7.0102
27720.0000 41.0191 7.0141
27725.0000 41.0258 7.0172
27730.0000 40.9768 7.0058
27735.0000 40.9130 6.9838
27740.0000 40.8971 6.9782
27745.0000 40.8773 6.9813
27750.0000 40.8725 6.9807
27755.0000 40.8995 6.9974
27760.0000 40.9188 6.9934
27765.0000 40.9227 6.9947
27770.0000 40.9314 6.9974
27775.0000 40.9493 6.9974
27780.0000 40.9444 7.0050
27785.0000 40.9324 7.0005
27790.0000 40.8042 6.9872
27795.0000 40.7624 6.9665
27800.0000 40.7209 6.9366
27805.0000 40.7163 6.9382
27810.0000 40.7193 6.9684
27815.0000 40.7251 6.9670
27820.0000 40.7701 7.0039
27825.0000 40.7701 7.0039
27830.0000 40.8383 7.0370
27835.0000 40.8883 7.0523
27840.0000 40.9598 7.0795
27845.0000 41.0251 7.1052
27850.0000 41.0210 7.1060
27855.0000 40.9122 7.0278
27860.0000 40.9239 7.0564
27865.0000 40.9037 7.0503
27870.0000 40.9029 7.0520
27875.0000 40.9517 7.0506
27880.0000 40.9366 7.0197
27885.0000 40.9448 7.0190
27890.0000 41.0311 7.0818
27895.0000 41.1646 7.1876
27900.0000 41.2220 7.2389
27905.0000 41.2525 7.2780
27910.0000 41.2086 7.2401
27915.0000 41.1597 7.2153
27920.0000 41.1674 7.2143
27925.0000 41.1856 7.2141
27930.0000 41.2735 7.2293
27935.0000 41.2499 7.1843
27940.0000 41.2628 7.1799
27945.0000 41.2783 7.1823
27950.0000 41.2922 7.1835
27955.0000 41.3217 7.1803
27960.0000 41.3555 7.1831
27965.0000 41.3389 7.1799
27970.0000 41.3583 7.1802
27975.0000 41.3390 7.1835
27980.0000 41.2945 7.1845
27985.0000 41.3481 7.2063
27990.0000 41.3491 7.2081
27995.0000 41.4112 7.2185
28000.0000 41.4213 7.2142
28005.0000 41.4373 7.2076
28010.0000 41.4562 7.2038
28015.0000 41.5079 7.2282
28020.0000 41.5185 7.2251
28025.0000 41.5162 7.2075
28030.0000 41.4593 7.1892
28035.0000 41.5065 7.2219
28040.0000 41.4801 7.2235
28045.0000 41.4692 7.2294
28050.0000 41.4721 7.2372
28055.0000 41.4835 7.2394
28060.0000 41.5091 7.2274
28065.0000 41.5203 7.2245
28070.0000 41.5446 7.2213
28075.0000 41.5553 7.2190
28080.0000 41.5714 7.2148
28085.0000 41.4903 7.1440
28090.0000 41.4027 7.1386
28095.0000 41.3160 7.0829
28100.0000 41.2704 7.0441
28105.0000 41.2629 7.0436
28110.0000 41.2753 7.0452
28115.0000 41.2866 7.0412
28120.0000 41.2866 7.0412
28125.0000 41.2866 7.0412
28130.0000 41.2961 7.0405
28135.0000 41.3078 7.0400
28140.0000 41.3078 7.0400
28145.0000 41.2620 7.0396
28150.0000 41.2231 7.0268
28155.0000 41.1602 7.0233
28160.0000 41.1158 7.0281
28165.0000 41.0997 7.0298
28170.0000 41.1003 7.0309
28175.0000 41.1162 7.0231
28180.0000 41.1211 7.0208
28185.0000 41.1302 7.0187
28190.0000 41.1302 7.0187
28195.0000 41.1386 7.0180
28200.0000 41.0859 6.9570
28205.0000 41.0928 6.9560
28210.0000 41.0637 6.9458
28215.0000 41.0914 6.9554
28220.0000 41.0805 6.9923
28225.0000 41.1031 6.9891
28230.0000 41.1381 6.9851
28235.0000 41.1708 7.0167
28240.0000 41.1943 7.0443
28245.0000 41.1989 7.0421
28250.0000 41.2111 7.0389
28255.0000 41.2171 7.0371
28260.0000 41.2331 7.0339
28265.0000 41.2444 7.0319
28270.0000 41.2184 6.9942
28275.0000 41.2122 6.9934
28280.0000 41.1923 6.9903
28285.0000 41.1709 6.9933
28290.0000 41.1587 6.9909
28295.0000 41.1623 6.9888
28300.0000 41.1903 6.9987
28305.0000 41.1938 6.9989
28310.0000 41.2111 6.9995
28315.0000 41.2449 6.9911
28320.0000 41.2563 6.9748
28325.0000 41.2622 6.9747
28330.0000 41.1776 6.9422
28335.0000 41.1603 6.9454
28340.0000 41.1169 6.9501
28345.0000 41.1014 6.9564
28350.0000 41.0692 6.9587
28355.0000 41.0650 6.9571
28360.0000 41.0845 6.9898
28365.0000 41.0775 6.9913
28370.0000 41.0885 6.9914
28375.0000 41.0885 6.9914
28380.0000 41.0885 6.9914
28385.0000 41.0490 6.9708
28390.0000 40.9862 6.9472
28395.0000 40.9330 6.9433
28400.0000 40.9064 6.9401
28405.0000 40.9132 6.9516
28410.0000 40.9017 6.9547
28415.0000 40.8935 6.9566
28420.0000 40.8966 6.9543
28425.0000 40.9323 6.9735
28430.0000 40.9491 6.9686
28435.0000 40.9951 7.0179
28440.0000 40.9951 7.0179
28445.0000 40.9148 7.0274
28450.0000 40.8506 6.9780
28455.0000 40.8468 6.9783
28460.0000 40.8660 6.9921
28465.0000 40.8254 6.9915
28470.0000 40.8343 6.9998
28475.0000 40.8206 6.9939
28480.0000 40.8619 7.0375
28485.0000 40.8656 7.0337
28490.0000 40.8736 7.0360
28495.0000 40.9242 7.0787
28500.0000 40.9282 7.0775
28505.0000 40.9428 7.0729
28510.0000 40.9373 7.0730
28515.0000 40.8841 7.0592
28520.0000 40.8921 7.1015
28525.0000 40.8935 7.1104
28530.0000 40.9007 7.1242
28535.0000 40.8948 7.1234
28540.0000 40.8994 7.1224
28545.0000 40.9055 7.1212
28550.0000 40.9133 7.1228
28555.0000 40.9438 7.1344
28560.0000 40.9446 7.1368
28565.0000 40.9106 7.1197
28570.0000 40.8418 7.0311
28575.0000 40.7875 7.0038
28580.0000 40.7712 7.0059
28585.0000 40.7553 7.0108
28590.0000 40.7796 7.0218
28595.0000 40.7743 7.0206
28600.0000 40.8173 7.0469
28605.0000 40.8297 7.0442
28610.0000 40.8393 7.0400
28615.0000 40.8757 7.0709
28620.0000 40.8792 7.0698
28625.0000 40.8466 7.0816
28630.0000 40.7333 6.9736
28635.0000 40.7197 6.9757
28640.0000 40.6999 6.9799
28645.0000 40.6781 6.9833
28650.0000 40.6547 6.9892
28655.0000 40.6654 6.9920
28660.0000 40.6385 6.9645
28665.0000 40.6441 6.9658
28670.0000 40.6441 6.9658
28675.0000 40.6500 6.9631
28680.0000 40.6610 6.9593
28685.0000 40.6755 6.9546
28690.0000 40.6261 6.9019
28695.0000 40.6198 6.8980
28700.0000 40.5830 6.9037
28705.0000 40.6310 6.9692
28710.0000 40.6595 6.9997
28715.0000 40.6520 6.9994
28720.0000 40.6576 6.9976
28725.0000 40.6630 6.9990
28730.0000 40.7263 7.0387
28735.0000 40.8024 7.0708
28740.0000 40.8167 7.0715
28745.0000 40.7798 7.0610
28750.0000 40.7782 7.0655
28755.0000 40.6341 7.0159
28760.0000 40.6279 7.0464
28765.0000 40.6426 7.0421
28770.0000 40.6431 7.0442
28775.0000 40.6467 7.0409
28780.0000 40.6389 7.0247
28785.0000 40.6649 7.0341
28790.0000 40.6754 7.0413
28795.0000 40.6829 7.0421
28800.0000 40.7090 7.0407
28805.0000 40.6850 7.0074
28810.0000 40.6738 7.0079
28815.0000 40.6263 6.9592
28820.0000 40.6173 6.9813
28825.0000 40.5928 6.9825
28830.0000 40.6023 6.9810
28835.0000 40.6172 6.9805
28840.0000 40.6523 7.0103
28845.0000 40.6658 7.0084
28850.0000 40.6811 7.0094
28855.0000 40.6942 7.0113
28860.0000 40.7053 7.0132
28865.0000 40.6753 7.0004
28870.0000 40.6243 6.9537
28875.0000 40.5571 6.8926
28880.0000 40.5593 6.8961
28885.0000 40.5617 6.9003
28890.0000 40.5750 6.9327
28895.0000 40.5586 6.9354
28900.0000 40.5892 6.9362
28905.0000 40.5980 6.9371
28910.0000 40.6029 6.9364
28915.0000 40.6063 6.9353
28920.0000 40.6490 6.9694
28925.0000 40.6420 6.9713
28930.0000 40.6219 6.9802
28935.0000 40.5453 6.9234
28940.0000 40.5445 6.9433
28945.0000 40.5097 6.9460
28950.0000 40.5201 6.9495
28955.0000 40.5438 6.9622
28960.0000 40.5742 6.9666
28965.0000 40.5801 6.9654
28970.0000 40.5941 6.9618
28975.0000 40.6189 6.9563
28980.0000 40.6276 6.9518
28985.0000 40.6824 6.9443
28990.0000 40.5981 6.8699
28995.0000 40.6271 6.8812
29000.0000 40.6213 6.8821
29005.0000 40.6271 6.8800
29010.0000 40.6201 6.8793
29015.0000 40.6097 6.8824
29020.0000 40.6152 6.8814
29025.0000 40.6384 6.8794
29030.0000 40.6542 6.8782
29035.0000 40.6844 6.8906
29040.0000 40.6882 6.8948
29045.0000 40.7171 6.8964
29050.0000 40.6452 6.8685
29055.0000 40.6185 6.8521
29060.0000 40.5890 6.8539
29065.0000 40.5681 6.8587
29070.0000 40.5739 6.8587
29075.0000 40.5705 6.8558
29080.0000 40.5780 6.8537
29085.0000 40.6110 6.8435
29090.0000 40.6341 6.8400
29095.0000 40.6662 6.8550
29100.0000 40.7038 6.8958
29105.0000 40.6199 6.8097
29110.0000 40.5753 6.7629
29115.0000 40.5638 6.7323
29120.0000 40.5778 6.7398
29125.0000 40.5514 6.7442
29130.0000 40.5433 6.7519
29135.0000 40.5591 6.7684
29140.0000 40.5635 6.7668
29145.0000 40.5669 6.7679
29150.0000 40.5956 6.7798
29155.0000 40.6200 6.7823
29160.0000 40.6200 6.7823
29165.0000 40.5622 6.8037
29170.0000 40.4946 6.7867
29175.0000 40.4709 6.7832
29180.0000 40.4011 6.7634
29185.0000 40.4292 6.7726
29190.0000 40.4143 6.7756
29195.0000 40.4449 6.7677
29200.0000 40.4774 6.7802
29205.0000 40.4783 6.7832
29210.0000 40.5547 6.8051
29215.0000 40.5547 6.8051
29220.0000 40.5978 6.8383
29225.0000 40.6144 6.8786
29230.0000 40.3870 6.7791
29235.0000 40.3848 6.8025
29240.0000 40.3700 6.8041
29245.0000 40.3246 6.8097
29250.0000 40.3192 6.8092
29255.0000 40.3219 6.8117
29260.0000 40.3397 6.8111
29265.0000 40.3667 6.8063
29270.0000 40.3878 6.8001
29275.0000 40.4087 6.7937
29280.0000 40.4154 6.7896
29285.0000 40.4273 6.7871
29290.0000 40.4148 6.7754
29295.0000 40.3617 6.7594
29300.0000 40.3599 6.7530
29305.0000 40.3357 6.7512
29310.0000 40.3500 6.7472
29315.0000 40.3542 6.7469
29320.0000 40.4066 6.7652
29325.0000 40.4717 6.7965
29330.0000 40.4930 6.7951
29335.0000 40.5065 6.7927
29340.0000 40.5126 6.7934
29345.0000 40.4993 6.7801
29350.0000 40.3937 6.7156
29355.0000 40.3318 6.6994
29360.0000 40.3234 6.7037
29365.0000 40.2939 6.7070
29370.0000 40.3187 6.7343
29375.0000 40.3701 6.7307
29380.0000 40.3745 6.7288
29385.0000 40.4145 6.7269
29390.0000 40.4212 6.7285
29395.0000 40.4212 6.7285
29400.0000 40.4241 6.7275
29405.0000 40.4236 6.7298
29410.0000 40.3211 6.6819
29415.0000 40.3722 6.6954
29420.0000 40.3522 6.7144
29425.0000 40.3689 6.7461
29430.0000 40.4031 6.7733
29435.0000 40.4085 6.7737
29440.0000 40.4085 6.7737
29445.0000 40.4133 6.7722
29450.0000 40.4198 6.7771
29455.0000 40.4198 6.7771
29460.0000 40.4715 6.8146
29465.0000 40.4903 6.8283
29470.0000 40.4523 6.7861
29475.0000 40.4574 6.7839
29480.0000 40.4494 6.7809
29485.0000 40.4423 6.7814
29490.0000 40.4280 6.7761
29495.0000 40.4176 6.7813
29500.0000 40.4076 6.7829
29505.0000 40.4016 6.7838
29510.0000 40.4085 6.7848
29515.0000 40.4498 6.8055
29520.0000 40.4578 6.8037
29525.0000 40.4692 6.8027
29530.0000 40.3664 6.7611
29535.0000 40.3115 6.7451
29540.0000 40.2965 6.7238
29545.0000 40.2711 6.7250
29550.0000 40.2686 6.7255
29555.0000 40.3338 6.7739
29560.0000 40.3586 6.8015
29565.0000 40.3622 6.8004
29570.0000 40.3698 6.8014
29575.0000 40.3762 6.7994
29580.0000 40.3762 6.7994
29585.0000 40.3863 6.8023
29590.0000 40.2987 6.7881
29595.0000 40.2341 6.7231
29600.0000 40.2020 6.7342
29605.0000 40.2302 6.7558
29610.0000 40.2925 6.7973
29615.0000 40.2884 6.7978
29620.0000 40.3284 6.8075
29625.0000 40.3639 6.8393
29630.0000 40.3728 6.8402
29635.0000 40.4823 6.8821
29640.0000 40.4869 6.8830
29645.0000 40.4954 6.8839
29650.0000 40.4248 6.8571
29655.0000 40.4623 6.8968
29660.0000 40.4182 6.9040
29665.0000 40.3903 6.9067
29670.0000 40.3902 6.9051
29675.0000 40.3959 6.9047
29680.0000 40.3835 6.9077
29685.0000 40.3918 6.9008
29690.0000 40.4034 6.8990
29695.0000 40.4228 6.8962
29700.0000 40.4300 6.8940
29705.0000 40.4251 6.8983
29710.0000 40.4243 6.8992
29715.0000 40.3517 6.8883
29720.0000 40.2855 6.8613
29725.0000 40.3247 6.8534
29730.0000 40.3665 6.8774
29735.0000 40.3996 6.8911
29740.0000 40.3996 6.8911
29745.0000 40.4105 6.8886
29750.0000 40.4526 6.9001
29755.0000 40.4880 6.9069
29760.0000 40.4852 6.9091
29765.0000 40.4849 6.9165
29770.0000 40.4335 6.8774
29775.0000 40.4055 6.8832
29780.0000 40.3899 6.8848
29785.0000 40.3950 6.8834
29790.0000 40.3762 6.8903
29795.0000 40.3762 6.8903
29800.0000 40.4100 6.9201
29805.0000 40.4051 6.9205
29810.0000 40.4163 6.9179
29815.0000 40.4482 6.9266
29820.0000 40.4505 6.9274
29825.0000 40.4523 6.9300
29830.0000 40.3640 6.9333
29835.0000 40.3371 6.9079
29840.0000 40.3322 6.9079
29845.0000 40.3203 6.9074
29850.0000 40.3869 6.9661
29855.0000 40.3841 6.9644
29860.0000 40.4054 6.9768
29865.0000 40.4160 6.9756
29870.0000 40.4266 6.9734
29875.0000 40.4429 6.9668
29880.0000 40.4843 6.9688
29885.0000 40.4873 6.9686
29890.0000 40.4499 6.9609
29895.0000 40.4415 6.9640
29900.0000 40.4205 6.9565
29905.0000 40.4756 6.9996
29910.0000 40.4712 6.9995
29915.0000 40.4654 6.9952
29920.0000 40.4782 6.9935
29925.0000 40.4971 6.9897
29930.0000 40.5095 6.9873
29935.0000 40.5325 6.9870
29940.0000 40.6235 7.0580
29945.0000 40.6470 7.0877
29950.0000 40.6018 7.0384
29955.0000 40.6264 7.0685
29960.0000 40.6093 7.0656
29965.0000 40.6657 7.1027
29970.0000 40.6962 7.1277
29975.0000 40.7018 7.1275
29980.0000 40.7070 7.1254
29985.0000 40.7039 7.1243
29990.0000 40.7141 7.1213
29995.0000 40.7194 7.1201
30000.0000 40.7237 7.1214
30005.0000 40.6874 7.1124
30010.0000 40.6911 7.1214
30015.0000 40.7671 7.1416
30020.0000 40.8060 7.1869
30025.0000 40.7792 7.1858
30030.0000 40.8060 7.2183
30035.0000 40.7982 7.2166
30040.0000 40.8020 7.2153
30045.0000 40.8102 7.2137
30050.0000 40.8102 7.2137
30055.0000 40.8212 7.2122
30060.0000 40.8296 7.2101
30065.0000 40.8174 7.2137
30070.0000 40.8216 7.2164
30075.0000 40.7531 7.1958
30080.0000 40.7275 7.1951
30085.0000 40.7270 7.1938
30090.0000 40.7185 7.2046
30095.0000 40.7197 7.2029
30100.0000 40.7121 7.2037
30105.0000 40.7179 7.2036
30110.0000 40.7260 7.2013
30115.0000 40.7288 7.2007
30120.0000 40.7374 7.2000
30125.0000 40.7396 7.2292
30130.0000 40.7771 7.2491
30135.0000 40.7229 7.2082
30140.0000 40.7058 7.2076
30145.0000 40.6561 7.1584
30150.0000 40.6468 7.1619
30155.0000 40.6437 7.1649
30160.0000 40.6366 7.1662
30165.0000 40.6370 7.1669
30170.0000 40.6423 7.1651
30175.0000 40.7064 7.1907
30180.0000 40.7235 7.1903
30185.0000 40.7166 7.1972
30190.0000 40.7280 7.1969
30195.0000 40.7590 7.2417
30200.0000 40.7547 7.2433
30205.0000 40.7441 7.2480
30210.0000 40.7212 7.2524
30215.0000 40.7257 7.2558
30220.0000 40.7428 7.2476
30225.0000 40.7180 7.2211
30230.0000 40.7180 7.2211
30235.0000 40.7385 7.2201
30240.0000 40.7722 7.2383
30245.0000 40.7791 7.2370
30250.0000 40.7081 7.1692
30255.0000 40.6879 7.1737
30260.0000 40.6725 7.1763
30265.0000 40.6799 7.1725
30270.0000 40.6545 7.1755
30275.0000 40.7119 7.2142
30280.0000 40.7463 7.2459
30285.0000 40.7515 7.2467
30290.0000 40.7593 7.2442
30295.0000 40.8188 7.2998
30300.0000 40.8159 7.3022
30305.0000 40.7691 7.2797
30310.0000 40.6929 7.2035
30315.0000 40.6696 7.2023
30320.0000 40.6179 7.1942
30325.0000 40.6096 7.1940
30330.0000 40.5962 7.1971
30335.0000 40.5870 7.1980
30340.0000 40.5867 7.1986
30345.0000 40.6250 7.2245
30350.0000 40.6250 7.2245
30355.0000 40.6411 7.2195
30360.0000 40.6476 7.2179
30365.0000 40.6506 7.2171
30370.0000 40.5639 7.1475
30375.0000 40.5471 7.1576
30380.0000 40.5489 7.1559
30385.0000 40.5816 7.1558
30390.0000 40.5753 7.1620
30395.0000 40.5882 7.1616
30400.0000 40.5814 7.1632
30405.0000 40.6745 7.2482
30410.0000 40.6866 7.2458
30415.0000 40.6910 7.2461
30420.0000 40.7318 7.2684
30425.0000 40.7380 7.3064
30430.0000 40.6218 7.2166
30435.0000 40.5541 7.1730
30440.0000 40.5613 7.1685
30445.0000 40.5558 7.1722
30450.0000 40.5346 7.1786
30455.0000 40.5687 7.2164
30460.0000 40.5644 7.2175
30465.0000 40.5770 7.2145
30470.0000 40.5921 7.2138
30475.0000 40.6420 7.2162
30480.0000 40.6891 7.2229
30485.0000 40.6526 7.1907
30490.0000 40.6917 7.1955
30495.0000 40.6393 7.1484
30500.0000 40.6569 7.1726
30505.0000 40.6719 7.1756
30510.0000 40.6799 7.1785
30515.0000 40.6797 7.1834
30520.0000 40.7242 7.1947
30525.0000 40.7548 7.1957
30530.0000 40.7818 7.1942
30535.0000 40.7855 7.1938
30540.0000 40.8749 7.2460
30545.0000 40.8860 7.2434
30550.0000 40.8742 7.2092
30555.0000 40.8495 7.2090
30560.0000 40.8428 7.2435
30565.0000 40.8391 7.2519
30570.0000 40.8209 7.2557
30575.0000 40.8221 7.2520
30580.0000 40.8314 7.2501
30585.0000 40.8636 7.2735
30590.0000 40.8717 7.2722
30595.0000 40.8756 7.2713
30600.0000 40.9064 7.2796
30605.0000 40.9064 7.2796
30610.0000 40.9060 7.2756
30615.0000 40.9305 7.2878
30620.0000 40.9278 7.2889
30625.0000 40.9105 7.2921
30630.0000 40.8950 7.2955
30635.0000 40.9377 7.3396
30640.0000 40.9329 7.3409
30645.0000 40.9447 7.3407
30650.0000 40.9569 7.3369
30655.0000 40.9893 7.3616
30660.0000 40.9893 7.3616
30665.0000 40.9800 7.3646
30670.0000 40.9303 7.3405
30675.0000 40.9298 7.3450
30680.0000 40.9418 7.3795
30685.0000 40.9269 7.3821
30690.0000 40.9308 7.3921
30695.0000 40.9366 7.3866
30700.0000 40.9356 7.3842
30705.0000 40.9339 7.3826
30710.0000 40.9476 7.3805
30715.0000 40.9793 7.4069
30720.0000 41.0241 7.4546
30725.0000 41.0568 7.4821
30730.0000 41.0527 7.5090
30735.0000 41.0426 7.5178
30740.0000 41.0311 7.5209
30745.0000 41.0121 7.5228
30750.0000 40.9794 7.4976
30755.0000 40.9779 7.4944
30760.0000 40.9840 7.4990
30765.0000 41.0232 7.5169
30770.0000 41.0232 7.5169
30775.0000 41.0288 7.5157
30780.0000 41.0405 7.5126
30785.0000 41.0158 7.4780
30790.0000 40.9873 7.4496
30795.0000 40.9004 7.3984
30800.0000 40.8692 7.4043
30805.0000 40.8724 7.4023
30810.0000 40.8703 7.3995
30815.0000 40.8611 7.4091
30820.0000 40.8639 7.4109
30825.0000 40.9081 7.4401
30830.0000 40.9492 7.4515
30835.0000 40.9699 7.4471
30840.0000 40.9776 7.4452
30845.0000 41.0220 7.4725
30850.0000 41.0559 7.5250
30855.0000 41.0232 7.5023
30860.0000 41.0538 7.5292
30865.0000 41.0437 7.5305
30870.0000 41.0237 7.5360
30875.0000 41.0126 7.5375
30880.0000 41.0097 7.5391
30885.0000 41.0008 7.5395
30890.0000 41.0035 7.5319
30895.0000 41.0121 7.5292
30900.0000 41.0236 7.5340
30905.0000 40.9869 7.5269
30910.0000 40.9489 7.4936
30915.0000 40.9200 7.4592
30920.0000 40.9080 7.4630
30925.0000 40.9114 7.4634
30930.0000 40.8770 7.4677
30935.0000 40.8546 7.4674
30940.0000 40.9424 7.5017
30945.0000 40.9407 7.5017
30950.0000 40.9534 7.4986
30955.0000 40.9583 7.5000
30960.0000 40.9711 7.5025
30965.0000 40.9784 7.5017
30970.0000 40.9693 7.5045
30975.0000 41.0016 7.5399
30980.0000 40.9744 7.5397
30985.0000 40.9628 7.5456
30990.0000 40.9632 7.5483
30995.0000 40.9369 7.5503
31000.0000 40.9491 7.5506
31005.0000 40.9620 7.5500
31010.0000 40.9668 7.5498
31015.0000 40.9696 7.5486
31020.0000 40.9696 7.5486
31025.0000 40.9917 7.5415
31030.0000 41.0541 7.5880
31035.0000 41.0493 7.5895
31040.0000 41.0705 7.6194
31045.0000 41.1710 7.6995
31050.0000 41.1826 7.6994
31055.0000 41.1748 7.6994
31060.0000 41.1551 7.6671
31065.0000 41.1687 7.6735
31070.0000 41.1802 7.6717
31075.0000 41.2234 7.7016
31080.0000 41.2259 7.7012
31085.0000 41.1816 7.6629
31090.0000 41.1149 7.6092
31095.0000 41.1365 7.5871
31100.0000 41.1493 7.5824
31105.0000 41.1411 7.5775
31110.0000 41.1267 7.5813
31115.0000 41.1210 7.5837
31120.0000 41.1264 7.5896
31125.0000 41.1264 7.5896
31130.0000 41.1943 7.6177
31135.0000 41.2326 7.6290
31140.0000 41.2404 7.6275
31145.0000 41.2455 7.6269
31150.0000 41.2008 7.5951
31155.0000 41.1439 7.5588
31160.0000 41.1203 7.5447
31165.0000 41.0927 7.5250
31170.0000 41.0835 7.5272
31175.0000 41.0791 7.5272
31180.0000 41.1278 7.5449
31185.0000 41.1194 7.5472
31190.0000 41.2040 7.5815
31195.0000 41.2147 7.5877
31200.0000 41.2147 7.5877
31205.0000 41.2467 7.5729
31210.0000 41.1942 7.5569
31215.0000 41.3016 7.6496
31220.0000 41.2737 7.6440
31225.0000 41.2711 7.6448
31230.0000 41.2698 7.6434
31235.0000 41.2611 7.6439
31240.0000 41.2709 7.6406
31245.0000 41.2831 7.6411
31250.0000 41.3360 7.6419
31255.0000 41.4213 7.6873
31260.0000 41.5079 7.7365
31265.0000 41.5648 7.7745
31270.0000 41.3651 7.6079
31275.0000 41.3385 7.6114
31280.0000 41.3529 7.6394
31285.0000 41.3539 7.6378
31290.0000 41.3413 7.6399
31295.0000 41.3359 7.6397
31300.0000 41.3396 7.6418
31305.0000 41.3359 7.6479
31310.0000 41.3866 7.6776
31315.0000 41.4320 7.7105
31320.0000 41.5073 7.7653
31325.0000 41.4607 7.7274
31330.0000 41.4088 7.6779
31335.0000 41.4044 7.6796
31340.0000 41.4003 7.6797
31345.0000 41.4036 7.7089
31350.0000 41.3715 7.7176
31355.0000 41.3723 7.7193
31360.0000 41.3904 7.7179
31365.0000 41.3963 7.7163
31370.0000 41.4053 7.7124
31375.0000 41.3748 7.6762
31380.0000 41.3748 7.6762
31385.0000 41.3882 7.6741
31390.0000 41.4549 7.6578
31395.0000 41.4193 7.5454
31400.0000 41.3656 7.5217
31405.0000 41.3544 7.5230
31410.0000 41.3541 7.5218
31415.0000 41.3690 7.5296
31420.0000 41.3740 7.5289
31425.0000 41.3809 7.5261
31430.0000 41.3873 7.5231
31435.0000 41.3873 7.5231
31440.0000 41.3911 7.5271
31445.0000 41.4455 7.5296
31450.0000 41.4113 7.4934
31455.0000 41.3933 7.4635
31460.0000 41.4071 7.4965
31465.0000 41.4661 7.5541
31470.0000 41.4935 7.5520
31475.0000 41.4980 7.5566
31480.0000 41.5375 7.6107
31485.0000 41.5760 7.6175
31490.0000 41.5760 7.6175
31495.0000 41.6191 7.6447
31500.0000 41.6191 7.6447
31505.0000 41.5085 7.5364
31510.0000 41.5179 7.5349
31515.0000 41.5092 7.5356
31520.0000 41.6036 7.6423
31525.0000 41.6855 7.7126
31530.0000 41.7089 7.7215
31535.0000 41.7117 7.7187
31540.0000 41.7999 7.7413
31545.0000 41.8101 7.7384
31550.0000 41.8531 7.7650
31555.0000 41.8531 7.7650
31560.0000 41.8600 7.7639
31565.0000 41.8569 7.7659
31570.0000 41.7891 7.7163
31575.0000 41.7163 7.6901
31580.0000 41.6792 7.6926
31585.0000 41.6096 7.6281
31590.0000 41.5812 7.6313
31595.0000 41.6383 7.6729
31600.0000 41.6488 7.6724
31605.0000 41.6664 7.6707
31610.0000 41.7257 7.7179
31615.0000 41.7375 7.7262
31620.0000 41.7541 7.7219
31625.0000 41.8028 7.7667
31630.0000 41.7810 7.7448
31635.0000 41.7295 7.6936
31640.0000 41.7185 7.6933
31645.0000 41.6917 7.6959
31650.0000 41.6665 7.7018
31655.0000 41.6664 7.7012
31660.0000 41.6673 7.6999
31665.0000 41.7474 7.7688
31670.0000 41.8183 7.8266
31675.0000 41.8495 7.8574
31680.0000 41.8544 7.8564
31685.0000 41.7749 7.7824
31690.0000 41.7072 7.7346
31695.0000 41.6473 7.6985
31700.0000 41.6398 7.7034
31705.0000 41.6478 7.7019
31710.0000 41.6694 7.7317
31715.0000 41.7156 7.7693
31720.0000 41.7156 7.7693
31725.0000 41.7280 7.7676
31730.0000 41.7347 7.7679
31735.0000 41.7629 7.7974
31740.0000 41.7945 7.8377
31745.0000 41.8055 7.8345
31750.0000 41.7556 7.8116
31755.0000 41.7166 7.7915
31760.0000 41.7733 7.8703
31765.0000 41.7615 7.8714
31770.0000 41.7413 7.8754
31775.0000 41.7375 7.8744
31780.0000 41.7674 7.9143
31785.0000 41.8381 7.9994
31790.0000 41.8121 7.9589
31795.0000 41.8173 7.9570
31800.0000 41.8213 7.9568
31805.0000 41.8097 7.9616
31810.0000 41.7005 7.9196
31815.0000 41.6292 7.8728
31820.0000 41.6474 7.9021
31825.0000 41.7438 7.9526
31830.0000 41.7323 7.9553
31835.0000 41.7679 7.9729
31840.0000 41.7694 7.9741
31845.0000 41.7694 7.9741
31850.0000 41.7907 7.9913
31855.0000 41.7862 7.9706
31860.0000 41.7201 7.9023
31865.0000 41.7501 7.9733
31870.0000 41.7862 8.0174
31875.0000 41.7515 7.9744
31880.0000 41.7456 7.9778
31885.0000 41.7493 7.9765
31890.0000 41.7558 7.9741
31895.0000 41.7600 7.9712
31900.0000 41.7498 7.9737
31905.0000 41.8249 8.0208
31910.0000 41.9402 8.0657
31915.0000 41.9363 8.0611
31920.0000 41.9497 8.0590
31925.0000 41.9771 8.0471
31930.0000 41.8473 7.9675
31935.0000 41.6777 7.8712
31940.0000 41.6715 7.8795
31945.0000 41.6924 7.9148
31950.0000 41.6860 7.9237
31955.0000 41.6918 7.9242
31960.0000 41.6818 7.9255
31965.0000 41.7193 7.9590
31970.0000 41.7649 8.0058
31975.0000 41.7762 8.0037
31980.0000 41.7762 8.0037
31985.0000 41.7387 7.9835
31990.0000 41.7380 7.9825
31995.0000 41.6523 7.9269
32000.0000 41.6478 7.9278
32005.0000 41.6331 7.9307
32010.0000 41.6196 7.9357
32015.0000 41.6138 7.9343
32020.0000 41.6571 7.9800
32025.0000 41.6610 7.9786
32030.0000 41.7037 8.0012
32035.0000 41.7636 8.0424
32040.0000 41.7713 8.0399
32045.0000 41.7872 8.0382
32050.0000 41.8385 8.1037
32055.0000 41.7408 8.0359
32060.0000 41.7391 8.0353
32065.0000 41.7823 8.0661
32070.0000 41.7724 8.0740
32075.0000 41.8807 8.1532
32080.0000 41.9036 8.1742
32085.0000 41.9306 8.1739
32090.0000 41.9462 8.1684
32095.0000 42.0141 8.1970
32100.0000 42.0260 8.1994
32105.0000 41.9740 8.1701
32110.0000 41.9081 8.1378
32115.0000 41.8506 8.1109
32120.0000 41.8773 8.1418
32125.0000 41.9409 8.2110
32130.0000 41.9491 8.2378
32135.0000 41.9247 8.2268
32140.0000 42.0086 8.2919
32145.0000 42.0471 8.3029
32150.0000 42.0471 8.3029
32155.0000 42.0516 8.3013
32160.0000 42.0516 8.3013
32165.0000 41.9740 8.2295
32170.0000 41.9306 8.2039
32175.0000 41.8408 8.1778
32180.0000 41.8420 8.1738
32185.0000 41.8340 8.1721
32190.0000 41.8512 8.1650
32195.0000 41.9263 8.2051
32200.0000 41.9527 8.1963
32205.0000 41.9777 8.1870
32210.0000 42.0440 8.2233
32215.0000 42.0579 8.2194
32220.0000 42.0724 8.2146
32225.0000 42.0278 8.1691
32230.0000 41.8457 8.0557
32235.0000 41.6680 7.9041
32240.0000 41.6900 7.9312
32245.0000 41.7582 8.0038
32250.0000 41.7841 8.0296
32255.0000 41.8238 8.0474
32260.0000 41.8633 8.0829
32265.0000 41.8651 8.0832
32270.0000 41.8690 8.0824
32275.0000 41.9092 8.0948
32280.0000 41.9554 8.1060
32285.0000 41.9594 8.0666
32290.0000 41.8945 7.9970
32295.0000 41.9318 8.0470
32300.0000 41.9971 8.0862
32305.0000 41.9791 8.0891
32310.0000 41.9696 8.0920
32315.0000 41.9574 8.0934
32320.0000 41.9714 8.0910
32325.0000 41.9786 8.0917
32330.0000 41.9786 8.0917
32335.0000 41.9873 8.0886
32340.0000 41.9977 8.0851
32345.0000 41.9385 8.0213
32350.0000 41.7711 7.9365
32355.0000 41.6436 7.8341
32360.0000 41.6664 7.8676
32365.0000 41.7051 7.8835
32370.0000 41.6971 7.8870
32375.0000 41.7056 7.8843
32380.0000 41.7512 7.9327
32385.0000 41.7562 7.9370
32390.0000 41.8017 7.9610
32395.0000 41.8227 7.9517
32400.0000 41.8567 7.9764
32405.0000 41.8773 7.9705
32410.0000 41.9242 7.9772
32415.0000 41.8663 7.9152
32420.0000 41.8684 7.9204
32425.0000 41.9591 7.9888
32430.0000 41.9714 7.9844
32435.0000 41.9762 7.9895
32440.0000 42.0181 8.0225
32445.0000 42.1108 8.1000
32450.0000 42.1231 8.0971
32455.0000 42.1716 8.0977
32460.0000 42.2225 8.0783
32465.0000 42.2161 8.0535
32470.0000 42.1492 8.0341
32475.0000 42.1492 8.0341
32480.0000 42.1654 8.0554
32485.0000 42.1908 8.0714
32490.0000 42.1885 8.0741
32495.0000 42.1404 8.0403
32500.0000 42.1778 8.0800
32505.0000 42.1778 8.0800
32510.0000 42.1504 8.0336
32515.0000 42.1487 8.0318
32520.0000 42.1487 8.0318
32525.0000 42.1035 7.9992
32530.0000 42.0513 7.9785
32535.0000 41.9939 7.9099
32540.0000 41.9731 7.9356
32545.0000 41.9803 7.9333
32550.0000 41.9799 7.9339
32555.0000 41.9813 7.9348
32560.0000 42.0524 7.9755
32565.0000 42.1108 8.0189
32570.0000 42.1988 8.0814
32575.0000 42.2511 8.1310
32580.0000 42.2884 8.1565
32585.0000 42.2537 8.1194
32590.0000 42.1908 8.0593
32595.0000 42.1281 8.0187
32600.0000 42.1543 8.0477
32605.0000 42.1609 8.0457
32610.0000 42.1538 8.0472
32615.0000 42.1478 8.0491
32620.0000 42.1232 8.0130
32625.0000 42.1232 8.0130
32630.0000 42.1224 8.0121
32635.0000 42.1254 8.0107
32640.0000 42.1359 8.0084
32645.0000 42.1934 8.0321
32650.0000 42.1984 8.0177
32655.0000 42.0544 7.8990
32660.0000 42.0836 7.9331
32665.0000 42.0706 7.9368
32670.0000 42.0842 7.9310
32675.0000 42.0824 7.9237
32680.0000 42.0997 7.9242
32685.0000 42.1072 7.9165
32690.0000 42.1061 7.9189
32695.0000 42.1199 7.9153
32700.0000 42.1281 7.9146
32705.0000 42.1249 7.9111
32710.0000 42.0188 7.8552
32715.0000 41.8917 7.7981
32720.0000 41.8465 7.7688
32725.0000 41.8441 7.7742
32730.0000 41.8273 7.7770
32735.0000 41.8676 7.7976
32740.0000 41.8749 7.7993
32745.0000 41.9214 7.8100
32750.0000 41.9436 7.8099
32755.0000 41.9602 7.8083
32760.0000 42.0228 7.8503
32765.0000 42.1171 7.9126
32770.0000 42.1199 7.9132
32775.0000 42.0004 7.9011
32780.0000 42.0005 7.9017
32785.0000 41.9689 7.9064
32790.0000 41.9744 7.9300
32795.0000 42.0479 7.9691
32800.0000 42.0491 7.9682
32805.0000 42.0099 7.9310
32810.0000 42.0669 7.9784
32815.0000 42.1053 8.0146
32820.0000 42.1108 8.0133
32825.0000 42.0243 7.9613
32830.0000 41.9245 7.9189
32835.0000 41.9095 7.9113
32840.0000 41.9153 7.9099
32845.0000 41.9010 7.8988
32850.0000 41.8985 7.8675
32855.0000 41.8926 7.8637
32860.0000 41.8996 7.8616
32865.0000 41.9480 7.8842
32870.0000 42.0029 7.9029
32875.0000 42.0434 7.9256
32880.0000 42.0908 7.9548
32885.0000 42.1208 7.9756
32890.0000 42.0172 7.9256
32895.0000 41.9489 7.8622
32900.0000 41.9016 7.8309
32905.0000 41.9008 7.8323
32910.0000 41.9098 7.8291
32915.0000 41.8955 7.8340
32920.0000 41.9045 7.8311
32925.0000 41.9183 7.8328
32930.0000 41.9369 7.8292
32935.0000 41.9525 7.8237
32940.0000 41.9662 7.8197
32945.0000 41.9259 7.7959
32950.0000 41.8811 7.7624
32955.0000 41.8523 7.7369
32960.0000 41.8520 7.7394
32965.0000 41.8423 7.7397
32970.0000 41.8303 7.7430
32975.0000 41.8175 7.7455
32980.0000 41.9250 7.8570
32985.0000 41.9436 7.8616
32990.0000 42.0426 7.9256
32995.0000 42.0756 7.9365
33000.0000 42.0831 7.9414
33005.0000 42.0599 7.9248
33010.0000 41.9760 7.9024
33015.0000 41.8860 7.8084
33020.0000 41.8899 7.8031
33025.0000 41.8939 7.8069
33030.0000 41.8911 7.8086
33035.0000 41.9347 7.8418
33040.0000 42.0255 7.9086
33045.0000 42.0789 7.9427
33050.0000 42.0941 7.9456
33055.0000 42.1524 7.9543
33060.0000 42.2000 7.9649
33065.0000 42.2362 7.9865
33070.0000 42.1472 7.9239
33075.0000 42.0733 7.8423
33080.0000 42.0565 7.8459
33085.0000 42.0084 7.7954
33090.0000 42.0183 7.8068
33095.0000 42.0153 7.8086
33100.0000 42.0058 7.8109
33105.0000 42.0132 7.8102
33110.0000 42.0219 7.8089
33115.0000 42.0335 7.8175
33120.0000 42.1102 7.8762
33125.0000 42.1379 7.9062
33130.0000 42.1218 7.9104
33135.0000 42.1240 7.9070
33140.0000 42.1078 7.9089
33145.0000 42.0858 7.9099
33150.0000 42.0608 7.9161
33155.0000 42.0551 7.9131
33160.0000 42.0591 7.9104
33165.0000 42.0636 7.9093
33170.0000 42.1015 7.9314
33175.0000 42.1041 7.9308
33180.0000 42.1041 7.9308
33185.0000 42.0595 7.9016
33190.0000 42.0204 7.9028
33195.0000 41.9652 7.8559
33200.0000 41.9518 7.8572
33205.0000 41.9477 7.8569
33210.0000 41.9318 7.8584
33215.0000 41.9201 7.8572
33220.0000 41.9659 7.8950
33225.0000 41.9989 7.9078
33230.0000 42.0393 7.9208
33235.0000 42.0961 7.9566
33240.0000 42.1396 7.9850
33245.0000 42.0932 7.9576
33250.0000 42.0316 7.9442
33255.0000 42.0207 7.9451
33260.0000 42.0230 7.9422
33265.0000 42.0070 7.9436
33270.0000 42.0325 7.9868
33275.0000 42.0547 7.9938
33280.0000 42.0684 7.9860
33285.0000 42.0911 7.9814
33290.0000 42.1048 7.9789
33295.0000 42.1097 7.9778
33300.0000 42.1640 8.0282
33305.0000 42.1724 8.0270
33310.0000 42.2024 8.0733
33315.0000 42.1890 8.0763
33320.0000 42.2171 8.0990
33325.0000 42.2056 8.1045
33330.0000 42.2125 8.1029
33335.0000 42.1996 8.1070
33340.0000 42.1996 8.1070
33345.0000 42.2121 8.1050
33350.0000 42.2168 8.1040
33355.0000 42.2168 8.1040
33360.0000 42.2482 8.1256
33365.0000 42.2411 8.1295
33370.0000 42.1466 8.0590
33375.0000 42.0779 8.0282
33380.0000 42.0645 8.0331
33385.0000 42.0862 8.0469
33390.0000 42.1081 8.0772
33395.0000 42.1833 8.1155
33400.0000 42.1833 8.1155
33405.0000 42.1922 8.1141
33410.0000 42.2468 8.1480
33415.0000 42.3595 8.2021
33420.0000 42.4211 8.2493
33425.0000 42.4331 8.2482
33430.0000 42.3101 8.1697
33435.0000 42.2625 8.1185
33440.0000 42.2932 8.1397
33445.0000 42.2461 8.1193
33450.0000 42.2534 8.1201
33455.0000 42.2251 8.0887
33460.0000 42.2990 8.1369
33465.0000 42.3282 8.1486
33470.0000 42.3486 8.1525
33475.0000 42.3587 8.1526
33480.0000 42.3587 8.1526
33485.0000 42.3209 8.1172
33490.0000 42.1906 8.0597
33495.0000 42.2817 8.1369
33500.0000 42.2261 8.1003
33505.0000 42.2166 8.1020
33510.0000 42.2343 8.1225
33515.0000 42.2287 8.1246
33520.0000 42.2255 8.1248
33525.0000 42.2663 8.1635
33530.0000 42.2822 8.1600
33535.0000 42.3655 8.2069
33540.0000 42.4403 8.2563
33545.0000 42.4436 8.2557
33550.0000 42.3884 8.2276
33555.0000 42.3205 8.1608
33560.0000 42.2681 8.1480
33565.0000 42.2697 8.1669
33570.0000 42.3043 8.1875
33575.0000 42.2923 8.1846
33580.0000 42.3228 8.2089
33585.0000 42.3886 8.2208
33590.0000 42.4286 8.2338
33595.0000 42.4331 8.2373
33600.0000 42.4919 8.2780
33605.0000 42.5264 8.3080
33610.0000 42.4440 8.2868
33615.0000 42.3289 8.1783
33620.0000 42.3079 8.1824
33625.0000 42.2885 8.1863
33630.0000 42.2861 8.1879
33635.0000 42.2607 8.1934
33640.0000 42.2607 8.1924
33645.0000 42.2728 8.1873
33650.0000 42.2772 8.1862
33655.0000 42.3146 8.2172
33660.0000 42.2839 8.1785
33665.0000 42.2468 8.1605
33670.0000 42.2475 8.1625
33675.0000 42.1125 8.0522
33680.0000 42.1264 8.0947
33685.0000 42.1517 8.1240
33690.0000 42.1420 8.1241
33695.0000 42.1281 8.1247
33700.0000 42.1202 8.1259
33705.0000 42.1584 8.1580
33710.0000 42.2060 8.1907
33715.0000 42.2955 8.2569
33720.0000 42.3278 8.2803
33725.0000 42.3326 8.2780
33730.0000 42.2769 8.2490
33735.0000 42.1699 8.1924
33740.0000 42.1664 8.1931
33745.0000 42.1595 8.1950
33750.0000 42.1420 8.2002
33755.0000 42.1214 8.2058
33760.0000 42.1057 8.1760
33765.0000 42.1212 8.1713
33770.0000 42.2024 8.1987
33775.0000 42.2196 8.1985
33780.0000 42.2302 8.1981
33785.0000 42.2397 8.1983
33790.0000 42.2096 8.1668
33795.0000 42.1864 8.1627
33800.0000 42.1803 8.1832
33805.0000 42.1806 8.1876
33810.0000 42.1806 8.1909
33815.0000 42.1889 8.1993
33820.0000 42.2878 8.2428
33825.0000 42.2394 8.1970
33830.0000 42.2877 8.1877
33835.0000 42.3419 8.1926
33840.0000 42.3788 8.2292
33845.0000 42.3030 8.1688
33850.0000 42.2827 8.1760
33855.0000 42.2331 8.1505
33860.0000 42.2063 8.1526
33865.0000 42.1859 8.1570
33870.0000 42.1911 8.1549
33875.0000 42.2155 8.1839
33880.0000 42.2187 8.1831
33885.0000 42.2130 8.1838
33890.0000 42.2572 8.2237
33895.0000 42.2795 8.2493
33900.0000 42.2883 8.2472
33905.0000 42.2873 8.2461
33910.0000 42.2360 8.2065
33915.0000 42.0191 8.0436
33920.0000 42.0556 8.0892
33925.0000 42.0631 8.0893
33930.0000 42.0773 8.0862
33935.0000 42.0919 8.0875
33940.0000 42.1453 8.1308
33945.0000 42.1956 8.1664
33950.0000 42.3115 8.2111
33955.0000 42.3491 8.2180
33960.0000 42.4087 8.2288
33965.0000 42.4834 8.2770
33970.0000 42.5664 8.3172
33975.0000 42.6211 8.3676
33980.0000 42.6638 8.4499
33985.0000 42.6504 8.4543
33990.0000 42.6904 8.4790
33995.0000 42.7014 8.4799
34000.0000 42.6847 8.4617
34005.0000 42.6882 8.4622
34010.0000 42.7188 8.4934
34015.0000 42.7112 8.4816
34020.0000 42.7476 8.5022
34025.0000 42.6812 8.4496
34030.0000 42.6876 8.4454
34035.0000 42.6227 8.4010
34040.0000 42.5780 8.3857
34045.0000 42.5935 8.3834
34050.0000 42.6376 8.3883
34055.0000 42.6565 8.4194
34060.0000 42.6692 8.4166
34065.0000 42.6757 8.4149
34070.0000 42.6842 8.4146
34075.0000 42.7002 8.4082
34080.0000 42.7134 8.4053
34085.0000 42.7182 8.4058
34090.0000 42.6729 8.3637
34095.0000 42.6016 8.3031
34100.0000 42.5621 8.3034
34105.0000 42.5516 8.3116
34110.0000 42.5406 8.3137
34115.0000 42.5244 8.3152
34120.0000 42.5628 8.3370
34125.0000 42.5913 8.3688
34130.0000 42.6024 8.3690
34135.0000 42.6507 8.4164
34140.0000 42.7042 8.4601
34145.0000 42.6617 8.4457
34150.0000 42.6360 8.4170
34155.0000 42.5254 8.3200
34160.0000 42.5145 8.3055
34165.0000 42.5156 8.3050
34170.0000 42.5024 8.3084
34175.0000 42.5342 8.3369
34180.0000 42.5636 8.3588
34185.0000 42.5634 8.3297
34190.0000 42.6338 8.3720
34195.0000 42.6710 8.4028
34200.0000 42.6770 8.4062
34205.0000 42.6534 8.3733
34210.0000 42.5743 8.2917
34215.0000 42.6308 8.3126
34220.0000 42.6723 8.3636
34225.0000 42.6896 8.4036
34230.0000 42.7158 8.4290
34235.0000 42.7067 8.4277
34240.0000 42.7561 8.4579
34245.0000 42.7656 8.4566
34250.0000 42.8207 8.4527
34255.0000 42.8252 8.4517
34260.0000 42.8645 8.4813
34265.0000 42.8601 8.4731
34270.0000 42.8218 8.5006
34275.0000 42.7678 8.4599
34280.0000 42.7585 8.4672
34285.0000 42.7879 8.5061
34290.0000 42.7882 8.5054
34295.0000 42.7675 8.5097
34300.0000 42.7720 8.5089
34305.0000 42.7878 8.5200
34310.0000 42.7970 8.5169
34315.0000 42.7889 8.5179
34320.0000 42.8162 8.5463
34325.0000 42.7593 8.5193
34330.0000 42.7179 8.4994
34335.0000 42.7035 8.5024
34340.0000 42.6677 8.4910
34345.0000 42.7465 8.5172
34350.0000 42.7321 8.5187
34355.0000 42.7473 8.5481
34360.0000 42.7432 8.5488
34365.0000 42.7553 8.5474
34370.0000 42.7680 8.5434
34375.0000 42.7372 8.5111
34380.0000 42.7947 8.5730
34385.0000 42.7642 8.5477
34390.0000 42.7736 8.5458
34395.0000 42.7255 8.4976
34400.0000 42.7436 8.4932
34405.0000 42.7491 8.4909
34410.0000 42.7740 8.5186
34415.0000 42.8003 8.5528
34420.0000 42.8003 8.5528
34425.0000 42.8518 8.5753
34430.0000 42.8666 8.5693
34435.0000 42.9208 8.5941
34440.0000 42.9131 8.5820
34445.0000 42.9131 8.5820
34450.0000 42.9039 8.5831
34455.0000 42.8814 8.5687
34460.0000 42.7832 8.5356
34465.0000 42.7795 8.5381
34470.0000 42.7849 8.5741
34475.0000 42.7886 8.5738
34480.0000 42.7926 8.5728
34485.0000 42.8290 8.6041
34490.0000 42.8597 8.5956
34495.0000 42.8727 8.5942
34500.0000 42.8770 8.5939
34505.0000 42.8463 8.5761
34510.0000 42.8106 8.5550
34515.0000 42.7598 8.5146
34520.0000 42.8176 8.5504
34525.0000 42.7663 8.5128
34530.0000 42.7539 8.5455
34535.0000 42.8121 8.6119
34540.0000 42.7996 8.6053
34545.0000 42.8396 8.6259
34550.0000 42.8396 8.6259
34555.0000 42.8446 8.6250
34560.0000 42.8397 8.6130
34565.0000 42.8072 8.5857
34570.0000 42.7030 8.5418
34575.0000 42.6946 8.5256
34580.0000 42.7478 8.5585
34585.0000 42.8354 8.6554
34590.0000 42.9145 8.7119
34595.0000 42.8940 8.7148
34600.0000 42.9199 8.7183
34605.0000 42.8711 8.6686
34610.0000 42.8808 8.6681
34615.0000 42.8820 8.6690
34620.0000 42.8877 8.6673
34625.0000 42.9002 8.6652
34630.0000 42.8394 8.6083
34635.0000 42.7775 8.5545
34640.0000 42.7961 8.6043
34645.0000 42.7945 8.6055
34650.0000 42.7666 8.6069
34655.0000 42.7678 8.6095
34660.0000 42.8099 8.6433
34665.0000 42.8815 8.6938
34670.0000 42.8885 8.6931
34675.0000 42.9007 8.6909
34680.0000 42.9322 8.7195
34685.0000 42.9464 8.7219
34690.0000 42.8912 8.6846
34695.0000 42.8356 8.6462
34700.0000 42.7446 8.6198
34705.0000 42.7809 8.6609
34710.0000 42.7609 8.6621
34715.0000 42.7532 8.6688
34720.0000 42.7437 8.6720
34725.0000 42.7469 8.6688
34730.0000 42.7617 8.6627
34735.0000 42.8016 8.6899
34740.0000 42.8018 8.6718
34745.0000 42.8040 8.6708
34750.0000 42.7665 8.6406
34755.0000 42.8238 8.6551
34760.0000 42.8304 8.6483
34765.0000 42.8478 8.6690
34770.0000 42.8087 8.6739
34775.0000 42.8013 8.6759
34780.0000 42.7970 8.6769
34785.0000 42.7859 8.6785
34790.0000 42.7246 8.6071
34795.0000 42.7653 8.6218
34800.0000 42.8162 8.6488
34805.0000 42.8206 8.6477
34810.0000 42.8448 8.6547
34815.0000 42.8537 8.6514
34820.0000 42.8395 8.6556
34825.0000 42.8420 8.6580
34830.0000 42.8466 8.6559
34835.0000 42.8577 8.6551
34840.0000 42.8675 8.6523
34845.0000 42.9131 8.6806
34850.0000 42.9576 8.7076
34855.0000 42.9627 8.7065
34860.0000 43.0172 8.7275
34865.0000 42.9201 8.6525
34870.0000 42.8936 8.6377
34875.0000 42.8980 8.6293
34880.0000 42.9009 8.6260
34885.0000 42.9594 8.6913
34890.0000 42.9322 8.6964
34895.0000 42.9070 8.7016
34900.0000 42.9317 8.7246
34905.0000 42.9281 8.7211
34910.0000 42.9791 8.7508
34915.0000 42.9956 8.7417
34920.0000 43.0055 8.7361
34925.0000 43.0329 8.7544
34930.0000 43.0760 8.7733
34935.0000 43.0352 8.7388
34940.0000 42.9927 8.7072
34945.0000 42.9731 8.7143
34950.0000 43.0290 8.7389
34955.0000 43.0194 8.7498
34960.0000 42.9955 8.7146
34965.0000 42.9505 8.6732
34970.0000 43.0274 8.7507
34975.0000 43.0680 8.7807
34980.0000 43.1552 8.8486
34985.0000 43.1671 8.8432
34990.0000 43.1825 8.8547
34995.0000 43.1523 8.8536
35000.0000 43.1441 8.8585
35005.0000 43.1335 8.8608
35010.0000 43.1801 8.9041
35015.0000 43.1994 8.9418
35020.0000 43.2081 8.9368
35025.0000 43.2393 8.9779
35030.0000 43.2606 8.9822
35035.0000 43.2643 8.9809
35040.0000 43.2791 8.9775
35045.0000 43.2855 8.9771
35050.0000 43.3001 9.0026
35055.0000 43.1993 8.9216
35060.0000 43.1898 8.9236
35065.0000 43.1840 8.9267
35070.0000 43.1825 8.9356
35075.0000 43.2143 8.9660
35080.0000 43.2813 9.0136
35085.0000 43.2813 9.0136
35090.0000 43.2867 9.0131
35095.0000 43.2863 9.0126
35100.0000 43.2906 9.0121
35105.0000 43.2658 8.9972
35110.0000 43.2462 8.9634
35115.0000 43.2799 8.9681
35120.0000 43.3425 8.9674
35125.0000 43.3861 8.9666
35130.0000 43.3921 8.9635
35135.0000 43.3777 8.9690
35140.0000 43.4229 8.9871
35145.0000 43.4189 8.9875
35150.0000 43.4189 8.9875
35155.0000 43.4225 8.9869
35160.0000 43.4534 8.9788
35165.0000 43.3650 8.8953
35170.0000 43.2934 8.8420
35175.0000 43.1857 8.7489
35180.0000 43.1536 8.7082
35185.0000 43.1549 8.7092
35190.0000 43.2514 8.7974
35195.0000 43.2362 8.8024
35200.0000 43.2296 8.7840
35205.0000 43.2250 8.7731
35210.0000 43.2365 8.7720
35215.0000 43.1965 8.7208
35220.0000 43.1965 8.7208
35225.0000 43.1787 8.7121
35230.0000 43.1787 8.7121
35235.0000 43.0632 8.6393
35240.0000 43.0608 8.6419
35245.0000 43.0531 8.6453
35250.0000 43.0526 8.6535
35255.0000 43.0658 8.6813
35260.0000 43.0647 8.6838
35265.0000 43.0656 8.6912
35270.0000 43.0725 8.6907
35275.0000 43.0796 8.6904
35280.0000 43.0870 8.6891
35285.0000 43.0495 8.6707
35290.0000 42.9139 8.5600
35295.0000 42.7126 8.4209
35300.0000 42.7180 8.4194
35305.0000 42.7198 8.4221
35310.0000 42.6905 8.4260
35315.0000 42.7141 8.4761
35320.0000 42.7101 8.4770
35325.0000 42.7087 8.4769
35330.0000 42.7191 8.4725
35335.0000 42.7287 8.4695
35340.0000 42.7676 8.5015
35345.0000 42.7280 8.4643
35350.0000 42.6967 8.4295
35355.0000 42.6402 8.3614
35360.0000 42.6225 8.3632
35365.0000 42.6305 8.3598
35370.0000 42.6170 8.3533
35375.0000 42.6127 8.3573
35380.0000 42.6215 8.3545
35385.0000 42.6689 8.3549
35390.0000 42.6473 8.3252
35395.0000 42.6570 8.3245
35400.0000 42.6617 8.3237
35405.0000 42.6707 8.3228
35410.0000 42.5850 8.2801
35415.0000 42.4998 8.2270
35420.0000 42.4548 8.1982
35425.0000 42.4424 8.2007
35430.0000 42.4626 8.2292
35435.0000 42.4390 8.2329
35440.0000 42.4360 8.2335
35445.0000 42.4344 8.2348
35450.0000 42.4482 8.2268
35455.0000 42.4610 8.2262
35460.0000 42.4911 8.2198
35465.0000 42.5388 8.2336
35470.0000 42.4972 8.1960
35475.0000 42.3494 8.0973
35480.0000 42.3571 8.0984
35485.0000 42.3982 8.1271
35490.0000 42.4625 8.1716
35495.0000 42.4805 8.1915
35500.0000 42.4938 8.1891
35505.0000 42.5081 8.1847
35510.0000 42.5173 8.1775
35515.0000 42.5205 8.1750
35520.0000 42.5205 8.1750
35525.0000 42.4539 8.1383
35530.0000 42.3725 8.0791
35535.0000 42.2529 8.0146
35540.0000 42.2223 7.9771
35545.0000 42.2545 8.0166
35550.0000 42.1980 7.9695
35555.0000 42.1945 7.9859
35560.0000 42.2076 7.9844
35565.0000 42.1991 7.9857
35570.0000 42.2149 7.9819
35575.0000 42.1944 7.9506
35580.0000 42.2012 7.9504
35585.0000 42.2392 7.9653
35590.0000 42.1764 7.9230
35595.0000 42.1462 7.9081
35600.0000 42.2130 7.9915
35605.0000 42.1628 7.9589
35610.0000 42.1458 7.9613
35615.0000 42.1451 7.9634
35620.0000 42.1451 7.9634
35625.0000 42.1339 7.9661
35630.0000 42.1181 7.9450
35635.0000 42.1209 7.9461
35640.0000 42.1084 7.9334
35645.0000 42.1223 7.9339
35650.0000 42.0430 7.8790
35655.0000 42.0112 7.8777
35660.0000 42.0633 7.9178
35665.0000 42.0574 7.9189
35670.0000 42.0683 7.9504
35675.0000 42.0623 7.9529
35680.0000 42.1224 7.9630
35685.0000 42.1378 7.9784
35690.0000 42.1807 8.0191
35695.0000 42.1755 8.0214
35700.0000 42.1863 8.0184
35705.0000 42.1659 7.9871
35710.0000 42.0394 7.9233
35715.0000 42.0602 7.9198
35720.0000 42.0695 7.9148
35725.0000 42.1200 7.9607
35730.0000 42.0629 7.9033
35735.0000 42.0517 7.9055
35740.0000 42.0631 7.9052
35745.0000 42.0660 7.9064
35750.0000 42.1071 7.9100
35755.0000 42.1803 7.9288
35760.0000 42.2030 7.9229
35765.0000 42.2477 7.9524
35770.0000 42.2045 7.9028
35775.0000 42.1454 7.8254
35780.0000 42.0970 7.8011
35785.0000 42.0969 7.8001
35790.0000 42.0917 7.7984
35795.0000 42.0816 7.7990
35800.0000 42.0826 7.8000
35805.0000 42.1065 7.7986
35810.0000 42.1161 7.7972
35815.0000 42.1358 7.7951
35820.0000 42.1535 7.7941
35825.0000 42.1687 7.7951
35830.0000 42.1236 7.7807
35835.0000 42.1139 7.7533
35840.0000 42.1398 7.7805
35845.0000 42.1564 7.7777
35850.0000 42.1559 7.7799
35855.0000 42.1650 7.7880
35860.0000 42.1750 7.7882
35865.0000 42.1978 7.7875
35870.0000 42.2081 7.7818
35875.0000 42.2562 7.8070
35880.0000 42.2940 7.8269
35885.0000 42.2604 7.7833
35890.0000 42.2611 7.7860
35895.0000 42.1936 7.7199
35900.0000 42.2436 7.7723
35905.0000 42.2491 7.7746
35910.0000 42.2203 7.7680
35915.0000 42.1932 7.7677
35920.0000 42.2127 7.7793
35925.0000 42.2493 7.8086
35930.0000 42.2527 7.8072
35935.0000 42.2574 7.8058
35940.0000 42.2818 7.8058
35945.0000 42.2313 7.7725
35950.0000 42.2001 7.7630
35955.0000 42.1795 7.7322
35960.0000 42.1382 7.7279
35965.0000 42.1486 7.7610
35970.0000 42.1474 7.7601
35975.0000 42.1411 7.7625
35980.0000 42.1467 7.7630
35985.0000 42.1460 7.7667
35990.0000 42.1560 7.7662
35995.0000 42.1602 7.7722
36000.0000 42.1564 7.7678
36005.0000 42.1341 7.7502
36010.0000 42.0406 7.6999
36015.0000 42.0275 7.6865
36020.0000 42.0404 7.6858
36025.0000 42.0320 7.6841
36030.0000 42.0174 7.6818
36035.0000 42.0176 7.6871
36040.0000 42.0638 7.6932
36045.0000 42.1408 7.7146
36050.0000 42.1605 7.7041
36055.0000 42.1988 7.7316
36060.0000 42.2100 7.7281
36065.0000 42.2213 7.7242
36070.0000 42.0907 7.6008
36075.0000 42.0456 7.5520
36080.0000 42.0631 7.5564
36085.0000 42.0416 7.5595
36090.0000 42.0364 7.5607
36095.0000 42.0781 7.5782
36100.0000 42.0887 7.5773
36105.0000 42.1032 7.5751
36110.0000 42.1201 7.5710
36115.0000 42.1330 7.5700
36120.0000 42.1440 7.5706
36125.0000 42.1596 7.5698
36130.0000 42.1766 7.5668
36135.0000 42.2554 7.6111
36140.0000 42.2743 7.6108
36145.0000 42.3059 7.6582
36150.0000 42.3278 7.6593
36155.0000 42.3563 7.6876
36160.0000 42.4149 7.7125
36165.0000 42.4372 7.7148
36170.0000 42.4475 7.7175
36175.0000 42.4639 7.7191
36180.0000 42.4708 7.7207
36185.0000 42.4472 7.7025
36190.0000 42.3717 7.6883
36195.0000 42.3689 7.6518
36200.0000 42.3434 7.6162
36205.0000 42.3838 7.6439
36210.0000 42.3975 7.6494
36215.0000 42.4222 7.7004
36220.0000 42.5015 7.7560
36225.0000 42.4801 7.7355
36230.0000 42.4964 7.7413
36235.0000 42.5125 7.7374
36240.0000 42.5288 7.7343
36245.0000 42.5849 7.7545
36250.0000 42.5640 7.7398
36255.0000 42.5693 7.7396
36260.0000 42.5461 7.7305
36265.0000 42.5291 7.7357
36270.0000 42.5192 7.7403
36275.0000 42.5180 7.7421
36280.0000 42.5268 7.7437
36285.0000 42.5375 7.7470
36290.0000 42.5048 7.6971
36295.0000 42.5125 7.6907
36300.0000 42.5219 7.6868
36305.0000 42.5110 7.6547
36310.0000 42.5204 7.6937
36315.0000 42.5168 7.6770
36320.0000 42.4820 7.6698
36325.0000 42.4660 7.6696
36330.0000 42.4715 7.6633
36335.0000 42.4579 7.6630
36340.0000 42.4788 7.6552
36345.0000 42.5296 7.6815
36350.0000 42.5613 7.7003
36355.0000 42.6219 7.7387
36360.0000 42.6364 7.7339
36365.0000 42.6066 7.6861
36370.0000 42.5330 7.6971
36375.0000 42.5390 7.6929
36380.0000 42.5611 7.7092
36385.0000 42.5581 7.7100
36390.0000 42.5502 7.7081
36395.0000 42.5390 7.7055
36400.0000 42.5593 7.7141
36405.0000 42.5666 7.7153
36410.0000 42.5695 7.7141
36415.0000 42.5787 7.7127
36420.0000 42.6163 7.7448
36425.0000 42.5644 7.7342
36430.0000 42.3541 7.5657
36435.0000 42.3031 7.5154
36440.0000 42.3295 7.5066
36445.0000 42.3229 7.5102
36450.0000 42.3065 7.5149
36455.0000 42.2986 7.5194
36460.0000 42.3096 7.5198
36465.0000 42.3417 7.5340
36470.0000 42.3859 7.5499
36475.0000 42.3960 7.5447
36480.0000 42.4059 7.5377
36485.0000 42.4136 7.5390
36490.0000 42.3184 7.5310
36495.0000 42.3315 7.5323
36500.0000 42.3130 7.5378
36505.0000 42.2903 7.5438
36510.0000 42.2749 7.5449
36515.0000 42.2576 7.5469
36520.0000 42.2936 7.5749
36525.0000 42.3001 7.5758
36530.0000 42.3337 7.5979
36535.0000 42.3337 7.5979
36540.0000 42.3349 7.5984
36545.0000 42.2352 7.5710
36550.0000 42.1825 7.5397
36555.0000 42.0848 7.4939
36560.0000 42.0432 7.4696
36565.0000 42.0427 7.4705
36570.0000 42.0312 7.4725
36575.0000 42.0282 7.4734
36580.0000 42.0293 7.4743
36585.0000 42.0293 7.4743
36590.0000 42.1042 7.5393
36595.0000 42.1146 7.5401
36600.0000 42.1172 7.5397
36605.0000 42.0639 7.5140
36610.0000 42.0330 7.5033
36615.0000 41.9650 7.4632
36620.0000 41.9728 7.4593
36625.0000 41.9656 7.4584
36630.0000 41.9587 7.4575
36635.0000 41.9479 7.4576
36640.0000 41.9376 7.4585
36645.0000 41.9444 7.4537
36650.0000 41.9743 7.4708
36655.0000 41.9824 7.4658
36660.0000 41.9924 7.4637
36665.0000 41.9959 7.4634
36670.0000 41.9989 7.4619
36675.0000 41.9648 7.4360
36680.0000 41.9520 7.4401
36685.0000 41.9389 7.4439
36690.0000 41.9399 7.4463
36695.0000 41.9085 7.4326
36700.0000 41.9019 7.4344
36705.0000 41.8989 7.4357
36710.0000 41.8989 7.4357
36715.0000 41.9391 7.4707
36720.0000 41.9882 7.5074
36725.0000 41.9932 7.5089
36730.0000 41.9592 7.5135
36735.0000 41.9473 7.4762
36740.0000 41.9641 7.4735
36745.0000 41.9630 7.4790
36750.0000 41.9585 7.4805
36755.0000 41.9550 7.4811
36760.0000 41.9398 7.4851
36765.0000 41.9900 7.5021
36770.0000 42.0236 7.4973
36775.0000 42.0346 7.4966
36780.0000 42.0179 7.4702
36785.0000 42.0611 7.4993
36790.0000 41.9822 7.4618
36795.0000 41.8735 7.3699
36800.0000 41.8008 7.3212
36805.0000 41.8074 7.3223
36810.0000 41.8053 7.3160
36815.0000 41.7955 7.3133
36820.0000 41.8176 7.3110
36825.0000 41.8298 7.3096
36830.0000 41.8598 7.3369
36835.0000 41.8711 7.3353
36840.0000 41.8793 7.3316
36845.0000 41.9479 7.3754
36850.0000 41.8784 7.3636
36855.0000 41.7813 7.2828
36860.0000 41.7723 7.2824
36865.0000 41.7875 7.2967
36870.0000 41.8529 7.3402
36875.0000 41.8922 7.3675
36880.0000 41.9423 7.4077
36885.0000 41.9363 7.4088
36890.0000 41.9683 7.4413
36895.0000 41.9717 7.4413
36900.0000 41.9717 7.4413
36905.0000 41.9827 7.4475
36910.0000 41.9937 7.4840
36915.0000 41.9803 7.4561
36920.0000 42.0503 7.5226
36925.0000 42.0131 7.5274
36930.0000 42.0113 7.5257
36935.0000 42.0093 7.5216
36940.0000 42.0438 7.5587
36945.0000 42.0019 7.5190
36950.0000 42.0019 7.5190
36955.0000 42.0174 7.5100
36960.0000 42.0214 7.5036
36965.0000 42.0571 7.5086
36970.0000 41.9774 7.4887
36975.0000 41.9340 7.4629
36980.0000 41.8822 7.4607
36985.0000 41.8822 7.4607
36990.0000 41.8754 7.4615
36995.0000 41.8984 7.4992
37000.0000 41.9450 7.5108
37005.0000 41.9438 7.5108
37010.0000 41.9078 7.4786
37015.0000 41.9078 7.4786
37020.0000 41.9196 7.4774
37025.0000 41.8759 7.4589
37030.0000 41.7981 7.4117
37035.0000 41.7487 7.3981
37040.0000 41.6791 7.3427
37045.0000 41.6547 7.3541
37050.0000 41.6576 7.3539
37055.0000 41.6367 7.3559
37060.0000 41.6640 7.3806
37065.0000 41.6720 7.3808
37070.0000 41.6842 7.3814
37075.0000 41.6986 7.3797
37080.0000 41.7408 7.3887
37085.0000 41.7790 7.3968
37090.0000 41.6885 7.3205
37095.0000 41.5289 7.1972
37100.0000 41.4547 7.1790
37105.0000 41.4380 7.1792
37110.0000 41.4472 7.1745
37115.0000 41.4120 7.1742
37120.0000 41.4405 7.1801
37125.0000 41.4450 7.1815
37130.0000 41.4473 7.1747
37135.0000 41.4503 7.1730
37140.0000 41.4627 7.1699
37145.0000 41.4493 7.1781
37150.0000 41.3589 7.1147
37155.0000 41.2394 7.0730
37160.0000 41.1820 7.0724
37165.0000 41.1776 7.0718
37170.0000 41.1793 7.0696
37175.0000 41.1624 7.0657
37180.0000 41.1677 7.0646
37185.0000 41.1677 7.0646
37190.0000 41.1693 7.0661
37195.0000 41.1757 7.0674
37200.0000 41.2038 7.0610
37205.0000 41.2189 7.0601
37210.0000 41.1277 7.0082
37215.0000 41.1412 7.0179
37220.0000 41.0787 7.0215
37225.0000 41.1340 7.0939
37230.0000 41.1678 7.1451
37235.0000 41.1702 7.1461
37240.0000 41.1994 7.1622
37245.0000 41.2170 7.1570
37250.0000 41.2426 7.1498
37255.0000 41.2936 7.1956
37260.0000 41.2971 7.1950
37265.0000 41.3078 7.1918
37270.0000 41.2039 7.1144
37275.0000 41.2200 7.1209
37280.0000 41.2234 7.1529
37285.0000 41.2102 7.1560
37290.0000 41.1298 7.0863
37295.0000 41.1163 7.0817
37300.0000 41.1171 7.0813
37305.0000 41.0759 7.0319
37310.0000 41.0756 7.0367
37315.0000 41.0831 7.0339
37320.0000 41.0794 7.0368
37325.0000 41.0551 7.0235
37330.0000 41.0458 7.0102
37335.0000 40.9088 6.9558
37340.0000 40.8221 6.8924
37345.0000 40.8236 6.8946
37350.0000 40.8147 6.8995
37355.0000 40.7943 6.8987
37360.0000 40.8613 6.9683
37365.0000 40.8685 6.9698
37370.0000 40.9181 7.0205
37375.0000 40.9181 7.0205
37380.0000 40.9181 7.0205
37385.0000 40.9380 7.0774
37390.0000 40.9922 7.1371
37395.0000 40.9955 7.1399
37400.0000 40.9485 7.0869
37405.0000 40.9238 7.0932
37410.0000 40.8400 7.0393
37415.0000 40.8170 7.0411
37420.0000 40.8017 7.0442
37425.0000 40.8065 7.0464
37430.0000 40.8059 7.0449
37435.0000 40.8059 7.0449
37440.0000 40.8125 7.0465
37445.0000 40.8225 7.0491
37450.0000 40.7821 7.0187
37455.0000 40.6540 6.9175
37460.0000 40.6394 6.9133
37465.0000 40.6590 6.9322
37470.0000 40.6550 6.9369
37475.0000 40.6222 6.9336
37480.0000 40.7017 7.0006
37485.0000 40.7017 7.0006
37490.0000 40.7017 7.0006
37495.0000 40.7086 7.0019
37500.0000 40.7141 7.0014
37505.0000 40.6970 7.0030
37510.0000 40.7543 7.0353
37515.0000 40.7562 7.0727
37520.0000 40.7088 7.0543
37525.0000 40.7417 7.0713
37530.0000 40.7334 7.0724
37535.0000 40.6956 7.0303
37540.0000 40.7651 7.0789
37545.0000 40.7624 7.0796
37550.0000 40.7997 7.1186
37555.0000 40.8077 7.1172
37560.0000 40.8038 7.1202
37565.0000 40.7627 7.1052
37570.0000 40.7550 7.1086
37575.0000 40.6793 7.1296
37580.0000 40.6755 7.1328
37585.0000 40.6754 7.1645
37590.0000 40.6740 7.1705
37595.0000 40.6415 7.1707
37600.0000 40.6452 7.1702
37605.0000 40.6484 7.1691
37610.0000 40.6484 7.1691
37615.0000 40.6242 7.1297
37620.0000 40.6614 7.1553
37625.0000 40.6614 7.1553
37630.0000 40.6866 7.1634
37635.0000 40.6509 7.1403
37640.0000 40.5578 7.1201
37645.0000 40.5791 7.1735
37650.0000 40.6104 7.2184
37655.0000 40.5684 7.2187
37660.0000 40.6072 7.2581
37665.0000 40.6450 7.2836
37670.0000 40.6352 7.2680
37675.0000 40.6720 7.2760
37680.0000 40.6874 7.2749
37685.0000 40.6967 7.2721
37690.0000 40.6544 7.2494
37695.0000 40.5740 7.1938
37700.0000 40.5300 7.1469
37705.0000 40.5421 7.1372
37710.0000 40.5449 7.1587
37715.0000 40.5217 7.1597
37720.0000 40.5179 7.1604
37725.0000 40.5410 7.1896
37730.0000 40.5428 7.1954
37735.0000 40.5428 7.1954
37740.0000 40.5536 7.2030
37745.0000 40.5572 7.2020
37750.0000 40.5126 7.1664
37755.0000 40.5126 7.1664
37760.0000 40.4997 7.1708
37765.0000 40.5128 7.1693
37770.0000 40.5047 7.1727
37775.0000 40.4948 7.1929
37780.0000 40.5190 7.1968
37785.0000 40.5240 7.2021
37790.0000 40.5537 7.2331
37795.0000 40.5635 7.2322
37800.0000 40.5517 7.2197
37805.0000 40.6061 7.2396
37810.0000 40.5879 7.2024
37815.0000 40.6735 7.2545
37820.0000 40.7210 7.2568
37825.0000 40.8487 7.3568
37830.0000 40.9031 7.4079
37835.0000 40.8810 7.4080
37840.0000 40.8366 7.3554
37845.0000 40.8457 7.3506
37850.0000 40.8451 7.3507
37855.0000 40.8886 7.3814
37860.0000 40.8884 7.3676
37865.0000 40.8849 7.3692
37870.0000 40.8465 7.3182
37875.0000 40.8107 7.3135
37880.0000 40.7978 7.2984
37885.0000 40.8370 7.3599
37890.0000 40.8358 7.3626
37895.0000 40.8282 7.3631
37900.0000 40.8764 7.4096
37905.0000 40.8962 7.4200
37910.0000 40.9301 7.4587
37915.0000 40.9350 7.4576
37920.0000 40.8968 7.4073
37925.0000 40.9732 7.4712
37930.0000 40.8826 7.4211
37935.0000 40.8337 7.3758
37940.0000 40.8118 7.3746
37945.0000 40.8131 7.3768
37950.0000 40.7908 7.3818
37955.0000 40.7863 7.3824
37960.0000 40.7990 7.3951
37965.0000 40.8043 7.3964
37970.0000 40.7895 7.3995
37975.0000 40.7965 7.4006
37980.0000 40.7965 7.4006
37985.0000 40.8318 7.4057
37990.0000 40.8314 7.3963
37995.0000 40.8025 7.3960
38000.0000 40.7888 7.4002
38005.0000 40.7937 7.4034
38010.0000 40.7869 7.4050
38015.0000 40.7860 7.4071
38020.0000 40.8222 7.4608
38025.0000 40.8866 7.4786
38030.0000 40.9626 7.5218
38035.0000 40.9808 7.5203
38040.0000 41.0146 7.5464
38045.0000 41.0250 7.5457
38050.0000 40.9668 7.4799
38055.0000 40.9426 7.4580
38060.0000 40.9871 7.4978
38065.0000 41.0314 7.5285
38070.0000 41.0522 7.5327
38075.0000 41.0522 7.5321
38080.0000 40.9996 7.4925
38085.0000 40.9996 7.4925
38090.0000 40.9653 7.4478
38095.0000 40.9875 7.4493
38100.0000 40.9806 7.4542
38105.0000 40.9806 7.4542
38110.0000 40.9806 7.4542
38115.0000 40.9909 7.4502
38120.0000 40.9659 7.4152
38125.0000 40.9781 7.4175
38130.0000 41.0015 7.4555
38135.0000 40.9897 7.4593
38140.0000 40.9910 7.4608
38145.0000 41.0382 7.4844
38150.0000 41.0357 7.4866
38155.0000 40.9870 7.4348
38160.0000 40.9993 7.4328
38165.0000 41.0753 7.5093
38170.0000 41.0474 7.4857
38175.0000 40.9807 7.4395
38180.0000 40.9969 7.4845
38185.0000 40.9926 7.4811
38190.0000 40.9569 7.4706
38195.0000 41.0195 7.5452
38200.0000 41.0113 7.5452
38205.0000 41.0226 7.5428
38210.0000 41.0383 7.5683
38215.0000 40.9752 7.4835
38220.0000 41.0106 7.5170
38225.0000 41.0094 7.5155
38230.0000 40.9047 7.4596
38235.0000 40.9016 7.4571
38240.0000 40.8673 7.4183
38245.0000 40.8652 7.4177
38250.0000 40.8493 7.4205
38255.0000 40.8478 7.4202
38260.0000 40.8787 7.4385
38265.0000 40.8806 7.4378
38270.0000 40.8811 7.4375
38275.0000 40.9111 7.4358
38280.0000 40.9482 7.4689
38285.0000 40.9482 7.4689
38290.0000 40.8782 7.4206
38295.0000 40.7925 7.3901
38300.0000 40.8372 7.4349
38305.0000 40.8135 7.4378
38310.0000 40.8067 7.4355
38315.0000 40.8590 7.4863
38320.0000 40.8509 7.4902
38325.0000 40.8472 7.4934
38330.0000 40.8025 7.4500
38335.0000 40.8444 7.4949
38340.0000 40.8431 7.4935
38345.0000 40.8518 7.4970
38350.0000 40.8393 7.4973
38355.0000 40.7127 7.3540
38360.0000 40.7698 7.4336
38365.0000 40.7543 7.4361
38370.0000 40.7578 7.4349
38375.0000 40.7154 7.3911
38380.0000 40.7052 7.3974
38385.0000 40.7086 7.3733
38390.0000 40.7060 7.3743
38395.0000 40.7213 7.3728
38400.0000 40.7300 7.3699
38405.0000 40.7351 7.3683
38410.0000 40.7315 7.3653
38415.0000 40.7370 7.3933
38420.0000 40.7597 7.4076
38425.0000 40.7889 7.4153
38430.0000 40.7598 7.3957
38435.0000 40.6926 7.3468
38440.0000 40.6974 7.3434
38445.0000 40.7071 7.3418
38450.0000 40.7019 7.3416
38455.0000 40.7118 7.3385
38460.0000 40.7153 7.3370
38465.0000 40.7172 7.3377
38470.0000 40.7257 7.3286
38475.0000 40.7226 7.3271
38480.0000 40.6577 7.2782
38485.0000 40.6975 7.3002
38490.0000 40.7286 7.3276
38495.0000 40.7152 7.3267
38500.0000 40.7355 7.3603
38505.0000 40.7329 7.3624
38510.0000 40.7229 7.3608
38515.0000 40.7608 7.3829
38520.0000 40.7934 7.4129
38525.0000 40.8065 7.4094
38530.0000 40.6868 7.2757
38535.0000 40.7469 7.3167
38540.0000 40.7076 7.2954
38545.0000 40.7227 7.3131
38550.0000 40.7080 7.3101
38555.0000 40.7121 7.3041
38560.0000 40.6984 7.3079
38565.0000 40.7036 7.3125
38570.0000 40.7856 7.3242
38575.0000 40.8264 7.3378
38580.0000 40.8733 7.3471
38585.0000 40.9631 7.3871
38590.0000 40.9220 7.3556
38595.0000 40.8718 7.3237
38600.0000 40.8391 7.2935
38605.0000 40.8513 7.3060
38610.0000 40.9239 7.3950
38615.0000 40.9118 7.3825
38620.0000 40.9087 7.3828
38625.0000 40.9848 7.4465
38630.0000 40.9848 7.4465
38635.0000 40.9885 7.4490
38640.0000 40.9946 7.4473
38645.0000 40.9414 7.4233
38650.0000 40.9040 7.3940
38655.0000 40.9681 7.4379
38660.0000 41.0085 7.4541
38665.0000 41.0015 7.4550
38670.0000 41.0025 7.4599
38675.0000 40.9850 7.4616
38680.0000 40.9660 7.4652
38685.0000 40.9812 7.4641
38690.0000 40.9966 7.4620
38695.0000 40.9960 7.4568
38700.0000 41.0387 7.4509
38705.0000 41.1219 7.5077
38710.0000 41.0933 7.4894
38715.0000 41.0567 7.4889
38720.0000 41.0812 7.5181
38725.0000 41.1152 7.5462
38730.0000 41.0944 7.5204
38735.0000 41.1370 7.5951
38740.0000 41.1394 7.5957
38745.0000 41.1078 7.5514
38750.0000 41.1389 7.5496
38755.0000 41.1389 7.5496
38760.0000 41.1910 7.5747
38765.0000 41.1979 7.5753
38770.0000 41.2125 7.5810
38775.0000 41.2826 7.6087
38780.0000 41.2594 7.6055
38785.0000 41.2493 7.6059
38790.0000 41.2578 7.6072
38795.0000 41.2597 7.6127
38800.0000 41.2519 7.6123
38805.0000 41.2624 7.6092
38810.0000 41.2615 7.6091
38815.0000 41.2948 7.6392
38820.0000 41.2948 7.6392
38825.0000 41.3125 7.6526
38830.0000 41.3058 7.6338
38835.0000 41.2696 7.6147
38840.0000 41.2280 7.5921
38845.0000 41.2098 7.5951
38850.0000 41.2316 7.6236
38855.0000 41.3002 7.6562
38860.0000 41.3459 7.6857
38865.0000 41.4147 7.7175
38870.0000 41.4844 7.7426
38875.0000 41.5240 7.7501
38880.0000 41.5437 7.7426
38885.0000 41.5840 7.7626
38890.0000 41.5437 7.7130
38895.0000 41.5301 7.7101
38900.0000 41.5256 7.6852
38905.0000 41.5968 7.7417
38910.0000 41.6330 7.7835
38915.0000 41.6340 7.7808
38920.0000 41.6992 7.8349
38925.0000 41.7078 7.8333
38930.0000 41.7805 7.8591
38935.0000 41.7848 7.8577
38940.0000 41.7663 7.8382
38945.0000 41.7381 7.8058
38950.0000 41.7812 7.8535
38955.0000 41.7594 7.8461
38960.0000 41.7591 7.8760
38965.0000 41.7975 7.8927
38970.0000 41.8005 7.8924
38975.0000 41.7939 7.8919
38980.0000 41.8107 7.9019
38985.0000 41.8211 7.8978
38990.0000 41.8194 7.8982
38995.0000 41.8692 7.9481
39000.0000 41.8769 7.9493
39005.0000 41.8769 7.9493
39010.0000 41.8068 7.9073
39015.0000 41.7171 7.8340
39020.0000 41.7185 7.8362
39025.0000 41.7394 7.8522
39030.0000 41.7287 7.8545
39035.0000 41.7072 7.8545
39040.0000 41.7068 7.8555
39045.0000 41.7049 7.8535
39050.0000 41.7129 7.8531
39055.0000 41.7268 7.8442
39060.0000 41.7323 7.8442
39065.0000 41.7154 7.8266
39070.0000 41.7529 7.8082
39075.0000 41.5357 7.7004
39080.0000 41.5317 7.7319
39085.0000 41.5327 7.7335
39090.0000 41.5269 7.7343
39095.0000 41.5411 7.7440
39100.0000 41.5314 7.7535
39105.0000 41.5349 7.7518
39110.0000 41.5519 7.7515
39115.0000 41.5694 7.7479
39120.0000 41.5809 7.7439
39125.0000 41.5928 7.7395
39130.0000 41.3734 7.5287
39135.0000 41.3446 7.5002
39140.0000 41.3115 7.4837
39145.0000 41.3092 7.4884
39150.0000 41.3354 7.5143
39155.0000 41.3138 7.5227
39160.0000 41.3109 7.5238
39165.0000 41.3067 7.5228
39170.0000 41.3086 7.5226
39175.0000 41.3128 7.5207
39180.0000 41.3160 7.5186
39185.0000 41.3146 7.5127
39190.0000 41.3142 7.5126
39195.0000 41.2889 7.4988
39200.0000 41.3018 7.4944
39205.0000 41.3085 7.4982
39210.0000 41.3646 7.5581
39215.0000 41.3660 7.5536
39220.0000 41.3695 7.5533
39225.0000 41.3853 7.5490
39230.0000 41.4097 7.5731
39235.0000 41.4923 7.6253
39240.0000 41.5248 7.6385
39245.0000 41.5507 7.6361
39250.0000 41.5172 7.6275
39255.0000 41.4580 7.5865
39260.0000 41.4717 7.5861
39265.0000 41.4777 7.5854
39270.0000 41.4850 7.5868
39275.0000 41.5592 7.6080
39280.0000 41.5662 7.6073
39285.0000 41.6016 7.6220
39290.0000 41.5937 7.6251
39295.0000 41.6061 7.6360
39300.0000 41.6232 7.6387
39305.0000 41.6371 7.6388
39310.0000 41.6423 7.6417
39315.0000 41.5607 7.5807
39320.0000 41.5412 7.5626
39325.0000 41.5445 7.5655
39330.0000 41.5411 7.5720
39335.0000 41.5324 7.5744
39340.0000 41.5365 7.5766
39345.0000 41.5506 7.5794
39350.0000 41.5495 7.5816
39355.0000 41.5538 7.5816
39360.0000 41.5612 7.5783
39365.0000 41.5684 7.5763
39370.0000 41.5408 7.5511
39375.0000 41.5175 7.5400
39380.0000 41.4003 7.4591
39385.0000 41.4030 7.4597
39390.0000 41.4031 7.4822
39395.0000 41.4503 7.5122
39400.0000 41.4449 7.5146
39405.0000 41.4447 7.5097
39410.0000 41.4447 7.5097
39415.0000 41.4518 7.5107
39420.0000 41.4706 7.5066
39425.0000 41.4418 7.4778
39430.0000 41.4419 7.4755
39435.0000 41.4479 7.4753
39440.0000 41.4307 7.4737
39445.0000 41.4168 7.4772
39450.0000 41.3897 7.4825
39455.0000 41.3808 7.4823
39460.0000 41.3766 7.4843
39465.0000 41.3674 7.4850
39470.0000 41.3751 7.4841
39475.0000 41.4043 7.5083
39480.0000 41.4522 7.5450
39485.0000 41.4695 7.5404
39490.0000 41.4606 7.5436
39495.0000 41.4285 7.5381
39500.0000 41.4141 7.5369
39505.0000 41.4048 7.5382
39510.0000 41.4043 7.5396
39515.0000 41.4002 7.5387
39520.0000 41.4144 7.5439
39525.0000 41.4142 7.5472
39530.0000 41.4540 7.5491
39535.0000 41.4566 7.5479
39540.0000 41.4533 7.5355
39545.0000 41.4928 7.5725
39550.0000 41.4833 7.5426
39555.0000 41.4256 7.5050
39560.0000 41.3378 7.4376
39565.0000 41.4147 7.4927
39570.0000 41.4506 7.5333
39575.0000 41.4414 7.5306
39580.0000 41.4536 7.5280
39585.0000 41.4675 7.5273
39590.0000 41.5264 7.5391
39595.0000 41.5270 7.5137
39600.0000 41.5524 7.5072
39605.0000 41.5859 7.5178
39610.0000 41.5954 7.5183
39615.0000 41.5663 7.5070
39620.0000 41.5552 7.4884
39625.0000 41.5748 7.4916
39630.0000 41.5884 7.5042
39635.0000 41.6191 7.5203
39640.0000 41.5955 7.4862
39645.0000 41.6388 7.5275
39650.0000 41.6443 7.5374
39655.0000 41.6475 7.5390
39660.0000 41.6516 7.5375
39665.0000 41.6167 7.5236
39670.0000 41.5876 7.4685
39675.0000 41.5816 7.4422
39680.0000 41.5893 7.4434
39685.0000 41.5758 7.4426
39690.0000 41.5876 7.4398
39695.0000 41.5743 7.4372
39700.0000 41.5703 7.4375
39705.0000 41.5732 7.4366
39710.0000 41.5747 7.4422
39715.0000 41.5747 7.4422
39720.0000 41.6192 7.4321
39725.0000 41.5851 7.4185
39730.0000 41.5362 7.3669
39735.0000 41.5081 7.3261
39740.0000 41.4122 7.2871
39745.0000 41.3860 7.2615
39750.0000 41.3838 7.2614
39755.0000 41.3795 7.2592
39760.0000 41.3934 7.2569
39765.0000 41.4020 7.2539
39770.0000 41.4286 7.2517
39775.0000 41.4700 7.2915
39780.0000 41.4750 7.2911
39785.0000 41.4414 7.2792
39790.0000 41.4084 7.2157
39795.0000 41.4222 7.2119
39800.0000 41.4248 7.2102
39805.0000 41.4206 7.2089
39810.0000 41.4149 7.2104
39815.0000 41.4045 7.2121
39820.0000 41.3967 7.2154
39825.0000 41.4034 7.2167
39830.0000 41.4700 7.2593
39835.0000 41.4762 7.2572
39840.0000 41.4800 7.2571
39845.0000 41.5194 7.2757
39850.0000 41.4740 7.2487
39855.0000 41.4265 7.2356
39860.0000 41.3852 7.2297
39865.0000 41.3976 7.2297
39870.0000 41.4309 7.2501
39875.0000 41.4622 7.2884
39880.0000 41.4611 7.2891
39885.0000 41.4608 7.2773
39890.0000 41.5097 7.3232
39895.0000 41.5451 7.3595
39900.0000 41.5758 7.3930
39905.0000 41.5676 7.4005
39910.0000 41.5198 7.3811
39915.0000 41.4384 7.3630
39920.0000 41.4257 7.3637
39925.0000 41.4657 7.3698
39930.0000 41.4552 7.3734
39935.0000 41.4674 7.4080
39940.0000 41.4951 7.4388
39945.0000 41.5010 7.4330
39950.0000 41.5010 7.4330
39955.0000 41.4960 7.4356
39960.0000 41.4960 7.4356
39965.0000 41.5383 7.4302
39970.0000 41.4987 7.3825
39975.0000 41.4362 7.3485
39980.0000 41.4448 7.3705
39985.0000 41.4371 7.3735
39990.0000 41.4325 7.3776
39995.0000 41.4295 7.3802
40000.0000 41.4730 7.4317
40005.0000 41.4731 7.4317
40010.0000 41.4770 7.4313
40015.0000 41.5058 7.4372
40020.0000 41.5120 7.4365
40025.0000 41.4812 7.4288
40030.0000 41.4355 7.3913
40035.0000 41.3802 7.3768
40040.0000 41.3821 7.3754
40045.0000 41.3666 7.3793
40050.0000 41.3651 7.3854
40055.0000 41.3502 7.3855
40060.0000 41.3441 7.3882
40065.0000 41.3415 7.3857
40070.0000 41.3463 7.3845
40075.0000 41.3499 7.3835
40080.0000 41.3499 7.3835
40085.0000 41.3164 7.3379
40090.0000 41.2404 7.3152
40095.0000 41.1922 7.3122
40100.0000 41.1487 7.2879
40105.0000 41.1597 7.2839
40110.0000 41.1787 7.3252
40115.0000 41.2090 7.3425
40120.0000 41.2058 7.3524
40125.0000 41.2059 7.3503
40130.0000 41.2576 7.3922
40135.0000 41.2614 7.3930
40140.0000 41.2654 7.3900
40145.0000 41.2676 7.3921
40150.0000 41.0893 7.2718
40155.0000 41.0091 7.1973
40160.0000 40.9989 7.1922
40165.0000 41.0317 7.2121
40170.0000 41.0482 7.2464
40175.0000 41.0388 7.2780
40180.0000 41.0336 7.2807
40185.0000 41.0277 7.2838
40190.0000 41.0159 7.2852
40195.0000 41.0207 7.2835
40200.0000 41.0396 7.2853
40205.0000 41.0467 7.2850
40210.0000 40.9503 7.2095
40215.0000 40.9545 7.2078
40220.0000 40.9689 7.2391
40225.0000 40.9536 7.2441
40230.0000 40.9380 7.2473
40235.0000 40.9331 7.2463
40240.0000 40.9375 7.2467
40245.0000 40.9719 7.2409
40250.0000 41.0088 7.2475
40255.0000 41.0137 7.2454
40260.0000 41.0137 7.2454
40265.0000 41.0226 7.2419
40270.0000 41.0323 7.2445
40275.0000 41.0106 7.2007
40280.0000 41.0055 7.1983
40285.0000 41.0378 7.2174
40290.0000 41.0404 7.2183
40295.0000 41.0485 7.2422
40300.0000 41.0472 7.2423
40305.0000 41.0407 7.2414
40310.0000 41.0360 7.2418
40315.0000 41.0360 7.2418
40320.0000 41.0504 7.2416
40325.0000 41.0504 7.2416
40330.0000 40.9770 7.1849
40335.0000 40.9248 7.1788
40340.0000 40.9034 7.1841
40345.0000 40.8986 7.1862
40350.0000 40.8884 7.1891
40355.0000 40.8902 7.1855
40360.0000 40.8829 7.1875
40365.0000 40.8775 7.1838
40370.0000 40.8753 7.1833
40375.0000 40.9038 7.2062
40380.0000 40.9384 7.2286
40385.0000 40.9383 7.2513
40390.0000 40.8795 7.1987
40395.0000 40.8961 7.1983
40400.0000 40.9047 7.1983
40405.0000 40.9130 7.2071
40410.0000 40.9164 7.2097
40415.0000 40.9319 7.2129
40420.0000 41.0222 7.2406
40425.0000 41.1178 7.2504
40430.0000 41.1655 7.2605
40435.0000 41.2383 7.2762
40440.0000 41.2484 7.2780
40445.0000 41.3047 7.2891
40450.0000 41.3446 7.2917
40455.0000 41.4465 7.3204
40460.0000 41.5205 7.3276
40465.0000 41.5675 7.3444
40470.0000 41.6328 7.3644
40475.0000 41.6814 7.3891
40480.0000 41.7584 7.4261
40485.0000 41.8218 7.4445
40490.0000 41.9357 7.5362
40495.0000 41.9717 7.5723
40500.0000 42.0376 7.5941
40505.0000 42.0227 7.5779
40510.0000 42.0225 7.5778
40515.0000 42.0283 7.5754
40520.0000 42.0260 7.5703
40525.0000 42.0249 7.5716
40530.0000 42.0368 7.5658
40535.0000 42.0163 7.5631
40540.0000 42.0236 7.5625
40545.0000 42.0698 7.5884
40550.0000 42.0714 7.5886
40555.0000 42.0860 7.5903
40560.0000 42.1386 7.6198
40565.0000 42.1404 7.6216
40570.0000 42.1756 7.6519
40575.0000 42.1215 7.6334
40580.0000 42.1134 7.6379
40585.0000 42.1016 7.6450
40590.0000 42.0957 7.6438
40595.0000 42.0856 7.6448
40600.0000 42.0751 7.6333
40605.0000 42.1160 7.6500
40610.0000 42.1417 7.6749
40615.0000 42.1473 7.6743
40620.0000 42.1962 7.6806
40625.0000 42.3057 7.7612
40630.0000 42.3728 7.8291
40635.0000 42.4004 7.8509
40640.0000 42.3580 7.8256
40645.0000 42.3730 7.8376
40650.0000 42.4066 7.8661
40655.0000 42.4001 7.8697
40660.0000 42.4071 7.8685
40665.0000 42.4067 7.8651
40670.0000 42.4175 7.8647
40675.0000 42.4391 7.8574
40680.0000 42.4467 7.8612
40685.0000 42.4854 7.8725
40690.0000 42.5204 7.8952
40695.0000 42.4437 7.8087
40700.0000 42.4591 7.8395
40705.0000 42.4969 7.8708
40710.0000 42.5465 7.8817
40715.0000 42.6125 7.9256
40720.0000 42.5931 7.9333
40725.0000 42.5905 7.9309
40730.0000 42.5890 7.9309
40735.0000 42.6118 7.9293
40740.0000 42.6247 7.9280
40745.0000 42.6574 7.9344
40750.0000 42.6633 7.9329
40755.0000 42.6553 7.9218
40760.0000 42.6822 7.9266
40765.0000 42.6757 7.9269
40770.0000 42.7061 7.9232
40775.0000 42.7041 7.9213
40780.0000 42.7093 7.9223
40785.0000 42.7615 7.9506
40790.0000 42.8193 7.9788
40795.0000 42.8310 7.9781
40800.0000 42.8481 7.9759
40805.0000 42.8481 7.9759
40810.0000 42.7951 7.9516
40815.0000 42.7842 7.9577
40820.0000 42.8026 8.0043
40825.0000 42.8785 8.0274
40830.0000 42.9175 8.0421
40835.0000 42.9160 8.0417
40840.0000 43.0082 8.0823
40845.0000 43.0079 8.0813
40850.0000 43.0032 8.0813
40855.0000 43.0120 8.0794
40860.0000 43.0235 8.0841
40865.0000 43.0208 8.0857
40870.0000 42.9318 8.0283
40875.0000 42.9066 8.0352
40880.0000 42.8886 8.0246
40885.0000 42.8860 8.0248
40890.0000 42.8707 8.0267
40895.0000 42.8615 8.0240
40900.0000 42.8805 8.0624
40905.0000 42.8898 8.0571
40910.0000 42.8997 8.0575
40915.0000 42.9053 8.0566
40920.0000 42.8875 8.0255
40925.0000 42.9392 8.0657
40930.0000 42.9526 8.0654
40935.0000 42.9381 8.0345
40940.0000 42.8851 7.9928
40945.0000 42.8701 7.9959
40950.0000 42.8734 7.9977
40955.0000 42.9116 8.0450
40960.0000 42.9323 8.0441
40965.0000 42.9609 8.0408
40970.0000 42.9732 8.0387
40975.0000 43.0273 8.0522
40980.0000 43.0424 8.0508
40985.0000 43.0296 8.0404
40990.0000 42.9956 8.0100
40995.0000 43.0055 7.9913
41000.0000 42.9173 7.9573
41005.0000 42.9224 7.9650
41010.0000 42.9306 7.9676
41015.0000 42.9500 8.0262
41020.0000 42.9929 8.0452
41025.0000 42.9892 8.0329
41030.0000 42.9992 8.0391
41035.0000 43.0042 8.0433
41040.0000 43.0116 8.0443
41045.0000 42.9703 8.0341
41050.0000 42.9804 8.0389
41055.0000 42.9137 7.9878
41060.0000 42.8927 7.9815
41065.0000 42.8959 8.0203
41070.0000 42.8866 8.0073
41075.0000 42.9432 8.0423
41080.0000 42.9674 8.0374
41085.0000 42.9674 8.0382
41090.0000 43.0037 8.0917
41095.0000 42.9983 8.0938
41100.0000 42.9983 8.0938
41105.0000 43.0020 8.0921
41110.0000 42.9511 8.0567
41115.0000 42.8395 7.9922
41120.0000 42.7892 7.9566
41125.0000 42.7379 7.9470
41130.0000 42.7296 7.9483
41135.0000 42.7160 7.9326
41140.0000 42.7364 7.9652
41145.0000 42.7334 7.9653
41150.0000 42.7209 7.9675
41155.0000 42.7773 8.0135
41160.0000 42.8235 8.0508
41165.0000 42.8838 8.0564
41170.0000 42.8343 8.0062
41175.0000 42.8401 8.0200
41180.0000 42.7922 7.9919
41185.0000 42.8106 8.0020
41190.0000 42.8162 7.9993
41195.0000 42.8182 7.9972
41200.0000 42.8096 8.0014
41205.0000 42.8010 7.9987
41210.0000 42.8726 8.0260
41215.0000 42.9635 8.0534
41220.0000 42.9925 8.0508
41225.0000 42.9708 8.0257
41230.0000 42.9388 8.0025
41235.0000 42.9791 8.0108
41240.0000 42.9971 8.0098
41245.0000 43.0001 8.0040
41250.0000 43.0444 7.9973
41255.0000 43.0263 7.9909
41260.0000 43.0417 7.9831
41265.0000 43.0550 7.9741
41270.0000 43.0714 7.9652
41275.0000 43.0809 7.9619
41280.0000 43.0813 7.9250
41285.0000 43.0787 7.9276
41290.0000 43.0893 7.9243
41295.0000 43.0301 7.9175
41300.0000 43.0213 7.9184
41305.0000 43.0424 7.9406
41310.0000 43.0161 7.9474
41315.0000 42.9733 7.9532
41320.0000 42.9377 7.9155
41325.0000 42.9232 7.9134
41330.0000 42.9498 7.9429
41335.0000 42.9524 7.9420
41340.0000 42.9696 7.9429
41345.0000 42.9545 7.9249
41350.0000 42.8428 7.8700
41355.0000 42.8102 7.8302
41360.0000 42.8018 7.8309
41365.0000 42.7910 7.8289
41370.0000 42.7497 7.7937
41375.0000 42.7879 7.8309
41380.0000 42.7964 7.8377
41385.0000 42.8396 7.8745
41390.0000 42.8612 7.8686
41395.0000 42.8698 7.8649
41400.0000 42.8783 7.8663
41405.0000 42.8862 7.8670
41410.0000 42.9089 7.8933
41415.0000 42.8228 7.8786
41420.0000 42.7929 7.8488
41425.0000 42.8411 7.8779
41430.0000 42.8408 7.8800
41435.0000 42.8464 7.9039
41440.0000 42.8381 7.9064
41445.0000 42.7990 7.8592
41450.0000 42.7993 7.8722
41455.0000 42.7998 7.8722
41460.0000 42.8189 7.8684
41465.0000 42.8941 7.9265
41470.0000 42.8668 7.9329
41475.0000 42.7282 7.8367
41480.0000 42.7349 7.8361
41485.0000 42.7053 7.8411
41490.0000 42.7352 7.8661
41495.0000 42.7303 7.8661
41500.0000 42.7478 7.8824
41505.0000 42.7616 7.8929
41510.0000 42.7412 7.8983
41515.0000 42.7450 7.8960
41520.0000 42.7581 7.8937
41525.0000 42.7468 7.9025
41530.0000 42.6976 7.8788
41535.0000 42.6106 7.8432
41540.0000 42.6082 7.8443
41545.0000 42.5645 7.7925
41550.0000 42.5747 7.7883
41555.0000 42.5993 7.8284
41560.0000 42.6503 7.8598
41565.0000 42.6604 7.8579
41570.0000 42.6525 7.8634
41575.0000 42.6575 7.8636
41580.0000 42.6676 7.8608
41585.0000 42.6676 7.8608
41590.0000 42.6650 7.8624
41595.0000 42.6194 7.8512
41600.0000 42.5772 7.8254
41605.0000 42.5625 7.8267
41610.0000 42.5558 7.8251
41615.0000 42.5148 7.8265
41620.0000 42.4800 7.7894
41625.0000 42.4742 7.7912
41630.0000 42.4672 7.7967
41635.0000 42.5171 7.8170
41640.0000 42.5638 7.8433
41645.0000 42.5644 7.8487
41650.0000 42.4652 7.7759
41655.0000 42.4652 7.7759
41660.0000 42.5203 7.8128
41665.0000 42.5125 7.8135
41670.0000 42.5094 7.8158
41675.0000 42.4668 7.8184
41680.0000 42.4678 7.8222
41685.0000 42.4604 7.8236
41690.0000 42.5126 7.8597
41695.0000 42.5510 7.8974
41700.0000 42.6014 7.9324
41705.0000 42.6090 7.9325
41710.0000 42.5703 7.8984
41715.0000 42.4377 7.8463
41720.0000 42.4373 7.8440
41725.0000 42.3933 7.8513
41730.0000 42.3838 7.8514
41735.0000 42.4445 7.8734
41740.0000 42.4408 7.8742
41745.0000 42.4726 7.8930
41750.0000 42.4760 7.8956
41755.0000 42.4844 7.8931
41760.0000 42.4843 7.8958
41765.0000 42.4501 7.8691
41770.0000 42.3355 7.7823
41775.0000 42.2823 7.7699
41780.0000 42.2719 7.7675
41785.0000 42.3123 7.8005
41790.0000 42.2973 7.8057
41795.0000 42.2814 7.8031
41800.0000 42.2996 7.8229
41805.0000 42.3005 7.8234
41810.0000 42.2981 7.8262
41815.0000 42.3044 7.8261
41820.0000 42.3416 7.8604
41825.0000 42.3922 7.8639
41830.0000 42.4734 7.8908
41835.0000 42.4256 7.8629
41840.0000 42.4338 7.8672
41845.0000 42.4086 7.8746
41850.0000 42.3962 7.8832
41855.0000 42.3796 7.8833
41860.0000 42.4161 7.9059
41865.0000 42.4308 7.8767
41870.0000 42.4509 7.8990
41875.0000 42.4581 7.9000
41880.0000 42.5216 7.9530
41885.0000 42.5313 7.9706
41890.0000 42.5422 8.0165
41895.0000 42.4848 7.9812
41900.0000 42.3807 7.8949
41905.0000 42.3874 7.8899
41910.0000 42.3932 7.8876
41915.0000 42.3707 7.8911
41920.0000 42.3639 7.8918
41925.0000 42.3587 7.8912
41930.0000 42.3855 7.9142
41935.0000 42.3929 7.9131
41940.0000 42.3929 7.9131
41945.0000 42.4131 7.9229
41950.0000 42.3511 7.8708
41955.0000 42.3721 7.9316
41960.0000 42.4171 7.9670
41965.0000 42.4004 7.9710
41970.0000 42.3918 7.9746
41975.0000 42.4127 8.0027
41980.0000 42.4257 8.0015
41985.0000 42.4311 8.0001
41990.0000 42.4283 8.0014
41995.0000 42.4283 8.0014
42000.0000 42.4687 8.0370
42005.0000 42.4797 8.0339
42010.0000 42.4392 7.9924
42015.0000 42.4501 7.9875
42020.0000 42.4501 7.9875
42025.0000 42.4655 8.0123
42030.0000 42.4697 8.0141
42035.0000 42.4762 8.0140
42040.0000 42.4841 8.0180
42045.0000 42.4818 8.0210
42050.0000 42.4922 8.0180
42055.0000 42.5104 8.0201
42060.0000 42.5291 8.0226
42065.0000 42.5320 8.0251
42070.0000 42.4580 7.9471
42075.0000 42.4840 7.9672
42080.0000 42.4277 7.9407
42085.0000 42.4088 7.9391
42090.0000 42.4006 7.9385
42095.0000 42.3787 7.9365
42100.0000 42.3699 7.9356
42105.0000 42.3710 7.9337
42110.0000 42.3627 7.9435
42115.0000 42.3573 7.9456
42120.0000 42.3659 7.9439
42125.0000 42.3659 7.9439
42130.0000 42.3604 7.9494
42135.0000 42.1924 7.8779
42140.0000 42.1871 7.8681
42145.0000 42.1417 7.8296
42150.0000 42.1599 7.8282
42155.0000 42.1676 7.8256
42160.0000 42.1879 7.8260
42165.0000 42.1979 7.8270
42170.0000 42.2073 7.8269
42175.0000 42.2149 7.8289
42180.0000 42.2270 7.8296
42185.0000 42.1628 7.8039
42190.0000 42.1031 7.7843
42195.0000 41.9932 7.7631
42200.0000 41.9117 7.7093
42205.0000 41.8599 7.6636
42210.0000 41.8516 7.6658
42215.0000 41.8566 7.6621
42220.0000 41.8958 7.6987
42225.0000 41.9333 7.7261
42230.0000 41.8896 7.6840
42235.0000 41.9337 7.7114
42240.0000 41.9532 7.7110
42245.0000 41.9750 7.7060
42250.0000 41.8875 7.6424
42255.0000 41.7734 7.5902
42260.0000 41.7429 7.5665
42265.0000 41.7169 7.5712
42270.0000 41.7127 7.5729
42275.0000 41.6964 7.5719
42280.0000 41.6880 7.5745
42285.0000 41.6736 7.5702
42290.0000 41.6645 7.5722
42295.0000 41.6592 7.5743
42300.0000 41.6592 7.5743
42305.0000 41.6431 7.5519
42310.0000 41.6177 7.5190
42315.0000 41.6351 7.5188
42320.0000 41.6204 7.5225
42325.0000 41.6202 7.5151
42330.0000 41.6247 7.5114
42335.0000 41.6150 7.5079
42340.0000 41.6217 7.5089
42345.0000 41.6238 7.5065
42350.0000 41.6774 7.5376
42355.0000 41.7204 7.5632
42360.0000 41.7571 7.5905
42365.0000 41.7178 7.5784
42370.0000 41.7169 7.5697
42375.0000 41.6022 7.5002
42380.0000 41.6156 7.4524
42385.0000 41.6832 7.4213
42390.0000 41.7638 7.4138
42395.0000 41.7738 7.4081
42400.0000 41.8346 7.4280
42405.0000 41.8962 7.4468
42410.0000 41.9671 7.4734
42415.0000 42.0500 7.5446
42420.0000 42.0548 7.5432
42425.0000 42.0584 7.5439
42430.0000 41.9003 7.4508
42435.0000 41.8320 7.3894
42440.0000 41.8752 7.4070
42445.0000 41.9030 7.4423
42450.0000 41.9547 7.4594
42455.0000 41.9651 7.4601
42460.0000 41.9977 7.4610
42465.0000 42.0037 7.4673
42470.0000 42.0040 7.4725
42475.0000 42.0142 7.4757
42480.0000 42.0267 7.4782
42485.0000 42.0601 7.4796
42490.0000 42.0337 7.4606
42495.0000 41.9983 7.4344
42500.0000 41.9704 7.4245
42505.0000 41.9442 7.4302
42510.0000 41.9342 7.4384
42515.0000 41.9077 7.4388
42520.0000 41.9045 7.4411
42525.0000 41.8993 7.4395
42530.0000 41.8929 7.4453
42535.0000 41.9098 7.4446
42540.0000 41.9177 7.4437
42545.0000 41.9206 7.4799
42550.0000 41.9529 7.5354
42555.0000 41.8874 7.5287
42560.0000 41.8389 7.5000
42565.0000 41.8755 7.5248
42570.0000 41.8640 7.5317
42575.0000 41.8694 7.5335
42580.0000 41.9141 7.5415
42585.0000 41.8984 7.5402
42590.0000 41.8876 7.5428
42595.0000 41.9143 7.5619
42600.0000 41.9977 7.6295
42605.0000 42.0209 7.6320
42610.0000 42.0039 7.5974
42615.0000 42.0073 7.5973
42620.0000 41.9407 7.5827
42625.0000 41.9297 7.5804
42630.0000 41.9886 7.6487
42635.0000 41.9803 7.6412
42640.0000 42.0355 7.6709
42645.0000 42.0422 7.6684
42650.0000 42.0803 7.6847
42655.0000 42.1581 7.7389
42660.0000 42.2121 7.7863
42665.0000 42.2361 7.7898
42670.0000 42.1880 7.7715
42675.0000 42.0913 7.7068
42680.0000 42.0879 7.7071
42685.0000 42.1017 7.7242
42690.0000 42.0962 7.7283
42695.0000 42.0799 7.7289
42700.0000 42.0927 7.7236
42705.0000 42.0927 7.7236
42710.0000 42.1033 7.7258
42715.0000 42.1033 7.7258
42720.0000 42.1070 7.7348
42725.0000 42.0733 7.7075
42730.0000 42.0357 7.6715
42735.0000 42.0985 7.6890
42740.0000 42.0552 7.6880
42745.0000 42.0743 7.6811
42750.0000 42.0677 7.6863
42755.0000 42.0396 7.6850
42760.0000 42.0631 7.6742
42765.0000 42.0757 7.6705
42770.0000 42.0904 7.6659
42775.0000 42.1483 7.6618
42780.0000 42.1831 7.6585
42785.0000 42.2009 7.6528
42790.0000 42.1379 7.5786
42795.0000 42.1067 7.5872
42800.0000 42.1105 7.5864
42805.0000 42.1343 7.5830
42810.0000 42.1484 7.6088
42815.0000 42.1778 7.6280
42820.0000 42.1762 7.6309
42825.0000 42.2214 7.6348
42830.0000 42.2368 7.6259
42835.0000 42.2543 7.6231
42840.0000 42.3063 7.6494
42845.0000 42.2603 7.6323
42850.0000 42.3036 7.6251
42855.0000 42.2539 7.5926
42860.0000 42.2947 7.5917
42865.0000 42.3164 7.6133
42870.0000 42.3758 7.6701
42875.0000 42.3681 7.6678
42880.0000 42.3449 7.6729
42885.0000 42.3361 7.6757
42890.0000 42.3322 7.6774
42895.0000 42.3645 7.6825
42900.0000 42.3770 7.6808
42905.0000 42.3605 7.6716
42910.0000 42.3121 7.6496
42915.0000 42.2957 7.6572
42920.0000 42.2507 7.6214
42925.0000 42.2542 7.6210
42930.0000 42.2703 7.6275
42935.0000 42.3838 7.6922
42940.0000 42.4527 7.7453
42945.0000 42.4565 7.7445
42950.0000 42.4897 7.7787
42955.0000 42.4937 7.7768
42960.0000 42.5378 7.8001
42965.0000 42.5178 7.7925
42970.0000 42.5037 7.7937
42975.0000 42.4246 7.7376
42980.0000 42.4173 7.7135
42985.0000 42.4162 7.7097
42990.0000 42.4923 7.7683
42995.0000 42.4786 7.7693
43000.0000 42.4827 7.7682
43005.0000 42.4849 7.7677
43010.0000 42.5283 7.8049
43015.0000 42.5863 7.8663
43020.0000 42.6330 7.9017
43025.0000 42.6949 7.9610
43030.0000 42.6657 7.9363
43035.0000 42.6756 7.9405
43040.0000 42.6825 7.9422
43045.0000 42.7151 7.9481
43050.0000 42.7685 7.9572
43055.0000 42.8405 8.0187
43060.0000 42.8249 8.0146
43065.0000 42.8345 8.0176
43070.0000 42.8648 8.0427
43075.0000 42.8925 8.0547
43080.0000 42.8803 8.0410
43085.0000 42.8807 8.0226
43090.0000 42.8428 7.9891
43095.0000 42.8660 7.9919
43100.0000 42.8218 7.9573
43105.0000 42.8667 7.9516
43110.0000 42.8818 7.9534
43115.0000 42.8777 7.9614
43120.0000 42.8607 7.9659
43125.0000 42.8717 7.9638
43130.0000 42.8495 7.9639
43135.0000 42.8694 7.9640
43140.0000 42.9225 8.0006
43145.0000 42.9280 8.0015
43150.0000 42.8422 7.9517
43155.0000 42.8021 7.9042
43160.0000 42.7821 7.8732
43165.0000 42.7656 7.8651
43170.0000 42.7635 7.8653
43175.0000 42.7710 7.8652
43180.0000 42.7605 7.8682
43185.0000 42.7771 7.8646
43190.0000 42.8081 7.9049
43195.0000 42.8284 7.9046
43200.0000 42.8862 7.9133
