5.0000 0.0000 0.0000
10.0000 0.0000 0.0000
15.0000 0.0274 0.0001
20.0000 0.0318 0.0002
25.0000 0.0574 0.0003
30.0000 0.0640 0.0004
35.0000 0.1064 0.0018
40.0000 0.1254 0.0019
45.0000 0.1254 0.0019
50.0000 0.1499 0.0019
55.0000 0.1499 0.0019
60.0000 0.1764 0.0020
65.0000 0.1764 0.0020
70.0000 0.2161 0.0029
75.0000 0.2332 0.0029
80.0000 0.2332 0.0029
85.0000 0.2925 0.0041
90.0000 0.2925 0.0041
95.0000 0.3158 0.0043
100.0000 0.3158 0.0043
105.0000 0.3293 0.0043
110.0000 0.3443 0.0044
115.0000 0.4134 0.0058
120.0000 0.4272 0.0059
125.0000 0.4727 0.0076
130.0000 0.5156 0.0077
135.0000 0.5627 0.0090
140.0000 0.5836 0.0091
145.0000 0.6058 0.0093
150.0000 0.6184 0.0094
155.0000 0.6376 0.0095
160.0000 0.6463 0.0096
165.0000 0.6669 0.0099
170.0000 0.6877 0.0098
175.0000 0.7024 0.0100
180.0000 0.7446 0.0143
185.0000 0.7538 0.0143
190.0000 0.7700 0.0143
195.0000 0.7744 0.0143
200.0000 0.7855 0.0144
205.0000 0.8007 0.0146
210.0000 0.8494 0.0169
215.0000 0.8621 0.0170
220.0000 0.8972 0.0170
225.0000 0.9149 0.0170
230.0000 0.9803 0.0211
235.0000 1.0324 0.0244
240.0000 1.0366 0.0243
245.0000 1.0581 0.0245
250.0000 1.0581 0.0245
255.0000 1.0892 0.0247
260.0000 1.1349 0.0251
265.0000 1.1563 0.0256
270.0000 1.1815 0.0257
275.0000 1.1887 0.0257
280.0000 1.2451 0.0263
285.0000 1.3184 0.0326
290.0000 1.3440 0.0328
295.0000 1.3486 0.0327
300.0000 1.3809 0.0327
305.0000 1.4407 0.0367
310.0000 1.4525 0.0370
315.0000 1.4728 0.0371
320.0000 1.4978 0.0378
325.0000 1.5267 0.0382
330.0000 1.5267 0.0382
335.0000 1.5467 0.0384
340.0000 1.5502 0.0384
345.0000 1.5822 0.0384
350.0000 1.6016 0.0388
355.0000 1.6098 0.0387
360.0000 1.6871 0.0463
365.0000 1.7334 0.0537
370.0000 1.7642 0.0542
375.0000 1.7865 0.0542
380.0000 1.8576 0.0544
385.0000 1.8887 0.0558
390.0000 1.9959 0.0659
395.0000 2.0232 0.0664
400.0000 2.0306 0.0662
405.0000 2.0612 0.0663
410.0000 2.0675 0.0666
415.0000 2.0981 0.0669
420.0000 2.0981 0.0669
425.0000 2.1469 0.0668
430.0000 2.1668 0.0666
435.0000 2.1891 0.0670
440.0000 2.3098 0.0695
445.0000 2.3194 0.0696
450.0000 2.3314 0.0695
455.0000 2.3922 0.0722
460.0000 2.4027 0.0723
465.0000 2.4115 0.0721
470.0000 2.4581 0.0752
475.0000 2.5181 0.0849
480.0000 2.5688 0.0974
485.0000 2.5780 0.0973
490.0000 2.6177 0.0967
495.0000 2.6349 0.0966
500.0000 2.6820 0.0954
505.0000 2.7042 0.0957
510.0000 2.7155 0.0954
515.0000 2.7565 0.0967
520.0000 2.7758 0.0970
525.0000 2.7941 0.0972
530.0000 2.8106 0.0975
535.0000 2.8212 0.0974
540.0000 2.8377 0.0980
545.0000 2.8524 0.0978
550.0000 2.8573 0.0983
555.0000 2.9139 0.0988
560.0000 2.9745 0.1041
565.0000 2.9878 0.1041
570.0000 3.0359 0.1090
575.0000 3.0566 0.1087
580.0000 3.0755 0.1088
585.0000 3.1262 0.1175
590.0000 3.2221 0.1290
595.0000 3.2498 0.1289
600.0000 3.2759 0.1289
605.0000 3.3686 0.1362
610.0000 3.3967 0.1366
615.0000 3.4094 0.1367
620.0000 3.4353 0.1367
625.0000 3.4747 0.1355
630.0000 3.4957 0.1354
635.0000 3.5373 0.1389
640.0000 3.6607 0.1607
645.0000 3.8034 0.1994
650.0000 3.9243 0.2439
655.0000 4.0654 0.2999
660.0000 4.1019 0.3147
665.0000 4.1368 0.3152
670.0000 4.1519 0.3156
675.0000 4.1756 0.3157
680.0000 4.1840 0.3154
685.0000 4.2330 0.3232
690.0000 4.2450 0.3231
695.0000 4.2515 0.3230
700.0000 4.2796 0.3227
705.0000 4.2796 0.3227
710.0000 4.3333 0.3226
715.0000 4.3409 0.3221
720.0000 4.3777 0.3223
725.0000 4.3940 0.3221
730.0000 4.5304 0.3477
735.0000 4.5845 0.3629
740.0000 4.5845 0.3629
745.0000 4.6634 0.3781
750.0000 4.7489 0.4020
755.0000 4.8754 0.4191
760.0000 4.8885 0.4185
765.0000 4.9065 0.4185
770.0000 4.9113 0.4186
775.0000 4.9243 0.4183
780.0000 4.9328 0.4181
785.0000 4.9468 0.4173
790.0000 5.0038 0.4222
795.0000 5.0103 0.4218
800.0000 5.0586 0.4195
805.0000 5.0685 0.4190
810.0000 5.2049 0.4265
815.0000 5.2601 0.4249
820.0000 5.2601 0.4249
825.0000 5.2844 0.4244
830.0000 5.2925 0.4242
835.0000 5.3105 0.4236
840.0000 5.3252 0.4235
845.0000 5.3964 0.4438
850.0000 5.4118 0.4439
855.0000 5.4224 0.4433
860.0000 5.4708 0.4404
865.0000 5.5080 0.4392
870.0000 5.5352 0.4387
875.0000 5.5697 0.4383
880.0000 5.5846 0.4384
885.0000 5.6338 0.4507
890.0000 5.6611 0.4515
895.0000 5.6660 0.4515
900.0000 5.6905 0.4512
905.0000 5.6905 0.4512
910.0000 5.7089 0.4509
915.0000 5.7852 0.4786
920.0000 5.8327 0.4979
925.0000 5.8775 0.5172
930.0000 5.8903 0.5179
935.0000 5.9138 0.5173
940.0000 5.9544 0.5407
945.0000 6.0043 0.5404
950.0000 6.0486 0.5525
955.0000 6.0696 0.5521
960.0000 6.1043 0.5543
965.0000 6.1200 0.5545
970.0000 6.1236 0.5543
975.0000 6.1766 0.5583
980.0000 6.1927 0.5575
985.0000 6.2468 0.5738
990.0000 6.2655 0.5727
995.0000 6.3200 0.5918
1000.0000 6.3486 0.5923
1005.0000 6.4292 0.5932
1010.0000 6.4693 0.5936
1015.0000 6.5800 0.5942
1020.0000 6.6847 0.6036
1025.0000 6.7626 0.6181
1030.0000 6.8257 0.6399
1035.0000 6.8863 0.6419
1040.0000 6.9051 0.6414
1045.0000 6.9163 0.6412
1050.0000 6.9283 0.6412
1055.0000 6.9370 0.6409
1060.0000 6.9588 0.6407
1065.0000 6.9783 0.6422
1070.0000 7.0368 0.6431
1075.0000 7.0910 0.6399
1080.0000 7.1014 0.6400
1085.0000 7.1729 0.6466
1090.0000 7.2398 0.6523
1095.0000 7.2493 0.6520
1100.0000 7.2689 0.6522
1105.0000 7.3273 0.6736
1110.0000 7.3767 0.6787
1115.0000 7.3952 0.6789
1120.0000 7.4075 0.6786
1125.0000 7.4288 0.6797
1130.0000 7.4432 0.6799
1135.0000 7.4615 0.6806
1140.0000 7.4641 0.6803
1145.0000 7.4738 0.6803
1150.0000 7.4977 0.6792
1155.0000 7.5429 0.6800
1160.0000 7.6666 0.6939
1165.0000 7.6884 0.6941
1170.0000 7.7588 0.6886
1175.0000 7.8199 0.6871
1180.0000 7.8439 0.6858
1185.0000 7.8773 0.6837
1190.0000 7.9639 0.7102
1195.0000 8.0570 0.7114
1200.0000 8.0727 0.7121
1205.0000 8.1239 0.7111
1210.0000 8.1957 0.7068
1215.0000 8.2343 0.7084
1220.0000 8.2808 0.7090
1225.0000 8.3384 0.7273
1230.0000 8.3642 0.7265
1235.0000 8.3971 0.7276
1240.0000 8.4194 0.7274
1245.0000 8.5226 0.7565
1250.0000 8.5226 0.7565
1255.0000 8.5370 0.7565
1260.0000 8.5504 0.7560
1265.0000 8.5726 0.7555
1270.0000 8.5911 0.7547
1275.0000 8.6027 0.7541
1280.0000 8.6250 0.7543
1285.0000 8.6600 0.7520
1290.0000 8.6646 0.7517
1295.0000 8.6932 0.7511
1300.0000 8.6974 0.7508
1305.0000 8.7158 0.7500
1310.0000 8.7341 0.7491
1315.0000 8.7555 0.7476
1320.0000 8.8091 0.7423
1325.0000 8.8773 0.7528
1330.0000 8.8810 0.7527
1335.0000 8.9274 0.7581
1340.0000 8.9381 0.7587
1345.0000 8.9505 0.7586
1350.0000 8.9693 0.7587
1355.0000 8.9851 0.7581
1360.0000 8.9851 0.7581
1365.0000 9.0456 0.7582
1370.0000 9.0546 0.7578
1375.0000 9.0661 0.7577
1380.0000 9.0766 0.7575
1385.0000 9.0766 0.7575
1390.0000 9.1028 0.7579
1395.0000 9.1028 0.7579
1400.0000 9.1146 0.7579
1405.0000 9.1399 0.7557
1410.0000 9.1480 0.7552
1415.0000 9.2062 0.7516
1420.0000 9.2412 0.7541
1425.0000 9.2921 0.7530
1430.0000 9.3314 0.7497
1435.0000 9.3578 0.7494
1440.0000 9.3704 0.7487
1445.0000 9.5503 0.8337
1450.0000 9.5812 0.8530
1455.0000 9.5910 0.8530
1460.0000 9.6573 0.8592
1465.0000 9.6656 0.8590
1470.0000 9.7123 0.8586
1475.0000 9.7292 0.8583
1480.0000 9.7513 0.8585
1485.0000 9.7705 0.8597
1490.0000 9.7971 0.8599
1495.0000 9.8262 0.8588
1500.0000 9.8621 0.8594
1505.0000 9.9086 0.8601
1510.0000 9.9440 0.8616
1515.0000 9.9839 0.8626
1520.0000 10.0437 0.8629
1525.0000 10.0834 0.8640
1530.0000 10.1622 0.8610
1535.0000 10.1837 0.8598
1540.0000 10.2575 0.8661
1545.0000 10.2800 0.8653
1550.0000 10.3403 0.8632
1555.0000 10.3645 0.8630
1560.0000 10.3753 0.8630
1565.0000 10.4076 0.8614
1570.0000 10.4123 0.8608
1575.0000 10.4432 0.8589
1580.0000 10.4934 0.8594
1585.0000 10.5142 0.8576
1590.0000 10.5322 0.8569
1595.0000 10.5367 0.8566
1600.0000 10.5966 0.8660
1605.0000 10.6346 0.8652
1610.0000 10.7697 0.8738
1615.0000 10.8121 0.8833
1620.0000 10.8797 0.8954
1625.0000 10.8797 0.8954
1630.0000 10.9296 0.8919
1635.0000 10.9414 0.8916
1640.0000 10.9643 0.8917
1645.0000 10.9687 0.8913
1650.0000 10.9885 0.8915
1655.0000 11.0242 0.9008
1660.0000 11.0459 0.9003
1665.0000 11.0459 0.9003
1670.0000 11.0852 0.9110
1675.0000 11.1024 0.9113
1680.0000 11.1166 0.9110
1685.0000 11.1464 0.9106
1690.0000 11.2079 0.9134
1695.0000 11.2385 0.9138
1700.0000 11.3170 0.9060
1705.0000 11.3960 0.9105
1710.0000 11.4568 0.9268
1715.0000 11.4833 0.9255
1720.0000 11.5783 0.9428
1725.0000 11.5993 0.9426
1730.0000 11.6563 0.9477
1735.0000 11.6943 0.9486
1740.0000 11.7580 0.9683
1745.0000 11.8152 0.9827
1750.0000 11.8379 0.9838
1755.0000 11.8722 0.9866
1760.0000 11.8987 0.9881
1765.0000 11.9222 0.9907
1770.0000 11.9652 0.9937
1775.0000 12.0221 0.9961
1780.0000 12.0509 0.9974
1785.0000 12.0842 0.9969
1790.0000 12.1192 0.9965
1795.0000 12.1359 0.9965
1800.0000 12.1540 0.9972
1805.0000 12.1783 0.9981
1810.0000 12.1865 0.9990
1815.0000 12.2443 1.0185
1820.0000 12.2530 1.0185
1825.0000 12.2811 1.0196
1830.0000 12.3592 1.0483
1835.0000 12.3784 1.0476
1840.0000 12.4296 1.0521
1845.0000 12.4468 1.0512
1850.0000 12.5389 1.0850
1855.0000 12.5968 1.1187
1860.0000 12.6503 1.1482
1865.0000 12.6920 1.1640
1870.0000 12.7038 1.1638
1875.0000 12.7172 1.1631
1880.0000 12.7334 1.1627
1885.0000 12.7703 1.1635
1890.0000 12.8035 1.1641
1895.0000 12.8269 1.1637
1900.0000 12.8627 1.1644
1905.0000 12.8983 1.1656
1910.0000 12.9870 1.1908
1915.0000 13.0444 1.2093
1920.0000 13.0681 1.2064
1925.0000 13.1166 1.2105
1930.0000 13.1550 1.2112
1935.0000 13.1854 1.2086
1940.0000 13.2215 1.2090
1945.0000 13.2479 1.2083
1950.0000 13.2953 1.2125
1955.0000 13.3103 1.2148
1960.0000 13.3529 1.2100
1965.0000 13.4590 1.2286
1970.0000 13.5599 1.2675
1975.0000 13.7326 1.3497
1980.0000 13.8813 1.4209
1985.0000 13.9762 1.4706
1990.0000 14.1096 1.4993
1995.0000 14.3076 1.5658
2000.0000 14.4948 1.6538
2005.0000 14.5487 1.6910
2010.0000 14.5864 1.6970
2015.0000 14.6218 1.7013
2020.0000 14.6763 1.7053
2025.0000 14.7030 1.7096
2030.0000 14.7324 1.7188
2035.0000 14.8024 1.7256
2040.0000 14.8363 1.7341
2045.0000 14.8778 1.7359
2050.0000 14.9299 1.7448
2055.0000 14.9609 1.7451
2060.0000 14.9985 1.7459
2065.0000 15.0679 1.7676
2070.0000 15.1049 1.7685
2075.0000 15.1383 1.7734
2080.0000 15.1635 1.7726
2085.0000 15.2121 1.7750
2090.0000 15.2739 1.7836
2095.0000 15.3139 1.7862
2100.0000 15.3252 1.7891
2105.0000 15.4421 1.8185
2110.0000 15.4639 1.8219
2115.0000 15.5175 1.8172
2120.0000 15.5435 1.8166
2125.0000 15.5913 1.8188
2130.0000 15.7416 1.8366
2135.0000 15.8050 1.8433
2140.0000 15.8917 1.8631
2145.0000 15.9093 1.8647
2150.0000 15.9699 1.8625
2155.0000 16.0596 1.8667
2160.0000 16.0728 1.8660
2165.0000 16.0854 1.8649
2170.0000 16.1482 1.8690
2175.0000 16.1716 1.8671
2180.0000 16.1854 1.8673
2185.0000 16.1987 1.8663
2190.0000 16.2226 1.8660
2195.0000 16.2502 1.8658
2200.0000 16.2726 1.8639
2205.0000 16.2914 1.8632
2210.0000 16.3819 1.8955
2215.0000 16.4352 1.9143
2220.0000 16.4546 1.9125
2225.0000 16.4634 1.9129
2230.0000 16.4676 1.9130
2235.0000 16.4883 1.9118
2240.0000 16.5077 1.9113
2245.0000 16.5263 1.9109
2250.0000 16.5700 1.9239
2255.0000 16.6046 1.9240
2260.0000 16.6438 1.9217
2265.0000 16.6668 1.9205
2270.0000 16.6967 1.9208
2275.0000 16.7629 1.9360
2280.0000 16.7915 1.9350
2285.0000 16.8049 1.9352
2290.0000 16.8357 1.9419
2295.0000 16.8506 1.9417
2300.0000 16.9012 1.9479
2305.0000 16.9243 1.9535
2310.0000 16.9437 1.9539
2315.0000 17.0683 1.9567
2320.0000 17.0831 1.9551
2325.0000 17.1065 1.9527
2330.0000 17.2040 1.9727
2335.0000 17.3171 2.0001
2340.0000 17.3812 2.0049
2345.0000 17.4020 2.0028
2350.0000 17.4928 2.0221
2355.0000 17.5245 2.0225
2360.0000 17.5467 2.0204
2365.0000 17.5956 2.0249
2370.0000 17.6102 2.0258
2375.0000 17.6218 2.0248
2380.0000 17.6528 2.0249
2385.0000 17.7074 2.0190
2390.0000 17.7553 2.0393
2395.0000 17.8193 2.0545
2400.0000 17.8444 2.0588
2405.0000 17.8591 2.0607
2410.0000 17.9141 2.0811
2415.0000 17.9326 2.0823
2420.0000 18.0011 2.1030
2425.0000 18.0260 2.1064
2430.0000 18.0463 2.1092
2435.0000 18.0765 2.1124
2440.0000 18.1186 2.1207
2445.0000 18.1311 2.1187
2450.0000 18.2027 2.1321
2455.0000 18.2633 2.1492
2460.0000 18.2856 2.1472
2465.0000 18.2936 2.1466
2470.0000 18.3374 2.1613
2475.0000 18.3520 2.1615
2480.0000 18.3727 2.1606
2485.0000 18.4201 2.1712
2490.0000 18.4953 2.1933
2495.0000 18.5668 2.1986
2500.0000 18.5891 2.1958
2505.0000 18.6047 2.1936
2510.0000 18.6127 2.1931
2515.0000 18.6127 2.1931
2520.0000 18.6346 2.1905
2525.0000 18.6698 2.1976
2530.0000 18.6861 2.1979
2535.0000 18.6949 2.1969
2540.0000 18.7498 2.2278
2545.0000 18.7757 2.2246
2550.0000 18.7802 2.2240
2555.0000 18.8098 2.2216
2560.0000 18.8441 2.2407
2565.0000 18.8618 2.2388
2570.0000 18.8706 2.2380
2575.0000 18.8806 2.2387
2580.0000 18.8962 2.2363
2585.0000 18.9086 2.2335
2590.0000 18.9327 2.2303
2595.0000 18.9440 2.2319
2600.0000 18.9703 2.2288
2605.0000 18.9763 2.2315
2610.0000 18.9922 2.2301
2615.0000 19.0018 2.2301
2620.0000 19.0384 2.2383
2625.0000 19.1010 2.2552
2630.0000 19.1433 2.2809
2635.0000 19.1805 2.2807
2640.0000 19.1930 2.2809
2645.0000 19.3779 2.2934
2650.0000 19.4590 2.2873
2655.0000 19.5145 2.2848
2660.0000 19.5447 2.2864
2665.0000 19.5582 2.2855
2670.0000 19.5890 2.2871
2675.0000 19.6000 2.2863
2680.0000 19.6593 2.2973
2685.0000 19.7499 2.3275
2690.0000 19.7632 2.3258
2695.0000 19.7831 2.3256
2700.0000 19.7953 2.3236
2705.0000 19.8421 2.3365
2710.0000 19.8916 2.3635
2715.0000 19.8967 2.3637
2720.0000 19.9589 2.3587
2725.0000 20.0410 2.3972
2730.0000 20.0813 2.4139
2735.0000 20.0943 2.4126
2740.0000 20.1037 2.4125
2745.0000 20.1636 2.4287
2750.0000 20.1915 2.4311
2755.0000 20.2240 2.4354
2760.0000 20.3220 2.4320
2765.0000 20.3707 2.4566
2770.0000 20.3875 2.4603
2775.0000 20.4815 2.5070
2780.0000 20.5332 2.5018
2785.0000 20.6301 2.5326
2790.0000 20.6457 2.5378
2795.0000 20.6574 2.5366
2800.0000 20.6693 2.5357
2805.0000 20.7510 2.5989
2810.0000 20.8001 2.6310
2815.0000 20.9321 2.7342
2820.0000 21.0457 2.7658
2825.0000 21.0962 2.8216
2830.0000 21.1045 2.8234
2835.0000 21.1485 2.8162
2840.0000 21.2473 2.8501
2845.0000 21.3480 2.8781
2850.0000 21.3821 2.9034
2855.0000 21.3950 2.9010
2860.0000 21.4014 2.9001
2865.0000 21.4122 2.9002
2870.0000 21.4533 2.9268
2875.0000 21.4683 2.9250
2880.0000 21.5809 2.9751
2885.0000 21.6454 2.9869
2890.0000 21.7401 3.0158
2895.0000 21.8912 3.1276
2900.0000 21.9642 3.1690
2905.0000 21.9807 3.1666
2910.0000 22.0251 3.1830
2915.0000 22.1032 3.1963
2920.0000 22.1639 3.1862
2925.0000 22.1864 3.1855
2930.0000 22.2063 3.1840
2935.0000 22.2779 3.2563
2940.0000 22.3028 3.2270
2945.0000 22.3094 3.2264
2950.0000 22.3283 3.2286
2955.0000 22.3477 3.2275
2960.0000 22.3692 3.2342
2965.0000 22.3931 3.2324
2970.0000 22.4059 3.2329
2975.0000 22.4181 3.2343
2980.0000 22.5048 3.2925
2985.0000 22.5123 3.2910
2990.0000 22.5798 3.3175
2995.0000 22.6296 3.3256
3000.0000 22.6491 3.3285
3005.0000 22.7143 3.3355
3010.0000 22.8839 3.3724
3015.0000 22.9586 3.3769
3020.0000 23.0538 3.3889
3025.0000 23.1311 3.4042
3030.0000 23.2362 3.4457
3035.0000 23.2644 3.4498
3040.0000 23.2842 3.4579
3045.0000 23.3086 3.4713
3050.0000 23.3284 3.4728
3055.0000 23.3559 3.4847
3060.0000 23.3801 3.4856
3065.0000 23.4105 3.5157
3070.0000 23.5152 3.5741
3075.0000 23.5792 3.6253
3080.0000 23.5881 3.6247
3085.0000 23.6031 3.6270
3090.0000 23.6127 3.6256
3095.0000 23.6280 3.6236
3100.0000 23.6323 3.6251
3105.0000 23.6973 3.6365
3110.0000 23.7057 3.6357
3115.0000 23.7484 3.6488
3120.0000 23.7666 3.6452
3125.0000 23.8222 3.6655
3130.0000 23.8746 3.6879
3135.0000 23.9238 3.6867
3140.0000 24.0068 3.6936
3145.0000 24.0193 3.6944
3150.0000 24.0258 3.6921
3155.0000 24.0433 3.6899
3160.0000 24.0545 3.6879
3165.0000 24.1777 3.7397
3170.0000 24.2420 3.7792
3175.0000 24.3269 3.8082
3180.0000 24.3360 3.8062
3185.0000 24.3788 3.8520
3190.0000 24.3939 3.8489
3195.0000 24.4054 3.8472
3200.0000 24.4455 3.8701
3205.0000 24.4592 3.8673
3210.0000 24.4828 3.8684
3215.0000 24.5338 3.9002
3220.0000 24.5760 3.9191
3225.0000 24.6380 3.9572
3230.0000 24.7244 4.0286
3235.0000 24.8636 4.1272
3240.0000 24.9613 4.2106
3245.0000 25.0286 4.2893
3250.0000 25.0536 4.2878
3255.0000 25.0536 4.2878
3260.0000 25.0925 4.2977
3265.0000 25.0603 4.2323
3270.0000 25.1382 4.2888
3275.0000 25.2077 4.3436
3280.0000 25.2605 4.3523
3285.0000 25.3232 4.3584
3290.0000 25.3754 4.3725
3295.0000 25.4136 4.3720
3300.0000 25.4601 4.3824
3305.0000 25.5333 4.4112
3310.0000 25.5564 4.4137
3315.0000 25.5792 4.4147
3320.0000 25.6527 4.4317
3325.0000 25.6689 4.4327
3330.0000 25.7439 4.4629
3335.0000 25.7563 4.4647
3340.0000 25.7878 4.4663
3345.0000 25.8231 4.4704
3350.0000 25.9409 4.4959
3355.0000 25.9788 4.4989
3360.0000 26.0157 4.4957
3365.0000 26.0684 4.5175
3370.0000 26.1697 4.5321
3375.0000 26.1811 4.4858
3380.0000 26.2343 4.5116
3385.0000 26.2821 4.5343
3390.0000 26.3015 4.5306
3395.0000 26.3481 4.5418
3400.0000 26.4346 4.5645
3405.0000 26.4460 4.5640
3410.0000 26.4611 4.5614
3415.0000 26.4881 4.5587
3420.0000 26.5105 4.5549
3425.0000 26.5679 4.5756
3430.0000 26.6792 4.6136
3435.0000 26.7524 4.6445
3440.0000 26.8061 4.6561
3445.0000 26.9012 4.7218
3450.0000 26.9984 4.7373
3455.0000 27.0654 4.7556
3460.0000 27.1537 4.8082
3465.0000 27.2300 4.8438
3470.0000 27.2719 4.8758
3475.0000 27.2896 4.8702
3480.0000 27.3363 4.9069
3485.0000 27.3887 4.9253
3490.0000 27.4411 4.9428
3495.0000 27.4836 4.9787
3500.0000 27.5410 4.9964
3505.0000 27.5636 4.9945
3510.0000 27.5861 4.9898
3515.0000 27.6009 4.9874
3520.0000 27.6291 4.9808
3525.0000 27.6473 4.9796
3530.0000 27.6565 4.9787
3535.0000 27.6753 4.9767
3540.0000 27.7189 4.9894
3545.0000 27.7830 4.9944
3550.0000 27.8017 4.9958
3555.0000 27.8155 4.9950
3560.0000 27.8394 4.9918
3565.0000 27.8882 5.0128
3570.0000 27.9136 5.0090
3575.0000 27.9280 5.0096
3580.0000 27.9349 4.9667
3585.0000 27.9452 4.9667
3590.0000 27.9791 4.9636
3595.0000 27.9874 4.9625
3600.0000 28.0028 4.9585
3605.0000 28.0167 4.9550
3610.0000 28.0278 4.9540
3615.0000 28.0401 4.9506
3620.0000 28.0715 4.9456
3625.0000 28.0766 4.9440
3630.0000 28.0988 4.9432
3635.0000 28.1742 5.0188
3640.0000 28.2246 5.0461
3645.0000 28.2669 5.0821
3650.0000 28.3041 5.0928
3655.0000 28.3854 5.1341
3660.0000 28.3951 5.1323
3665.0000 28.4179 5.1308
3670.0000 28.4235 5.1283
3675.0000 28.4440 5.1251
3680.0000 28.4397 5.1137
3685.0000 28.4577 5.1124
3690.0000 28.4796 5.1079
3695.0000 28.4960 5.1051
3700.0000 28.5497 5.1307
3705.0000 28.5589 5.1283
3710.0000 28.5744 5.1264
3715.0000 28.5822 5.1251
3720.0000 28.5956 5.1220
3725.0000 28.6133 5.1199
3730.0000 28.6166 5.1190
3735.0000 28.6682 5.1295
3740.0000 28.6988 5.1226
3745.0000 28.7245 5.1170
3750.0000 28.7675 5.1443
3755.0000 28.8564 5.1967
3760.0000 28.9258 5.2450
3765.0000 29.0053 5.2559
3770.0000 29.0258 5.2502
3775.0000 29.0619 5.2417
3780.0000 29.0740 5.2382
3785.0000 29.1352 5.2623
3790.0000 29.1851 5.2563
3795.0000 29.2283 5.2802
3800.0000 29.2715 5.3053
3805.0000 29.2762 5.3049
3810.0000 29.3092 5.3036
3815.0000 29.3239 5.3015
3820.0000 29.3484 5.3002
3825.0000 29.3933 5.3342
3830.0000 29.4965 5.3763
3835.0000 29.5486 5.4036
3840.0000 29.5618 5.3996
3845.0000 29.5805 5.3983
3850.0000 29.5895 5.3966
3855.0000 29.6000 5.4007
3860.0000 29.6333 5.4404
3865.0000 29.6889 5.4787
3870.0000 29.7241 5.4877
3875.0000 29.7528 5.4833
3880.0000 29.8470 5.5530
3885.0000 29.9125 5.5687
3890.0000 29.9374 5.5664
3895.0000 29.9599 5.5609
3900.0000 29.9927 5.5491
3905.0000 30.0722 5.5768
3910.0000 30.0888 5.5708
3915.0000 30.1014 5.5718
3920.0000 30.1134 5.5688
3925.0000 30.1245 5.5684
3930.0000 30.1379 5.5663
3935.0000 30.1451 5.5654
3940.0000 30.1718 5.5579
3945.0000 30.1905 5.5677
3950.0000 30.3125 5.6250
3955.0000 30.3371 5.6213
3960.0000 30.3959 5.6502
3965.0000 30.4743 5.6741
3970.0000 30.5051 5.6698
3975.0000 30.5672 5.6626
3980.0000 30.5905 5.6588
3985.0000 30.6132 5.6544
3990.0000 30.6355 5.6504
3995.0000 30.6522 5.6460
4000.0000 30.6716 5.6430
4005.0000 30.7266 5.6653
4010.0000 30.7415 5.6623
4015.0000 30.7452 5.6613
4020.0000 30.8752 5.7640
4025.0000 30.9103 5.7985
4030.0000 31.0189 5.8515
4035.0000 31.0130 5.8386
4040.0000 31.0796 5.8812
4045.0000 31.1521 5.9190
4050.0000 31.1968 5.9550
4055.0000 31.2620 5.9629
4060.0000 31.3485 5.9852
4065.0000 31.4676 6.0425
4070.0000 31.5297 6.0575
4075.0000 31.5564 6.0562
4080.0000 31.5504 6.0091
4085.0000 31.5969 6.0211
4090.0000 31.6306 6.0168
4095.0000 31.6812 6.0523
4100.0000 31.7344 6.0781
4105.0000 31.7836 6.1045
4110.0000 31.8781 6.1602
4115.0000 31.9266 6.1710
4120.0000 32.0283 6.2391
4125.0000 32.0803 6.2535
4130.0000 32.1425 6.2798
4135.0000 32.1459 6.2798
4140.0000 32.1778 6.2764
4145.0000 32.1871 6.2743
4150.0000 32.2133 6.2692
4155.0000 32.2863 6.3484
4160.0000 32.3202 6.3440
4165.0000 32.2837 6.2989
4170.0000 32.2968 6.2956
4175.0000 32.3086 6.2950
4180.0000 32.3400 6.3125
4185.0000 32.3651 6.3095
4190.0000 32.4157 6.3553
4195.0000 32.4430 6.3518
4200.0000 32.4759 6.3667
4205.0000 32.4975 6.3639
4210.0000 32.5214 6.3615
4215.0000 32.5706 6.3764
4220.0000 32.6132 6.3914
4225.0000 32.6830 6.4406
4230.0000 32.7385 6.4326
4235.0000 32.8033 6.4573
4240.0000 32.8295 6.4497
4245.0000 32.8510 6.4445
4250.0000 32.9317 6.4161
4255.0000 32.9818 6.4032
4260.0000 33.0081 6.3965
4265.0000 33.0582 6.3881
4270.0000 33.1576 6.4433
4275.0000 33.2389 6.4802
4280.0000 33.2630 6.4792
4285.0000 33.3148 6.5112
4290.0000 33.3311 6.5086
4295.0000 33.3580 6.5050
4300.0000 33.3758 6.5010
4305.0000 33.4238 6.5319
4310.0000 33.4408 6.5288
4315.0000 33.5081 6.5481
4320.0000 33.5186 6.5455
4325.0000 33.5347 6.5446
4330.0000 33.5550 6.5449
4335.0000 33.6362 6.6029
4340.0000 33.6782 6.6245
4345.0000 33.7164 6.6591
4350.0000 33.7814 6.7289
4355.0000 33.8012 6.7345
4360.0000 33.7835 6.6917
4365.0000 33.8063 6.6871
4370.0000 33.8524 6.6944
4375.0000 33.9327 6.7496
4380.0000 33.9890 6.7969
4385.0000 34.0624 6.8310
4390.0000 34.0782 6.7854
4395.0000 34.0995 6.7816
4400.0000 34.1472 6.7906
4405.0000 34.1436 6.7244
4410.0000 34.1865 6.7188
4415.0000 34.2553 6.7452
4420.0000 34.3176 6.7812
4425.0000 34.3305 6.7858
4430.0000 34.3601 6.7878
4435.0000 34.3696 6.7885
4440.0000 34.4000 6.7954
4445.0000 34.4688 6.8479
4450.0000 34.4887 6.8498
4455.0000 34.5120 6.8558
4460.0000 34.5620 6.8906
4465.0000 34.5889 6.8900
4470.0000 34.6428 6.9257
4475.0000 34.6977 6.9422
4480.0000 34.7435 6.9675
4485.0000 34.8429 7.0541
4490.0000 34.8076 6.9810
4495.0000 34.8337 6.9814
4500.0000 34.9390 7.0318
4505.0000 34.9532 7.0335
4510.0000 35.0069 7.0724
4515.0000 35.0212 7.0733
4520.0000 35.0687 7.0992
4525.0000 35.1222 7.1343
4530.0000 35.1710 7.1421
4535.0000 35.1774 7.1408
4540.0000 35.1895 7.1398
4545.0000 35.2792 7.1863
4550.0000 35.3420 7.2446
4555.0000 35.3973 7.2993
4560.0000 35.5023 7.3864
4565.0000 35.5106 7.3722
4570.0000 35.5250 7.3754
4575.0000 35.5384 7.3788
4580.0000 35.5481 7.3756
4585.0000 35.6023 7.3733
4590.0000 35.6215 7.3689
4595.0000 35.6357 7.3657
4600.0000 35.6467 7.3227
4605.0000 35.6747 7.3457
4610.0000 35.7752 7.3932
4615.0000 35.8092 7.4272
4620.0000 35.8547 7.4432
4625.0000 35.8660 7.4404
4630.0000 35.9255 7.4659
4635.0000 36.0173 7.5033
4640.0000 36.0310 7.5036
4645.0000 36.0686 7.5020
4650.0000 36.0849 7.4970
4655.0000 36.0485 7.4333
4660.0000 36.1198 7.4788
4665.0000 36.1797 7.5333
4670.0000 36.2148 7.5343
4675.0000 36.2351 7.5444
4680.0000 36.2583 7.5463
4685.0000 36.2583 7.5463
4690.0000 36.2689 7.5442
4695.0000 36.2810 7.5426
4700.0000 36.3141 7.5336
4705.0000 36.3678 7.5707
4710.0000 36.3572 7.5354
4715.0000 36.4606 7.5684
4720.0000 36.4606 7.5684
4725.0000 36.5285 7.6159
4730.0000 36.5446 7.6118
4735.0000 36.5805 7.6043
4740.0000 36.6076 7.5974
4745.0000 36.6734 7.5908
4750.0000 36.6935 7.5674
4755.0000 36.7079 7.5581
4760.0000 36.8119 7.5735
4765.0000 36.8687 7.6029
4770.0000 36.9203 7.6418
4775.0000 36.9386 7.6397
4780.0000 37.0124 7.6778
4785.0000 37.0387 7.6722
4790.0000 37.0627 7.6286
4795.0000 37.1888 7.6894
4800.0000 37.3978 7.8327
4805.0000 37.4800 7.8763
4810.0000 37.5055 7.8703
4815.0000 37.5577 7.8936
4820.0000 37.5845 7.8888
4825.0000 37.6346 7.8875
4830.0000 37.6853 7.9131
4835.0000 37.7295 7.9386
4840.0000 37.7643 7.9352
4845.0000 37.7814 7.9253
4850.0000 37.7942 7.8856
4855.0000 37.8644 7.8949
4860.0000 37.8933 7.8900
4865.0000 37.9127 7.8786
4870.0000 37.9711 7.9115
4875.0000 37.9858 7.9094
4880.0000 38.0276 7.9352
4885.0000 38.1129 7.9721
4890.0000 38.1585 7.9944
4895.0000 38.2134 7.9932
4900.0000 38.2705 8.0185
4905.0000 38.3296 8.0088
4910.0000 38.4353 8.0672
4915.0000 38.4809 8.0979
4920.0000 38.4932 8.0574
4925.0000 38.5418 8.0618
4930.0000 38.5627 8.0588
4935.0000 38.6606 8.1068
4940.0000 38.6548 8.0674
4945.0000 38.6540 8.0315
4950.0000 38.6802 8.0298
4955.0000 38.6985 8.0268
4960.0000 38.7868 8.0442
4965.0000 38.8092 8.0401
4970.0000 38.8592 8.0639
4975.0000 38.9237 8.1016
4980.0000 38.8941 8.0450
4985.0000 38.9366 8.0412
4990.0000 38.9547 8.0372
4995.0000 39.0257 8.0780
5000.0000 39.1141 8.1412
5005.0000 39.1501 8.1389
5010.0000 39.1624 8.1405
5015.0000 39.2279 8.1996
5020.0000 39.2489 8.1980
5025.0000 39.2596 8.1996
5030.0000 39.2807 8.2009
5035.0000 39.2980 8.2066
5040.0000 39.3307 8.2122
5045.0000 39.3390 8.2042
5050.0000 39.3496 8.1879
5055.0000 39.3598 8.1871
5060.0000 39.4728 8.2905
5065.0000 39.5458 8.3092
5070.0000 39.6248 8.3811
5075.0000 39.6889 8.4041
5080.0000 39.6940 8.4043
5085.0000 39.7582 8.4418
5090.0000 39.7628 8.4431
5095.0000 39.7914 8.4631
5100.0000 39.8117 8.4605
5105.0000 39.8156 8.4598
5110.0000 39.8728 8.4604
5115.0000 39.9009 8.4917
5120.0000 39.9160 8.4743
5125.0000 39.9160 8.4743
5130.0000 39.9612 8.4783
5135.0000 40.0238 8.5185
5140.0000 40.0408 8.5256
5145.0000 40.0858 8.5620
5150.0000 40.0960 8.5608
5155.0000 40.1299 8.5704
5160.0000 40.1763 8.6030
5165.0000 40.1995 8.5984
5170.0000 40.2165 8.5962
5175.0000 40.2101 8.5776
5180.0000 40.2254 8.5769
5185.0000 40.2339 8.5756
5190.0000 40.2811 8.6030
5195.0000 40.2975 8.6055
5200.0000 40.3334 8.6325
5205.0000 40.3451 8.6317
5210.0000 40.3594 8.6290
5215.0000 40.3688 8.6275
5220.0000 40.3600 8.5824
5225.0000 40.3849 8.6053
5230.0000 40.4164 8.6149
5235.0000 40.4227 8.5733
5240.0000 40.4816 8.6094
5245.0000 40.4817 8.5951
5250.0000 40.4930 8.5941
5255.0000 40.5040 8.5890
5260.0000 40.5772 8.5962
5265.0000 40.5920 8.5906
5270.0000 40.5878 8.5760
5275.0000 40.6623 8.5902
5280.0000 40.6710 8.5888
5285.0000 40.7763 8.6694
5290.0000 40.7873 8.6698
5295.0000 40.8325 8.6957
5300.0000 40.8471 8.6918
5305.0000 40.8502 8.6909
5310.0000 40.8779 8.6889
5315.0000 40.8834 8.6851
5320.0000 40.9317 8.7116
5325.0000 40.9567 8.7120
5330.0000 40.9781 8.7130
5335.0000 40.9904 8.7118
5340.0000 41.0072 8.7108
5345.0000 41.0227 8.7141
5350.0000 41.0620 8.7131
5355.0000 41.0511 8.6773
5360.0000 41.1538 8.7033
5365.0000 41.2236 8.7499
5370.0000 41.2890 8.7830
5375.0000 41.3324 8.7828
5380.0000 41.3739 8.7807
5385.0000 41.3791 8.7717
5390.0000 41.4291 8.7857
5395.0000 41.3936 8.7297
5400.0000 41.4327 8.7445
5405.0000 41.4685 8.7474
5410.0000 41.5173 8.7851
5415.0000 41.5593 8.7894
5420.0000 41.5555 8.7730
5425.0000 41.5947 8.7805
5430.0000 41.6295 8.7873
5435.0000 41.6626 8.7878
5440.0000 41.7167 8.7900
5445.0000 41.7376 8.7837
5450.0000 41.7934 8.8189
5455.0000 41.8001 8.7966
5460.0000 41.8230 8.7916
5465.0000 41.8322 8.7904
5470.0000 41.8457 8.7884
5475.0000 41.8640 8.7895
5480.0000 41.8750 8.7861
5485.0000 41.8925 8.7828
5490.0000 41.8952 8.7720
5495.0000 41.9209 8.7689
5500.0000 41.9296 8.7657
5505.0000 41.9546 8.7627
5510.0000 41.9602 8.7640
5515.0000 41.9486 8.7232
5520.0000 41.9669 8.7205
5525.0000 41.9889 8.7190
5530.0000 42.0084 8.7173
5535.0000 42.0528 8.7513
5540.0000 42.0732 8.7585
5545.0000 42.1025 8.7627
5550.0000 42.1689 8.8242
5555.0000 42.1942 8.8211
5560.0000 42.2152 8.8151
5565.0000 42.2448 8.8104
5570.0000 42.2932 8.8490
5575.0000 42.3206 8.8473
5580.0000 42.3089 8.8027
5585.0000 42.3533 8.8284
5590.0000 42.3852 8.8162
5595.0000 42.4168 8.8319
5600.0000 42.4306 8.8218
5605.0000 42.4179 8.7947
5610.0000 42.4165 8.7684
5615.0000 42.4433 8.7627
5620.0000 42.4710 8.7355
5625.0000 42.4974 8.7326
5630.0000 42.4681 8.6852
5635.0000 42.5429 8.7286
5640.0000 42.5524 8.7272
5645.0000 42.5783 8.7139
5650.0000 42.6065 8.7095
5655.0000 42.6382 8.7179
5660.0000 42.6994 8.7622
5665.0000 42.7229 8.7652
5670.0000 42.7424 8.7710
5675.0000 42.7559 8.7729
5680.0000 42.7343 8.7339
5685.0000 42.8281 8.7904
5690.0000 42.8744 8.8147
5695.0000 42.8828 8.8124
5700.0000 42.8909 8.8101
5705.0000 42.9002 8.8097
5710.0000 42.8729 8.7742
5715.0000 42.9168 8.7982
5720.0000 42.9721 8.8272
5725.0000 43.0341 8.8556
5730.0000 43.0863 8.8830
5735.0000 43.0895 8.8816
5740.0000 43.1157 8.8770
5745.0000 43.1238 8.8823
5750.0000 43.1787 8.9221
5755.0000 43.2212 8.9107
5760.0000 43.2134 8.8511
5765.0000 43.1867 8.8106
5770.0000 43.1959 8.8075
5775.0000 43.2146 8.8048
5780.0000 43.2321 8.8017
5785.0000 43.2683 8.8264
5790.0000 43.3315 8.8683
5795.0000 43.3780 8.9087
5800.0000 43.4395 8.9372
5805.0000 43.4493 8.9182
5810.0000 43.4486 8.8674
5815.0000 43.4620 8.8592
5820.0000 43.4804 8.8544
5825.0000 43.5055 8.8518
5830.0000 43.5132 8.8497
5835.0000 43.5362 8.8527
5840.0000 43.5492 8.8527
5845.0000 43.6231 8.8496
5850.0000 43.6297 8.8503
5855.0000 43.6622 8.8465
5860.0000 43.6837 8.8429
5865.0000 43.6866 8.8176
5870.0000 43.7101 8.8151
5875.0000 43.7162 8.8112
5880.0000 43.7251 8.8111
5885.0000 43.7383 8.8088
5890.0000 43.7442 8.8090
5895.0000 43.7608 8.8048
5900.0000 43.7687 8.8041
5905.0000 43.7800 8.8007
5910.0000 43.7969 8.7936
5915.0000 43.8204 8.7869
5920.0000 43.8495 8.7789
5925.0000 43.8668 8.7750
5930.0000 43.8946 8.7678
5935.0000 43.9057 8.7567
5940.0000 43.9292 8.7502
5945.0000 43.9372 8.7476
5950.0000 43.9996 8.7743
5955.0000 43.9884 8.7583
5960.0000 44.0205 8.7497
5965.0000 44.0821 8.7880
5970.0000 44.0779 8.7530
5975.0000 44.1039 8.7530
5980.0000 44.1452 8.7789
5985.0000 44.1779 8.7739
5990.0000 44.2088 8.7979
5995.0000 44.1819 8.7407
6000.0000 44.1944 8.7367
6005.0000 44.2070 8.7343
6010.0000 44.2273 8.7284
6015.0000 44.2545 8.7322
6020.0000 44.2846 8.7300
6025.0000 44.3058 8.7252
6030.0000 44.3400 8.7205
6035.0000 44.3593 8.7154
6040.0000 44.4246 8.7666
6045.0000 44.5174 8.8158
6050.0000 44.5351 8.8126
6055.0000 44.6051 8.7698
6060.0000 44.6243 8.7694
6065.0000 44.6903 8.8035
6070.0000 44.7609 8.8168
6075.0000 44.7817 8.8121
6080.0000 44.7728 8.7796
6085.0000 44.8506 8.8302
6090.0000 44.8753 8.8284
6095.0000 44.8807 8.8280
6100.0000 44.9243 8.8214
6105.0000 44.9298 8.8176
6110.0000 44.9263 8.7776
6115.0000 44.9183 8.7626
6120.0000 44.9386 8.7591
6125.0000 44.9495 8.7593
6130.0000 44.9918 8.7874
6135.0000 44.9679 8.7532
6140.0000 44.9764 8.7525
6145.0000 44.9959 8.7522
6150.0000 45.0001 8.7509
6155.0000 44.9894 8.7159
6160.0000 44.9937 8.7147
6165.0000 45.0465 8.7471
6170.0000 45.0619 8.7576
6175.0000 45.0781 8.7662
6180.0000 45.1001 8.7689
6185.0000 45.1358 8.7937
6190.0000 45.1533 8.7963
6195.0000 45.1579 8.7941
6200.0000 45.1895 8.7828
6205.0000 45.1990 8.7886
6210.0000 45.2293 8.7839
6215.0000 45.2340 8.7817
6220.0000 45.2900 8.7885
6225.0000 45.3385 8.8200
6230.0000 45.3394 8.8046
6235.0000 45.3433 8.7864
6240.0000 45.3321 8.7659
6245.0000 45.3651 8.7686
6250.0000 45.3822 8.7692
6255.0000 45.4458 8.8008
6260.0000 45.5108 8.8434
6265.0000 45.5830 8.8854
6270.0000 45.5828 8.8611
6275.0000 45.6618 8.9045
6280.0000 45.6797 8.9123
6285.0000 45.6957 8.9212
6290.0000 45.6753 8.8765
6295.0000 45.6902 8.8739
6300.0000 45.7071 8.8514
6305.0000 45.7199 8.8494
6310.0000 45.7429 8.8386
6315.0000 45.7851 8.8622
6320.0000 45.8584 8.8956
6325.0000 45.8798 8.8934
6330.0000 45.8625 8.8518
6335.0000 45.9589 8.9195
6340.0000 46.0258 8.9695
6345.0000 46.0595 8.9627
6350.0000 46.1213 8.9729
6355.0000 46.0758 8.9176
6360.0000 46.0930 8.9157
6365.0000 46.0980 8.9136
6370.0000 46.1543 8.9024
6375.0000 46.1824 8.9306
6380.0000 46.2270 8.9406
6385.0000 46.2370 8.9205
6390.0000 46.2541 8.9197
6395.0000 46.2674 8.9206
6400.0000 46.3131 8.9187
6405.0000 46.3354 8.9128
6410.0000 46.3753 8.9317
6415.0000 46.4712 8.9373
6420.0000 46.5956 9.0199
6425.0000 46.6010 8.9848
6430.0000 46.5827 8.9374
6435.0000 46.6039 8.9375
6440.0000 46.6275 8.9495
6445.0000 46.5851 8.8890
6450.0000 46.5953 8.8929
6455.0000 46.6159 8.8957
6460.0000 46.6845 8.9538
6465.0000 46.7334 8.9874
6470.0000 46.7683 9.0006
6475.0000 46.7816 8.9977
6480.0000 46.8333 9.0244
6485.0000 46.8515 9.0202
6490.0000 46.8018 8.9532
6495.0000 46.8124 8.9514
6500.0000 46.8724 8.9699
6505.0000 46.8853 8.9679
6510.0000 46.9072 8.9631
6515.0000 46.9250 8.9654
6520.0000 46.9456 8.9743
6525.0000 46.9837 8.9905
6530.0000 46.9959 8.9874
6535.0000 46.9939 8.9586
6540.0000 47.0708 8.9902
6545.0000 47.0900 8.9709
6550.0000 47.1397 9.0026
6555.0000 47.1573 9.0014
6560.0000 47.1974 8.9943
6565.0000 47.2119 8.9925
6570.0000 47.2155 8.9824
6575.0000 47.2750 9.0170
6580.0000 47.3125 9.0364
6585.0000 47.3173 9.0353
6590.0000 47.3377 9.0337
6595.0000 47.3462 9.0335
6600.0000 47.3895 9.0544
6605.0000 47.4362 9.0738
6610.0000 47.5186 9.1400
6615.0000 47.5444 9.1399
6620.0000 47.5600 9.1391
6625.0000 47.5768 9.1405
6630.0000 47.5794 9.1411
6635.0000 47.5892 9.1380
6640.0000 47.6046 9.1292
6645.0000 47.6060 9.1184
6650.0000 47.6553 9.1436
6655.0000 47.6653 9.1400
6660.0000 47.7095 9.1625
6665.0000 47.7713 9.2038
6670.0000 47.8078 9.1890
6675.0000 47.8185 9.1352
6680.0000 47.9226 9.1521
6685.0000 47.9436 9.1495
6690.0000 47.9130 9.0896
6695.0000 47.9899 9.1338
6700.0000 47.9688 9.1009
6705.0000 47.9368 9.0598
6710.0000 47.9588 9.0558
6715.0000 47.9868 9.0497
6720.0000 48.0164 9.0466
6725.0000 48.0354 9.0436
6730.0000 47.9856 8.9739
6735.0000 48.0094 8.9711
6740.0000 47.9849 8.9359
6745.0000 48.0099 8.9397
6750.0000 48.0220 8.9367
6755.0000 48.0692 8.9771
6760.0000 48.1060 8.9853
6765.0000 48.1169 8.9831
6770.0000 48.1404 8.9850
6775.0000 48.1541 8.9824
6780.0000 48.1656 8.9537
6785.0000 48.1799 8.9390
6790.0000 48.2426 8.9338
6795.0000 48.3001 8.9467
6800.0000 48.2923 8.8911
6805.0000 48.3067 8.8903
6810.0000 48.3337 8.8870
6815.0000 48.3921 8.9217
6820.0000 48.4671 8.9594
6825.0000 48.4668 8.9425
6830.0000 48.4867 8.9341
6835.0000 48.5166 8.9318
6840.0000 48.5289 8.9304
6845.0000 48.5520 8.9251
6850.0000 48.5472 8.9056
6855.0000 48.5703 8.8983
6860.0000 48.5939 8.8921
6865.0000 48.6132 8.8875
6870.0000 48.6384 8.8926
6875.0000 48.6317 8.8696
6880.0000 48.6502 8.8669
6885.0000 48.6587 8.8650
6890.0000 48.6795 8.8610
6895.0000 48.6879 8.8645
6900.0000 48.6618 8.8231
6905.0000 48.6712 8.8208
6910.0000 48.6712 8.8208
6915.0000 48.6920 8.8193
6920.0000 48.7461 8.8628
6925.0000 48.7690 8.8653
6930.0000 48.7627 8.8472
6935.0000 48.7807 8.8563
6940.0000 48.8191 8.8793
6945.0000 48.8284 8.8720
6950.0000 48.8680 8.8746
6955.0000 48.9113 8.8824
6960.0000 48.9851 8.9281
6965.0000 49.0094 8.9356
6970.0000 49.0509 8.9425
6975.0000 49.0875 8.9512
6980.0000 49.1145 8.9526
6985.0000 49.1363 8.9556
6990.0000 49.1663 8.9536
6995.0000 49.1589 8.9133
7000.0000 49.1863 8.9066
7005.0000 49.1857 8.8960
7010.0000 49.2234 8.9183
7015.0000 49.2766 8.9321
7020.0000 49.3296 8.9671
7025.0000 49.3562 8.9640
7030.0000 49.3595 8.9641
7035.0000 49.3901 8.9626
7040.0000 49.4201 8.9594
7045.0000 49.4467 8.9594
7050.0000 49.5164 8.9737
7055.0000 49.4674 8.9257
7060.0000 49.4918 8.9221
7065.0000 49.5261 8.9531
7070.0000 49.5356 8.9492
7075.0000 49.4554 8.8589
7080.0000 49.5140 8.8979
7085.0000 49.5273 8.8943
7090.0000 49.5341 8.9004
7095.0000 49.5511 8.8968
7100.0000 49.5549 8.8963
7105.0000 49.5482 8.8586
7110.0000 49.5561 8.8587
7115.0000 49.5863 8.8601
7120.0000 49.5975 8.8611
7125.0000 49.6207 8.8554
7130.0000 49.6165 8.8274
7135.0000 49.6833 8.8522
7140.0000 49.7017 8.8487
7145.0000 49.7102 8.8461
7150.0000 49.7232 8.8501
7155.0000 49.7382 8.8506
7160.0000 49.7668 8.8423
7165.0000 49.7827 8.8409
7170.0000 49.8103 8.8364
7175.0000 49.8316 8.8337
7180.0000 49.8010 8.7896
7185.0000 49.8147 8.7851
7190.0000 49.8267 8.7801
7195.0000 49.8564 8.7754
7200.0000 49.8383 8.7431
7205.0000 49.8668 8.7376
7210.0000 49.8961 8.7482
7215.0000 49.9588 8.7898
7220.0000 49.9812 8.7993
7225.0000 50.0017 8.8003
7230.0000 50.0457 8.8352
7235.0000 50.0535 8.8229
7240.0000 50.0900 8.8370
7245.0000 50.1401 8.8737
7250.0000 50.1502 8.8723
7255.0000 50.1234 8.8282
7260.0000 50.1508 8.8368
7265.0000 50.1656 8.8339
7270.0000 50.1754 8.8374
7275.0000 50.1947 8.8335
7280.0000 50.2134 8.8293
7285.0000 50.2299 8.8136
7290.0000 50.2584 8.8215
7295.0000 50.2633 8.8043
7300.0000 50.2807 8.7980
7305.0000 50.3373 8.8286
7310.0000 50.3817 8.8441
7315.0000 50.3819 8.8277
7320.0000 50.4762 8.8855
7325.0000 50.4994 8.8849
7330.0000 50.4793 8.8621
7335.0000 50.4963 8.8567
7340.0000 50.5002 8.8556
7345.0000 50.5135 8.8530
7350.0000 50.5696 8.8759
7355.0000 50.5755 8.8743
7360.0000 50.5939 8.8788
7365.0000 50.5939 8.8788
7370.0000 50.6185 8.8861
7375.0000 50.6388 8.8859
7380.0000 50.6647 8.8924
7385.0000 50.6776 8.8952
7390.0000 50.6886 8.8942
7395.0000 50.7067 8.8840
7400.0000 50.7236 8.8925
7405.0000 50.7397 8.8924
7410.0000 50.7393 8.8636
7415.0000 50.7570 8.8641
7420.0000 50.7614 8.8629
7425.0000 50.7635 8.8541
7430.0000 50.7512 8.8305
7435.0000 50.7613 8.8310
7440.0000 50.7735 8.8306
7445.0000 50.7760 8.8296
7450.0000 50.7850 8.8336
7455.0000 50.7940 8.8325
7460.0000 50.8041 8.8327
7465.0000 50.8380 8.8452
7470.0000 50.8716 8.8648
7475.0000 50.9032 8.8892
7480.0000 50.8985 8.8694
7485.0000 50.9040 8.8669
7490.0000 50.9617 8.9062
7495.0000 50.9709 8.9050
7500.0000 50.9744 8.9048
7505.0000 50.9896 8.9052
7510.0000 50.9873 8.9005
7515.0000 51.0046 8.8967
7520.0000 51.0204 8.8952
7525.0000 51.0885 8.9280
7530.0000 51.1060 8.9244
7535.0000 51.1339 8.9174
7540.0000 51.1442 8.9112
7545.0000 51.1688 8.9086
7550.0000 51.2120 8.9138
7555.0000 51.2291 8.9136
7560.0000 51.1906 8.8608
7565.0000 51.2142 8.8561
7570.0000 51.2266 8.8573
7575.0000 51.2479 8.8579
7580.0000 51.2829 8.8659
7585.0000 51.3014 8.8400
7590.0000 51.3260 8.8456
7595.0000 51.3558 8.8365
7600.0000 51.3944 8.8307
7605.0000 51.4278 8.8206
7610.0000 51.4381 8.8041
7615.0000 51.4618 8.8054
7620.0000 51.4898 8.7988
7625.0000 51.5187 8.8031
7630.0000 51.5008 8.7851
7635.0000 51.4954 8.7711
7640.0000 51.5191 8.7871
7645.0000 51.4799 8.7442
7650.0000 51.5085 8.7652
7655.0000 51.5223 8.7627
7660.0000 51.5687 8.7888
7665.0000 51.5820 8.7766
7670.0000 51.6429 8.8101
7675.0000 51.7053 8.8290
7680.0000 51.7260 8.8263
7685.0000 51.7522 8.8206
7690.0000 51.7627 8.8178
7695.0000 51.7772 8.8002
7700.0000 51.7888 8.7977
7705.0000 51.8729 8.8144
7710.0000 51.8993 8.8065
7715.0000 51.9183 8.8017
7720.0000 51.9373 8.7978
7725.0000 51.9455 8.7981
7730.0000 51.9587 8.7958
7735.0000 51.9661 8.7973
7740.0000 51.9669 8.7922
7745.0000 51.9596 8.7717
7750.0000 51.9970 8.7898
7755.0000 52.0086 8.7861
7760.0000 51.9908 8.7592
7765.0000 52.0432 8.7692
7770.0000 52.0495 8.7745
7775.0000 52.0709 8.7761
7780.0000 52.0865 8.7680
7785.0000 52.1024 8.7661
7790.0000 52.1246 8.7655
7795.0000 52.1547 8.7813
7800.0000 52.2121 8.8176
7805.0000 52.1992 8.7913
7810.0000 52.2114 8.7874
7815.0000 52.2351 8.7927
7820.0000 52.2514 8.8002
7825.0000 52.2512 8.7902
7830.0000 52.2656 8.7926
7835.0000 52.2716 8.7902
7840.0000 52.2848 8.7896
7845.0000 52.2948 8.7896
7850.0000 52.2676 8.7524
7855.0000 52.2761 8.7513
7860.0000 52.3034 8.7486
7865.0000 52.3285 8.7438
7870.0000 52.3596 8.7396
7875.0000 52.4064 8.7701
7880.0000 52.4509 8.8038
7885.0000 52.4885 8.7970
7890.0000 52.4995 8.7887
7895.0000 52.5214 8.7839
7900.0000 52.5129 8.7603
7905.0000 52.5297 8.7592
7910.0000 52.5375 8.7573
7915.0000 52.5040 8.7229
7920.0000 52.5595 8.7565
7925.0000 52.5595 8.7565
7930.0000 52.5822 8.7579
7935.0000 52.5822 8.7579
7940.0000 52.6064 8.7595
7945.0000 52.6043 8.7527
7950.0000 52.6077 8.7516
7955.0000 52.6332 8.7581
7960.0000 52.6429 8.7565
7965.0000 52.6625 8.7539
7970.0000 52.6659 8.7530
7975.0000 52.6931 8.7535
7980.0000 52.7124 8.7579
7985.0000 52.7324 8.7552
7990.0000 52.6804 8.6982
7995.0000 52.7169 8.7021
8000.0000 52.7667 8.7228
8005.0000 52.7418 8.6834
8010.0000 52.7815 8.6751
8015.0000 52.8017 8.6707
8020.0000 52.8353 8.6830
8025.0000 52.9119 8.7291
8030.0000 52.9504 8.7186
8035.0000 52.9686 8.7113
8040.0000 52.9943 8.7047
8045.0000 53.0122 8.6997
8050.0000 53.0383 8.6939
8055.0000 53.0125 8.6513
8060.0000 53.0343 8.6466
8065.0000 53.0248 8.6078
8070.0000 53.0453 8.6024
8075.0000 53.0581 8.6033
8080.0000 53.0896 8.6028
8085.0000 53.1328 8.6284
8090.0000 53.1479 8.6274
8095.0000 53.1597 8.6248
8100.0000 53.1647 8.6248
8105.0000 53.1730 8.6148
8110.0000 53.2088 8.6291
8115.0000 53.2254 8.6276
8120.0000 53.2108 8.6000
8125.0000 53.2153 8.5870
8130.0000 53.2209 8.5861
8135.0000 53.2464 8.5919
8140.0000 53.2599 8.6000
8145.0000 53.2989 8.6002
8150.0000 53.3290 8.6053
8155.0000 53.3875 8.6354
8160.0000 53.4238 8.6275
8165.0000 53.4576 8.6261
8170.0000 53.5323 8.6493
8175.0000 53.5453 8.6347
8180.0000 53.5678 8.6262
8185.0000 53.5856 8.6327
8190.0000 53.6074 8.6337
8195.0000 53.6220 8.6366
8200.0000 53.6454 8.6387
8205.0000 53.6592 8.6403
8210.0000 53.6757 8.6402
8215.0000 53.6865 8.6395
8220.0000 53.6535 8.6054
8225.0000 53.7080 8.6416
8230.0000 53.6895 8.6082
8235.0000 53.7060 8.6081
8240.0000 53.7270 8.6079
8245.0000 53.8037 8.6606
8250.0000 53.7836 8.6155
8255.0000 53.8423 8.6443
8260.0000 53.8494 8.6444
8265.0000 53.8641 8.6426
8270.0000 53.8750 8.6373
8275.0000 53.8947 8.6314
8280.0000 53.9125 8.6283
8285.0000 53.9244 8.6201
8290.0000 53.9465 8.6182
8295.0000 53.9627 8.6184
8300.0000 53.9739 8.6199
8305.0000 53.9358 8.5793
8310.0000 53.9680 8.5985
8315.0000 53.9879 8.5964
8320.0000 54.0069 8.6086
8325.0000 54.0038 8.5919
8330.0000 54.0265 8.6029
8335.0000 54.0459 8.6002
8340.0000 54.0556 8.6007
8345.0000 54.0675 8.6010
8350.0000 54.0809 8.6028
8355.0000 54.1187 8.6178
8360.0000 54.1293 8.6162
8365.0000 54.1500 8.6142
8370.0000 54.1501 8.6142
8375.0000 54.1674 8.6151
8380.0000 54.2157 8.6431
8385.0000 54.2282 8.6427
8390.0000 54.2436 8.6423
8395.0000 54.2031 8.6055
8400.0000 54.2229 8.6044
8405.0000 54.2365 8.6124
8410.0000 54.2404 8.6113
8415.0000 54.2609 8.6114
8420.0000 54.3007 8.6369
8425.0000 54.3226 8.6413
8430.0000 54.3262 8.6415
8435.0000 54.3805 8.6685
8440.0000 54.3815 8.6693
8445.0000 54.3933 8.6709
8450.0000 54.4280 8.6705
8455.0000 54.4632 8.6694
8460.0000 54.4973 8.6760
8465.0000 54.5172 8.6816
8470.0000 54.5738 8.7041
8475.0000 54.6026 8.7108
8480.0000 54.6204 8.7120
8485.0000 54.6360 8.7096
8490.0000 54.6364 8.6932
8495.0000 54.5896 8.6390
8500.0000 54.6000 8.6406
8505.0000 54.5877 8.6159
8510.0000 54.6101 8.6188
8515.0000 54.6128 8.6008
8520.0000 54.6359 8.6018
8525.0000 54.6595 8.6087
8530.0000 54.6518 8.5899
8535.0000 54.6700 8.5937
8540.0000 54.6886 8.5970
8545.0000 54.7142 8.6047
8550.0000 54.7323 8.6061
8555.0000 54.7472 8.6095
8560.0000 54.7499 8.6013
8565.0000 54.7491 8.5910
8570.0000 54.7491 8.5910
8575.0000 54.7674 8.5822
8580.0000 54.7730 8.5825
8585.0000 54.8280 8.6086
8590.0000 54.8392 8.6130
8595.0000 54.8928 8.6374
8600.0000 54.8940 8.6366
8605.0000 54.8841 8.6146
8610.0000 54.8892 8.6138
8615.0000 54.8952 8.6129
8620.0000 54.9089 8.6050
8625.0000 54.9185 8.6044
8630.0000 54.9737 8.6289
8635.0000 55.0329 8.6662
8640.0000 55.0309 8.6434
8645.0000 55.0554 8.6446
8650.0000 55.0694 8.6393
8655.0000 55.1270 8.6538
8660.0000 55.1660 8.6813
8665.0000 55.1449 8.6474
8670.0000 55.1487 8.6476
8675.0000 55.2006 8.6643
8680.0000 55.2303 8.6655
8685.0000 55.2211 8.6352
8690.0000 55.2085 8.5927
8695.0000 55.2887 8.6215
8700.0000 55.3148 8.6104
8705.0000 55.3500 8.6009
8710.0000 55.3532 8.5896
8715.0000 55.3553 8.5749
8720.0000 55.3346 8.5505
8725.0000 55.3443 8.5529
8730.0000 55.3971 8.5783
8735.0000 55.4281 8.5954
8740.0000 55.4712 8.5899
8745.0000 55.4882 8.5964
8750.0000 55.4910 8.5957
8755.0000 55.5159 8.5930
8760.0000 55.5200 8.5909
8765.0000 55.5360 8.5893
8770.0000 55.5967 8.6349
8775.0000 55.5986 8.6250
8780.0000 55.6278 8.6381
8785.0000 55.6435 8.6379
8790.0000 55.6614 8.6430
8795.0000 55.6696 8.6426
8800.0000 55.6930 8.6476
8805.0000 55.7145 8.6369
8810.0000 55.7276 8.6373
8815.0000 55.7353 8.6349
8820.0000 55.7347 8.6262
8825.0000 55.7116 8.6023
8830.0000 55.7220 8.6027
8835.0000 55.7349 8.6028
8840.0000 55.7509 8.6055
8845.0000 55.7343 8.5807
8850.0000 55.7470 8.5759
8855.0000 55.7734 8.5876
8860.0000 55.7922 8.5854
8865.0000 55.8121 8.5809
8870.0000 55.8166 8.5685
8875.0000 55.8523 8.5717
8880.0000 55.8746 8.5729
8885.0000 55.9005 8.5706
8890.0000 55.9191 8.5773
8895.0000 55.9377 8.5791
8900.0000 55.9856 8.5775
8905.0000 56.0298 8.6049
8910.0000 56.0416 8.6033
8915.0000 56.0705 8.6052
8920.0000 56.0909 8.6034
8925.0000 56.1508 8.6258
8930.0000 56.1983 8.6417
8935.0000 56.2281 8.6413
8940.0000 56.2489 8.6377
8945.0000 56.2588 8.6369
8950.0000 56.2763 8.6359
8955.0000 56.2960 8.6365
8960.0000 56.3472 8.6331
8965.0000 56.3621 8.6374
8970.0000 56.3621 8.6374
8975.0000 56.3775 8.6386
8980.0000 56.3855 8.6387
8985.0000 56.3972 8.6385
8990.0000 56.4092 8.6365
8995.0000 56.4349 8.6358
9000.0000 56.4432 8.6357
9005.0000 56.4584 8.6321
9010.0000 56.4808 8.6409
9015.0000 56.4948 8.6322
9020.0000 56.5090 8.6302
9025.0000 56.5268 8.6217
9030.0000 56.5645 8.6386
9035.0000 56.6297 8.6826
9040.0000 56.6325 8.6770
9045.0000 56.6237 8.6651
9050.0000 56.6517 8.6621
9055.0000 56.6624 8.6558
9060.0000 56.6870 8.6516
9065.0000 56.6629 8.6238
9070.0000 56.6667 8.6236
9075.0000 56.6818 8.6241
9080.0000 56.6498 8.5924
9085.0000 56.6625 8.5948
9090.0000 56.7210 8.6330
9095.0000 56.7121 8.6185
9100.0000 56.7208 8.6160
9105.0000 56.7269 8.6209
9110.0000 56.7412 8.6161
9115.0000 56.8292 8.6837
9120.0000 56.8523 8.6829
9125.0000 56.8561 8.6823
9130.0000 56.8716 8.6869
9135.0000 56.8818 8.6908
9140.0000 56.9075 8.6843
9145.0000 56.9207 8.6789
9150.0000 56.9480 8.6705
9155.0000 56.9681 8.6581
9160.0000 56.9849 8.6527
9165.0000 57.0094 8.6503
9170.0000 57.0167 8.6467
9175.0000 57.0039 8.6206
9180.0000 57.0146 8.6190
9185.0000 57.0453 8.6186
9190.0000 57.0147 8.5849
9195.0000 57.0120 8.5778
9200.0000 57.0435 8.5895
9205.0000 57.0480 8.5857
9210.0000 57.0532 8.5841
9215.0000 57.0967 8.5801
9220.0000 57.1074 8.5794
9225.0000 57.1238 8.5830
9230.0000 57.1440 8.5815
9235.0000 57.1641 8.5801
9240.0000 57.1853 8.5783
9245.0000 57.2002 8.5757
9250.0000 57.2235 8.5765
9255.0000 57.2694 8.5978
9260.0000 57.2973 8.5984
9265.0000 57.3013 8.5970
9270.0000 57.3166 8.5991
9275.0000 57.3313 8.5977
9280.0000 57.2382 8.5013
9285.0000 57.2550 8.5047
9290.0000 57.2698 8.4909
9295.0000 57.3269 8.5133
9300.0000 57.3534 8.4989
9305.0000 57.3644 8.4940
9310.0000 57.3835 8.4958
9315.0000 57.3916 8.4839
9320.0000 57.4467 8.5116
9325.0000 57.5090 8.5414
9330.0000 57.5148 8.5339
9335.0000 57.5431 8.5345
9340.0000 57.5845 8.5584
9345.0000 57.6050 8.5556
9350.0000 57.6201 8.5524
9355.0000 57.6386 8.5534
9360.0000 57.7354 8.6045
9365.0000 57.7659 8.6187
9370.0000 57.7539 8.5917
9375.0000 57.7805 8.5901
9380.0000 57.7992 8.5890
9385.0000 57.7798 8.5553
9390.0000 57.7533 8.5186
9395.0000 57.7706 8.5164
9400.0000 57.7840 8.5128
9405.0000 57.7605 8.4810
9410.0000 57.8086 8.5023
9415.0000 57.8260 8.4983
9420.0000 57.7747 8.4557
9425.0000 57.8318 8.4887
9430.0000 57.8534 8.4829
9435.0000 57.8713 8.4845
9440.0000 57.8798 8.4857
9445.0000 57.8893 8.4841
9450.0000 57.9300 8.4841
9455.0000 57.9445 8.4856
9460.0000 57.9948 8.4866
9465.0000 58.0042 8.4866
9470.0000 58.0583 8.5198
9475.0000 58.0298 8.4901
9480.0000 58.0587 8.5069
9485.0000 58.0842 8.5135
9490.0000 58.1194 8.5272
9495.0000 58.1290 8.5284
9500.0000 58.1425 8.5283
9505.0000 58.1240 8.5111
9510.0000 58.1503 8.5206
9515.0000 58.1951 8.5428
9520.0000 58.1908 8.5372
9525.0000 58.2087 8.5364
9530.0000 58.2156 8.5304
9535.0000 58.2288 8.5313
9540.0000 58.2232 8.5156
9545.0000 58.2288 8.5140
9550.0000 58.2487 8.5137
9555.0000 58.2522 8.5128
9560.0000 58.2641 8.5093
9565.0000 58.2781 8.5103
9570.0000 58.2863 8.5093
9575.0000 58.3463 8.5334
9580.0000 58.3764 8.5512
9585.0000 58.3815 8.5491
9590.0000 58.4156 8.5725
9595.0000 58.3901 8.5431
9600.0000 58.4034 8.5418
9605.0000 58.4118 8.5379
9610.0000 58.4343 8.5322
9615.0000 58.4068 8.5091
9620.0000 58.4628 8.5265
9625.0000 58.4673 8.5255
9630.0000 58.4947 8.5246
9635.0000 58.5058 8.5229
9640.0000 58.5181 8.5230
9645.0000 58.5339 8.5218
9650.0000 58.5394 8.5207
9655.0000 58.5549 8.5228
9660.0000 58.5549 8.5228
9665.0000 58.6011 8.5463
9670.0000 58.5656 8.5103
9675.0000 58.6075 8.5245
9680.0000 58.6199 8.5184
9685.0000 58.6197 8.5071
9690.0000 58.5985 8.4844
9695.0000 58.6289 8.4875
9700.0000 58.5846 8.4556
9705.0000 58.6539 8.4923
9710.0000 58.6576 8.4907
9715.0000 58.6785 8.4940
9720.0000 58.6928 8.4957
9725.0000 58.7245 8.5073
9730.0000 58.7962 8.5511
9735.0000 58.7689 8.5287
9740.0000 58.7938 8.5394
9745.0000 58.8468 8.5609
9750.0000 58.8188 8.5336
9755.0000 58.8876 8.5562
9760.0000 58.9028 8.5530
9765.0000 58.9180 8.5527
9770.0000 58.9363 8.5527
9775.0000 58.9188 8.5328
9780.0000 58.9064 8.5155
9785.0000 58.9064 8.5155
9790.0000 58.9169 8.5170
9795.0000 58.9242 8.5155
9800.0000 59.0065 8.5629
9805.0000 59.0199 8.5449
9810.0000 59.0238 8.5435
9815.0000 59.0430 8.5445
9820.0000 59.0476 8.5420
9825.0000 59.0623 8.5430
9830.0000 59.0411 8.5170
9835.0000 59.0619 8.5122
9840.0000 59.0500 8.4838
9845.0000 59.0813 8.4864
9850.0000 59.0974 8.4825
9855.0000 59.0830 8.4547
9860.0000 59.0837 8.4509
9865.0000 59.1232 8.4712
9870.0000 59.1282 8.4652
9875.0000 59.1500 8.4739
9880.0000 59.1610 8.4731
9885.0000 59.1714 8.4766
9890.0000 59.0990 8.4198
9895.0000 59.0746 8.3952
9900.0000 59.0926 8.3958
9905.0000 59.1562 8.4210
9910.0000 59.2674 8.4179
9915.0000 59.3236 8.4181
9920.0000 59.3139 8.4043
9925.0000 59.3223 8.3952
9930.0000 59.3440 8.3981
9935.0000 59.3222 8.3782
9940.0000 59.3380 8.3764
9945.0000 59.3533 8.3802
9950.0000 59.4433 8.4104
9955.0000 59.4336 8.3993
9960.0000 59.4449 8.4015
9965.0000 59.4239 8.3763
9970.0000 59.4268 8.3753
9975.0000 59.4514 8.3764
9980.0000 59.4427 8.3619
9985.0000 59.5020 8.3865
9990.0000 59.5169 8.3815
9995.0000 59.5331 8.3819
10000.0000 59.5491 8.3819
10005.0000 59.5535 8.3808
10010.0000 59.5678 8.3849
10015.0000 59.6089 8.4062
10020.0000 59.6429 8.4255
10025.0000 59.6649 8.4399
10030.0000 59.6705 8.4401
10035.0000 59.6513 8.4206
10040.0000 59.6617 8.4182
10045.0000 59.6799 8.4185
10050.0000 59.6524 8.3881
10055.0000 59.6713 8.3910
10060.0000 59.6900 8.3932
10065.0000 59.7239 8.3951
10070.0000 59.7503 8.4009
10075.0000 59.7682 8.4053
10080.0000 59.7895 8.4014
10085.0000 59.8158 8.4080
10090.0000 59.8339 8.4091
10095.0000 59.8613 8.4138
10100.0000 59.8873 8.4127
10105.0000 59.9034 8.4177
10110.0000 59.9296 8.4198
10115.0000 59.9432 8.4209
10120.0000 59.9935 8.4471
10125.0000 60.0169 8.4501
10130.0000 60.0501 8.4521
10135.0000 60.1399 8.4937
10140.0000 60.1152 8.4641
10145.0000 60.1482 8.4781
10150.0000 60.1389 8.4675
10155.0000 60.1603 8.4699
10160.0000 60.1769 8.4774
10165.0000 60.2216 8.4984
10170.0000 60.2326 8.5047
10175.0000 60.2595 8.5089
10180.0000 60.2685 8.5065
10185.0000 60.2792 8.5030
10190.0000 60.3499 8.5243
10195.0000 60.3941 8.5442
10200.0000 60.4435 8.5647
10205.0000 60.4269 8.5452
10210.0000 60.4043 8.5250
10215.0000 60.4561 8.5467
10220.0000 60.4618 8.5462
10225.0000 60.4690 8.5450
10230.0000 60.4871 8.5537
10235.0000 60.5082 8.5607
10240.0000 60.5356 8.5669
10245.0000 60.5489 8.5681
10250.0000 60.5659 8.5765
10255.0000 60.5806 8.5730
10260.0000 60.6292 8.5996
10265.0000 60.6675 8.6095
10270.0000 60.6868 8.6010
10275.0000 60.6742 8.5794
10280.0000 60.7690 8.6026
10285.0000 60.7775 8.6032
10290.0000 60.7806 8.6029
10295.0000 60.7967 8.6024
10300.0000 60.7624 8.5789
10305.0000 60.8068 8.6038
10310.0000 60.7720 8.5751
10315.0000 60.7794 8.5764
10320.0000 60.7414 8.5413
10325.0000 60.7532 8.5431
10330.0000 60.7886 8.5615
10335.0000 60.8132 8.5602
10340.0000 60.8206 8.5623
10345.0000 60.8341 8.5611
10350.0000 60.7922 8.5281
10355.0000 60.8219 8.5393
10360.0000 60.8787 8.5761
10365.0000 60.8573 8.5565
10370.0000 60.8667 8.5618
10375.0000 60.8593 8.5486
10380.0000 60.8674 8.5482
10385.0000 60.9226 8.5718
10390.0000 60.9401 8.5692
10395.0000 60.9980 8.5958
10400.0000 61.0454 8.6159
10405.0000 61.0531 8.6111
10410.0000 61.0654 8.6144
10415.0000 61.0863 8.6242
10420.0000 61.0928 8.6201
10425.0000 61.1224 8.6180
10430.0000 61.1317 8.6157
10435.0000 61.1701 8.6340
10440.0000 61.1875 8.6456
10445.0000 61.2103 8.6532
10450.0000 61.2262 8.6587
10455.0000 61.1876 8.6253
10460.0000 61.1965 8.6279
10465.0000 61.2114 8.6295
10470.0000 61.2350 8.6289
10475.0000 61.2471 8.6315
10480.0000 61.2686 8.6314
10485.0000 61.3013 8.6460
10490.0000 61.3168 8.6448
10495.0000 61.3821 8.6698
10500.0000 61.3498 8.6435
10505.0000 61.4012 8.6689
10510.0000 61.4126 8.6708
10515.0000 61.4198 8.6685
10520.0000 61.4350 8.6704
10525.0000 61.3877 8.6327
10530.0000 61.3932 8.6223
10535.0000 61.3711 8.6023
10540.0000 61.4075 8.6213
10545.0000 61.4121 8.6172
10550.0000 61.4111 8.6095
10555.0000 61.4286 8.6127
10560.0000 61.4397 8.6131
10565.0000 61.4440 8.6133
10570.0000 61.4606 8.6144
10575.0000 61.4699 8.6124
10580.0000 61.4894 8.6209
10585.0000 61.5754 8.6578
10590.0000 61.5486 8.6344
10595.0000 61.5275 8.6154
10600.0000 61.5431 8.6188
10605.0000 61.5551 8.6206
10610.0000 61.5633 8.6238
10615.0000 61.5862 8.6245
10620.0000 61.5976 8.6275
10625.0000 61.6030 8.6266
10630.0000 61.6162 8.6285
10635.0000 61.6228 8.6313
10640.0000 61.6352 8.6310
10645.0000 61.6767 8.6524
10650.0000 61.7027 8.6613
10655.0000 61.7218 8.6523
10660.0000 61.7361 8.6563
10665.0000 61.7752 8.6729
10670.0000 61.7874 8.6745
10675.0000 61.8021 8.6714
10680.0000 61.8570 8.6982
10685.0000 61.8039 8.6555
10690.0000 61.8171 8.6593
10695.0000 61.8271 8.6568
10700.0000 61.8772 8.6794
10705.0000 61.8608 8.6614
10710.0000 61.8640 8.6577
10715.0000 61.8367 8.6371
10720.0000 61.8196 8.6167
10725.0000 61.8336 8.6184
10730.0000 61.8457 8.6166
10735.0000 61.8988 8.6404
10740.0000 61.9120 8.6390
10745.0000 61.9157 8.6389
10750.0000 61.9103 8.6269
10755.0000 61.9301 8.6362
10760.0000 61.9556 8.6432
10765.0000 61.9879 8.6600
10770.0000 62.0177 8.6777
10775.0000 62.0267 8.6783
10780.0000 62.0669 8.6974
10785.0000 62.0338 8.6663
10790.0000 62.1202 8.7117
10795.0000 62.1372 8.7154
10800.0000 62.1019 8.6838
10805.0000 62.1588 8.7087
10810.0000 62.1952 8.7232
10815.0000 62.2018 8.7262
10820.0000 62.2491 8.7289
10825.0000 62.2643 8.7244
10830.0000 62.2397 8.6942
10835.0000 62.2855 8.7100
10840.0000 62.3061 8.7123
10845.0000 62.2849 8.6888
10850.0000 62.3050 8.6976
10855.0000 62.3168 8.6836
10860.0000 62.3061 8.6756
10865.0000 62.2926 8.6646
10870.0000 62.3506 8.6794
10875.0000 62.3379 8.6654
10880.0000 62.3448 8.6654
10885.0000 62.3814 8.6886
10890.0000 62.3910 8.6909
10895.0000 62.4044 8.6941
10900.0000 62.3703 8.6660
10905.0000 62.3797 8.6655
10910.0000 62.3914 8.6642
10915.0000 62.4394 8.6867
10920.0000 62.4404 8.6865
10925.0000 62.4171 8.6630
10930.0000 62.3905 8.6414
10935.0000 62.4042 8.6437
10940.0000 62.4121 8.6424
10945.0000 62.4311 8.6491
10950.0000 62.4366 8.6471
10955.0000 62.4705 8.6562
10960.0000 62.4736 8.6552
10965.0000 62.4840 8.6583
10970.0000 62.4954 8.6581
10975.0000 62.5072 8.6571
10980.0000 62.5199 8.6578
10985.0000 62.5357 8.6544
10990.0000 62.5525 8.6581
10995.0000 62.5647 8.6558
11000.0000 62.5745 8.6588
11005.0000 62.5864 8.6601
11010.0000 62.5950 8.6605
11015.0000 62.6091 8.6615
11020.0000 62.6121 8.6604
11025.0000 62.6293 8.6632
11030.0000 62.6444 8.6609
11035.0000 62.6597 8.6623
11040.0000 62.6731 8.6648
11045.0000 62.6879 8.6696
11050.0000 62.6938 8.6695
11055.0000 62.7059 8.6717
11060.0000 62.7176 8.6779
11065.0000 62.7266 8.6755
11070.0000 62.7399 8.6764
11075.0000 62.7634 8.6812
11080.0000 62.7861 8.6773
11085.0000 62.7972 8.6736
11090.0000 62.8116 8.6720
11095.0000 62.8607 8.6924
11100.0000 62.8607 8.6924
11105.0000 62.8513 8.6801
11110.0000 62.8585 8.6798
11115.0000 62.8793 8.6821
11120.0000 62.9018 8.6877
11125.0000 62.9173 8.6852
11130.0000 62.9238 8.6840
11135.0000 62.9367 8.6826
11140.0000 62.9442 8.6822
11145.0000 62.9663 8.6825
11150.0000 62.9841 8.6802
11155.0000 63.0228 8.6928
11160.0000 63.0388 8.6916
11165.0000 63.0592 8.6930
11170.0000 63.0649 8.6940
11175.0000 63.0721 8.6942
11180.0000 63.0969 8.7027
11185.0000 63.1060 8.7038
11190.0000 63.1268 8.7098
11195.0000 63.1268 8.7098
11200.0000 63.1482 8.7105
11205.0000 63.1482 8.7105
11210.0000 63.1662 8.7124
11215.0000 63.1252 8.6855
11220.0000 63.1408 8.6839
11225.0000 63.1494 8.6851
11230.0000 63.1607 8.6877
11235.0000 63.1662 8.6871
11240.0000 63.1765 8.6888
11245.0000 63.2031 8.6941
11250.0000 63.2188 8.6986
11255.0000 63.2419 8.7017
11260.0000 63.2596 8.7093
11265.0000 63.2847 8.7173
11270.0000 63.3025 8.7205
11275.0000 63.3108 8.7234
11280.0000 63.3238 8.7248
11285.0000 63.3066 8.7128
11290.0000 63.3176 8.7130
11295.0000 63.3312 8.7132
11300.0000 63.3416 8.7133
11305.0000 63.3608 8.7191
11310.0000 63.3616 8.7118
11315.0000 63.3673 8.7098
11320.0000 63.3758 8.7097
11325.0000 63.3854 8.7133
11330.0000 63.3988 8.7134
11335.0000 63.4241 8.7203
11340.0000 63.4309 8.7192
11345.0000 63.4392 8.7215
11350.0000 63.4517 8.7222
11355.0000 63.4649 8.7220
11360.0000 63.4742 8.7204
11365.0000 63.4843 8.7204
11370.0000 63.5538 8.7536
11375.0000 63.5909 8.7624
11380.0000 63.6242 8.7682
11385.0000 63.6450 8.7635
11390.0000 63.6533 8.7639
11395.0000 63.7058 8.7892
11400.0000 63.7245 8.7952
11405.0000 63.7382 8.7881
11410.0000 63.7550 8.7897
11415.0000 63.7783 8.7997
11420.0000 63.7838 8.7907
11425.0000 63.7774 8.7849
11430.0000 63.7922 8.7861
11435.0000 63.7951 8.7852
11440.0000 63.8097 8.7839
11445.0000 63.8318 8.7835
11450.0000 63.8474 8.7813
11455.0000 63.8656 8.7749
11460.0000 63.8835 8.7741
11465.0000 63.8928 8.7759
11470.0000 63.9065 8.7800
11475.0000 63.9105 8.7802
11480.0000 63.9294 8.7804
11485.0000 63.9346 8.7840
11490.0000 63.9830 8.8009
11495.0000 63.9883 8.7977
11500.0000 63.9831 8.7875
11505.0000 64.0242 8.8105
11510.0000 64.0441 8.8142
11515.0000 64.0609 8.8047
11520.0000 64.0843 8.8073
11525.0000 64.1033 8.7974
11530.0000 64.1379 8.8092
11535.0000 64.1097 8.7904
11540.0000 64.0984 8.7799
11545.0000 64.1072 8.7751
11550.0000 64.1156 8.7718
11555.0000 64.0809 8.7442
11560.0000 64.0827 8.7391
11565.0000 64.1067 8.7484
11570.0000 64.1115 8.7504
11575.0000 64.1212 8.7524
11580.0000 64.1202 8.7492
11585.0000 64.1238 8.7497
11590.0000 64.1394 8.7476
11595.0000 64.1425 8.7443
11600.0000 64.1705 8.7376
11605.0000 64.1873 8.7321
11610.0000 64.2070 8.7257
11615.0000 64.2208 8.7215
11620.0000 64.2304 8.7195
11625.0000 64.2494 8.7184
11630.0000 64.3026 8.7444
11635.0000 64.3211 8.7463
11640.0000 64.3313 8.7451
11645.0000 64.3568 8.7433
11650.0000 64.3751 8.7445
11655.0000 64.3948 8.7474
11660.0000 64.4263 8.7484
11665.0000 64.3969 8.7227
11670.0000 64.4129 8.7218
11675.0000 64.4312 8.7242
11680.0000 64.4441 8.7236
11685.0000 64.4703 8.7267
11690.0000 64.4864 8.7206
11695.0000 64.5454 8.7394
11700.0000 64.5525 8.7356
11705.0000 64.5730 8.7422
11710.0000 64.5948 8.7519
11715.0000 64.6196 8.7583
11720.0000 64.6596 8.7741
11725.0000 64.6715 8.7771
11730.0000 64.7231 8.7923
11735.0000 64.7278 8.7940
11740.0000 64.7441 8.7986
11745.0000 64.7801 8.8159
11750.0000 64.7800 8.8112
11755.0000 64.7612 8.7952
11760.0000 64.7730 8.7947
11765.0000 64.7923 8.7933
11770.0000 64.8049 8.7963
11775.0000 64.8109 8.7959
11780.0000 64.8260 8.7991
11785.0000 64.8307 8.7984
11790.0000 64.8453 8.7963
11795.0000 64.8344 8.7856
11800.0000 64.8199 8.7713
11805.0000 64.8756 8.8010
11810.0000 64.8797 8.8010
11815.0000 64.9225 8.8188
11820.0000 64.9319 8.8207
11825.0000 64.9343 8.8198
11830.0000 64.9185 8.8059
11835.0000 64.9004 8.7866
11840.0000 64.9128 8.7886
11845.0000 64.9337 8.8007
11850.0000 64.9793 8.8173
11855.0000 64.9867 8.8205
11860.0000 65.0044 8.8304
11865.0000 65.0251 8.8330
11870.0000 65.0377 8.8371
11875.0000 65.0593 8.8391
11880.0000 65.0664 8.8381
11885.0000 65.0789 8.8339
11890.0000 65.1185 8.8495
11895.0000 65.1501 8.8586
11900.0000 65.1675 8.8622
11905.0000 65.1835 8.8693
11910.0000 65.2085 8.8767
11915.0000 65.2107 8.8773
11920.0000 65.2208 8.8753
11925.0000 65.2208 8.8737
11930.0000 65.2385 8.8803
11935.0000 65.2503 8.8839
11940.0000 65.2602 8.8849
11945.0000 65.3076 8.9061
11950.0000 65.3114 8.9080
11955.0000 65.2685 8.8687
11960.0000 65.3053 8.8906
11965.0000 65.3204 8.8902
11970.0000 65.2808 8.8542
11975.0000 65.3033 8.8506
11980.0000 65.3144 8.8465
11985.0000 65.3361 8.8392
11990.0000 65.3675 8.8433
11995.0000 65.3577 8.8187
12000.0000 65.3557 8.8162
12005.0000 65.0145 8.7088
12010.0000 64.8484 8.6748
12015.0000 64.7365 8.6598
12020.0000 64.6999 8.6635
12025.0000 64.6855 8.6599
12030.0000 64.6951 8.6580
12035.0000 64.6999 8.6586
12040.0000 64.7249 8.6641
12045.0000 64.7310 8.6565
12050.0000 64.7612 8.6564
12055.0000 64.8014 8.6769
12060.0000 64.8112 8.7056
12065.0000 64.4404 8.5754
12070.0000 64.2280 8.5492
12075.0000 64.0879 8.5067
12080.0000 64.0567 8.5202
12085.0000 64.0821 8.5393
12090.0000 64.0598 8.5142
12095.0000 64.1253 8.5364
12100.0000 64.1238 8.5228
12105.0000 64.1340 8.5261
12110.0000 64.1379 8.5228
12115.0000 64.1484 8.5259
12120.0000 64.1458 8.5347
12125.0000 63.8918 8.4748
12130.0000 63.6964 8.4153
12135.0000 63.6140 8.3949
12140.0000 63.6854 8.4544
12145.0000 63.6862 8.4554
12150.0000 63.6915 8.4567
12155.0000 63.6151 8.4026
12160.0000 63.6577 8.4185
12165.0000 63.6610 8.4184
12170.0000 63.6781 8.4223
12175.0000 63.6854 8.4266
12180.0000 63.7362 8.4707
12185.0000 63.3251 8.3317
12190.0000 63.1274 8.2717
12195.0000 63.0110 8.2505
12200.0000 63.0036 8.2608
12205.0000 63.0575 8.2908
12210.0000 63.0543 8.2910
12215.0000 63.0703 8.2955
12220.0000 63.1075 8.3130
12225.0000 63.1225 8.3163
12230.0000 63.1329 8.3196
12235.0000 63.1569 8.3285
12240.0000 63.1531 8.3504
12245.0000 62.5598 8.1422
12250.0000 62.4261 8.1150
12255.0000 62.3623 8.1284
12260.0000 62.3471 8.1388
12265.0000 62.3389 8.1411
12270.0000 62.3412 8.1436
12275.0000 62.4755 8.2177
12280.0000 62.4989 8.2290
12285.0000 62.5269 8.2416
12290.0000 62.5509 8.2529
12295.0000 62.5839 8.2705
12300.0000 62.5960 8.2822
12305.0000 62.3476 8.2229
12310.0000 62.1637 8.1780
12315.0000 62.0796 8.1705
12320.0000 62.1178 8.1979
12325.0000 62.1000 8.1945
12330.0000 62.1073 8.1950
12335.0000 62.1191 8.1965
12340.0000 62.1717 8.2283
12345.0000 62.1824 8.2290
12350.0000 62.1919 8.2265
12355.0000 62.2121 8.2266
12360.0000 62.2156 8.2284
12365.0000 61.8570 8.1739
12370.0000 61.6118 8.0898
12375.0000 61.5776 8.1254
12380.0000 61.5798 8.1361
12385.0000 61.6416 8.1669
12390.0000 61.6489 8.1725
12395.0000 61.6436 8.1670
12400.0000 61.6752 8.1812
12405.0000 61.7041 8.1958
12410.0000 61.7160 8.1979
12415.0000 61.7259 8.1991
12420.0000 61.6750 8.1886
12425.0000 61.2463 8.0746
12430.0000 61.0491 8.0043
12435.0000 60.9537 7.9951
12440.0000 60.9374 8.0037
12445.0000 60.9615 8.0179
12450.0000 60.9621 8.0174
12455.0000 60.9880 8.0259
12460.0000 61.0364 8.0364
12465.0000 61.1593 8.0750
12470.0000 61.1810 8.0735
12475.0000 61.2346 8.0960
12480.0000 61.2881 8.1347
12485.0000 61.1258 8.1085
12490.0000 61.0405 8.0952
12495.0000 60.9989 8.1013
12500.0000 61.0333 8.1153
12505.0000 61.0802 8.1451
12510.0000 61.0723 8.1464
12515.0000 61.0824 8.1473
12520.0000 61.0948 8.1537
12525.0000 61.1087 8.1597
12530.0000 61.1170 8.1651
12535.0000 61.1330 8.1683
12540.0000 61.1263 8.1761
12545.0000 60.8988 8.1128
12550.0000 60.8413 8.1078
12555.0000 60.7257 8.0975
12560.0000 60.7152 8.1020
12565.0000 60.7493 8.1151
12570.0000 60.7515 8.1084
12575.0000 60.7867 8.1286
12580.0000 60.7965 8.1285
12585.0000 60.8143 8.1330
12590.0000 60.8193 8.1327
12595.0000 60.8303 8.1336
12600.0000 60.7855 8.1197
12605.0000 60.6331 8.0785
12610.0000 60.5657 8.0644
12615.0000 60.5202 8.0780
12620.0000 60.5164 8.0800
12625.0000 60.5652 8.1048
12630.0000 60.5792 8.1100
12635.0000 60.5925 8.1079
12640.0000 60.5785 8.0919
12645.0000 60.6591 8.1168
12650.0000 60.7439 8.1547
12655.0000 60.9342 8.2525
12660.0000 60.9771 8.2871
12665.0000 60.8059 8.2333
12670.0000 60.7810 8.2305
12675.0000 60.7465 8.2466
12680.0000 60.7869 8.2691
12685.0000 60.7523 8.2460
12690.0000 60.7556 8.2449
12695.0000 60.7599 8.2448
12700.0000 60.7805 8.2508
12705.0000 60.7805 8.2508
12710.0000 60.8004 8.2581
12715.0000 60.8981 8.3110
12720.0000 60.9549 8.3546
12725.0000 60.7811 8.3329
12730.0000 60.6331 8.3019
12735.0000 60.5740 8.3073
12740.0000 60.6241 8.3442
12745.0000 60.6462 8.3593
12750.0000 60.7262 8.4110
12755.0000 60.7503 8.4103
12760.0000 60.7875 8.4257
12765.0000 60.7607 8.3884
12770.0000 60.8270 8.4242
12775.0000 60.8353 8.4236
12780.0000 60.8473 8.4275
12785.0000 60.6668 8.3646
12790.0000 60.5363 8.3384
12795.0000 60.4425 8.3480
12800.0000 60.4316 8.3553
12805.0000 60.4266 8.3521
12810.0000 60.4341 8.3537
12815.0000 60.4513 8.3590
12820.0000 60.4601 8.3586
12825.0000 60.4729 8.3620
12830.0000 60.4322 8.3267
12835.0000 60.4229 8.3194
12840.0000 60.4345 8.3238
12845.0000 60.1844 8.2845
12850.0000 59.9895 8.2334
12855.0000 59.9216 8.2419
12860.0000 59.9591 8.2549
12865.0000 59.9896 8.2752
12870.0000 60.0123 8.2872
12875.0000 60.0355 8.2992
12880.0000 60.0830 8.3315
12885.0000 60.1283 8.3564
12890.0000 60.1283 8.3564
12895.0000 60.1438 8.3593
12900.0000 60.1163 8.3617
12905.0000 59.8334 8.2468
12910.0000 59.5833 8.1574
12915.0000 59.4843 8.1638
12920.0000 59.4742 8.1769
12925.0000 59.4796 8.1759
12930.0000 59.5084 8.1834
12935.0000 59.5548 8.2050
12940.0000 59.6133 8.2282
12945.0000 59.6500 8.2451
12950.0000 59.6676 8.2497
12955.0000 59.7057 8.2624
12960.0000 59.7513 8.3025
12965.0000 59.6895 8.3055
12970.0000 59.6773 8.3178
12975.0000 59.6876 8.3380
12980.0000 59.6856 8.3373
12985.0000 59.7102 8.3428
12990.0000 59.7151 8.3466
12995.0000 59.7369 8.3541
13000.0000 59.7831 8.3788
13005.0000 59.8049 8.3870
13010.0000 59.8267 8.3967
13015.0000 59.8321 8.3963
13020.0000 59.8335 8.4038
13025.0000 59.7845 8.4416
13030.0000 59.7539 8.4437
13035.0000 59.7017 8.4656
13040.0000 59.7310 8.4806
13045.0000 59.7471 8.4919
13050.0000 59.8140 8.5329
13055.0000 59.8315 8.5367
13060.0000 59.8630 8.5595
13065.0000 59.8718 8.5598
13070.0000 59.8751 8.5589
13075.0000 59.9156 8.5677
13080.0000 59.9258 8.5748
13085.0000 59.8125 8.5611
13090.0000 59.6616 8.5257
13095.0000 59.6662 8.5751
13100.0000 59.6623 8.5738
13105.0000 59.6671 8.5722
13110.0000 59.6648 8.5714
13115.0000 59.6758 8.5722
13120.0000 59.7296 8.5841
13125.0000 59.7434 8.5877
13130.0000 59.7468 8.5879
13135.0000 59.7631 8.5921
13140.0000 59.7087 8.5906
13145.0000 59.4263 8.4714
13150.0000 59.2348 8.4312
13155.0000 59.1632 8.4131
13160.0000 59.1767 8.4374
13165.0000 59.2073 8.4579
13170.0000 59.2164 8.4590
13175.0000 59.2879 8.5082
13180.0000 59.2641 8.4811
13185.0000 59.3156 8.5033
13190.0000 59.3595 8.5152
13195.0000 59.4136 8.5359
13200.0000 59.4226 8.5430
13205.0000 59.1299 8.4188
13210.0000 59.0014 8.3653
13215.0000 58.9555 8.3763
13220.0000 58.9390 8.3848
13225.0000 58.9710 8.4065
13230.0000 58.9917 8.4097
13235.0000 59.0267 8.4302
13240.0000 59.0412 8.4310
13245.0000 59.0425 8.4320
13250.0000 59.0570 8.4395
13255.0000 59.0707 8.4424
13260.0000 59.1198 8.4751
13265.0000 59.0186 8.4637
13270.0000 58.8514 8.3934
13275.0000 58.8062 8.4022
13280.0000 58.7931 8.4074
13285.0000 58.8105 8.4126
13290.0000 58.7933 8.4061
13295.0000 58.8667 8.4415
13300.0000 58.8848 8.4403
13305.0000 58.8933 8.4358
13310.0000 58.9202 8.4409
13315.0000 58.9555 8.4478
13320.0000 58.9931 8.4685
13325.0000 58.6855 8.3258
13330.0000 58.5377 8.2820
13335.0000 58.5224 8.2821
13340.0000 58.5628 8.3020
13345.0000 58.5731 8.3011
13350.0000 58.6186 8.3299
13355.0000 58.6421 8.3337
13360.0000 58.7492 8.3783
13365.0000 58.7731 8.3824
13370.0000 58.8238 8.4059
13375.0000 58.8455 8.4062
13380.0000 58.8798 8.4304
13385.0000 58.7069 8.3601
13390.0000 58.6213 8.3260
13395.0000 58.5709 8.3265
13400.0000 58.5603 8.3222
13405.0000 58.5708 8.3225
13410.0000 58.5882 8.3319
13415.0000 58.6315 8.3527
13420.0000 58.6365 8.3526
13425.0000 58.6760 8.3700
13430.0000 58.7964 8.4432
13435.0000 58.8308 8.4511
13440.0000 58.8502 8.4670
13445.0000 58.6992 8.4342
13450.0000 58.5262 8.3720
13455.0000 58.5014 8.3877
13460.0000 58.4943 8.3883
13465.0000 58.5275 8.4067
13470.0000 58.5394 8.4012
13475.0000 58.5696 8.4139
13480.0000 58.5959 8.4121
13485.0000 58.6206 8.4182
13490.0000 58.6374 8.4266
13495.0000 58.7038 8.4639
13500.0000 58.7350 8.4747
13505.0000 58.6459 8.4454
13510.0000 58.5520 8.4324
13515.0000 58.5497 8.4700
13520.0000 58.5387 8.4713
13525.0000 58.5689 8.4816
13530.0000 58.5629 8.4744
13535.0000 58.5925 8.4860
13540.0000 58.5970 8.4791
13545.0000 58.6021 8.4678
13550.0000 58.6281 8.4686
13555.0000 58.6948 8.5036
13560.0000 58.7061 8.5069
13565.0000 58.5940 8.4422
13570.0000 58.4659 8.3672
13575.0000 58.3616 8.3528
13580.0000 58.3988 8.3747
13585.0000 58.4427 8.3878
13590.0000 58.4570 8.3873
13595.0000 58.4464 8.3727
13600.0000 58.4802 8.3784
13605.0000 58.4939 8.3785
13610.0000 58.5051 8.3767
13615.0000 58.6232 8.4349
13620.0000 58.6718 8.4517
13625.0000 58.6067 8.4539
13630.0000 58.5494 8.4316
13635.0000 58.5466 8.4252
13640.0000 58.5342 8.4164
13645.0000 58.6138 8.4521
13650.0000 58.6931 8.4965
13655.0000 58.7125 8.5034
13660.0000 58.7356 8.5099
13665.0000 58.7507 8.5130
13670.0000 58.8099 8.5458
13675.0000 58.8201 8.5493
13680.0000 58.8490 8.5604
13685.0000 58.7341 8.5138
13690.0000 58.7407 8.5188
13695.0000 58.7055 8.5341
13700.0000 58.7294 8.5517
13705.0000 58.7435 8.5546
13710.0000 58.7266 8.5484
13715.0000 58.7376 8.5505
13720.0000 58.7464 8.5534
13725.0000 58.7563 8.5449
13730.0000 58.7773 8.5556
13735.0000 58.7909 8.5597
13740.0000 58.8076 8.5723
13745.0000 58.5557 8.4718
13750.0000 58.4240 8.4652
13755.0000 58.4065 8.5046
13760.0000 58.4888 8.5451
13765.0000 58.4963 8.5458
13770.0000 58.5134 8.5494
13775.0000 58.5717 8.5803
13780.0000 58.5836 8.5817
13785.0000 58.6095 8.5882
13790.0000 58.6758 8.6154
13795.0000 58.7048 8.6201
13800.0000 58.7135 8.6365
13805.0000 58.5223 8.5561
13810.0000 58.4440 8.5393
13815.0000 58.3806 8.5390
13820.0000 58.4129 8.5415
13825.0000 58.5093 8.5877
13830.0000 58.5216 8.5948
13835.0000 58.5644 8.6104
13840.0000 58.5807 8.6110
13845.0000 58.5713 8.6006
13850.0000 58.5769 8.6015
13855.0000 58.5999 8.6103
13860.0000 58.6117 8.6197
13865.0000 58.4356 8.5594
13870.0000 58.3032 8.5181
13875.0000 58.2460 8.5307
13880.0000 58.2436 8.5358
13885.0000 58.2509 8.5353
13890.0000 58.2743 8.5423
13895.0000 58.2957 8.5504
13900.0000 58.3195 8.5573
13905.0000 58.3765 8.5869
13910.0000 58.4414 8.6168
13915.0000 58.4955 8.6453
13920.0000 58.5414 8.6709
13925.0000 58.5470 8.6917
13930.0000 58.3800 8.6588
13935.0000 58.3376 8.6566
13940.0000 58.3477 8.6601
13945.0000 58.3671 8.6712
13950.0000 58.3840 8.6810
13955.0000 58.3664 8.6646
13960.0000 58.3677 8.6529
13965.0000 58.3985 8.6653
13970.0000 58.4468 8.6824
13975.0000 58.4748 8.6887
13980.0000 58.5070 8.7251
13985.0000 58.2456 8.6604
13990.0000 58.2444 8.6613
13995.0000 58.2313 8.6689
14000.0000 58.3119 8.7290
14005.0000 58.3490 8.7451
14010.0000 58.4162 8.7721
14015.0000 58.4890 8.8127
14020.0000 58.5139 8.8239
14025.0000 58.5365 8.8331
14030.0000 58.5620 8.8419
14035.0000 58.5797 8.8496
14040.0000 58.6067 8.8584
14045.0000 58.5668 8.8688
14050.0000 58.5224 8.8562
14055.0000 58.4872 8.8669
14060.0000 58.5008 8.8615
14065.0000 58.5608 8.8520
14070.0000 58.5706 8.8592
14075.0000 58.5765 8.8616
14080.0000 58.5948 8.8690
14085.0000 58.6043 8.8750
14090.0000 58.6338 8.8780
14095.0000 58.6375 8.8729
14100.0000 58.6572 8.8828
14105.0000 58.5431 8.8601
14110.0000 58.4847 8.8531
14115.0000 58.4263 8.8443
14120.0000 58.4339 8.8436
14125.0000 58.4480 8.8424
14130.0000 58.4499 8.8329
14135.0000 58.4670 8.8366
14140.0000 58.4696 8.8361
14145.0000 58.5237 8.8668
14150.0000 58.5282 8.8670
14155.0000 58.5288 8.8652
14160.0000 58.5695 8.8893
14165.0000 58.5064 8.8615
14170.0000 58.4571 8.8453
14175.0000 58.4336 8.8378
14180.0000 58.4683 8.8763
14185.0000 58.5229 8.9013
14190.0000 58.5010 8.8722
14195.0000 58.5293 8.8854
14200.0000 58.5697 8.9003
14205.0000 58.5805 8.8979
14210.0000 58.5992 8.9058
14215.0000 58.5992 8.9058
14220.0000 58.6130 8.9084
14225.0000 58.5203 8.8782
14230.0000 58.3825 8.8416
14235.0000 58.3399 8.8611
14240.0000 58.3115 8.8653
14245.0000 58.3203 8.8651
14250.0000 58.3132 8.8604
14255.0000 58.3409 8.8643
14260.0000 58.3604 8.8595
14265.0000 58.3700 8.8561
14270.0000 58.3926 8.8580
14275.0000 58.3926 8.8580
14280.0000 58.4186 8.8689
14285.0000 58.3966 8.8580
14290.0000 58.2895 8.8439
14295.0000 58.2769 8.8518
14300.0000 58.2764 8.8570
14305.0000 58.3489 8.9031
14310.0000 58.3547 8.9009
14315.0000 58.3894 8.9021
14320.0000 58.4286 8.9141
14325.0000 58.5508 8.9777
14330.0000 58.5745 8.9851
14335.0000 58.5758 8.9780
14340.0000 58.6025 8.9963
14345.0000 58.4025 8.9036
14350.0000 58.2621 8.8661
14355.0000 58.2329 8.8836
14360.0000 58.2306 8.8911
14365.0000 58.2464 8.8972
14370.0000 58.2957 8.9191
14375.0000 58.3419 8.9405
14380.0000 58.3928 8.9722
14385.0000 58.3502 8.9318
14390.0000 58.4401 8.9793
14395.0000 58.4374 8.9771
14400.0000 58.4810 8.9901
14405.0000 58.3632 8.9243
14410.0000 58.2802 8.9210
14415.0000 58.2801 8.9400
14420.0000 58.3085 8.9727
14425.0000 58.3056 8.9569
14430.0000 58.3283 8.9687
14435.0000 58.3527 8.9761
14440.0000 58.3666 8.9776
14445.0000 58.3918 8.9859
14450.0000 58.4518 9.0159
14455.0000 58.4518 9.0159
14460.0000 58.4659 9.0242
14465.0000 58.3601 8.9694
14470.0000 58.3295 8.9745
14475.0000 58.3707 9.0397
14480.0000 58.4120 9.0653
14485.0000 58.4759 9.0893
14490.0000 58.4903 9.0937
14495.0000 58.5104 9.0986
14500.0000 58.5292 9.1053
14505.0000 58.5445 9.1146
14510.0000 58.5914 9.1419
14515.0000 58.6100 9.1470
14520.0000 58.6297 9.1711
14525.0000 58.4319 9.0758
14530.0000 58.3697 9.0942
14535.0000 58.3120 9.0899
14540.0000 58.3114 9.1157
14545.0000 58.3526 9.1029
14550.0000 58.4281 9.1472
14555.0000 58.4459 9.1446
14560.0000 58.4358 9.1375
14565.0000 58.4396 9.1383
14570.0000 58.4498 9.1412
14575.0000 58.4732 9.1446
14580.0000 58.4822 9.1489
14585.0000 58.4141 9.1123
14590.0000 58.0883 8.9583
14595.0000 58.0278 8.9627
14600.0000 58.0297 8.9632
14605.0000 58.0912 9.0016
14610.0000 58.0866 8.9999
14615.0000 58.0754 8.9886
14620.0000 58.1050 8.9895
14625.0000 58.1163 8.9871
14630.0000 58.1444 8.9920
14635.0000 58.1444 8.9920
14640.0000 58.1497 8.9852
14645.0000 58.0967 8.9713
14650.0000 57.9299 8.9065
14655.0000 57.9536 8.9389
14660.0000 57.9158 8.9458
14665.0000 57.9255 8.9485
14670.0000 57.9714 8.9765
14675.0000 57.9977 8.9886
14680.0000 58.0061 8.9919
14685.0000 58.0202 8.9975
14690.0000 58.0352 8.9981
14695.0000 58.0842 9.0152
14700.0000 58.0986 9.0171
14705.0000 58.0962 9.0108
14710.0000 58.0298 8.9694
14715.0000 58.0054 8.9561
14720.0000 58.0042 8.9568
14725.0000 58.0259 8.9518
14730.0000 58.0070 8.9333
14735.0000 57.9923 8.9154
14740.0000 58.0064 8.9148
14745.0000 58.0613 8.9303
14750.0000 58.0843 8.9327
14755.0000 58.0843 8.9327
14760.0000 58.1302 8.9565
14765.0000 58.0366 8.9242
14770.0000 57.9596 8.9090
14775.0000 57.9061 8.9138
14780.0000 57.8981 8.9329
14785.0000 57.9160 8.9412
14790.0000 57.9353 8.9476
14795.0000 57.9944 8.9807
14800.0000 57.9944 8.9807
14805.0000 58.0138 8.9863
14810.0000 58.0045 8.9797
14815.0000 58.0529 9.0041
14820.0000 58.0509 8.9981
14825.0000 57.9739 8.9430
14830.0000 57.9032 8.9209
14835.0000 57.8911 8.9099
14840.0000 57.8876 8.9001
14845.0000 57.9745 8.9236
14850.0000 57.9749 8.9168
14855.0000 58.0745 8.9397
14860.0000 58.1257 8.9225
14865.0000 58.1532 8.9097
14870.0000 58.1511 8.8681
14875.0000 58.1358 8.8355
14880.0000 58.1491 8.8389
14885.0000 58.0336 8.7985
14890.0000 57.9341 8.7595
14895.0000 57.8896 8.7555
14900.0000 57.9021 8.7670
14905.0000 57.9159 8.7697
14910.0000 57.9200 8.7706
14915.0000 57.8964 8.7404
14920.0000 57.9204 8.7442
14925.0000 57.9550 8.7621
14930.0000 57.9822 8.7769
14935.0000 58.0528 8.8149
14940.0000 58.0813 8.8063
14945.0000 58.1318 8.8407
14950.0000 58.0802 8.8205
14955.0000 58.0979 8.8183
14960.0000 58.1162 8.8300
14965.0000 58.1843 8.8546
14970.0000 58.1868 8.8573
14975.0000 58.2064 8.8548
14980.0000 58.1753 8.8266
14985.0000 58.2498 8.8670
14990.0000 58.2595 8.8697
14995.0000 58.2727 8.8722
15000.0000 58.2854 8.8839
15005.0000 58.2462 8.8709
15010.0000 58.1920 8.8576
15015.0000 58.1651 8.8535
15020.0000 58.1512 8.8530
15025.0000 58.1510 8.8506
15030.0000 58.1525 8.8512
15035.0000 58.1714 8.8547
15040.0000 58.2273 8.8742
15045.0000 58.2426 8.8801
15050.0000 58.2554 8.8820
15055.0000 58.2985 8.9073
15060.0000 58.3325 8.9131
15065.0000 58.2610 8.8887
15070.0000 58.2455 8.8752
15075.0000 58.2687 8.8653
15080.0000 58.2273 8.8412
15085.0000 58.3163 8.8501
15090.0000 58.2855 8.8255
15095.0000 58.3006 8.8306
15100.0000 58.3165 8.8339
15105.0000 58.3380 8.8333
15110.0000 58.3946 8.8169
15115.0000 58.4403 8.8110
15120.0000 58.4779 8.8197
15125.0000 58.4423 8.7998
15130.0000 58.4246 8.8134
15135.0000 58.4197 8.8265
15140.0000 58.4035 8.8254
15145.0000 58.4130 8.8294
15150.0000 58.4422 8.8465
15155.0000 58.4449 8.8429
15160.0000 58.4547 8.8457
15165.0000 58.4930 8.8727
15170.0000 58.5154 8.8800
15175.0000 58.5198 8.8801
15180.0000 58.5316 8.8953
15185.0000 58.2912 8.8625
15190.0000 58.0513 8.7788
15195.0000 58.0147 8.7784
15200.0000 58.0094 8.7774
15205.0000 58.0658 8.8109
15210.0000 58.0013 8.7583
15215.0000 58.0177 8.7679
15220.0000 58.0262 8.7649
15225.0000 58.0471 8.7742
15230.0000 58.0522 8.7747
15235.0000 58.0557 8.7751
15240.0000 58.0732 8.7784
15245.0000 57.9037 8.7255
15250.0000 57.8119 8.6842
15255.0000 57.7901 8.6821
15260.0000 57.8101 8.6816
15265.0000 57.8180 8.6805
15270.0000 57.8269 8.6838
15275.0000 57.8750 8.7179
15280.0000 57.8861 8.7223
15285.0000 57.8949 8.7230
15290.0000 57.8989 8.7231
15295.0000 57.8996 8.7186
15300.0000 57.9030 8.7246
15305.0000 57.8919 8.7382
15310.0000 57.8499 8.7296
15315.0000 57.8579 8.7490
15320.0000 57.8515 8.7449
15325.0000 57.8637 8.7492
15330.0000 57.8762 8.7562
15335.0000 57.8814 8.7580
15340.0000 57.9195 8.7775
15345.0000 57.9682 8.8066
15350.0000 58.0376 8.8567
15355.0000 58.0986 8.8761
15360.0000 58.0944 8.8807
15365.0000 58.0920 8.8827
15370.0000 58.0529 8.8672
15375.0000 58.0262 8.8655
15380.0000 58.0351 8.8726
15385.0000 58.0179 8.8613
15390.0000 58.0405 8.8635
15395.0000 58.0412 8.8640
15400.0000 58.0535 8.8680
15405.0000 58.0613 8.8699
15410.0000 58.0654 8.8703
15415.0000 58.0836 8.8735
15420.0000 58.1008 8.8868
15425.0000 58.0717 8.8165
15430.0000 57.9464 8.7884
15435.0000 57.9145 8.7989
15440.0000 57.8877 8.7906
15445.0000 57.8891 8.7892
15450.0000 57.9003 8.7910
15455.0000 57.9441 8.8159
15460.0000 57.9666 8.8161
15465.0000 58.0110 8.8400
15470.0000 58.0545 8.8659
15475.0000 58.0494 8.8584
15480.0000 58.0649 8.8611
15485.0000 57.9041 8.7969
15490.0000 57.8616 8.7875
15495.0000 57.7737 8.7670
15500.0000 57.7581 8.7628
15505.0000 57.7880 8.7792
15510.0000 57.7943 8.7741
15515.0000 57.8506 8.7762
15520.0000 57.8572 8.7779
15525.0000 57.8245 8.7442
15530.0000 57.8355 8.7463
15535.0000 57.8513 8.7452
15540.0000 57.8656 8.7522
15545.0000 57.7255 8.6737
15550.0000 57.6119 8.6230
15555.0000 57.5459 8.6292
15560.0000 57.5233 8.6289
15565.0000 57.5277 8.6300
15570.0000 57.5453 8.6276
15575.0000 57.5644 8.6243
15580.0000 57.5739 8.6244
15585.0000 57.6162 8.6448
15590.0000 57.6209 8.6461
15595.0000 57.6377 8.6453
15600.0000 57.6768 8.6665
15605.0000 57.6864 8.6744
15610.0000 57.5755 8.6458
15615.0000 57.5919 8.6720
15620.0000 57.6279 8.6882
15625.0000 57.6812 8.6927
15630.0000 57.6914 8.6903
15635.0000 57.7064 8.6884
15640.0000 57.7285 8.6891
15645.0000 57.7660 8.7051
15650.0000 57.7773 8.7041
15655.0000 57.7906 8.7060
15660.0000 57.7945 8.7225
15665.0000 57.7635 8.7201
15670.0000 57.6960 8.7128
15675.0000 57.7172 8.7170
15680.0000 57.7161 8.7151
15685.0000 57.7305 8.7115
15690.0000 57.7412 8.7148
15695.0000 57.8201 8.7622
15700.0000 57.8349 8.7628
15705.0000 57.8409 8.7675
15710.0000 57.8517 8.7688
15715.0000 57.8602 8.7714
15720.0000 57.8719 8.7740
15725.0000 57.7706 8.7135
15730.0000 57.6695 8.6820
15735.0000 57.6914 8.6930
15740.0000 57.7381 8.7300
15745.0000 57.7553 8.7274
15750.0000 57.7672 8.7217
15755.0000 57.7913 8.7190
15760.0000 57.7973 8.6971
15765.0000 57.8062 8.6884
15770.0000 57.8221 8.6791
15775.0000 57.8504 8.6671
15780.0000 57.8430 8.6293
15785.0000 57.8273 8.6361
15790.0000 57.5339 8.5379
15795.0000 57.4825 8.5391
15800.0000 57.4761 8.5358
15805.0000 57.4820 8.5399
15810.0000 57.5415 8.5689
15815.0000 57.6066 8.5998
15820.0000 57.6444 8.6035
15825.0000 57.7082 8.6246
15830.0000 57.7128 8.6250
15835.0000 57.7298 8.6301
15840.0000 57.7383 8.6268
15845.0000 57.6739 8.6021
15850.0000 57.5992 8.5813
15855.0000 57.6003 8.5758
15860.0000 57.5992 8.5776
15865.0000 57.6070 8.5804
15870.0000 57.5936 8.5800
15875.0000 57.6424 8.5715
15880.0000 57.6487 8.5766
15885.0000 57.6561 8.5793
15890.0000 57.7025 8.6048
15895.0000 57.7088 8.6047
15900.0000 57.7367 8.6142
15905.0000 57.5730 8.5327
15910.0000 57.4531 8.5104
15915.0000 57.4934 8.5329
15920.0000 57.4764 8.5274
15925.0000 57.5599 8.5523
15930.0000 57.5877 8.5680
15935.0000 57.6628 8.6154
15940.0000 57.6775 8.6174
15945.0000 57.7063 8.6286
15950.0000 57.7259 8.6323
15955.0000 57.7288 8.6313
15960.0000 57.7438 8.6347
15965.0000 57.7566 8.6614
15970.0000 57.7168 8.6470
15975.0000 57.6843 8.6512
15980.0000 57.6400 8.6424
15985.0000 57.6330 8.6376
15990.0000 57.7181 8.6671
15995.0000 57.7260 8.6678
16000.0000 57.7333 8.6694
16005.0000 57.7495 8.6761
16010.0000 57.7627 8.6785
16015.0000 57.8048 8.6984
16020.0000 57.8216 8.6982
16025.0000 57.8312 8.7063
16030.0000 57.8044 8.7210
16035.0000 57.7216 8.6815
16040.0000 57.6979 8.6776
16045.0000 57.7310 8.6970
16050.0000 57.7477 8.6956
16055.0000 57.8281 8.7133
16060.0000 57.8458 8.7156
16065.0000 57.8270 8.6966
16070.0000 57.8298 8.6970
16075.0000 57.8343 8.6918
16080.0000 57.8369 8.6922
16085.0000 57.7865 8.6859
16090.0000 57.7847 8.7133
16095.0000 57.7622 8.7067
16100.0000 57.7699 8.7117
16105.0000 57.8124 8.7211
16110.0000 57.8212 8.7234
16115.0000 57.8287 8.7235
16120.0000 57.8320 8.7252
16125.0000 57.8425 8.7231
16130.0000 57.8710 8.7181
16135.0000 57.8892 8.7168
16140.0000 57.8982 8.7214
16145.0000 57.8602 8.6989
16150.0000 57.8387 8.7156
16155.0000 57.8343 8.7168
16160.0000 57.7884 8.6994
16165.0000 57.7966 8.7006
16170.0000 57.8242 8.7064
16175.0000 57.8232 8.6861
16180.0000 57.8474 8.6920
16185.0000 57.8573 8.6898
16190.0000 57.9210 8.7167
16195.0000 57.9742 8.7550
16200.0000 58.0444 8.7925
16205.0000 58.0058 8.7748
16210.0000 57.9661 8.7757
16215.0000 57.9455 8.7721
16220.0000 57.9227 8.7653
16225.0000 57.9252 8.7592
16230.0000 57.9634 8.7719
16235.0000 57.9803 8.7750
16240.0000 57.9803 8.7750
16245.0000 57.9964 8.7809
16250.0000 58.0142 8.7794
16255.0000 58.0265 8.7773
16260.0000 58.0463 8.7855
16265.0000 58.0434 8.7848
16270.0000 58.0233 8.7542
16275.0000 58.0140 8.7494
16280.0000 58.0077 8.7470
16285.0000 58.0145 8.7496
16290.0000 58.0499 8.7685
16295.0000 58.0405 8.7564
16300.0000 58.0627 8.7588
16305.0000 58.0766 8.7537
16310.0000 58.1664 8.7766
16315.0000 58.1920 8.7747
16320.0000 58.2244 8.7751
16325.0000 58.1986 8.7673
16330.0000 58.1383 8.7369
16335.0000 58.1031 8.7450
16340.0000 58.0990 8.7399
16345.0000 58.1123 8.7390
16350.0000 58.1319 8.7427
16355.0000 58.1492 8.7488
16360.0000 58.1459 8.7306
16365.0000 58.1712 8.7378
16370.0000 58.1892 8.7418
16375.0000 58.2088 8.7489
16380.0000 58.2844 8.7927
16385.0000 58.1847 8.7669
16390.0000 58.0447 8.7633
16395.0000 58.0016 8.7689
16400.0000 58.0135 8.8020
16405.0000 57.9946 8.7836
16410.0000 57.9979 8.7887
16415.0000 58.0090 8.7913
16420.0000 58.0219 8.7959
16425.0000 58.0290 8.7977
16430.0000 58.0417 8.8040
16435.0000 58.0558 8.8046
16440.0000 58.0712 8.8087
16445.0000 58.0211 8.8049
16450.0000 57.9232 8.7614
16455.0000 57.9154 8.7690
16460.0000 57.9028 8.7709
16465.0000 57.9085 8.7708
16470.0000 57.8936 8.7575
16475.0000 57.9176 8.7608
16480.0000 57.9399 8.7640
16485.0000 57.9533 8.7644
16490.0000 57.9712 8.7670
16495.0000 57.9712 8.7670
16500.0000 57.9929 8.7723
16505.0000 57.9607 8.7605
16510.0000 57.8284 8.7143
16515.0000 57.8073 8.7110
16520.0000 57.8000 8.7149
16525.0000 57.8367 8.7320
16530.0000 57.8268 8.7281
16535.0000 57.8395 8.7276
16540.0000 57.8534 8.7256
16545.0000 57.8760 8.7179
16550.0000 57.9670 8.7394
16555.0000 58.0412 8.7594
16560.0000 58.0990 8.7814
16565.0000 57.9032 8.6702
16570.0000 57.6499 8.5619
16575.0000 57.6349 8.5407
16580.0000 57.6103 8.5382
16585.0000 57.6501 8.5419
16590.0000 57.6486 8.5223
16595.0000 57.7060 8.5301
16600.0000 57.7939 8.5428
16605.0000 57.9121 8.5600
16610.0000 57.9267 8.5613
16615.0000 57.9448 8.5582
16620.0000 57.9119 8.5293
16625.0000 57.8482 8.5335
16630.0000 57.7228 8.4865
16635.0000 57.7005 8.4662
16640.0000 57.7149 8.4702
16645.0000 57.7431 8.4595
16650.0000 57.7868 8.4669
16655.0000 57.8054 8.4664
16660.0000 57.8259 8.4709
16665.0000 57.8408 8.4724
16670.0000 57.9009 8.4974
16675.0000 57.9134 8.4991
16680.0000 57.9324 8.5034
16685.0000 57.8460 8.4673
16690.0000 57.7538 8.4309
16695.0000 57.7172 8.4239
16700.0000 57.7028 8.4261
16705.0000 57.7195 8.4214
16710.0000 57.7903 8.4358
16715.0000 57.8572 8.4609
16720.0000 57.9247 8.4958
16725.0000 57.9361 8.4990
16730.0000 57.9712 8.5232
16735.0000 58.0109 8.5439
16740.0000 58.0161 8.5505
16745.0000 57.9942 8.5555
16750.0000 57.9814 8.5534
16755.0000 57.9610 8.5413
16760.0000 57.9605 8.5313
16765.0000 57.9522 8.5153
16770.0000 57.9788 8.5191
16775.0000 58.0124 8.5267
16780.0000 58.0729 8.5461
16785.0000 58.1038 8.5544
16790.0000 58.1155 8.5625
16795.0000 58.1311 8.5677
16800.0000 58.1801 8.5835
16805.0000 58.1699 8.5744
16810.0000 58.1285 8.5551
16815.0000 58.0877 8.5459
16820.0000 58.0623 8.5447
16825.0000 58.0574 8.5371
16830.0000 58.0583 8.5353
16835.0000 58.0937 8.5594
16840.0000 58.1283 8.5794
16845.0000 58.0867 8.5442
16850.0000 58.1070 8.5396
16855.0000 58.1201 8.5404
16860.0000 58.1439 8.5453
16865.0000 58.0147 8.4548
16870.0000 57.9263 8.4073
16875.0000 57.9183 8.3976
16880.0000 57.9187 8.4021
16885.0000 57.9642 8.4224
16890.0000 57.9857 8.4126
16895.0000 58.0248 8.4249
16900.0000 58.1181 8.4893
16905.0000 58.1491 8.5018
16910.0000 58.1491 8.5018
16915.0000 58.1419 8.4697
16920.0000 58.1985 8.4940
16925.0000 58.0897 8.4326
16930.0000 57.9061 8.3565
16935.0000 57.8817 8.3570
16940.0000 57.8508 8.3579
16945.0000 57.8418 8.3403
16950.0000 57.8869 8.3584
16955.0000 57.9330 8.3698
16960.0000 57.9436 8.3732
16965.0000 58.0019 8.3850
16970.0000 58.0754 8.4182
16975.0000 58.1661 8.4747
16980.0000 58.1757 8.4789
16985.0000 58.1308 8.3949
16990.0000 58.1012 8.3771
16995.0000 58.1121 8.3952
17000.0000 58.0949 8.3940
17005.0000 58.0854 8.3883
17010.0000 58.0981 8.3877
17015.0000 58.1345 8.4066
17020.0000 58.1437 8.4089
17025.0000 58.1678 8.4220
17030.0000 58.2239 8.4535
17035.0000 58.2790 8.4720
17040.0000 58.3123 8.4825
17045.0000 58.2674 8.4514
17050.0000 58.2276 8.4458
17055.0000 58.2197 8.4427
17060.0000 58.3208 8.4755
17065.0000 58.3329 8.4637
17070.0000 58.3709 8.4774
17075.0000 58.4196 8.4798
17080.0000 58.4962 8.4968
17085.0000 58.5204 8.4864
17090.0000 58.5741 8.4988
17095.0000 58.6367 8.5232
17100.0000 58.7174 8.5546
17105.0000 58.7220 8.5379
17110.0000 58.5460 8.4511
17115.0000 58.5498 8.4460
17120.0000 58.5428 8.4468
17125.0000 58.5658 8.4409
17130.0000 58.5920 8.4323
17135.0000 58.6257 8.4256
17140.0000 58.6455 8.4307
17145.0000 58.6689 8.4355
17150.0000 58.6976 8.4446
17155.0000 58.7074 8.4428
17160.0000 58.7663 8.4569
17165.0000 58.7105 8.4280
17170.0000 58.5141 8.3499
17175.0000 58.4901 8.3448
17180.0000 58.5688 8.3840
17185.0000 58.6320 8.4193
17190.0000 58.6393 8.4163
17195.0000 58.6577 8.4176
17200.0000 58.7060 8.4396
17205.0000 58.7332 8.4413
17210.0000 58.7456 8.4439
17215.0000 58.7655 8.4451
17220.0000 58.7922 8.4505
17225.0000 58.8185 8.4621
17230.0000 58.8311 8.4531
17235.0000 58.8427 8.4674
17240.0000 58.9005 8.4986
17245.0000 58.9130 8.4966
17250.0000 58.9846 8.5242
17255.0000 59.0369 8.5445
17260.0000 59.0417 8.5470
17265.0000 59.0328 8.5269
17270.0000 59.0995 8.5361
17275.0000 59.2146 8.5814
17280.0000 59.2571 8.6027
17285.0000 59.1948 8.5668
17290.0000 59.2037 8.5954
17295.0000 59.1398 8.5732
17300.0000 59.1275 8.5808
17305.0000 59.1180 8.5779
17310.0000 59.1453 8.5883
17315.0000 59.1880 8.6088
17320.0000 59.2275 8.6182
17325.0000 59.2786 8.6324
17330.0000 59.2939 8.6290
17335.0000 59.3086 8.6224
17340.0000 59.3723 8.6496
17345.0000 59.3797 8.6592
17350.0000 59.3810 8.6792
17355.0000 59.3157 8.6679
17360.0000 59.3197 8.6660
17365.0000 59.3112 8.6574
17370.0000 59.3159 8.6572
17375.0000 59.3161 8.6615
17380.0000 59.3204 8.6650
17385.0000 59.3664 8.6875
17390.0000 59.3769 8.6900
17395.0000 59.3874 8.6907
17400.0000 59.3917 8.6953
17405.0000 59.3809 8.6977
17410.0000 59.3941 8.7118
17415.0000 59.3533 8.7127
17420.0000 59.3486 8.7164
17425.0000 59.3566 8.7103
17430.0000 59.4156 8.7349
17435.0000 59.4277 8.7374
17440.0000 59.4444 8.7421
17445.0000 59.4635 8.7387
17450.0000 59.4853 8.7394
17455.0000 59.5377 8.7627
17460.0000 59.5560 8.7722
17465.0000 59.5098 8.7373
17470.0000 59.3617 8.6893
17475.0000 59.3169 8.6843
17480.0000 59.3345 8.6958
17485.0000 59.3373 8.6940
17490.0000 59.3526 8.6963
17495.0000 59.3562 8.6978
17500.0000 59.3562 8.6978
17505.0000 59.3365 8.6758
17510.0000 59.3993 8.7076
17515.0000 59.4216 8.7117
17520.0000 59.4637 8.7422
17525.0000 59.3784 8.7082
17530.0000 59.3461 8.7024
17535.0000 59.2803 8.7022
17540.0000 59.2717 8.7035
17545.0000 59.2648 8.6928
17550.0000 59.2895 8.6942
17555.0000 59.2983 8.6881
17560.0000 59.3248 8.6918
17565.0000 59.3381 8.6855
17570.0000 59.3497 8.6862
17575.0000 59.3852 8.6971
17580.0000 59.3872 8.7041
17585.0000 59.3212 8.6905
17590.0000 59.3039 8.6924
17595.0000 59.2612 8.7129
17600.0000 59.2422 8.7147
17605.0000 59.2223 8.7003
17610.0000 59.2314 8.7072
17615.0000 59.2404 8.7094
17620.0000 59.2971 8.7308
17625.0000 59.3227 8.7380
17630.0000 59.3435 8.7416
17635.0000 59.3293 8.7212
17640.0000 59.3293 8.7212
17645.0000 59.2315 8.6807
17650.0000 59.0702 8.6323
17655.0000 59.0672 8.6424
17660.0000 59.0735 8.6526
17665.0000 59.1006 8.6606
17670.0000 59.1256 8.6687
17675.0000 59.1286 8.6725
17680.0000 59.1906 8.7060
17685.0000 59.1995 8.7108
17690.0000 59.2641 8.7417
17695.0000 59.3172 8.7763
17700.0000 59.3266 8.7846
17705.0000 59.2417 8.7662
17710.0000 58.9463 8.6069
17715.0000 58.9391 8.6077
17720.0000 58.8958 8.6169
17725.0000 58.9320 8.6361
17730.0000 58.9717 8.6550
17735.0000 58.9521 8.6346
17740.0000 58.9710 8.6430
17745.0000 58.9879 8.6530
17750.0000 59.0179 8.6671
17755.0000 59.0283 8.6718
17760.0000 59.0454 8.6788
17765.0000 58.9996 8.6932
17770.0000 58.8361 8.6280
17775.0000 58.8111 8.6256
17780.0000 58.7669 8.6234
17785.0000 58.7449 8.6085
17790.0000 58.7820 8.6146
17795.0000 58.7883 8.6129
17800.0000 58.8710 8.6475
17805.0000 58.8875 8.6523
17810.0000 58.9581 8.6855
17815.0000 58.9782 8.6848
17820.0000 59.0032 8.6839
17825.0000 58.9138 8.6535
17830.0000 58.8496 8.6183
17835.0000 58.8027 8.6032
17840.0000 58.7715 8.5948
17845.0000 58.7806 8.5847
17850.0000 58.8070 8.5858
17855.0000 58.8377 8.5881
17860.0000 58.8778 8.5940
17865.0000 58.9025 8.6052
17870.0000 58.9141 8.6080
17875.0000 58.9257 8.6139
17880.0000 58.9773 8.6357
17885.0000 58.8828 8.5797
17890.0000 58.8724 8.5832
17895.0000 58.8257 8.5756
17900.0000 58.8168 8.5734
17905.0000 58.7992 8.5622
17910.0000 58.8086 8.5603
17915.0000 58.8389 8.5629
17920.0000 58.8533 8.5628
17925.0000 58.8841 8.5668
17930.0000 58.9107 8.5682
17935.0000 58.9166 8.5696
17940.0000 58.9226 8.5704
17945.0000 58.8650 8.5565
17950.0000 58.8198 8.5497
17955.0000 58.8290 8.5695
17960.0000 58.8218 8.5730
17965.0000 58.8019 8.5593
17970.0000 58.8044 8.5577
17975.0000 58.8260 8.5619
17980.0000 58.8829 8.5898
17985.0000 58.9000 8.5865
17990.0000 58.9109 8.5926
17995.0000 58.9267 8.6008
18000.0000 58.9376 8.6039
18005.0000 58.6855 8.4918
18010.0000 58.3320 8.4163
18015.0000 58.2650 8.4202
18020.0000 58.2151 8.4416
18025.0000 58.2521 8.4621
18030.0000 58.3590 8.5251
18035.0000 58.4136 8.5512
18040.0000 58.4266 8.5529
18045.0000 58.4405 8.5593
18050.0000 58.4649 8.5515
18055.0000 58.4789 8.5531
18060.0000 58.4777 8.5618
18065.0000 58.3297 8.5352
18070.0000 57.9870 8.4552
18075.0000 57.9409 8.4596
18080.0000 57.9136 8.4607
18085.0000 57.8922 8.4466
18090.0000 57.8975 8.4485
18095.0000 57.9052 8.4493
18100.0000 57.9183 8.4517
18105.0000 57.9160 8.4498
18110.0000 57.9335 8.4533
18115.0000 57.9377 8.4552
18120.0000 57.9485 8.4600
18125.0000 57.8064 8.4477
18130.0000 57.5287 8.4020
18135.0000 57.4487 8.4296
18140.0000 57.4123 8.4397
18145.0000 57.4094 8.4319
18150.0000 57.4025 8.4294
18155.0000 57.4417 8.4523
18160.0000 57.4547 8.4550
18165.0000 57.5381 8.5016
18170.0000 57.5620 8.5062
18175.0000 57.6561 8.5247
18180.0000 57.6754 8.5313
18185.0000 57.5811 8.4914
18190.0000 57.4603 8.4724
18195.0000 57.4644 8.4659
18200.0000 57.4898 8.4757
18205.0000 57.5488 8.4809
18210.0000 57.5789 8.4838
18215.0000 57.6277 8.5000
18220.0000 57.6319 8.5017
18225.0000 57.6359 8.5011
18230.0000 57.6476 8.5032
18235.0000 57.6572 8.5073
18240.0000 57.6717 8.5111
18245.0000 57.4624 8.4515
18250.0000 57.2206 8.3710
18255.0000 57.2665 8.3897
18260.0000 57.2295 8.3919
18265.0000 57.1794 8.3595
18270.0000 57.1925 8.3612
18275.0000 57.2705 8.3986
18280.0000 57.2898 8.4039
18285.0000 57.3517 8.3805
18290.0000 57.3842 8.3866
18295.0000 57.4111 8.3944
18300.0000 57.4252 8.4044
18305.0000 57.2521 8.3311
18310.0000 56.8425 8.1971
18315.0000 56.8262 8.2119
18320.0000 56.8507 8.2441
18325.0000 56.8518 8.2447
18330.0000 56.8526 8.2412
18335.0000 56.8769 8.2480
18340.0000 56.9292 8.2802
18345.0000 56.9691 8.2984
18350.0000 56.9824 8.3017
18355.0000 57.0003 8.3089
18360.0000 57.0067 8.3169
18365.0000 56.7445 8.2174
18370.0000 56.4829 8.1744
18375.0000 56.4476 8.2011
18380.0000 56.3970 8.2053
18385.0000 56.3450 8.1794
18390.0000 56.3706 8.1869
18395.0000 56.3887 8.1901
18400.0000 56.4385 8.2035
18405.0000 56.4902 8.2279
18410.0000 56.4972 8.2310
18415.0000 56.5331 8.2417
18420.0000 56.5397 8.2459
18425.0000 56.5017 8.2427
18430.0000 56.3689 8.1825
18435.0000 56.3383 8.1795
18440.0000 56.3083 8.1804
18445.0000 56.3184 8.1731
18450.0000 56.3433 8.1703
18455.0000 56.3553 8.1719
18460.0000 56.3933 8.1819
18465.0000 56.4063 8.1851
18470.0000 56.4375 8.1953
18475.0000 56.4644 8.2026
18480.0000 56.4910 8.2043
18485.0000 56.3174 8.1688
18490.0000 56.2312 8.1416
18495.0000 56.2402 8.1053
18500.0000 56.2381 8.1235
18505.0000 56.2203 8.1085
18510.0000 56.2298 8.1129
18515.0000 56.2417 8.1150
18520.0000 56.2627 8.1261
18525.0000 56.2752 8.1281
18530.0000 56.2854 8.1336
18535.0000 56.2953 8.1375
18540.0000 56.3626 8.1599
18545.0000 56.2584 8.1384
18550.0000 56.1255 8.0963
18555.0000 56.0715 8.0985
18560.0000 56.0672 8.1141
18565.0000 56.0919 8.1251
18570.0000 56.0853 8.1206
18575.0000 56.1381 8.1478
18580.0000 56.1416 8.1472
18585.0000 56.1596 8.1534
18590.0000 56.1703 8.1520
18595.0000 56.2228 8.1854
18600.0000 56.3084 8.1856
18605.0000 56.1743 8.1898
18610.0000 56.0526 8.1956
18615.0000 56.0112 8.1893
18620.0000 56.0319 8.1926
18625.0000 56.0678 8.1699
18630.0000 56.0837 8.1736
18635.0000 56.0986 8.1805
18640.0000 56.1178 8.1831
18645.0000 56.1454 8.1823
18650.0000 56.1587 8.1794
18655.0000 56.2174 8.1977
18660.0000 56.2314 8.1943
18665.0000 56.2464 8.2015
18670.0000 56.1030 8.1483
18675.0000 56.0762 8.1387
18680.0000 56.0543 8.1386
18685.0000 56.0379 8.1290
18690.0000 56.0437 8.1294
18695.0000 56.0618 8.1352
18700.0000 56.0785 8.1419
18705.0000 56.0975 8.1481
18710.0000 56.1090 8.1562
18715.0000 56.1305 8.1649
18720.0000 56.1483 8.1739
18725.0000 56.1632 8.1981
18730.0000 56.1065 8.1748
18735.0000 56.0950 8.1772
18740.0000 56.0561 8.1782
18745.0000 56.0215 8.1608
18750.0000 56.0254 8.1619
18755.0000 56.0296 8.1631
18760.0000 56.0700 8.1806
18765.0000 56.0834 8.1817
18770.0000 56.1921 8.1892
18775.0000 56.3251 8.2230
18780.0000 56.4107 8.2453
18785.0000 56.4052 8.2521
18790.0000 56.4724 8.2846
18795.0000 56.5099 8.3109
18800.0000 56.5001 8.3130
18805.0000 56.4803 8.2869
18810.0000 56.4949 8.2834
18815.0000 56.5063 8.2805
18820.0000 56.5206 8.2826
18825.0000 56.5451 8.2875
18830.0000 56.6042 8.3148
18835.0000 56.6278 8.3227
18840.0000 56.6534 8.3339
18845.0000 56.6573 8.3589
18850.0000 56.6692 8.3686
18855.0000 56.8249 8.4441
18860.0000 56.8029 8.4574
18865.0000 56.7702 8.4468
18870.0000 56.7740 8.4511
18875.0000 56.7803 8.4531
18880.0000 56.8451 8.4495
18885.0000 56.8980 8.4548
18890.0000 56.9084 8.4569
18895.0000 56.9190 8.4604
18900.0000 56.9372 8.4669
18905.0000 56.8269 8.4578
18910.0000 56.7235 8.4144
18915.0000 56.6697 8.4245
18920.0000 56.6370 8.4209
18925.0000 56.6172 8.4120
18930.0000 56.6290 8.4181
18935.0000 56.6436 8.4313
18940.0000 56.6652 8.4292
18945.0000 56.7236 8.4604
18950.0000 56.7396 8.4602
18955.0000 56.7529 8.4605
18960.0000 56.7997 8.4648
18965.0000 56.7276 8.4677
18970.0000 56.4520 8.3822
18975.0000 56.3927 8.3735
18980.0000 56.3481 8.3808
18985.0000 56.3245 8.3717
18990.0000 56.3236 8.3733
18995.0000 56.3635 8.3927
19000.0000 56.4208 8.4265
19005.0000 56.4280 8.4271
19010.0000 56.4326 8.4288
19015.0000 56.4501 8.4344
19020.0000 56.4568 8.4335
19025.0000 56.4655 8.4462
19030.0000 56.2878 8.3616
19035.0000 56.2937 8.3722
19040.0000 56.2987 8.3847
19045.0000 56.2772 8.3774
19050.0000 56.2895 8.3825
19055.0000 56.2932 8.3821
19060.0000 56.3044 8.3839
19065.0000 56.3135 8.3849
19070.0000 56.3242 8.3906
19075.0000 56.3402 8.3855
19080.0000 56.3735 8.3806
19085.0000 56.3707 8.3909
19090.0000 56.2789 8.3581
19095.0000 56.2209 8.3429
19100.0000 56.2067 8.3490
19105.0000 56.1920 8.3416
19110.0000 56.1912 8.3382
19115.0000 56.2021 8.3396
19120.0000 56.2074 8.3434
19125.0000 56.2168 8.3455
19130.0000 56.2207 8.3455
19135.0000 56.2288 8.3492
19140.0000 56.2782 8.3836
19145.0000 56.2047 8.3497
19150.0000 56.0835 8.2862
19155.0000 56.0543 8.3013
19160.0000 56.0497 8.3109
19165.0000 56.0254 8.3028
19170.0000 56.0403 8.3061
19175.0000 56.0594 8.3165
19180.0000 56.0628 8.3163
19185.0000 56.0804 8.3246
19190.0000 56.0851 8.3246
19195.0000 56.1398 8.3470
19200.0000 56.1448 8.3513
19205.0000 56.1098 8.3604
19210.0000 56.0512 8.3329
19215.0000 55.9825 8.3358
19220.0000 55.9781 8.3418
19225.0000 55.9507 8.3279
19230.0000 56.0217 8.3708
19235.0000 56.0556 8.4055
19240.0000 56.0616 8.4031
19245.0000 56.0616 8.4031
19250.0000 56.1776 8.4648
19255.0000 56.1832 8.4656
19260.0000 56.1522 8.4426
19265.0000 55.9904 8.4156
19270.0000 55.7701 8.3631
19275.0000 55.7052 8.3727
19280.0000 55.6599 8.3800
19285.0000 55.6699 8.3772
19290.0000 55.7365 8.3598
19295.0000 55.7592 8.3621
19300.0000 55.7792 8.3668
19305.0000 55.8035 8.3733
19310.0000 55.8246 8.3782
19315.0000 55.8394 8.3735
19320.0000 55.9040 8.4037
19325.0000 55.8391 8.4092
19330.0000 55.5171 8.3086
19335.0000 55.5161 8.3002
19340.0000 55.5036 8.3044
19345.0000 55.5029 8.2954
19350.0000 55.5198 8.2961
19355.0000 55.5363 8.2989
19360.0000 55.5495 8.3017
19365.0000 55.5886 8.3060
19370.0000 55.6087 8.3123
19375.0000 55.6915 8.3311
19380.0000 55.7163 8.3343
19385.0000 55.6124 8.3042
19390.0000 55.5889 8.2939
19395.0000 55.5559 8.2913
19400.0000 55.5200 8.2859
19405.0000 55.5530 8.3020
19410.0000 55.6193 8.3152
19415.0000 55.6200 8.3179
19420.0000 55.6290 8.3199
19425.0000 55.6366 8.3239
19430.0000 55.6496 8.3281
19435.0000 55.6572 8.3293
19440.0000 55.6770 8.3359
19445.0000 55.6063 8.3415
19450.0000 55.5783 8.3417
19455.0000 55.5462 8.3354
19460.0000 55.5312 8.3380
19465.0000 55.5226 8.3339
19470.0000 55.5259 8.3314
19475.0000 55.5226 8.3319
19480.0000 55.5450 8.3401
19485.0000 55.5613 8.3468
19490.0000 55.5901 8.3497
19495.0000 55.6056 8.3433
19500.0000 55.6118 8.3518
19505.0000 55.5484 8.3285
19510.0000 55.3279 8.2372
19515.0000 55.2883 8.2427
19520.0000 55.2581 8.2356
19525.0000 55.2313 8.2118
19530.0000 55.2412 8.2037
19535.0000 55.2583 8.2028
19540.0000 55.2780 8.2062
19545.0000 55.2922 8.2084
19550.0000 55.3076 8.2139
19555.0000 55.3292 8.2194
19560.0000 55.3369 8.2256
19565.0000 55.2718 8.2320
19570.0000 55.0608 8.1982
19575.0000 55.0452 8.1947
19580.0000 55.0500 8.2253
19585.0000 55.0349 8.2159
19590.0000 55.0250 8.2069
19595.0000 55.0708 8.2054
19600.0000 55.0769 8.2021
19605.0000 55.0811 8.2030
19610.0000 55.1430 8.2288
19615.0000 55.1475 8.2295
19620.0000 55.1592 8.2352
19625.0000 55.0502 8.2388
19630.0000 54.7167 8.1056
19635.0000 54.6748 8.1018
19640.0000 54.6533 8.1060
19645.0000 54.6614 8.1071
19650.0000 54.6884 8.1072
19655.0000 54.6973 8.1129
19660.0000 54.7008 8.1132
19665.0000 54.7207 8.1231
19670.0000 54.7248 8.1209
19675.0000 54.7519 8.1258
19680.0000 54.7519 8.1258
19685.0000 54.6463 8.0967
19690.0000 54.3782 8.0524
19695.0000 54.3342 8.0402
19700.0000 54.4021 8.0611
19705.0000 54.4261 8.0644
19710.0000 54.4316 8.0654
19715.0000 54.4982 8.0716
19720.0000 54.5982 8.0985
19725.0000 54.6709 8.1236
19730.0000 54.7004 8.1295
19735.0000 54.7570 8.1591
19740.0000 54.8191 8.1810
19745.0000 54.8264 8.2002
19750.0000 54.6960 8.1488
19755.0000 54.7005 8.1502
19760.0000 54.7320 8.1674
19765.0000 54.8058 8.2037
19770.0000 54.8516 8.2227
19775.0000 54.9294 8.2644
19780.0000 55.0916 8.3492
19785.0000 55.1784 8.3989
19790.0000 55.1871 8.3997
19795.0000 55.2691 8.4003
19800.0000 55.3153 8.4238
19805.0000 55.3793 8.4393
19810.0000 55.3292 8.4435
19815.0000 55.3046 8.4224
19820.0000 55.2549 8.4287
19825.0000 55.2665 8.4253
19830.0000 55.2565 8.3911
19835.0000 55.3558 8.4278
19840.0000 55.3748 8.4240
19845.0000 55.4078 8.4163
19850.0000 55.4310 8.4224
19855.0000 55.4388 8.4220
19860.0000 55.4509 8.4274
19865.0000 55.3705 8.3933
19870.0000 55.3218 8.3715
19875.0000 55.2796 8.3582
19880.0000 55.3326 8.3639
19885.0000 55.4421 8.3518
19890.0000 55.4902 8.3455
19895.0000 55.4913 8.3483
19900.0000 55.5018 8.3501
19905.0000 55.5168 8.3537
19910.0000 55.5334 8.3476
19915.0000 55.5381 8.3479
19920.0000 55.5428 8.3529
19925.0000 55.4892 8.3486
19930.0000 55.4310 8.3174
19935.0000 55.3891 8.3023
19940.0000 55.3547 8.3009
19945.0000 55.3187 8.2882
19950.0000 55.3115 8.2802
19955.0000 55.3177 8.2776
19960.0000 55.4036 8.2819
19965.0000 55.4587 8.2824
19970.0000 55.4692 8.2869
19975.0000 55.4806 8.2881
19980.0000 55.4785 8.2862
19985.0000 55.4907 8.2895
19990.0000 55.3700 8.2290
19995.0000 55.3622 8.2426
20000.0000 55.3259 8.2412
20005.0000 55.3298 8.2406
20010.0000 55.3157 8.2334
20015.0000 55.3587 8.2338
20020.0000 55.3736 8.2404
20025.0000 55.4499 8.2505
20030.0000 55.4647 8.2545
20035.0000 55.4805 8.2617
20040.0000 55.5099 8.2679
20045.0000 55.5500 8.3025
20050.0000 55.4874 8.2987
20055.0000 55.4944 8.3462
20060.0000 55.5229 8.3613
20065.0000 55.5218 8.3544
20070.0000 55.5100 8.3406
20075.0000 55.5243 8.3469
20080.0000 55.5437 8.3418
20085.0000 55.5712 8.3441
20090.0000 55.5963 8.3462
20095.0000 55.6162 8.3445
20100.0000 55.6660 8.3725
20105.0000 55.6878 8.3745
20110.0000 55.4832 8.3354
20115.0000 55.3602 8.3393
20120.0000 55.3548 8.3401
20125.0000 55.3536 8.3378
20130.0000 55.3437 8.3211
20135.0000 55.3433 8.3238
20140.0000 55.3624 8.3279
20145.0000 55.4296 8.3577
20150.0000 55.4242 8.3385
20155.0000 55.4328 8.3338
20160.0000 55.4934 8.3410
20165.0000 55.2998 8.2583
20170.0000 55.2805 8.2597
20175.0000 55.2603 8.2657
20180.0000 55.2173 8.2613
20185.0000 55.2436 8.2581
20190.0000 55.2389 8.2548
20195.0000 55.3169 8.2924
20200.0000 55.3389 8.2961
20205.0000 55.3612 8.3029
20210.0000 55.3837 8.3018
20215.0000 55.3952 8.3070
20220.0000 55.4293 8.3090
20225.0000 55.4401 8.3077
20230.0000 55.1763 8.2306
20235.0000 55.1180 8.2210
20240.0000 55.1393 8.2415
20245.0000 55.1156 8.2341
20250.0000 55.1140 8.2268
20255.0000 55.1321 8.2359
20260.0000 55.1449 8.2392
20265.0000 55.1928 8.2314
20270.0000 55.2115 8.2327
20275.0000 55.2370 8.2423
20280.0000 55.2370 8.2423
20285.0000 54.9954 8.1628
20290.0000 54.7169 8.0878
20295.0000 54.6716 8.1071
20300.0000 54.6637 8.1141
20305.0000 54.6485 8.1122
20310.0000 54.6680 8.1342
20315.0000 54.6977 8.1385
20320.0000 54.7044 8.1396
20325.0000 54.7552 8.1628
20330.0000 54.7631 8.1679
20335.0000 54.8209 8.1774
20340.0000 54.8368 8.1921
20345.0000 54.8250 8.2035
20350.0000 54.6505 8.1477
20355.0000 54.6118 8.1636
20360.0000 54.6053 8.1653
20365.0000 54.5980 8.1641
20370.0000 54.6012 8.1638
20375.0000 54.5983 8.1650
20380.0000 54.6066 8.1686
20385.0000 54.6513 8.1795
20390.0000 54.6665 8.1812
20395.0000 54.7163 8.1842
20400.0000 54.7172 8.1882
20405.0000 54.6538 8.1445
20410.0000 54.5162 8.0875
20415.0000 54.4885 8.0878
20420.0000 54.4551 8.0866
20425.0000 54.4492 8.0844
20430.0000 54.5089 8.0895
20435.0000 54.4957 8.0846
20440.0000 54.5162 8.0878
20445.0000 54.5701 8.1033
20450.0000 54.5922 8.1011
20455.0000 54.6340 8.1197
20460.0000 54.6519 8.1277
20465.0000 54.6977 8.1558
20470.0000 54.6373 8.1299
20475.0000 54.6912 8.1297
20480.0000 54.6492 8.1225
20485.0000 54.6487 8.1245
20490.0000 54.7579 8.1236
20495.0000 54.8383 8.1361
20500.0000 54.8922 8.1693
20505.0000 54.9022 8.1722
20510.0000 54.9416 8.1751
20515.0000 54.9747 8.1744
20520.0000 54.9914 8.1784
20525.0000 54.9775 8.1924
20530.0000 54.8887 8.1695
20535.0000 54.8526 8.1621
20540.0000 54.8222 8.1578
20545.0000 54.8182 8.1577
20550.0000 54.8050 8.1512
20555.0000 54.9467 8.1988
20560.0000 55.0342 8.2472
20565.0000 55.0998 8.2691
20570.0000 55.1575 8.3038
20575.0000 55.2057 8.3139
20580.0000 55.2819 8.3151
20585.0000 55.2875 8.2967
20590.0000 55.1634 8.2512
20595.0000 55.1286 8.2464
20600.0000 55.0900 8.2497
20605.0000 55.0888 8.2536
20610.0000 55.1163 8.2752
20615.0000 55.1856 8.3187
20620.0000 55.2905 8.3376
20625.0000 55.3759 8.3809
20630.0000 55.4444 8.4175
20635.0000 55.4681 8.4244
20640.0000 55.4740 8.4258
20645.0000 55.5091 8.4665
20650.0000 55.4777 8.4026
20655.0000 55.4407 8.3922
20660.0000 55.4330 8.4061
20665.0000 55.4001 8.3847
20670.0000 55.4930 8.4239
20675.0000 55.5002 8.4268
20680.0000 55.5030 8.4261
20685.0000 55.5135 8.4304
20690.0000 55.5613 8.4627
20695.0000 55.6311 8.4904
20700.0000 55.6446 8.4934
20705.0000 55.5788 8.4488
20710.0000 55.4407 8.3934
20715.0000 55.4124 8.3818
20720.0000 55.3974 8.3818
20725.0000 55.3929 8.3839
20730.0000 55.3612 8.3694
20735.0000 55.4501 8.3997
20740.0000 55.5003 8.4130
20745.0000 55.5162 8.4168
20750.0000 55.5741 8.4360
20755.0000 55.6283 8.4386
20760.0000 55.6396 8.4419
20765.0000 55.6157 8.4299
20770.0000 55.5206 8.4194
20775.0000 55.4792 8.4108
20780.0000 55.4457 8.4138
20785.0000 55.4104 8.3994
20790.0000 55.4044 8.3911
20795.0000 55.4027 8.3919
20800.0000 55.4186 8.3946
20805.0000 55.4868 8.4224
20810.0000 55.4948 8.4224
20815.0000 55.4499 8.3706
20820.0000 55.4594 8.3644
20825.0000 55.4410 8.3633
20830.0000 55.2105 8.2523
20835.0000 55.1768 8.2489
20840.0000 55.1491 8.2451
20845.0000 55.1275 8.2344
20850.0000 55.1488 8.2359
20855.0000 55.1505 8.2337
20860.0000 55.1542 8.2341
20865.0000 55.1648 8.2304
20870.0000 55.1783 8.2323
20875.0000 55.2557 8.2571
20880.0000 55.2635 8.2587
20885.0000 55.2402 8.2663
20890.0000 55.0650 8.2268
20895.0000 55.0694 8.2347
20900.0000 55.0160 8.2299
20905.0000 54.9915 8.2139
20910.0000 54.9973 8.2149
20915.0000 55.0393 8.2282
20920.0000 55.1018 8.2403
20925.0000 55.1127 8.2431
20930.0000 55.1371 8.2488
20935.0000 55.1503 8.2522
20940.0000 55.2125 8.2764
20945.0000 55.1765 8.2741
20950.0000 55.0074 8.2367
20955.0000 55.0033 8.2355
20960.0000 54.9632 8.2326
20965.0000 54.9600 8.2305
20970.0000 54.9570 8.2277
20975.0000 55.0387 8.2864
20980.0000 55.0491 8.2878
20985.0000 55.0609 8.2902
20990.0000 55.1050 8.2969
20995.0000 55.1088 8.2982
21000.0000 55.1275 8.3035
21005.0000 55.1036 8.2910
21010.0000 55.0316 8.2697
21015.0000 54.9990 8.2884
21020.0000 54.9529 8.2890
21025.0000 54.9492 8.2858
21030.0000 54.9826 8.3022
21035.0000 55.0080 8.3209
21040.0000 55.0223 8.3260
21045.0000 55.0344 8.3305
21050.0000 55.1019 8.3684
21055.0000 55.1289 8.3802
21060.0000 55.1440 8.3879
21065.0000 55.1618 8.3852
21070.0000 54.8786 8.2362
21075.0000 54.9478 8.2799
21080.0000 54.8419 8.2439
21085.0000 54.8946 8.2834
21090.0000 54.8743 8.2730
21095.0000 54.8708 8.2729
21100.0000 54.8907 8.2797
21105.0000 54.8941 8.2803
21110.0000 54.9151 8.2827
21115.0000 54.9183 8.2838
21120.0000 54.9361 8.2936
21125.0000 54.8335 8.2680
21130.0000 54.4588 8.2665
21135.0000 54.4429 8.2688
21140.0000 54.4996 8.2849
21145.0000 54.5058 8.2904
21150.0000 54.5272 8.2878
21155.0000 54.5387 8.2821
21160.0000 54.5686 8.2953
21165.0000 54.5858 8.2934
21170.0000 54.6793 8.3339
21175.0000 54.7265 8.3448
21180.0000 54.7333 8.3508
21185.0000 54.6855 8.3325
21190.0000 54.4640 8.2453
21195.0000 54.3751 8.2357
21200.0000 54.3537 8.2407
21205.0000 54.3258 8.2315
21210.0000 54.3027 8.2192
21215.0000 54.3211 8.2261
21220.0000 54.3613 8.2431
21225.0000 54.4238 8.2747
21230.0000 54.4238 8.2747
21235.0000 54.4376 8.2767
21240.0000 54.4436 8.2785
21245.0000 54.3979 8.2639
21250.0000 54.2160 8.1976
21255.0000 54.1862 8.1944
21260.0000 54.1676 8.1966
21265.0000 54.1854 8.2080
21270.0000 54.1839 8.2047
21275.0000 54.1819 8.2071
21280.0000 54.2492 8.2432
21285.0000 54.2644 8.2465
21290.0000 54.2677 8.2471
21295.0000 54.2961 8.2520
21300.0000 54.3091 8.2488
21305.0000 54.3192 8.2548
21310.0000 54.2875 8.2520
21315.0000 54.2765 8.2640
21320.0000 54.2966 8.2747
21325.0000 54.2705 8.2680
21330.0000 54.2798 8.2701
21335.0000 54.3161 8.2923
21340.0000 54.3395 8.3006
21345.0000 54.3545 8.3061
21350.0000 54.4349 8.3400
21355.0000 54.5154 8.3669
21360.0000 54.5785 8.3888
21365.0000 54.5721 8.4135
21370.0000 54.5157 8.3785
21375.0000 54.4861 8.3721
21380.0000 54.4809 8.3852
21385.0000 54.5380 8.4140
21390.0000 54.5182 8.4036
21395.0000 54.5207 8.4034
21400.0000 54.5302 8.4099
21405.0000 54.5412 8.4131
21410.0000 54.5568 8.4169
21415.0000 54.5702 8.4180
21420.0000 54.5915 8.4204
21425.0000 54.6635 8.4140
21430.0000 54.5828 8.4093
21435.0000 54.5750 8.3993
21440.0000 54.5494 8.3891
21445.0000 54.5166 8.3749
21450.0000 54.5216 8.3706
21455.0000 54.5533 8.3732
21460.0000 54.5663 8.3767
21465.0000 54.5764 8.3779
21470.0000 54.6215 8.4067
21475.0000 54.6984 8.4396
21480.0000 54.7087 8.4439
21485.0000 54.7094 8.4571
21490.0000 54.6308 8.4784
21495.0000 54.6293 8.4969
21500.0000 54.6204 8.4968
21505.0000 54.6194 8.4947
21510.0000 54.6387 8.4628
21515.0000 54.6808 8.4494
21520.0000 54.7379 8.4642
21525.0000 54.7631 8.4775
21530.0000 54.7785 8.4793
21535.0000 54.7881 8.4845
21540.0000 54.8477 8.5209
21545.0000 54.8576 8.5189
21550.0000 54.8122 8.5137
21555.0000 54.7490 8.4996
21560.0000 54.7644 8.5322
21565.0000 54.7559 8.5317
21570.0000 54.8060 8.5080
21575.0000 54.8393 8.5083
21580.0000 54.9536 8.5716
21585.0000 54.9158 8.5323
21590.0000 54.9842 8.5494
21595.0000 55.0176 8.5600
21600.0000 55.0849 8.5995
21605.0000 55.0368 8.5934
21610.0000 54.8380 8.4931
21615.0000 54.8597 8.5166
21620.0000 54.8250 8.5186
21625.0000 54.8511 8.5525
21630.0000 54.8728 8.5739
21635.0000 54.9182 8.5880
21640.0000 54.9279 8.5877
21645.0000 54.9502 8.5957
21650.0000 54.9462 8.5886
21655.0000 54.9682 8.5950
21660.0000 54.9682 8.5950
21665.0000 54.9715 8.6074
21670.0000 54.7969 8.5770
21675.0000 54.7698 8.5671
21680.0000 54.7237 8.5679
21685.0000 54.7021 8.5692
21690.0000 54.6777 8.5456
21695.0000 54.6766 8.5392
21700.0000 54.7026 8.5432
21705.0000 54.7074 8.5441
21710.0000 54.7243 8.5474
21715.0000 54.7243 8.5474
21720.0000 54.7419 8.5555
21725.0000 54.7128 8.5429
21730.0000 54.5647 8.4842
21735.0000 54.5737 8.5036
21740.0000 54.5272 8.4939
21745.0000 54.4952 8.4945
21750.0000 54.5024 8.4751
21755.0000 54.5358 8.4863
21760.0000 54.5511 8.4839
21765.0000 54.5626 8.4826
21770.0000 54.5939 8.4851
21775.0000 54.5982 8.4822
21780.0000 54.6247 8.4899
21785.0000 54.5810 8.4888
21790.0000 54.3729 8.4469
21795.0000 54.3526 8.4475
21800.0000 54.3503 8.4610
21805.0000 54.3714 8.4806
21810.0000 54.3653 8.4786
21815.0000 54.4035 8.4866
21820.0000 54.4502 8.5159
21825.0000 54.4630 8.5187
21830.0000 54.4668 8.5189
21835.0000 54.5392 8.5622
21840.0000 54.5479 8.5653
21845.0000 54.5069 8.5493
21850.0000 54.4259 8.4807
21855.0000 54.4365 8.4957
21860.0000 54.4396 8.5169
21865.0000 54.5000 8.5608
21870.0000 54.5070 8.5691
21875.0000 54.5056 8.5687
21880.0000 54.5600 8.5989
21885.0000 54.5437 8.5802
21890.0000 54.5700 8.5933
21895.0000 54.6849 8.6604
21900.0000 54.6537 8.6264
21905.0000 54.5196 8.5917
21910.0000 54.4652 8.5502
21915.0000 54.4330 8.5460
21920.0000 54.4326 8.5758
21925.0000 54.4167 8.5732
21930.0000 54.3994 8.5655
21935.0000 54.4096 8.5680
21940.0000 54.4160 8.5704
21945.0000 54.4931 8.6202
21950.0000 54.5718 8.6695
21955.0000 54.6293 8.6575
21960.0000 54.6525 8.6702
21965.0000 54.6268 8.6791
21970.0000 54.5326 8.6351
21975.0000 54.4814 8.6200
21980.0000 54.4622 8.6236
21985.0000 54.4456 8.6215
21990.0000 54.4765 8.6252
21995.0000 54.4326 8.5907
22000.0000 54.4729 8.6201
22005.0000 54.4768 8.6208
22010.0000 54.4954 8.6253
22015.0000 54.5000 8.6265
22020.0000 54.5107 8.6293
22025.0000 54.5163 8.6350
22030.0000 54.4792 8.6392
22035.0000 54.4415 8.6197
22040.0000 54.4457 8.6346
22045.0000 54.4261 8.6374
22050.0000 54.4148 8.6345
22055.0000 54.3612 8.5959
22060.0000 54.3986 8.5967
22065.0000 54.4117 8.5984
22070.0000 54.4233 8.6004
22075.0000 54.4283 8.6017
22080.0000 54.4769 8.6255
22085.0000 54.4839 8.6333
22090.0000 54.4243 8.6084
22095.0000 54.3723 8.5758
22100.0000 54.3437 8.5677
22105.0000 54.3857 8.5793
22110.0000 54.4637 8.6403
22115.0000 54.4541 8.6344
22120.0000 54.4766 8.6312
22125.0000 54.5493 8.6448
22130.0000 54.6100 8.6799
22135.0000 54.6253 8.6799
22140.0000 54.6714 8.7000
22145.0000 54.5715 8.6902
22150.0000 54.2222 8.5465
22155.0000 54.2017 8.5311
22160.0000 54.1566 8.5218
22165.0000 54.1485 8.5206
22170.0000 54.1673 8.5137
22175.0000 54.1690 8.5157
22180.0000 54.1799 8.5220
22185.0000 54.1766 8.5190
22190.0000 54.1879 8.5206
22195.0000 54.1984 8.5240
22200.0000 54.2111 8.5273
22205.0000 54.1726 8.5065
22210.0000 54.1091 8.4724
22215.0000 54.0388 8.4664
22220.0000 54.0000 8.4573
22225.0000 54.0029 8.4729
22230.0000 53.9875 8.4692
22235.0000 54.0255 8.4785
22240.0000 54.0904 8.5272
22245.0000 54.2206 8.5740
22250.0000 54.2552 8.5836
22255.0000 54.3461 8.6142
22260.0000 54.3901 8.6283
22265.0000 54.2050 8.5232
22270.0000 53.9927 8.4703
22275.0000 53.9665 8.4556
22280.0000 53.9334 8.4540
22285.0000 53.9184 8.4497
22290.0000 53.9325 8.4508
22295.0000 53.9276 8.4507
22300.0000 53.9301 8.4516
22305.0000 53.9465 8.4565
22310.0000 53.9700 8.4612
22315.0000 54.0276 8.4807
22320.0000 54.0383 8.4859
22325.0000 53.9549 8.4565
22330.0000 53.7600 8.4071
22335.0000 53.7127 8.4077
22340.0000 53.7144 8.4420
22345.0000 53.7222 8.4597
22350.0000 53.7341 8.4573
22355.0000 53.7247 8.4576
22360.0000 53.7339 8.4615
22365.0000 53.7869 8.4791
22370.0000 53.8165 8.4922
22375.0000 53.8345 8.4987
22380.0000 53.9089 8.5357
22385.0000 53.9423 8.5613
22390.0000 53.8548 8.5537
22395.0000 53.8405 8.5337
22400.0000 53.8097 8.5404
22405.0000 53.8637 8.5318
22410.0000 53.8471 8.4989
22415.0000 53.9091 8.4889
22420.0000 53.9569 8.4904
22425.0000 53.9910 8.4961
22430.0000 54.0657 8.5248
22435.0000 54.1491 8.5346
22440.0000 54.1656 8.5399
22445.0000 54.0913 8.5336
22450.0000 53.9006 8.4351
22455.0000 53.8965 8.4432
22460.0000 53.8961 8.4444
22465.0000 53.9079 8.4533
22470.0000 53.9217 8.4511
22475.0000 53.9330 8.4498
22480.0000 53.9714 8.4525
22485.0000 54.0198 8.4617
22490.0000 54.0375 8.4677
22495.0000 54.0950 8.4961
22500.0000 54.1256 8.5075
22505.0000 54.1483 8.5252
22510.0000 54.0628 8.5177
22515.0000 54.0486 8.5304
22520.0000 54.0508 8.5719
22525.0000 54.0950 8.5759
22530.0000 54.1179 8.5955
22535.0000 54.1802 8.6311
22540.0000 54.1832 8.6332
22545.0000 54.1970 8.6376
22550.0000 54.2965 8.6773
22555.0000 54.3229 8.6693
22560.0000 54.3692 8.6721
22565.0000 54.3769 8.6728
22570.0000 54.3308 8.6661
22575.0000 54.3447 8.6675
22580.0000 54.3557 8.6905
22585.0000 54.3606 8.6974
22590.0000 54.3571 8.6963
22595.0000 54.3537 8.6956
22600.0000 54.3537 8.6956
22605.0000 54.4091 8.7361
22610.0000 54.4193 8.7403
22615.0000 54.4865 8.7740
22620.0000 54.4927 8.7742
22625.0000 54.4474 8.7490
22630.0000 54.3522 8.7695
22635.0000 54.3524 8.7832
22640.0000 54.3128 8.7882
22645.0000 54.3019 8.7877
22650.0000 54.3170 8.7934
22655.0000 54.3704 8.8016
22660.0000 54.4134 8.8115
22665.0000 54.4462 8.8242
22670.0000 54.4736 8.8345
22675.0000 54.5646 8.8619
22680.0000 54.6142 8.8964
22685.0000 54.5795 8.8763
22690.0000 54.3955 8.8188
22695.0000 54.4356 8.8482
22700.0000 54.3953 8.8410
22705.0000 54.4127 8.8401
22710.0000 54.4018 8.8267
22715.0000 54.4039 8.8290
22720.0000 54.3849 8.8133
22725.0000 54.4187 8.8269
22730.0000 54.4820 8.8675
22735.0000 54.4967 8.8771
22740.0000 54.5085 8.8822
22745.0000 54.5245 8.9037
22750.0000 54.3607 8.8619
22755.0000 54.3464 8.8726
22760.0000 54.2489 8.8412
22765.0000 54.2537 8.8417
22770.0000 54.2477 8.8382
22775.0000 54.2362 8.8358
22780.0000 54.2469 8.8326
22785.0000 54.2402 8.8242
22790.0000 54.2591 8.8321
22795.0000 54.2921 8.8273
22800.0000 54.3018 8.8315
22805.0000 54.2751 8.8271
22810.0000 54.1960 8.7943
22815.0000 54.2294 8.8134
22820.0000 54.1693 8.8010
22825.0000 54.1524 8.8165
22830.0000 54.1420 8.8020
22835.0000 54.2112 8.8268
22840.0000 54.2262 8.8305
22845.0000 54.2200 8.8201
22850.0000 54.2300 8.8237
22855.0000 54.2399 8.8262
22860.0000 54.2615 8.8324
22865.0000 54.1175 8.7594
22870.0000 53.9576 8.7174
22875.0000 53.9748 8.7070
22880.0000 53.9268 8.6993
22885.0000 53.9312 8.7033
22890.0000 53.9946 8.7473
22895.0000 54.0096 8.7486
22900.0000 54.0862 8.7768
22905.0000 54.1046 8.7784
22910.0000 54.1478 8.8069
22915.0000 54.1569 8.8108
22920.0000 54.3103 8.8461
22925.0000 54.2860 8.8222
22930.0000 54.2857 8.8109
22935.0000 54.2569 8.7958
22940.0000 54.2118 8.7876
22945.0000 54.1882 8.7876
22950.0000 54.1929 8.7845
22955.0000 54.1895 8.7828
22960.0000 54.2001 8.7855
22965.0000 54.2438 8.8043
22970.0000 54.2940 8.8209
22975.0000 54.3150 8.8300
22980.0000 54.3699 8.8559
22985.0000 54.4627 8.9194
22990.0000 54.3434 8.9232
22995.0000 54.3248 8.9171
23000.0000 54.2756 8.9046
23005.0000 54.2671 8.9125
23010.0000 54.2697 8.9107
23015.0000 54.2818 8.9135
23020.0000 54.2936 8.9174
23025.0000 54.3144 8.9266
23030.0000 54.3935 8.9400
23035.0000 54.4152 8.9398
23040.0000 54.4494 8.9425
23045.0000 54.4528 8.9554
23050.0000 54.3299 8.8909
23055.0000 54.3174 8.8885
23060.0000 54.2815 8.8836
23065.0000 54.3168 8.9051
23070.0000 54.3091 8.9027
23075.0000 54.3723 8.9046
23080.0000 54.4150 8.9148
23085.0000 54.4214 8.9140
23090.0000 54.4267 8.9150
23095.0000 54.4416 8.9176
23100.0000 54.5128 8.9489
23105.0000 54.5553 8.9841
23110.0000 54.4118 8.9115
23115.0000 54.4166 8.9141
23120.0000 54.3658 8.9103
23125.0000 54.3955 8.9091
23130.0000 54.3744 8.8984
23135.0000 54.4140 8.9167
23140.0000 54.4777 8.9243
23145.0000 54.4812 8.9262
23150.0000 54.4981 8.9318
23155.0000 54.5047 8.9321
23160.0000 54.5207 8.9320
23165.0000 54.5377 8.9283
23170.0000 54.4644 8.9114
23175.0000 54.4579 8.9069
23180.0000 54.4432 8.9095
23185.0000 54.4752 8.9239
23190.0000 54.4613 8.9178
23195.0000 54.4612 8.9169
23200.0000 54.5170 8.9315
23205.0000 54.5432 8.9369
23210.0000 54.5572 8.9355
23215.0000 54.5886 8.9429
23220.0000 54.5938 8.9444
23225.0000 54.6036 8.9558
23230.0000 54.4717 8.8949
23235.0000 54.4380 8.8810
23240.0000 54.3962 8.8733
23245.0000 54.4012 8.8732
23250.0000 54.4745 8.8769
23255.0000 54.4816 8.8777
23260.0000 54.4832 8.8800
23265.0000 54.4925 8.8811
23270.0000 54.4957 8.8820
23275.0000 54.5194 8.8824
23280.0000 54.5323 8.8853
23285.0000 54.5144 8.8671
23290.0000 54.4979 8.8673
23295.0000 54.5001 8.8674
23300.0000 54.5060 8.8928
23305.0000 54.5088 8.8920
23310.0000 54.5040 8.8816
23315.0000 54.5218 8.8752
23320.0000 54.5588 8.8761
23325.0000 54.5772 8.8759
23330.0000 54.5880 8.8800
23335.0000 54.6382 8.8911
23340.0000 54.6883 8.9067
23345.0000 54.6682 8.9031
23350.0000 54.5344 8.8477
23355.0000 54.5270 8.8503
23360.0000 54.4923 8.8463
23365.0000 54.4735 8.8510
23370.0000 54.4834 8.8574
23375.0000 54.4922 8.8566
23380.0000 54.5126 8.8542
23385.0000 54.5247 8.8489
23390.0000 54.5825 8.8692
23395.0000 54.6167 8.8854
23400.0000 54.6599 8.8980
23405.0000 54.5838 8.8922
23410.0000 54.3796 8.8248
23415.0000 54.3675 8.8260
23420.0000 54.3299 8.8200
23425.0000 54.3531 8.8300
23430.0000 54.3390 8.8209
23435.0000 54.3500 8.8289
23440.0000 54.3494 8.8312
23445.0000 54.3733 8.8425
23450.0000 54.4118 8.8531
23455.0000 54.4230 8.8575
23460.0000 54.4416 8.8671
23465.0000 54.3825 8.8568
23470.0000 54.2432 8.8148
23475.0000 54.2186 8.8114
23480.0000 54.1582 8.7939
23485.0000 54.1679 8.8011
23490.0000 54.1786 8.8073
23495.0000 54.1878 8.8165
23500.0000 54.2739 8.8481
23505.0000 54.2957 8.8633
23510.0000 54.3117 8.8738
23515.0000 54.3844 8.8921
23520.0000 54.4830 8.9364
23525.0000 54.5514 8.9889
23530.0000 54.2788 8.9040
23535.0000 54.2836 8.9063
23540.0000 54.1667 8.8961
23545.0000 54.1601 8.8938
23550.0000 54.1668 8.8973
23555.0000 54.1634 8.8948
23560.0000 54.1542 8.8923
23565.0000 54.2201 8.9046
23570.0000 54.2388 8.9054
23575.0000 54.2441 8.9023
23580.0000 54.2651 8.9079
23585.0000 54.2773 8.9049
23590.0000 53.9531 8.7833
23595.0000 53.9690 8.7838
23600.0000 53.9440 8.7947
23605.0000 53.9222 8.7978
23610.0000 53.9102 8.7893
23615.0000 53.9528 8.8096
23620.0000 53.9864 8.8235
23625.0000 54.0299 8.8227
23630.0000 54.0452 8.8296
23635.0000 54.0780 8.8322
23640.0000 54.1190 8.8641
23645.0000 54.1358 8.8733
23650.0000 53.7694 8.7390
23655.0000 53.7699 8.7179
23660.0000 53.7296 8.7333
23665.0000 53.7634 8.7477
23670.0000 53.7455 8.7330
23675.0000 53.7874 8.7521
23680.0000 53.8003 8.7493
23685.0000 53.8179 8.7510
23690.0000 53.8258 8.7539
23695.0000 53.8313 8.7546
23700.0000 53.8497 8.7622
23705.0000 53.8549 8.7660
23710.0000 53.6111 8.6557
23715.0000 53.6423 8.6676
23720.0000 53.6710 8.6917
23725.0000 53.6686 8.6965
23730.0000 53.6545 8.6894
23735.0000 53.6685 8.6966
23740.0000 53.6685 8.6966
23745.0000 53.6822 8.6999
23750.0000 53.7651 8.6986
23755.0000 53.8022 8.7126
23760.0000 53.8230 8.7175
23765.0000 53.7628 8.7075
23770.0000 53.5435 8.6264
23775.0000 53.5130 8.6192
23780.0000 53.4697 8.6164
23785.0000 53.4528 8.6202
23790.0000 53.4427 8.6004
23795.0000 53.4658 8.6028
23800.0000 53.5155 8.6103
23805.0000 53.6067 8.6599
23810.0000 53.6671 8.6799
23815.0000 53.6920 8.6823
23820.0000 53.7026 8.6801
23825.0000 53.6513 8.6625
23830.0000 53.4938 8.6516
23835.0000 53.4534 8.6422
23840.0000 53.4282 8.6434
23845.0000 53.4099 8.6430
23850.0000 53.4056 8.6154
23855.0000 53.4128 8.6158
23860.0000 53.3990 8.6133
23865.0000 53.4174 8.6129
23870.0000 53.4274 8.6134
23875.0000 53.4419 8.6139
23880.0000 53.4598 8.6177
23885.0000 53.4755 8.6165
23890.0000 53.2798 8.5448
23895.0000 53.2864 8.5429
23900.0000 53.2597 8.5407
23905.0000 53.2473 8.5346
23910.0000 53.3007 8.5373
23915.0000 53.3219 8.5443
23920.0000 53.3158 8.5401
23925.0000 53.3671 8.5424
23930.0000 53.4185 8.5604
23935.0000 53.4592 8.5702
23940.0000 53.4800 8.5745
23945.0000 53.4895 8.5792
23950.0000 53.4102 8.5690
23955.0000 53.3963 8.5610
23960.0000 53.3930 8.5464
23965.0000 53.4374 8.5988
23970.0000 53.4175 8.5903
23975.0000 53.4680 8.6104
23980.0000 53.4977 8.6212
23985.0000 53.5001 8.6234
23990.0000 53.5171 8.6308
23995.0000 53.5296 8.6340
24000.0000 53.5333 8.6363
24005.0000 53.5126 8.6273
24010.0000 53.4364 8.6099
24015.0000 53.4681 8.6174
24020.0000 53.4124 8.6010
24025.0000 53.4144 8.5989
24030.0000 53.3989 8.5840
24035.0000 53.4062 8.5842
24040.0000 53.4228 8.5872
24045.0000 53.4319 8.5897
24050.0000 53.4575 8.5967
24055.0000 53.4885 8.6132
24060.0000 53.5362 8.6324
24065.0000 53.5117 8.6116
24070.0000 53.5526 8.5506
24075.0000 53.5479 8.5465
24080.0000 53.5142 8.5430
24085.0000 53.5038 8.5393
24090.0000 53.5070 8.5390
24095.0000 53.5194 8.5430
24100.0000 53.5263 8.5474
24105.0000 53.5409 8.5536
24110.0000 53.6055 8.5785
24115.0000 53.6815 8.6085
24120.0000 53.7332 8.6318
24125.0000 53.5428 8.6017
24130.0000 53.3662 8.5227
24135.0000 53.3498 8.5180
24140.0000 53.3049 8.5227
24145.0000 53.3229 8.5395
24150.0000 53.3434 8.5443
24155.0000 53.3510 8.5493
24160.0000 53.3480 8.5469
24165.0000 53.3889 8.5659
24170.0000 53.3990 8.5676
24175.0000 53.4092 8.5706
24180.0000 53.4657 8.5777
24185.0000 53.4700 8.5842
24190.0000 53.4270 8.5819
24195.0000 53.4458 8.5850
24200.0000 53.4144 8.5802
24205.0000 53.3929 8.5812
24210.0000 53.4330 8.5872
24215.0000 53.4494 8.5803
24220.0000 53.4556 8.5717
24225.0000 53.4752 8.5735
24230.0000 53.4945 8.5732
24235.0000 53.5122 8.5679
24240.0000 53.5272 8.5635
24245.0000 53.5407 8.5627
24250.0000 53.3317 8.4586
24255.0000 53.3594 8.4378
24260.0000 53.3394 8.4264
24265.0000 53.3917 8.4132
24270.0000 53.3901 8.3899
24275.0000 53.4085 8.3870
24280.0000 53.4493 8.4072
24285.0000 53.4942 8.4157
24290.0000 53.5228 8.4205
24295.0000 53.5680 8.4432
24300.0000 53.6191 8.4683
24305.0000 53.6400 8.4940
24310.0000 53.4965 8.4254
24315.0000 53.5470 8.4533
24320.0000 53.4960 8.4396
24325.0000 53.4742 8.4158
24330.0000 53.5126 8.4208
24335.0000 53.5751 8.4347
24340.0000 53.6035 8.4300
24345.0000 53.6278 8.4235
24350.0000 53.6731 8.4207
24355.0000 53.7520 8.4552
24360.0000 53.7631 8.4521
24365.0000 53.7560 8.4529
24370.0000 53.5554 8.4042
24375.0000 53.5568 8.4186
24380.0000 53.5961 8.4387
24385.0000 53.5514 8.4316
24390.0000 53.5664 8.4248
24395.0000 53.6046 8.4346
24400.0000 53.6233 8.4335
24405.0000 53.6288 8.4305
24410.0000 53.6732 8.4587
24415.0000 53.7243 8.4957
24420.0000 53.7567 8.5126
24425.0000 53.7813 8.5438
24430.0000 53.6911 8.5284
24435.0000 53.7649 8.5622
24440.0000 53.7728 8.5776
24445.0000 53.7682 8.5805
24450.0000 53.7624 8.5751
24455.0000 53.8179 8.5849
24460.0000 53.8319 8.5801
24465.0000 53.8396 8.5754
24470.0000 53.8695 8.5808
24475.0000 53.8771 8.5766
24480.0000 53.8878 8.5801
24485.0000 53.8682 8.5889
24490.0000 53.5490 8.5039
24495.0000 53.5374 8.5050
24500.0000 53.5187 8.5023
24505.0000 53.5308 8.5038
24510.0000 53.5745 8.5052
24515.0000 53.6446 8.5252
24520.0000 53.6985 8.5516
24525.0000 53.7875 8.5959
24530.0000 53.8640 8.6400
24535.0000 53.9393 8.6626
24540.0000 54.0387 8.7190
24545.0000 54.0488 8.7357
24550.0000 53.9829 8.7274
24555.0000 53.9442 8.7161
24560.0000 53.9468 8.7103
24565.0000 53.9264 8.6997
24570.0000 53.9248 8.6966
24575.0000 53.9739 8.6945
24580.0000 53.9738 8.6945
24585.0000 53.9985 8.6961
24590.0000 54.0156 8.6954
24595.0000 54.0204 8.6962
24600.0000 54.0809 8.7239
24605.0000 54.0857 8.7257
24610.0000 53.8137 8.6805
24615.0000 53.7717 8.6649
24620.0000 53.7374 8.6513
24625.0000 53.7178 8.6588
24630.0000 53.7572 8.6826
24635.0000 53.8258 8.6867
24640.0000 53.8285 8.6929
24645.0000 53.8418 8.6970
24650.0000 53.8528 8.7022
24655.0000 53.8573 8.6998
24660.0000 53.8998 8.7189
24665.0000 53.9083 8.7243
24670.0000 53.7787 8.7178
24675.0000 53.7375 8.6989
24680.0000 53.7597 8.7210
24685.0000 53.7532 8.7370
24690.0000 53.7619 8.7353
24695.0000 53.7383 8.7030
24700.0000 53.7625 8.7312
24705.0000 53.7716 8.7280
24710.0000 53.7790 8.7312
24715.0000 53.7870 8.7345
24720.0000 53.7980 8.7380
24725.0000 53.8371 8.7561
24730.0000 53.7588 8.7540
24735.0000 53.7230 8.7461
24740.0000 53.7065 8.7523
24745.0000 53.6635 8.7561
24750.0000 53.6343 8.7339
24755.0000 53.6423 8.7376
24760.0000 53.6559 8.7208
24765.0000 53.6646 8.7218
24770.0000 53.6733 8.7225
24775.0000 53.7291 8.7405
24780.0000 53.7650 8.7603
24785.0000 53.6625 8.6814
24790.0000 53.5844 8.6879
24795.0000 53.6192 8.7301
24800.0000 53.5852 8.7247
24805.0000 53.6179 8.7427
24810.0000 53.6050 8.7383
24815.0000 53.5927 8.7251
24820.0000 53.6196 8.7287
24825.0000 53.6110 8.7206
24830.0000 53.6277 8.7291
24835.0000 53.6328 8.7316
24840.0000 53.6555 8.7417
24845.0000 53.6739 8.7224
24850.0000 53.4659 8.6411
24855.0000 53.4575 8.6375
24860.0000 53.4901 8.6631
24865.0000 53.4697 8.6728
24870.0000 53.4487 8.6662
24875.0000 53.4560 8.6690
24880.0000 53.4543 8.6666
24885.0000 53.4677 8.6684
24890.0000 53.4816 8.6739
24895.0000 53.4812 8.6735
24900.0000 53.4930 8.6789
24905.0000 53.4662 8.6497
24910.0000 53.1968 8.5363
24915.0000 53.2332 8.5695
24920.0000 53.2454 8.5631
24925.0000 53.2280 8.5613
24930.0000 53.1943 8.5455
24935.0000 53.2443 8.5553
24940.0000 53.2549 8.5588
24945.0000 53.2774 8.5659
24950.0000 53.3447 8.6121
24955.0000 53.3557 8.6184
24960.0000 53.3703 8.6245
24965.0000 53.3742 8.6263
24970.0000 53.3360 8.6159
24975.0000 53.3461 8.6126
24980.0000 53.3225 8.6058
24985.0000 53.2843 8.5927
24990.0000 53.2687 8.5807
24995.0000 53.2699 8.5824
25000.0000 53.2905 8.5873
25005.0000 53.3029 8.5847
25010.0000 53.3377 8.5738
25015.0000 53.3545 8.5734
25020.0000 53.4316 8.6149
25025.0000 53.4560 8.6180
25030.0000 53.0931 8.5512
25035.0000 53.0767 8.5402
25040.0000 53.0128 8.5632
25045.0000 53.0619 8.5813
25050.0000 53.0471 8.5673
25055.0000 53.1044 8.5846
25060.0000 53.1751 8.6113
25065.0000 53.1858 8.6174
25070.0000 53.2574 8.6630
25075.0000 53.2644 8.6634
25080.0000 53.3229 8.6787
25085.0000 53.3654 8.6979
25090.0000 53.2179 8.6116
25095.0000 53.2481 8.6258
25100.0000 53.2170 8.6195
25105.0000 53.2111 8.6267
25110.0000 53.2496 8.6533
25115.0000 53.2860 8.6553
25120.0000 53.3133 8.6737
25125.0000 53.3358 8.6826
25130.0000 53.3741 8.6999
25135.0000 53.4489 8.7462
25140.0000 53.4756 8.7608
25145.0000 53.4921 8.7593
25150.0000 53.5096 8.7626
25155.0000 53.5272 8.7642
25160.0000 53.5176 8.7552
25165.0000 53.5217 8.7534
25170.0000 53.5248 8.7446
25175.0000 53.5877 8.7600
25180.0000 53.6168 8.7676
25185.0000 53.6326 8.7720
25190.0000 53.6483 8.7796
25195.0000 53.6757 8.7928
25200.0000 53.7181 8.8089
25205.0000 53.7282 8.8107
25210.0000 53.5863 8.7930
25215.0000 53.5781 8.7949
25220.0000 53.5991 8.8029
25225.0000 53.5809 8.8007
25230.0000 53.5869 8.8047
25235.0000 53.5740 8.7765
25240.0000 53.6083 8.8031
25245.0000 53.6403 8.8184
25250.0000 53.7421 8.8271
25255.0000 53.7921 8.8421
25260.0000 53.8079 8.8488
25265.0000 53.8077 8.8493
25270.0000 53.7024 8.8064
25275.0000 53.6624 8.7633
25280.0000 53.7319 8.7891
25285.0000 53.7776 8.8103
25290.0000 53.7401 8.7920
25295.0000 53.7574 8.7974
25300.0000 53.7846 8.8089
25305.0000 53.8006 8.8176
25310.0000 53.8164 8.8264
25315.0000 53.8425 8.8400
25320.0000 53.9398 8.8550
25325.0000 53.9975 8.8664
25330.0000 53.9080 8.8426
25335.0000 53.9311 8.8726
25340.0000 53.9845 8.9184
25345.0000 54.0180 8.9403
25350.0000 54.0312 8.9575
25355.0000 54.0707 8.9904
25360.0000 54.0485 8.9469
25365.0000 54.0528 8.9470
25370.0000 54.0974 8.9592
25375.0000 54.1078 8.9614
25380.0000 54.1712 9.0050
25385.0000 54.0963 8.9474
25390.0000 54.0556 8.9770
25395.0000 54.0452 8.9821
25400.0000 53.9683 8.9331
25405.0000 53.9555 8.9421
25410.0000 53.9084 8.9186
25415.0000 53.9088 8.9210
25420.0000 53.9211 8.9247
25425.0000 53.9377 8.9247
25430.0000 53.9627 8.9331
25435.0000 53.9855 8.9394
25440.0000 54.0138 8.9465
25445.0000 53.9740 8.9070
25450.0000 53.6088 8.8104
25455.0000 53.5951 8.8102
25460.0000 53.5281 8.8110
25465.0000 53.5101 8.8085
25470.0000 53.5435 8.8298
25475.0000 53.4907 8.7834
25480.0000 53.5627 8.8289
25485.0000 53.6201 8.8473
25490.0000 53.6258 8.8424
25495.0000 53.6498 8.8358
25500.0000 53.6647 8.8291
25505.0000 53.6396 8.8013
25510.0000 53.4817 8.7150
25515.0000 53.4233 8.6801
25520.0000 53.4218 8.6719
25525.0000 53.3957 8.6643
25530.0000 53.4096 8.6627
25535.0000 53.4123 8.6637
25540.0000 53.4183 8.6685
25545.0000 53.4513 8.6816
25550.0000 53.4638 8.6858
25555.0000 53.4918 8.7009
25560.0000 53.5515 8.7464
25565.0000 53.5582 8.7503
25570.0000 53.5209 8.7407
25575.0000 53.5183 8.7406
25580.0000 53.4980 8.7343
25585.0000 53.4640 8.7320
25590.0000 53.4715 8.7129
25595.0000 53.5032 8.7337
25600.0000 53.5124 8.7403
25605.0000 53.5783 8.7604
25610.0000 53.5949 8.7687
25615.0000 53.6303 8.7746
25620.0000 53.6352 8.7772
25625.0000 53.5542 8.7524
25630.0000 53.2675 8.6636
25635.0000 53.2146 8.6426
25640.0000 53.1694 8.6178
25645.0000 53.1487 8.6150
25650.0000 53.1307 8.6082
25655.0000 53.1388 8.6077
25660.0000 53.1484 8.5960
25665.0000 53.1709 8.5982
25670.0000 53.1885 8.5941
25675.0000 53.1968 8.6013
25680.0000 53.1946 8.5992
25685.0000 53.1913 8.5931
25690.0000 53.0859 8.5711
25695.0000 52.9773 8.5371
25700.0000 52.9146 8.5536
25705.0000 52.9291 8.5858
25710.0000 52.9129 8.5796
25715.0000 52.9375 8.5651
25720.0000 52.9498 8.5669
25725.0000 52.9563 8.5641
25730.0000 52.9735 8.5674
25735.0000 52.9837 8.5694
25740.0000 52.9952 8.5706
25745.0000 53.0833 8.5583
25750.0000 53.0718 8.5315
25755.0000 53.1198 8.5451
25760.0000 53.1269 8.5331
25765.0000 53.1842 8.5465
25770.0000 53.2372 8.5474
25775.0000 53.2980 8.5721
25780.0000 53.3497 8.6072
25785.0000 53.3356 8.5923
25790.0000 53.3124 8.5663
25795.0000 53.3522 8.5739
25800.0000 53.3977 8.5778
25805.0000 53.3387 8.5704
25810.0000 53.0149 8.4490
25815.0000 53.0558 8.4660
25820.0000 53.0474 8.4622
25825.0000 53.0402 8.4584
25830.0000 53.0221 8.4461
25835.0000 53.0561 8.4489
25840.0000 53.0553 8.4465
25845.0000 53.0699 8.4462
25850.0000 53.0852 8.4446
25855.0000 53.0987 8.4491
25860.0000 53.1139 8.4510
25865.0000 53.0732 8.4321
25870.0000 53.0401 8.3869
25875.0000 53.0425 8.3865
25880.0000 53.0063 8.3750
25885.0000 53.0559 8.3823
25890.0000 53.0246 8.3651
25895.0000 53.0353 8.3632
25900.0000 53.0872 8.4069
25905.0000 53.1248 8.4264
25910.0000 53.1372 8.4283
25915.0000 53.1478 8.4335
25920.0000 53.1856 8.4344
25925.0000 53.1565 8.4312
25930.0000 52.9970 8.3673
25935.0000 52.9799 8.3632
25940.0000 52.9512 8.3471
25945.0000 52.9520 8.3571
25950.0000 52.9152 8.3432
25955.0000 52.9310 8.3432
25960.0000 52.9292 8.3445
25965.0000 52.9492 8.3456
25970.0000 53.0160 8.3506
25975.0000 53.0990 8.3543
25980.0000 53.1082 8.3620
25985.0000 53.1076 8.3726
25990.0000 53.0739 8.3644
25995.0000 53.1084 8.3613
26000.0000 53.1198 8.3679
26005.0000 53.1489 8.3752
26010.0000 53.2049 8.3860
26015.0000 53.2309 8.3947
26020.0000 53.2630 8.4073
26025.0000 53.3440 8.4454
26030.0000 53.3875 8.4611
26035.0000 53.4274 8.4731
26040.0000 53.4726 8.4896
26045.0000 53.5052 8.5110
26050.0000 53.0171 8.4332
26055.0000 53.0889 8.4959
26060.0000 53.0918 8.5060
26065.0000 53.1790 8.5411
26070.0000 53.1733 8.5488
26075.0000 53.1607 8.5456
26080.0000 53.1768 8.5485
26085.0000 53.2316 8.5653
26090.0000 53.2521 8.5716
26095.0000 53.2664 8.5756
26100.0000 53.3851 8.6244
26105.0000 53.4266 8.6436
26110.0000 53.2694 8.5992
26115.0000 53.3094 8.6282
26120.0000 53.3688 8.6710
26125.0000 53.4195 8.7165
26130.0000 53.4459 8.7279
26135.0000 53.4429 8.7272
26140.0000 53.4784 8.7497
26145.0000 53.5653 8.7316
26150.0000 53.5956 8.7144
26155.0000 53.6223 8.7189
26160.0000 53.5799 8.6683
26165.0000 53.6331 8.6928
26170.0000 53.5679 8.6830
26175.0000 53.5802 8.6811
26180.0000 53.6243 8.7004
26185.0000 53.6099 8.6999
26190.0000 53.6061 8.6978
26195.0000 53.6301 8.6806
26200.0000 53.7136 8.7320
26205.0000 53.7345 8.7241
26210.0000 53.8082 8.7388
26215.0000 53.9235 8.7991
26220.0000 53.9361 8.7953
26225.0000 54.0109 8.8424
26230.0000 54.0166 8.8502
26235.0000 54.0540 8.8282
26240.0000 54.0428 8.8237
26245.0000 54.0062 8.8183
26250.0000 54.0005 8.8151
26255.0000 53.9963 8.8157
26260.0000 54.0779 8.8079
26265.0000 54.0930 8.8160
26270.0000 54.0967 8.8170
26275.0000 54.1554 8.8489
26280.0000 54.2280 8.8608
26285.0000 54.2303 8.8489
26290.0000 54.1489 8.8256
26295.0000 54.1411 8.8301
26300.0000 54.0885 8.7953
26305.0000 54.0449 8.7970
26310.0000 54.0271 8.7900
26315.0000 54.0090 8.7836
26320.0000 54.0003 8.7836
26325.0000 54.0501 8.8155
26330.0000 54.0947 8.8185
26335.0000 54.1149 8.8245
26340.0000 54.1540 8.8373
26345.0000 54.0990 8.8238
26350.0000 53.6933 8.7236
26355.0000 53.6679 8.7117
26360.0000 53.7402 8.7297
26365.0000 53.8079 8.7414
26370.0000 53.8267 8.7445
26375.0000 53.8581 8.7502
26380.0000 53.8415 8.7414
26385.0000 53.8650 8.7409
26390.0000 53.8801 8.7459
26395.0000 53.9016 8.7571
26400.0000 53.9149 8.7609
26405.0000 53.9293 8.7483
26410.0000 53.9077 8.7489
26415.0000 53.9481 8.7786
26420.0000 53.9123 8.7605
26425.0000 53.8774 8.7599
26430.0000 53.8800 8.7593
26435.0000 53.8690 8.7505
26440.0000 53.8691 8.7532
26445.0000 53.9158 8.7639
26450.0000 53.9778 8.7737
26455.0000 53.9857 8.7761
26460.0000 54.0013 8.7732
26465.0000 54.0235 8.7725
26470.0000 54.0365 8.7692
26475.0000 54.0417 8.7696
26480.0000 54.0145 8.7599
26485.0000 53.9868 8.7624
26490.0000 53.9582 8.7482
26495.0000 53.9924 8.7645
26500.0000 54.0016 8.7728
26505.0000 54.0235 8.7804
26510.0000 54.0347 8.7786
26515.0000 54.1169 8.7984
26520.0000 54.2328 8.8432
26525.0000 54.2844 8.8610
26530.0000 54.1357 8.8201
26535.0000 54.0723 8.8038
26540.0000 54.0791 8.7959
26545.0000 54.0358 8.7809
26550.0000 54.0213 8.7740
26555.0000 54.0155 8.7666
26560.0000 54.0180 8.7599
26565.0000 54.0472 8.7675
26570.0000 54.0515 8.7680
26575.0000 54.0693 8.7710
26580.0000 54.0867 8.7758
26585.0000 54.1010 8.7787
26590.0000 53.7317 8.6662
26595.0000 53.6456 8.6487
26600.0000 53.6575 8.6492
26605.0000 53.6269 8.6327
26610.0000 53.6505 8.6257
26615.0000 53.6841 8.6474
26620.0000 53.7427 8.6633
26625.0000 53.8456 8.7227
26630.0000 53.8491 8.7236
26635.0000 53.9078 8.7388
26640.0000 53.9111 8.7396
26645.0000 53.9296 8.7428
26650.0000 53.8407 8.7154
26655.0000 53.8346 8.7119
26660.0000 53.8237 8.7254
26665.0000 53.7898 8.7228
26670.0000 53.7787 8.7065
26675.0000 53.7783 8.7060
26680.0000 53.8370 8.7044
26685.0000 53.8840 8.7040
26690.0000 53.9601 8.7251
26695.0000 53.9709 8.7264
26700.0000 54.0511 8.7401
26705.0000 54.0360 8.7301
26710.0000 54.0158 8.7131
26715.0000 53.9972 8.7086
26720.0000 54.0186 8.7135
26725.0000 54.0206 8.6990
26730.0000 54.0173 8.6887
26735.0000 54.0725 8.7027
26740.0000 54.0718 8.7064
26745.0000 54.0747 8.7009
26750.0000 54.0833 8.6968
26755.0000 54.1094 8.6995
26760.0000 54.1296 8.6862
26765.0000 54.1935 8.6979
26770.0000 53.9991 8.6272
26775.0000 53.9716 8.6144
26780.0000 53.9290 8.6117
26785.0000 53.9419 8.6382
26790.0000 53.9343 8.6298
26795.0000 53.9275 8.6226
26800.0000 53.9326 8.6101
26805.0000 53.9204 8.5800
26810.0000 53.9307 8.5788
26815.0000 53.9460 8.5742
26820.0000 53.9562 8.5702
26825.0000 53.9156 8.5566
26830.0000 53.7318 8.5311
26835.0000 53.7045 8.5251
26840.0000 53.6841 8.5145
26845.0000 53.7184 8.5374
26850.0000 53.7126 8.5300
26855.0000 53.7106 8.5300
26860.0000 53.7081 8.5283
26865.0000 53.7195 8.5331
26870.0000 53.7363 8.5394
26875.0000 53.7504 8.5423
26880.0000 53.8065 8.5719
26885.0000 53.9260 8.5978
26890.0000 53.8646 8.5931
26895.0000 53.9183 8.5928
26900.0000 53.9550 8.6070
26905.0000 53.9251 8.5996
26910.0000 53.9205 8.5884
26915.0000 53.9610 8.5888
26920.0000 53.9999 8.5753
26925.0000 54.0136 8.5727
26930.0000 54.0354 8.5742
26935.0000 54.0371 8.5712
26940.0000 54.0566 8.5749
26945.0000 54.0643 8.5796
26950.0000 53.9828 8.5518
26955.0000 53.9988 8.5719
26960.0000 54.0109 8.5978
26965.0000 54.0068 8.6150
26970.0000 53.9962 8.6126
26975.0000 54.0065 8.6147
26980.0000 53.9999 8.6119
26985.0000 54.0175 8.6216
26990.0000 54.0573 8.6290
26995.0000 54.0696 8.6349
27000.0000 54.0841 8.6360
27005.0000 54.1246 8.6362
27010.0000 53.8394 8.5257
27015.0000 53.8468 8.5302
27020.0000 53.7944 8.5419
27025.0000 53.7553 8.5333
27030.0000 53.7316 8.5109
27035.0000 53.7653 8.5095
27040.0000 53.7648 8.5001
27045.0000 53.7798 8.5038
27050.0000 53.7919 8.5075
27055.0000 53.8421 8.5176
27060.0000 53.8578 8.5181
27065.0000 53.8589 8.5100
27070.0000 53.8397 8.5312
27075.0000 53.8800 8.5438
27080.0000 53.8448 8.5385
27085.0000 53.8279 8.5206
27090.0000 53.8725 8.5202
27095.0000 53.8519 8.5008
27100.0000 53.9028 8.4820
27105.0000 53.9197 8.4762
27110.0000 53.9439 8.4737
27115.0000 53.9675 8.4713
27120.0000 54.0102 8.4768
27125.0000 54.0598 8.5175
27130.0000 53.9788 8.5108
27135.0000 53.9926 8.5215
27140.0000 54.0091 8.5195
27145.0000 53.9399 8.4940
27150.0000 53.9236 8.4741
27155.0000 53.9710 8.5040
27160.0000 53.9945 8.4900
27165.0000 54.0251 8.4877
27170.0000 54.1199 8.4939
27175.0000 54.1393 8.4928
27180.0000 54.2020 8.5281
27185.0000 54.2014 8.5043
27190.0000 54.0764 8.4805
27195.0000 54.1164 8.4793
27200.0000 54.1353 8.4926
27205.0000 54.1038 8.4817
27210.0000 54.0833 8.4653
27215.0000 54.0880 8.4694
27220.0000 54.1230 8.4740
27225.0000 54.1238 8.4784
27230.0000 54.1327 8.4806
27235.0000 54.1430 8.4852
27240.0000 54.1825 8.4979
27245.0000 54.2300 8.5197
27250.0000 54.1510 8.5014
27255.0000 54.1463 8.5027
27260.0000 54.1616 8.5087
27265.0000 54.1388 8.5063
27270.0000 54.1252 8.4987
27275.0000 54.1350 8.5042
27280.0000 54.1464 8.5142
27285.0000 54.1729 8.5290
27290.0000 54.2208 8.5553
27295.0000 54.2242 8.5500
27300.0000 54.2436 8.5578
27305.0000 54.1756 8.5840
27310.0000 54.0884 8.5895
27315.0000 54.0781 8.5829
27320.0000 54.0270 8.5618
27325.0000 53.9891 8.5465
27330.0000 53.9758 8.5417
27335.0000 53.9736 8.5346
27340.0000 54.0312 8.5711
27345.0000 54.0535 8.5669
27350.0000 54.0700 8.5738
27355.0000 54.0762 8.5746
27360.0000 54.0947 8.5669
27365.0000 54.1280 8.5914
27370.0000 54.0103 8.5532
27375.0000 54.0275 8.5522
27380.0000 53.9885 8.5342
27385.0000 53.9963 8.5537
27390.0000 53.9601 8.5209
27395.0000 53.9784 8.5220
27400.0000 54.0167 8.5261
27405.0000 54.0486 8.5380
27410.0000 54.0701 8.5446
27415.0000 54.0966 8.5440
27420.0000 54.1242 8.5465
27425.0000 54.1389 8.5446
27430.0000 54.0383 8.5105
27435.0000 54.0693 8.5120
27440.0000 54.0448 8.4978
27445.0000 53.9947 8.4753
27450.0000 54.0702 8.4824
27455.0000 54.0626 8.4783
27460.0000 54.0621 8.4814
27465.0000 54.0968 8.4910
27470.0000 54.1732 8.5114
27475.0000 54.2054 8.5086
27480.0000 54.2747 8.5366
27485.0000 54.3388 8.5555
27490.0000 54.2999 8.5631
27495.0000 54.3455 8.5737
27500.0000 54.3028 8.5566
27505.0000 54.2830 8.5529
27510.0000 54.2857 8.5532
27515.0000 54.2665 8.5426
27520.0000 54.2946 8.5468
27525.0000 54.2841 8.5469
27530.0000 54.3782 8.5755
27535.0000 54.3936 8.5746
27540.0000 54.4517 8.5996
27545.0000 54.5065 8.6206
27550.0000 54.3731 8.5775
27555.0000 54.3722 8.5755
27560.0000 54.3321 8.5548
27565.0000 54.3056 8.5664
27570.0000 54.2939 8.5615
27575.0000 54.3631 8.6106
27580.0000 54.3561 8.6045
27585.0000 54.3625 8.6110
27590.0000 54.3778 8.6119
27595.0000 54.3894 8.6193
27600.0000 54.3901 8.6249
27605.0000 54.4021 8.6347
27610.0000 54.2245 8.5580
27615.0000 54.2646 8.5911
27620.0000 54.2198 8.5655
27625.0000 54.2045 8.5679
27630.0000 54.2566 8.6128
27635.0000 54.2656 8.6176
27640.0000 54.3123 8.6479
27645.0000 54.3640 8.6564
27650.0000 54.3878 8.6606
27655.0000 54.4401 8.6717
27660.0000 54.5079 8.6838
27665.0000 54.5428 8.6938
27670.0000 54.3324 8.6352
27675.0000 54.3333 8.6321
27680.0000 54.3475 8.6459
27685.0000 54.3377 8.6350
27690.0000 54.3394 8.6296
27695.0000 54.3547 8.6300
27700.0000 54.3485 8.6267
27705.0000 54.3686 8.6285
27710.0000 54.4020 8.6202
27715.0000 54.4447 8.6093
27720.0000 54.4962 8.6064
27725.0000 54.5131 8.6074
27730.0000 54.4257 8.5777
27735.0000 54.4338 8.5759
27740.0000 54.4201 8.5671
27745.0000 54.4146 8.5685
27750.0000 54.4622 8.5861
27755.0000 54.4662 8.5911
27760.0000 54.4733 8.5918
27765.0000 54.5086 8.6000
27770.0000 54.5212 8.6053
27775.0000 54.5309 8.6081
27780.0000 54.5451 8.6223
27785.0000 54.5224 8.6083
27790.0000 54.4077 8.6136
27795.0000 54.3747 8.6115
27800.0000 54.3404 8.5889
27805.0000 54.3100 8.5863
27810.0000 54.3054 8.5872
27815.0000 54.2783 8.5684
27820.0000 54.2787 8.5672
27825.0000 54.3070 8.5762
27830.0000 54.3208 8.5783
27835.0000 54.3267 8.5746
27840.0000 54.3508 8.5788
27845.0000 54.3685 8.5691
27850.0000 54.2981 8.5380
27855.0000 54.3120 8.5328
27860.0000 54.3117 8.5307
27865.0000 54.2802 8.5259
27870.0000 54.2617 8.5062
27875.0000 54.2833 8.5042
27880.0000 54.2702 8.5017
27885.0000 54.2820 8.5017
27890.0000 54.3393 8.5219
27895.0000 54.3686 8.5149
27900.0000 54.3885 8.5113
27905.0000 54.2640 8.5238
27910.0000 53.8901 8.4177
27915.0000 53.8887 8.4139
27920.0000 53.8959 8.4139
27925.0000 53.8769 8.4151
27930.0000 53.9000 8.4022
27935.0000 53.9547 8.4246
27940.0000 53.9566 8.4194
27945.0000 53.9790 8.4222
27950.0000 54.0247 8.4108
27955.0000 54.0936 8.3981
27960.0000 54.1038 8.4058
27965.0000 54.0925 8.4619
27970.0000 54.0355 8.4148
27975.0000 53.9781 8.4098
27980.0000 53.9760 8.3977
27985.0000 53.9222 8.3787
27990.0000 53.9196 8.3734
27995.0000 53.8987 8.3602
28000.0000 53.9101 8.3684
28005.0000 53.9283 8.3673
28010.0000 53.9283 8.3673
28015.0000 53.9537 8.3740
28020.0000 53.9537 8.3740
28025.0000 53.9277 8.3601
28030.0000 53.8867 8.3585
28035.0000 53.8610 8.3379
28040.0000 53.8471 8.3191
28045.0000 53.9062 8.3199
28050.0000 53.8999 8.3162
28055.0000 53.8858 8.3038
28060.0000 53.8939 8.3008
28065.0000 53.9192 8.3057
28070.0000 53.9517 8.3045
28075.0000 54.0031 8.3174
28080.0000 54.0216 8.3189
28085.0000 54.0224 8.3486
28090.0000 54.0916 8.3721
28095.0000 54.1104 8.3767
28100.0000 54.1146 8.3981
28105.0000 54.1197 8.4013
28110.0000 54.1220 8.3995
28115.0000 54.0936 8.3910
28120.0000 54.1264 8.4162
28125.0000 54.1252 8.4151
28130.0000 54.1376 8.4178
28135.0000 54.1782 8.4507
28140.0000 54.1569 8.4289
28145.0000 54.1906 8.4451
28150.0000 54.0862 8.4173
28155.0000 54.0955 8.4284
28160.0000 54.0979 8.4266
28165.0000 54.0357 8.4206
28170.0000 54.0162 8.4172
28175.0000 54.0198 8.4128
28180.0000 54.0330 8.4171
28185.0000 54.0409 8.4181
28190.0000 54.0528 8.4237
28195.0000 54.0664 8.4238
28200.0000 54.0833 8.4295
28205.0000 54.0500 8.4071
28210.0000 53.7273 8.2932
28215.0000 53.7596 8.3069
28220.0000 53.7634 8.3320
28225.0000 53.7184 8.3255
28230.0000 53.6608 8.3108
28235.0000 53.6570 8.3074
28240.0000 53.6630 8.3072
28245.0000 53.6879 8.3096
28250.0000 53.7094 8.3078
28255.0000 53.7256 8.3095
28260.0000 53.7379 8.3099
28265.0000 53.7338 8.2876
28270.0000 53.6325 8.2827
28275.0000 53.6728 8.3016
28280.0000 53.6865 8.3334
28285.0000 53.6529 8.3250
28290.0000 53.6224 8.3148
28295.0000 53.6155 8.3098
28300.0000 53.6008 8.3063
28305.0000 53.6114 8.3096
28310.0000 53.6167 8.3130
28315.0000 53.6256 8.3160
28320.0000 53.6292 8.3208
28325.0000 53.6110 8.3102
28330.0000 53.5962 8.3143
28335.0000 53.6200 8.3174
28340.0000 53.6039 8.3088
28345.0000 53.5818 8.3100
28350.0000 53.5649 8.3188
28355.0000 53.5326 8.2959
28360.0000 53.5510 8.3133
28365.0000 53.5550 8.2907
28370.0000 53.5631 8.2887
28375.0000 53.5870 8.2886
28380.0000 53.6057 8.2931
28385.0000 53.5737 8.2800
28390.0000 53.4358 8.2473
28395.0000 53.4409 8.2502
28400.0000 53.4346 8.2455
28405.0000 53.3948 8.2443
28410.0000 53.3916 8.2491
28415.0000 53.3914 8.2477
28420.0000 53.3890 8.2480
28425.0000 53.4957 8.2648
28430.0000 53.4926 8.2667
28435.0000 53.5232 8.2752
28440.0000 53.5506 8.2925
28445.0000 53.4986 8.2621
28450.0000 53.4604 8.2473
28455.0000 53.3349 8.2034
28460.0000 53.3025 8.2072
28465.0000 53.2512 8.1925
28470.0000 53.2592 8.2081
28475.0000 53.2587 8.2013
28480.0000 53.3126 8.2153
28485.0000 53.3174 8.2165
28490.0000 53.3406 8.2243
28495.0000 53.3717 8.2332
28500.0000 53.3929 8.2353
28505.0000 53.3412 8.2099
28510.0000 53.3581 8.2256
28515.0000 53.2973 8.1871
28520.0000 53.2646 8.2028
28525.0000 53.2441 8.1965
28530.0000 53.2400 8.1928
28535.0000 53.2791 8.1922
28540.0000 53.3044 8.1988
28545.0000 53.3234 8.2003
28550.0000 53.3475 8.2085
28555.0000 53.3658 8.2151
28560.0000 53.3954 8.2271
28565.0000 53.4129 8.2323
28570.0000 53.2607 8.2157
28575.0000 53.2500 8.2114
28580.0000 53.2469 8.2202
28585.0000 53.2579 8.2228
28590.0000 53.2436 8.2166
28595.0000 53.2435 8.2166
28600.0000 53.2482 8.2185
28605.0000 53.3001 8.2368
28610.0000 53.3671 8.2480
28615.0000 53.3820 8.2529
28620.0000 53.4000 8.2617
28625.0000 53.4209 8.2627
28630.0000 53.2839 8.2751
28635.0000 53.3001 8.2618
28640.0000 53.2535 8.2825
28645.0000 53.2051 8.2760
28650.0000 53.1934 8.2754
28655.0000 53.2000 8.2769
28660.0000 53.2412 8.3071
28665.0000 53.2661 8.3146
28670.0000 53.2986 8.3273
28675.0000 53.3220 8.3375
28680.0000 53.3408 8.3458
28685.0000 53.3097 8.3485
28690.0000 53.1735 8.3400
28695.0000 53.1630 8.3235
28700.0000 53.1468 8.3030
28705.0000 53.1162 8.3048
28710.0000 53.1143 8.3002
28715.0000 53.1303 8.2949
28720.0000 53.1818 8.3022
28725.0000 53.2191 8.3016
28730.0000 53.2350 8.3030
28735.0000 53.2661 8.3091
28740.0000 53.3393 8.3117
28745.0000 53.3409 8.3055
28750.0000 53.2103 8.2627
28755.0000 53.1316 8.2435
28760.0000 53.1337 8.2440
28765.0000 53.1091 8.2377
28770.0000 53.1269 8.2416
28775.0000 53.1207 8.2413
28780.0000 53.1356 8.2561
28785.0000 53.1784 8.2728
28790.0000 53.1830 8.2733
28795.0000 53.2000 8.2790
28800.0000 53.2373 8.3091
28805.0000 53.2474 8.3164
28810.0000 53.1319 8.2695
28815.0000 53.0667 8.2404
28820.0000 53.0166 8.2263
28825.0000 52.9734 8.2219
28830.0000 52.9753 8.2121
28835.0000 53.0024 8.2371
28840.0000 53.0068 8.2389
28845.0000 53.0156 8.2401
28850.0000 53.0338 8.2447
28855.0000 53.1011 8.2530
28860.0000 53.1001 8.2625
28865.0000 53.0837 8.2554
28870.0000 52.9547 8.2630
28875.0000 52.9022 8.1960
28880.0000 52.9355 8.2168
28885.0000 52.9071 8.2097
28890.0000 52.9244 8.2144
28895.0000 52.9368 8.2026
28900.0000 52.9439 8.2034
28905.0000 52.9561 8.2087
28910.0000 52.9552 8.2074
28915.0000 52.9738 8.2039
28920.0000 52.9870 8.2036
28925.0000 52.8841 8.1778
28930.0000 52.8118 8.1586
28935.0000 52.7977 8.1565
28940.0000 52.7925 8.1503
28945.0000 52.7941 8.1436
28950.0000 52.7712 8.1295
28955.0000 52.7979 8.1249
28960.0000 52.8130 8.1243
28965.0000 52.8330 8.1237
28970.0000 52.8784 8.1237
28975.0000 52.9072 8.1277
28980.0000 52.9526 8.1599
28985.0000 52.9034 8.1395
28990.0000 52.6864 8.1277
28995.0000 52.6553 8.1257
29000.0000 52.6289 8.1122
29005.0000 52.6185 8.1161
29010.0000 52.5669 8.0903
29015.0000 52.5658 8.0903
29020.0000 52.6082 8.0838
29025.0000 52.6134 8.0835
29030.0000 52.6273 8.0891
29035.0000 52.6382 8.0919
29040.0000 52.6972 8.1055
29045.0000 52.6690 8.1411
29050.0000 52.3455 8.0618
29055.0000 52.3233 8.0442
29060.0000 52.3883 8.0219
29065.0000 52.3525 8.0220
29070.0000 52.3540 8.0198
29075.0000 52.3287 8.0073
29080.0000 52.3503 8.0168
29085.0000 52.4377 8.0734
29090.0000 52.4373 8.0755
29095.0000 52.5108 8.1011
29100.0000 52.5702 8.1243
29105.0000 52.6199 8.1416
29110.0000 52.6300 8.1392
29115.0000 52.6306 8.1410
29120.0000 52.6157 8.1333
29125.0000 52.5783 8.1304
29130.0000 52.5799 8.1319
29135.0000 52.5574 8.1197
29140.0000 52.5610 8.1156
29145.0000 52.6112 8.1390
29150.0000 52.6217 8.1432
29155.0000 52.6721 8.1631
29160.0000 52.6919 8.1673
29165.0000 52.7337 8.1830
29170.0000 52.6265 8.1533
29175.0000 52.6165 8.1492
29180.0000 52.5979 8.1362
29185.0000 52.6329 8.1527
29190.0000 52.6400 8.1555
29195.0000 52.6303 8.1500
29200.0000 52.6368 8.1514
29205.0000 52.6700 8.1723
29210.0000 52.7731 8.2297
29215.0000 52.7864 8.2333
29220.0000 52.8064 8.2455
29225.0000 52.7941 8.2477
29230.0000 52.7517 8.2342
29235.0000 52.7973 8.2602
29240.0000 52.7909 8.2632
29245.0000 52.7749 8.2632
29250.0000 52.7678 8.2727
29255.0000 52.7348 8.2601
29260.0000 52.7466 8.2619
29265.0000 52.7512 8.2641
29270.0000 52.7995 8.2713
29275.0000 52.8149 8.2741
29280.0000 52.8280 8.2702
29285.0000 52.8492 8.2755
29290.0000 52.5971 8.2184
29295.0000 52.6246 8.2303
29300.0000 52.5931 8.2190
29305.0000 52.5783 8.2142
29310.0000 52.5442 8.2074
29315.0000 52.5311 8.2010
29320.0000 52.5348 8.2058
29325.0000 52.5348 8.2058
29330.0000 52.5987 8.2302
29335.0000 52.6499 8.2529
29340.0000 52.7368 8.2411
29345.0000 52.7787 8.2431
29350.0000 52.6186 8.1813
29355.0000 52.6682 8.2019
29360.0000 52.7447 8.2493
29365.0000 52.7038 8.2328
29370.0000 52.6627 8.2084
29375.0000 52.6553 8.2010
29380.0000 52.6611 8.1971
29385.0000 52.6744 8.2020
29390.0000 52.7202 8.2272
29395.0000 52.7822 8.2651
29400.0000 52.8334 8.2835
29405.0000 52.8829 8.3227
29410.0000 52.7869 8.3410
29415.0000 52.8353 8.3505
29420.0000 52.8293 8.3490
29425.0000 52.8626 8.4019
29430.0000 52.8664 8.4060
29435.0000 52.8525 8.3900
29440.0000 52.8550 8.3806
29445.0000 52.8867 8.3905
29450.0000 52.8757 8.3905
29455.0000 52.8876 8.3956
29460.0000 52.8714 8.3735
29465.0000 52.8838 8.3791
29470.0000 52.8176 8.3751
29475.0000 52.8227 8.3761
29480.0000 52.8243 8.3817
29485.0000 52.7925 8.3724
29490.0000 52.7996 8.3759
29495.0000 52.8013 8.3814
29500.0000 52.8396 8.3760
29505.0000 52.9114 8.3937
29510.0000 53.0059 8.4434
29515.0000 53.1235 8.4917
29520.0000 53.2022 8.5322
29525.0000 53.2120 8.5345
29530.0000 53.3267 8.6168
29535.0000 53.3242 8.6323
29540.0000 53.2849 8.5967
29545.0000 53.2223 8.5875
29550.0000 53.1858 8.5767
29555.0000 53.2345 8.5834
29560.0000 53.2918 8.5955
29565.0000 53.3427 8.6064
29570.0000 53.3369 8.6090
29575.0000 53.4078 8.6349
29580.0000 53.4211 8.6432
29585.0000 53.4084 8.6679
29590.0000 53.3439 8.6402
29595.0000 53.4031 8.6574
29600.0000 53.3799 8.6338
29605.0000 53.4078 8.6637
29610.0000 53.4379 8.6587
29615.0000 53.4338 8.6396
29620.0000 53.4874 8.6458
29625.0000 53.5002 8.6383
29630.0000 53.5225 8.6404
29635.0000 53.5484 8.6356
29640.0000 53.6032 8.6384
29645.0000 53.6752 8.6542
29650.0000 53.7194 8.6868
29655.0000 53.7270 8.6880
29660.0000 53.7381 8.7064
29665.0000 53.7348 8.7103
29670.0000 53.7144 8.7046
29675.0000 53.6592 8.6714
29680.0000 53.7031 8.6985
29685.0000 53.7228 8.7022
29690.0000 53.8081 8.7554
29695.0000 53.8451 8.7550
29700.0000 53.8473 8.7551
29705.0000 53.8616 8.7580
29710.0000 53.6501 8.7038
29715.0000 53.6438 8.6876
29720.0000 53.6498 8.6541
29725.0000 53.6440 8.6632
29730.0000 53.6438 8.6710
29735.0000 53.6969 8.6985
29740.0000 53.7332 8.7298
29745.0000 53.6767 8.6801
29750.0000 53.6862 8.6834
29755.0000 53.7717 8.7503
29760.0000 53.7849 8.7493
29765.0000 53.8560 8.7727
29770.0000 53.8754 8.7925
29775.0000 53.9127 8.8023
29780.0000 53.9101 8.8011
29785.0000 53.9547 8.8205
29790.0000 53.9717 8.8175
29795.0000 53.9818 8.8166
29800.0000 54.0217 8.8167
29805.0000 53.9851 8.7652
29810.0000 54.0198 8.7768
29815.0000 54.1080 8.8257
29820.0000 54.1601 8.8455
29825.0000 54.1824 8.8490
29830.0000 54.0475 8.8019
29835.0000 54.0574 8.8091
29840.0000 54.0260 8.8084
29845.0000 53.9829 8.8017
29850.0000 53.9620 8.7928
29855.0000 53.9589 8.7823
29860.0000 53.9525 8.7766
29865.0000 53.9580 8.7792
29870.0000 53.9781 8.7855
29875.0000 54.0110 8.7683
29880.0000 54.0316 8.7733
29885.0000 54.0015 8.7959
29890.0000 53.8517 8.7363
29895.0000 53.8749 8.7521
29900.0000 53.8763 8.7555
29905.0000 53.9002 8.8088
29910.0000 53.8528 8.7742
29915.0000 53.8852 8.7894
29920.0000 53.9141 8.7934
29925.0000 53.9309 8.7946
29930.0000 53.9742 8.8211
29935.0000 54.0164 8.8153
29940.0000 54.0251 8.8190
29945.0000 54.0334 8.8306
29950.0000 53.9654 8.8469
29955.0000 53.9588 8.8416
29960.0000 53.9735 8.8577
29965.0000 53.9893 8.8753
29970.0000 54.0277 8.9181
29975.0000 53.9996 8.9046
29980.0000 54.0377 8.9067
29985.0000 54.0850 8.9274
29990.0000 54.1252 8.9395
29995.0000 54.1335 8.9417
30000.0000 54.1518 8.9453
30005.0000 54.1937 8.9687
30010.0000 54.1072 8.9825
30015.0000 54.0701 8.9660
30020.0000 54.0387 8.9719
30025.0000 54.0355 8.9669
30030.0000 53.9942 8.9470
30035.0000 53.9956 8.9510
30040.0000 53.9958 8.9511
30045.0000 54.0167 8.9579
30050.0000 54.0209 8.9591
30055.0000 54.1157 9.0133
30060.0000 54.1708 9.0177
30065.0000 54.1897 9.0009
30070.0000 54.0973 9.0030
30075.0000 54.0503 8.9457
30080.0000 54.0692 8.9653
30085.0000 54.1092 8.9885
30090.0000 54.0802 8.9675
30095.0000 54.1603 8.9986
30100.0000 54.1229 8.9273
30105.0000 54.1719 8.9415
30110.0000 54.2074 8.9387
30115.0000 54.2145 8.9325
30120.0000 54.2852 8.9086
30125.0000 54.2636 8.8399
30130.0000 54.0813 8.7784
30135.0000 54.0483 8.7490
30140.0000 54.0447 8.7429
30145.0000 54.0644 8.7944
30150.0000 54.0671 8.8110
30155.0000 54.1309 8.8506
30160.0000 54.1693 8.8726
30165.0000 54.1817 8.8768
30170.0000 54.2259 8.8767
30175.0000 54.2622 8.8960
30180.0000 54.2786 8.9064
30185.0000 54.2888 8.9163
30190.0000 54.2042 8.8927
30195.0000 54.1560 8.8588
30200.0000 54.1595 8.8582
30205.0000 54.1217 8.8566
30210.0000 54.1411 8.8737
30215.0000 54.1736 8.8968
30220.0000 54.1575 8.8648
30225.0000 54.1725 8.8678
30230.0000 54.1834 8.8636
30235.0000 54.2950 8.8139
30240.0000 54.4075 8.8522
30245.0000 54.4803 8.8102
30250.0000 54.4467 8.8328
30255.0000 54.4268 8.8142
30260.0000 54.4171 8.8080
30265.0000 54.4099 8.8149
30270.0000 54.3959 8.8237
30275.0000 54.4272 8.8417
30280.0000 54.4402 8.8429
30285.0000 54.4904 8.8404
30290.0000 54.5144 8.8505
30295.0000 54.5858 8.8638
30300.0000 54.6027 8.8749
30305.0000 54.5825 8.8650
30310.0000 54.5128 8.8391
30315.0000 54.5090 8.8436
30320.0000 54.4741 8.8273
30325.0000 54.4617 8.8126
30330.0000 54.4763 8.8270
30335.0000 54.4547 8.8107
30340.0000 54.4621 8.8052
30345.0000 54.4814 8.8067
30350.0000 54.4598 8.7828
30355.0000 54.4698 8.7890
30360.0000 54.4762 8.7852
30365.0000 54.5287 8.8129
30370.0000 54.4395 8.7527
30375.0000 54.5615 8.8095
30380.0000 54.5602 8.8050
30385.0000 54.5604 8.7910
30390.0000 54.5759 8.8175
30395.0000 54.5614 8.7989
30400.0000 54.5676 8.8050
30405.0000 54.6164 8.8305
30410.0000 54.6544 8.8318
30415.0000 54.7189 8.8426
30420.0000 54.8214 8.8599
30425.0000 54.9305 8.9095
30430.0000 54.9986 8.9389
30435.0000 54.9584 8.8955
30440.0000 55.0826 8.9719
30445.0000 55.0995 8.9921
30450.0000 55.0823 8.9835
30455.0000 55.0862 8.9799
30460.0000 55.1556 8.9488
30465.0000 55.2787 8.9830
30470.0000 55.3346 8.9594
30475.0000 55.3846 8.9560
30480.0000 55.3982 8.9582
30485.0000 55.4036 8.9652
30490.0000 55.3972 8.9579
30495.0000 55.3657 8.9272
30500.0000 55.3610 8.9118
30505.0000 55.3546 8.9148
30510.0000 55.3468 8.9156
30515.0000 55.3257 8.9087
30520.0000 55.3161 8.9075
30525.0000 55.3301 8.9080
30530.0000 55.3548 8.9223
30535.0000 55.3884 8.9386
30540.0000 55.4975 9.0108
30545.0000 55.5151 9.0120
30550.0000 55.3933 8.9821
30555.0000 55.3090 8.9510
30560.0000 55.3285 8.9444
30565.0000 55.3728 8.9640
30570.0000 55.3368 8.9458
30575.0000 55.3579 8.9443
30580.0000 55.3544 8.9345
30585.0000 55.3371 8.9180
30590.0000 55.3468 8.9212
30595.0000 55.3892 8.9215
30600.0000 55.4131 8.9327
30605.0000 55.4188 8.9352
30610.0000 55.3053 8.9027
30615.0000 55.3231 8.9207
30620.0000 55.3125 8.9091
30625.0000 55.2975 8.9100
30630.0000 55.2830 8.9331
30635.0000 55.2876 8.9278
30640.0000 55.3025 8.9358
30645.0000 55.3137 8.9406
30650.0000 55.3029 8.9396
30655.0000 55.3118 8.9428
30660.0000 55.3071 8.9239
30665.0000 55.3200 8.9238
30670.0000 55.2586 8.9348
30675.0000 55.2029 8.9054
30680.0000 55.2504 8.9105
30685.0000 55.2855 8.9099
30690.0000 55.2519 8.9036
30695.0000 55.2199 8.8771
30700.0000 55.2238 8.8632
30705.0000 55.2520 8.8597
30710.0000 55.2722 8.8526
30715.0000 55.2965 8.8593
30720.0000 55.3820 8.8825
30725.0000 55.4336 8.9064
30730.0000 55.4520 8.9111
30735.0000 55.4891 8.9109
30740.0000 55.4963 8.9127
30745.0000 55.5828 8.9568
30750.0000 55.5383 8.9431
30755.0000 55.5681 8.9520
30760.0000 55.5560 8.9472
30765.0000 55.5797 8.9471
30770.0000 55.5934 8.9546
30775.0000 55.6113 8.9611
30780.0000 55.5906 8.9443
30785.0000 55.6386 8.9767
30790.0000 55.5455 8.9307
30795.0000 55.5251 8.9200
30800.0000 55.6059 8.9528
30805.0000 55.5782 8.9468
30810.0000 55.5359 8.9446
30815.0000 55.5419 8.9471
30820.0000 55.5561 8.9511
30825.0000 55.6014 8.9753
30830.0000 55.6167 8.9806
30835.0000 55.6403 8.9887
30840.0000 55.6626 8.9977
30845.0000 55.5497 8.9654
30850.0000 55.2144 8.9059
30855.0000 55.1395 8.9099
30860.0000 55.1951 8.8830
30865.0000 55.2313 8.9035
30870.0000 55.1793 8.8970
30875.0000 55.1696 8.8935
30880.0000 55.1786 8.8896
30885.0000 55.1971 8.8963
30890.0000 55.2297 8.9253
30895.0000 55.2580 8.9392
30900.0000 55.2727 8.9409
30905.0000 55.2414 8.9550
30910.0000 55.0642 8.8863
30915.0000 55.0327 8.8702
30920.0000 55.0778 8.9214
30925.0000 55.0991 8.9161
30930.0000 55.1155 8.9131
30935.0000 55.0871 8.8983
30940.0000 55.0918 8.8950
30945.0000 55.1451 8.9218
30950.0000 55.1608 8.9186
30955.0000 55.1949 8.9187
30960.0000 55.2659 8.9483
30965.0000 55.3256 8.9716
30970.0000 55.3234 8.9527
30975.0000 55.3144 8.9596
30980.0000 55.3192 8.9600
30985.0000 55.2935 8.9501
30990.0000 55.4448 9.0016
30995.0000 55.4961 9.0070
31000.0000 55.4841 9.0095
31005.0000 55.4813 9.0022
31010.0000 55.5331 9.0213
31015.0000 55.6371 9.0736
31020.0000 55.6521 9.0740
31025.0000 55.6698 9.0757
31030.0000 55.5497 9.0267
31035.0000 55.5524 9.0292
31040.0000 55.5515 9.0293
31045.0000 55.5502 9.0318
31050.0000 55.5069 9.0145
31055.0000 55.5208 8.9963
31060.0000 55.5261 8.9970
31065.0000 55.6078 9.0401
31070.0000 55.6315 9.0529
31075.0000 55.6514 9.0629
31080.0000 55.6539 9.0592
31085.0000 55.6684 9.0703
31090.0000 55.5919 9.0837
31095.0000 55.4951 9.0510
31100.0000 55.4995 9.0533
31105.0000 55.4757 9.0524
31110.0000 55.4863 9.0703
31115.0000 55.4823 9.0666
31120.0000 55.5180 9.0975
31125.0000 55.5237 9.0883
31130.0000 55.5250 9.0871
31135.0000 55.5325 9.0891
31140.0000 55.5516 9.0979
31145.0000 55.5555 9.0938
31150.0000 55.4932 9.0795
31155.0000 55.5227 9.1043
31160.0000 55.4887 9.0787
31165.0000 55.4337 9.0437
31170.0000 55.3904 9.0234
31175.0000 55.3869 9.0214
31180.0000 55.5012 9.0659
31185.0000 55.5373 9.0573
31190.0000 55.5838 9.0316
31195.0000 55.6451 9.0410
31200.0000 55.6918 9.0282
31205.0000 55.7377 9.0499
31210.0000 55.6775 9.0604
31215.0000 55.7132 9.0700
31220.0000 55.7594 9.0817
31225.0000 55.8048 9.0757
31230.0000 55.8749 9.1228
31235.0000 55.8930 9.1427
31240.0000 55.9836 9.2032
31245.0000 56.0070 9.2047
31250.0000 56.0629 9.2398
31255.0000 56.0781 9.2459
31260.0000 56.0929 9.2512
31265.0000 56.1021 9.2567
31270.0000 56.0698 9.2278
31275.0000 56.0723 9.2372
31280.0000 56.0854 9.2422
31285.0000 56.0613 9.2439
31290.0000 56.0583 9.2661
31295.0000 56.0648 9.2409
31300.0000 56.0573 9.2386
31305.0000 56.0712 9.2335
31310.0000 56.0762 9.2355
31315.0000 56.1185 9.2456
31320.0000 56.1502 9.2658
31325.0000 56.1536 9.2674
31330.0000 56.1626 9.2799
31335.0000 56.1475 9.2872
31340.0000 56.1712 9.2966
31345.0000 56.1642 9.3187
31350.0000 56.1204 9.3016
31355.0000 56.0924 9.2864
31360.0000 56.0967 9.2802
31365.0000 56.1125 9.2769
31370.0000 56.1768 9.3084
31375.0000 56.1972 9.3082
31380.0000 56.2537 9.3401
31385.0000 56.2268 9.3449
31390.0000 56.1864 9.3402
31395.0000 56.1321 9.3193
31400.0000 56.1528 9.3215
31405.0000 56.1634 9.3350
31410.0000 56.1582 9.3255
31415.0000 56.1382 9.3138
31420.0000 56.1526 9.3194
31425.0000 56.2083 9.3473
31430.0000 56.2185 9.3537
31435.0000 56.2814 9.3641
31440.0000 56.3378 9.3502
31445.0000 56.3977 9.3587
31450.0000 56.3347 9.3456
31455.0000 56.3403 9.3590
31460.0000 56.2919 9.3280
31465.0000 56.2865 9.3223
31470.0000 56.2533 9.3120
31475.0000 56.2566 9.3024
31480.0000 56.3453 9.3552
31485.0000 56.3479 9.3530
31490.0000 56.3856 9.3719
31495.0000 56.4207 9.3910
31500.0000 56.4249 9.3924
31505.0000 56.4400 9.3970
31510.0000 56.1736 9.3137
31515.0000 56.1787 9.3161
31520.0000 56.0927 9.2621
31525.0000 56.0694 9.2502
31530.0000 56.0669 9.2351
31535.0000 56.1045 9.2137
31540.0000 56.1395 9.1944
31545.0000 56.1379 9.1932
31550.0000 56.1473 9.1952
31555.0000 56.1483 9.1933
31560.0000 56.2087 9.1953
31565.0000 56.2128 9.1952
31570.0000 56.1372 9.1656
31575.0000 56.0596 9.1302
31580.0000 56.1290 9.1215
31585.0000 56.1110 9.1125
31590.0000 56.0498 9.0680
31595.0000 56.0670 9.0642
31600.0000 56.0477 9.0447
31605.0000 56.0603 9.0435
31610.0000 56.0390 9.0128
31615.0000 56.0680 9.0177
31620.0000 56.0753 9.0175
31625.0000 56.1674 9.0459
31630.0000 56.2120 9.0475
31635.0000 56.2695 9.0604
31640.0000 56.3858 9.1083
31645.0000 56.4070 9.1248
31650.0000 56.4377 9.1427
31655.0000 56.5082 9.2024
31660.0000 56.5815 9.2567
31665.0000 56.5812 9.2535
31670.0000 56.5837 9.2554
31675.0000 56.6268 9.2659
31680.0000 56.6793 9.3039
31685.0000 56.6312 9.3012
31690.0000 56.4706 9.2830
31695.0000 56.4509 9.2829
31700.0000 56.4559 9.2857
31705.0000 56.3953 9.2709
31710.0000 56.3954 9.2920
31715.0000 56.4220 9.3012
31720.0000 56.4123 9.3036
31725.0000 56.4150 9.3052
31730.0000 56.4345 9.3110
31735.0000 56.4538 9.3216
31740.0000 56.4637 9.3257
31745.0000 56.4374 9.3462
31750.0000 56.1696 9.2947
31755.0000 56.0893 9.2601
31760.0000 56.0694 9.2304
31765.0000 56.0479 9.2196
31770.0000 56.0217 9.2176
31775.0000 56.0048 9.2013
31780.0000 56.0198 9.1999
31785.0000 56.0180 9.2005
31790.0000 56.0148 9.2011
31795.0000 56.0404 9.2083
31800.0000 56.0599 9.1965
31805.0000 56.0752 9.2019
31810.0000 55.8521 9.1061
31815.0000 55.7207 9.0410
31820.0000 55.7148 9.0215
31825.0000 55.6437 9.0048
31830.0000 55.6409 8.9985
31835.0000 55.6319 8.9799
31840.0000 55.6622 8.9816
31845.0000 55.6733 8.9738
31850.0000 55.6984 8.9820
31855.0000 55.7115 8.9844
31860.0000 55.7319 8.9807
31865.0000 55.7432 8.9829
31870.0000 55.6493 8.9638
31875.0000 55.6949 9.0113
31880.0000 55.7063 9.0014
31885.0000 55.6927 8.9837
31890.0000 55.6571 8.9879
31895.0000 55.6545 8.9887
31900.0000 55.6122 8.9776
31905.0000 55.6459 8.9931
31910.0000 55.6421 8.9918
31915.0000 55.6609 8.9983
31920.0000 55.6745 9.0003
31925.0000 55.6949 9.0142
31930.0000 55.5569 8.9772
31935.0000 55.5294 8.9718
31940.0000 55.5376 8.9772
31945.0000 55.5160 8.9728
31950.0000 55.5442 8.9703
31955.0000 55.5450 8.9723
31960.0000 55.5407 8.9718
31965.0000 55.5828 8.9584
31970.0000 55.6231 8.9687
31975.0000 55.6266 8.9702
31980.0000 55.6267 8.9727
31985.0000 55.6332 8.9788
31990.0000 55.5249 8.9154
31995.0000 55.5956 8.9596
32000.0000 55.6009 8.9494
32005.0000 55.5952 8.9327
32010.0000 55.5504 8.9236
32015.0000 55.5260 8.9082
32020.0000 55.5171 8.9110
32025.0000 55.5529 8.9299
32030.0000 55.5515 8.9253
32035.0000 55.5545 8.9250
32040.0000 55.5682 8.9366
32045.0000 55.5701 8.9144
32050.0000 55.4671 8.8706
32055.0000 55.4825 8.8873
32060.0000 55.4864 8.8853
32065.0000 55.4474 8.8840
32070.0000 55.4649 8.8734
32075.0000 55.4758 8.8558
32080.0000 55.4894 8.8449
32085.0000 55.4851 8.8375
32090.0000 55.4998 8.8457
32095.0000 55.5348 8.8643
32100.0000 55.5485 8.8703
32105.0000 55.5894 8.8964
32110.0000 55.5042 8.8844
32115.0000 55.4383 8.8516
32120.0000 55.4985 8.8498
32125.0000 55.5057 8.8664
32130.0000 55.5003 8.8654
32135.0000 55.4756 8.8590
32140.0000 55.4685 8.8616
32145.0000 55.5310 8.8592
32150.0000 55.6008 8.8723
32155.0000 55.6382 8.8869
32160.0000 55.6625 8.8910
32165.0000 55.6473 8.8675
32170.0000 55.5078 8.7831
32175.0000 55.5635 8.7984
32180.0000 55.5844 8.7988
32185.0000 55.5865 8.8111
32190.0000 55.6139 8.8025
32195.0000 55.6425 8.7914
32200.0000 55.7540 8.8273
32205.0000 55.8047 8.8481
32210.0000 55.8054 8.8425
32215.0000 55.8281 8.8564
32220.0000 55.8127 8.8411
32225.0000 55.8549 8.8406
32230.0000 55.8503 8.8402
32235.0000 55.8868 8.8592
32240.0000 55.9202 8.8659
32245.0000 55.8802 8.8623
32250.0000 55.8732 8.8617
32255.0000 55.8596 8.8498
32260.0000 55.8488 8.8394
32265.0000 55.8623 8.8392
32270.0000 55.9243 8.8214
32275.0000 55.9339 8.8204
32280.0000 55.9463 8.8208
32285.0000 55.9494 8.8226
32290.0000 55.9364 8.8255
32295.0000 55.8586 8.7968
32300.0000 55.9236 8.8147
32305.0000 55.9230 8.8162
32310.0000 55.9343 8.7959
32315.0000 55.9211 8.7932
32320.0000 55.8928 8.7840
32325.0000 55.9151 8.7989
32330.0000 55.9077 8.7988
32335.0000 55.9698 8.8364
32340.0000 55.9952 8.8577
32345.0000 56.0316 8.8944
32350.0000 55.9133 8.8235
32355.0000 55.7899 8.7481
32360.0000 55.7606 8.7212
32365.0000 55.7606 8.7084
32370.0000 55.7266 8.7081
32375.0000 55.6933 8.6943
32380.0000 55.7551 8.7162
32385.0000 55.7601 8.7172
32390.0000 55.8188 8.7402
32395.0000 55.8327 8.7453
32400.0000 55.8455 8.7489
32405.0000 55.8801 8.7699
32410.0000 55.7078 8.7035
32415.0000 55.5857 8.6780
32420.0000 55.5894 8.6805
32425.0000 55.5804 8.6791
32430.0000 55.5731 8.6754
32435.0000 55.5533 8.6717
32440.0000 55.5876 8.6886
32445.0000 55.5935 8.6878
32450.0000 55.6457 8.7089
32455.0000 55.7411 8.7480
32460.0000 55.7495 8.7440
32465.0000 55.7734 8.7511
32470.0000 55.7715 8.7558
32475.0000 55.7668 8.7523
32480.0000 55.7905 8.7607
32485.0000 55.7880 8.7631
32490.0000 55.7959 8.7790
32495.0000 55.7724 8.7709
32500.0000 55.8173 8.7939
32505.0000 55.9692 8.8819
32510.0000 55.9631 8.8820
32515.0000 55.9836 8.8771
32520.0000 56.0562 8.9192
32525.0000 56.1350 8.9602
32530.0000 56.0729 8.9448
32535.0000 55.9992 8.9282
32540.0000 56.0328 8.9246
32545.0000 56.1525 8.9563
32550.0000 56.0567 8.8924
32555.0000 56.0337 8.8904
32560.0000 56.1043 8.9328
32565.0000 56.1497 8.9448
32570.0000 56.2899 8.9800
32575.0000 56.3366 8.9830
32580.0000 56.4031 9.0115
32585.0000 56.4023 9.0119
32590.0000 56.2179 8.9527
32595.0000 56.1749 8.9707
32600.0000 56.1808 8.9576
32605.0000 56.1667 8.9457
32610.0000 56.1702 8.9445
32615.0000 56.1539 8.9330
32620.0000 56.1761 8.9433
32625.0000 56.1839 8.9398
32630.0000 56.1837 8.9188
32635.0000 56.2522 8.9431
32640.0000 56.2864 8.9534
32645.0000 56.2932 8.9385
32650.0000 56.2596 8.9103
32655.0000 56.3209 8.9655
32660.0000 56.3339 8.9656
32665.0000 56.2668 8.9074
32670.0000 56.2453 8.8912
32675.0000 56.2783 8.9152
32680.0000 56.3306 8.9249
32685.0000 56.3241 8.9110
32690.0000 56.3487 8.9144
32695.0000 56.3519 8.9086
32700.0000 56.3656 8.9142
32705.0000 56.3748 8.9189
32710.0000 56.3801 8.9562
32715.0000 56.4001 8.9860
32720.0000 56.4102 8.9906
32725.0000 56.3827 8.9626
32730.0000 56.3619 8.9577
32735.0000 56.3108 8.9458
32740.0000 56.2957 8.9430
32745.0000 56.3390 8.9528
32750.0000 56.3930 8.9801
32755.0000 56.4050 8.9815
32760.0000 56.4320 8.9856
32765.0000 56.4387 8.9885
32770.0000 56.3587 8.9502
32775.0000 56.2645 8.9159
32780.0000 56.2788 8.9188
32785.0000 56.2583 8.9076
32790.0000 56.3143 8.9575
32795.0000 56.2582 8.9329
32800.0000 56.2739 8.9549
32805.0000 56.3272 8.9732
32810.0000 56.3402 8.9769
32815.0000 56.3447 8.9780
32820.0000 56.3489 8.9840
32825.0000 56.3657 8.9861
32830.0000 56.3600 9.0243
32835.0000 56.2857 9.0252
32840.0000 56.3235 9.0383
32845.0000 56.2397 9.0259
32850.0000 56.2556 9.0316
32855.0000 56.2949 9.0711
32860.0000 56.2416 9.0364
32865.0000 56.3128 9.0949
32870.0000 56.3327 9.0904
32875.0000 56.3407 9.0934
32880.0000 56.3629 9.1015
32885.0000 56.3674 9.1026
32890.0000 56.3295 9.0967
32895.0000 56.2629 9.0773
32900.0000 56.2673 9.0808
32905.0000 56.3018 9.1003
32910.0000 56.2686 9.0920
32915.0000 56.2259 9.0563
32920.0000 56.2090 9.0553
32925.0000 56.2093 9.0541
32930.0000 56.2352 9.0583
32935.0000 56.2469 9.0576
32940.0000 56.3039 9.0800
32945.0000 56.3077 9.0847
32950.0000 56.1724 9.0068
32955.0000 56.1336 9.0035
32960.0000 56.1482 9.0030
32965.0000 56.1441 8.9923
32970.0000 56.1037 8.9802
32975.0000 56.0827 8.9682
32980.0000 56.0641 8.9670
32985.0000 56.0760 8.9725
32990.0000 56.0816 8.9756
32995.0000 56.0955 8.9801
33000.0000 56.1070 8.9833
33005.0000 56.1265 8.9954
33010.0000 56.0266 8.9375
33015.0000 56.0012 8.9385
33020.0000 56.0046 8.9421
33025.0000 56.0118 8.9486
33030.0000 55.9790 8.9077
33035.0000 55.9543 8.9085
33040.0000 55.9474 8.9081
33045.0000 55.9629 8.9019
33050.0000 55.9590 8.9028
33055.0000 56.0015 8.9041
33060.0000 56.0235 8.9096
33065.0000 55.9881 8.8792
33070.0000 55.9108 8.8391
33075.0000 55.9717 8.8846
33080.0000 55.9739 8.8830
33085.0000 55.9645 8.8736
33090.0000 55.9617 8.8651
33095.0000 55.9989 8.8742
33100.0000 56.0401 8.9136
33105.0000 56.0329 8.9104
33110.0000 56.0373 8.9143
33115.0000 56.0592 8.9285
33120.0000 56.0581 8.9405
33125.0000 56.0678 8.9545
33130.0000 55.9288 8.8958
33135.0000 55.8797 8.8873
33140.0000 55.8876 8.8807
33145.0000 55.8707 8.8624
33150.0000 55.8601 8.8610
33155.0000 55.8284 8.8359
33160.0000 55.8372 8.8242
33165.0000 55.8322 8.8158
33170.0000 55.8599 8.8213
33175.0000 55.8862 8.8226
33180.0000 55.8956 8.8395
33185.0000 55.9159 8.8440
33190.0000 55.8374 8.8161
33195.0000 55.8146 8.7985
33200.0000 55.8205 8.7911
33205.0000 55.8388 8.7814
33210.0000 55.8353 8.7742
33215.0000 55.8292 8.7673
33220.0000 55.8083 8.7648
33225.0000 55.8272 8.7725
33230.0000 55.8326 8.7754
33235.0000 55.8426 8.7762
33240.0000 55.8561 8.7818
33245.0000 55.8928 8.8046
33250.0000 55.7825 8.7680
33255.0000 55.8199 8.7877
33260.0000 55.8509 8.8005
33265.0000 55.8273 8.7911
33270.0000 55.8138 8.8238
33275.0000 55.7943 8.8168
33280.0000 55.7834 8.8178
33285.0000 55.7834 8.8180
33290.0000 55.8103 8.8258
33295.0000 55.7984 8.8143
33300.0000 55.8194 8.8206
33305.0000 55.8317 8.8259
33310.0000 55.7081 8.7814
33315.0000 55.6369 8.7964
33320.0000 55.6235 8.7807
33325.0000 55.6491 8.7828
33330.0000 55.6176 8.7721
33335.0000 55.6200 8.7583
33340.0000 55.6024 8.7460
33345.0000 55.6465 8.7600
33350.0000 55.6670 8.7655
33355.0000 55.6945 8.7579
33360.0000 55.7231 8.7666
33365.0000 55.7307 8.7666
33370.0000 55.6055 8.7087
33375.0000 55.4765 8.7027
33380.0000 55.5356 8.7438
33385.0000 55.5220 8.7407
33390.0000 55.4994 8.7386
33395.0000 55.4940 8.7381
33400.0000 55.4849 8.7244
33405.0000 55.5036 8.7294
33410.0000 55.4985 8.7201
33415.0000 55.5226 8.7156
33420.0000 55.6304 8.7329
33425.0000 55.7097 8.7128
33430.0000 55.5886 8.6442
33435.0000 55.4802 8.6707
33440.0000 55.5375 8.6847
33445.0000 55.5049 8.6577
33450.0000 55.4845 8.6576
33455.0000 55.4587 8.6489
33460.0000 55.4611 8.6604
33465.0000 55.4744 8.6644
33470.0000 55.5201 8.6812
33475.0000 55.6013 8.7216
33480.0000 55.6167 8.7172
33485.0000 55.6828 8.7322
33490.0000 55.5763 8.6813
33495.0000 55.5906 8.6886
33500.0000 55.5500 8.6596
33505.0000 55.5483 8.6569
33510.0000 55.5256 8.6505
33515.0000 55.5727 8.6919
33520.0000 55.5748 8.7003
33525.0000 55.6156 8.7170
33530.0000 55.6234 8.7169
33535.0000 55.6694 8.7390
33540.0000 55.6920 8.7489
33545.0000 55.6749 8.7388
33550.0000 55.6451 8.7632
33555.0000 55.7229 8.8011
33560.0000 55.7530 8.8175
33565.0000 55.7931 8.7744
33570.0000 55.7908 8.7760
33575.0000 55.7372 8.7636
33580.0000 55.7311 8.7602
33585.0000 55.8122 8.8004
33590.0000 55.9242 8.8640
33595.0000 55.9466 8.8584
33600.0000 55.9509 8.8544
33605.0000 55.9901 8.8486
33610.0000 55.9439 8.8144
33615.0000 55.9504 8.8184
33620.0000 55.9581 8.8165
33625.0000 55.9412 8.8063
33630.0000 55.9316 8.7952
33635.0000 55.8764 8.7809
33640.0000 55.8833 8.7798
33645.0000 55.9383 8.7851
33650.0000 55.9307 8.7806
33655.0000 56.0056 8.8339
33660.0000 56.0273 8.8351
33665.0000 56.0273 8.8351
33670.0000 55.8725 8.7303
33675.0000 55.7556 8.7255
33680.0000 55.8461 8.7356
33685.0000 55.8523 8.7298
33690.0000 55.7826 8.7418
33695.0000 55.8155 8.7379
33700.0000 55.7826 8.7244
33705.0000 55.8372 8.7547
33710.0000 55.8157 8.7508
33715.0000 55.8279 8.7540
33720.0000 55.8494 8.7659
33725.0000 55.8641 8.7692
33730.0000 55.7675 8.7533
33735.0000 55.6791 8.6945
33740.0000 55.7103 8.7025
33745.0000 55.6990 8.6824
33750.0000 55.6882 8.6842
33755.0000 55.6873 8.6841
33760.0000 55.7033 8.7093
33765.0000 55.7198 8.7129
33770.0000 55.7122 8.7102
33775.0000 55.7287 8.7148
33780.0000 55.7342 8.7191
33785.0000 55.7745 8.7263
33790.0000 55.7722 8.7290
33795.0000 55.7167 8.7182
33800.0000 55.7614 8.7485
33805.0000 55.7474 8.7432
33810.0000 55.7046 8.7307
33815.0000 55.6900 8.7273
33820.0000 55.6735 8.7255
33825.0000 55.6767 8.7250
33830.0000 55.6825 8.7263
33835.0000 55.7004 8.7334
33840.0000 55.7045 8.7353
33845.0000 55.6805 8.7129
33850.0000 55.6331 8.7174
33855.0000 55.5127 8.7359
33860.0000 55.5089 8.7329
33865.0000 55.4961 8.7286
33870.0000 55.4552 8.7171
33875.0000 55.4318 8.7141
33880.0000 55.4321 8.7197
33885.0000 55.4444 8.7233
33890.0000 55.4536 8.7294
33895.0000 55.4665 8.7325
33900.0000 55.4938 8.7331
33905.0000 55.5143 8.7316
33910.0000 55.5125 8.7212
33915.0000 55.5274 8.7198
33920.0000 55.4970 8.6881
33925.0000 55.5310 8.7179
33930.0000 55.5417 8.7204
33935.0000 55.5123 8.7128
33940.0000 55.4911 8.7051
33945.0000 55.4995 8.7093
33950.0000 55.4641 8.6851
33955.0000 55.4791 8.6879
33960.0000 55.6316 8.7852
33965.0000 55.6709 8.8003
33970.0000 55.5481 8.7377
33975.0000 55.5080 8.8005
33980.0000 55.5154 8.8006
33985.0000 55.4752 8.7922
33990.0000 55.4870 8.8090
33995.0000 55.4426 8.7977
34000.0000 55.4078 8.7602
34005.0000 55.4222 8.7553
34010.0000 55.4316 8.7467
34015.0000 55.4908 8.7826
34020.0000 55.5527 8.7887
34025.0000 55.5689 8.7929
34030.0000 55.4269 8.7165
34035.0000 55.3415 8.6790
34040.0000 55.3573 8.6770
34045.0000 55.3427 8.6669
34050.0000 55.3246 8.6613
34055.0000 55.3067 8.6576
34060.0000 55.3048 8.6599
34065.0000 55.3591 8.6773
34070.0000 55.3206 8.6430
34075.0000 55.3600 8.6603
34080.0000 55.3657 8.6628
34085.0000 55.3981 8.6762
34090.0000 55.2953 8.6114
34095.0000 55.1970 8.5920
34100.0000 55.2075 8.5989
34105.0000 55.1958 8.5868
34110.0000 55.2113 8.5905
34115.0000 55.1689 8.5757
34120.0000 55.1865 8.5733
34125.0000 55.2551 8.5975
34130.0000 55.2468 8.5960
34135.0000 55.2995 8.6311
34140.0000 55.2995 8.6311
34145.0000 55.3059 8.6382
34150.0000 55.3084 8.6292
34155.0000 55.2500 8.6189
34160.0000 55.2992 8.6300
34165.0000 55.2798 8.6138
34170.0000 55.2711 8.6104
34175.0000 55.2483 8.6071
34180.0000 55.3548 8.6802
34185.0000 55.3935 8.7044
34190.0000 55.5474 8.7603
34195.0000 55.5716 8.7607
34200.0000 55.5774 8.7655
34205.0000 55.6003 8.7730
34210.0000 55.3950 8.6973
34215.0000 55.1955 8.6756
34220.0000 55.2060 8.6756
34225.0000 55.1654 8.6699
34230.0000 55.1457 8.6617
34235.0000 55.0956 8.6524
34240.0000 55.0891 8.6495
34245.0000 55.1081 8.6590
34250.0000 55.1406 8.6812
34255.0000 55.1417 8.6795
34260.0000 55.1920 8.7151
34265.0000 55.2087 8.7248
34270.0000 54.9159 8.6216
34275.0000 54.9095 8.6278
34280.0000 54.9881 8.6708
34285.0000 54.9727 8.6645
34290.0000 55.0052 8.6957
34295.0000 55.0818 8.7274
34300.0000 55.0791 8.7320
34305.0000 55.1166 8.7321
34310.0000 55.1322 8.7371
34315.0000 55.1548 8.7418
34320.0000 55.1809 8.7403
34325.0000 55.2456 8.7484
34330.0000 55.0994 8.7044
34335.0000 55.0894 8.6927
34340.0000 55.1187 8.7150
34345.0000 55.1217 8.7045
34350.0000 55.1427 8.7042
34355.0000 55.1249 8.7008
34360.0000 55.1270 8.7004
34365.0000 55.1737 8.7355
34370.0000 55.2023 8.7443
34375.0000 55.2134 8.7475
34380.0000 55.2407 8.7566
34385.0000 55.2874 8.7648
34390.0000 55.1866 8.7141
34395.0000 55.1933 8.7467
34400.0000 55.2029 8.7435
34405.0000 55.1594 8.7313
34410.0000 55.1407 8.7276
34415.0000 55.1305 8.7278
34420.0000 55.1256 8.7248
34425.0000 55.1915 8.7554
34430.0000 55.1961 8.7563
34435.0000 55.1961 8.7563
34440.0000 55.2669 8.8073
34445.0000 55.2669 8.8073
34450.0000 55.0558 8.7111
34455.0000 54.9396 8.6761
34460.0000 54.9394 8.6811
34465.0000 54.8442 8.6410
34470.0000 54.8276 8.6212
34475.0000 54.8028 8.6092
34480.0000 54.7687 8.6025
34485.0000 54.7845 8.6084
34490.0000 54.7883 8.6104
34495.0000 54.8276 8.6257
34500.0000 54.8595 8.6481
34505.0000 54.9162 8.6713
34510.0000 54.8136 8.6597
34515.0000 54.7760 8.6375
34520.0000 54.7350 8.6265
34525.0000 54.7506 8.6836
34530.0000 54.7347 8.6706
34535.0000 54.6658 8.6429
34540.0000 54.6604 8.6484
34545.0000 54.6755 8.6536
34550.0000 54.7631 8.6805
34555.0000 54.7814 8.6888
34560.0000 54.8059 8.6922
34565.0000 54.8995 8.7494
34570.0000 54.8356 8.7490
34575.0000 54.8285 8.7348
34580.0000 54.9124 8.7760
34585.0000 54.9044 8.7694
34590.0000 54.9567 8.7735
34595.0000 54.9771 8.7699
34600.0000 54.9936 8.7683
34605.0000 54.9581 8.7292
34610.0000 54.9778 8.7207
34615.0000 54.9893 8.7241
34620.0000 54.9986 8.7280
34625.0000 55.0094 8.7348
34630.0000 54.9610 8.7228
34635.0000 54.9703 8.7261
34640.0000 54.9406 8.7093
34645.0000 54.9870 8.7417
34650.0000 54.9536 8.7214
34655.0000 54.9390 8.7105
34660.0000 54.9214 8.6997
34665.0000 54.9533 8.7019
34670.0000 54.9467 8.6965
34675.0000 54.9636 8.6982
34680.0000 54.9764 8.6958
34685.0000 54.9932 8.6999
34690.0000 54.9509 8.7156
34695.0000 54.9008 8.7142
34700.0000 54.9205 8.7209
34705.0000 54.8643 8.7167
34710.0000 54.8829 8.7278
34715.0000 54.8533 8.7195
34720.0000 54.8380 8.7023
34725.0000 54.9313 8.7394
34730.0000 54.9478 8.7376
34735.0000 55.0157 8.7322
34740.0000 55.0352 8.7337
34745.0000 55.0453 8.7331
34750.0000 54.9660 8.7253
34755.0000 54.8584 8.6789
34760.0000 54.9281 8.7223
34765.0000 54.9054 8.7038
34770.0000 54.9186 8.7053
34775.0000 54.8983 8.6757
34780.0000 54.8916 8.6752
34785.0000 54.8987 8.6766
34790.0000 54.9129 8.6825
34795.0000 54.9322 8.6834
34800.0000 54.9816 8.7028
34805.0000 54.9921 8.7048
34810.0000 54.9317 8.6860
34815.0000 54.9121 8.7243
34820.0000 54.9085 8.7247
34825.0000 54.9465 8.7195
34830.0000 54.9385 8.7155
34835.0000 54.9309 8.7132
34840.0000 54.9124 8.7089
34845.0000 54.8948 8.6877
34850.0000 54.9201 8.6939
34855.0000 54.9282 8.6895
34860.0000 54.9433 8.6892
34865.0000 54.9692 8.7022
34870.0000 54.9117 8.6810
34875.0000 54.8311 8.6785
34880.0000 54.8329 8.6758
34885.0000 54.8239 8.6769
34890.0000 54.8009 8.6622
34895.0000 54.7058 8.6200
34900.0000 54.6823 8.6150
34905.0000 54.6836 8.6157
34910.0000 54.7000 8.6151
34915.0000 54.7329 8.6398
34920.0000 54.7419 8.6525
34925.0000 54.7518 8.6679
34930.0000 54.5916 8.6706
34935.0000 54.4936 8.6481
34940.0000 54.5261 8.6700
34945.0000 54.5303 8.6731
34950.0000 54.5068 8.6656
34955.0000 54.5037 8.6864
34960.0000 54.4902 8.6910
34965.0000 54.5120 8.7000
34970.0000 54.5580 8.7075
34975.0000 54.5331 8.6766
34980.0000 54.5507 8.6943
34985.0000 54.6038 8.7138
34990.0000 54.4976 8.7085
34995.0000 54.4625 8.6881
35000.0000 54.5100 8.7216
35005.0000 54.5197 8.7339
35010.0000 54.5249 8.7314
35015.0000 54.5090 8.7250
35020.0000 54.4889 8.7185
35025.0000 54.5390 8.7484
35030.0000 54.6363 8.7476
35035.0000 54.6642 8.7459
35040.0000 54.6702 8.7426
35045.0000 54.6781 8.7441
35050.0000 54.6110 8.7124
35055.0000 54.5453 8.7074
35060.0000 54.5279 8.7017
35065.0000 54.5292 8.7058
35070.0000 54.5192 8.7049
35075.0000 54.5230 8.7197
35080.0000 54.4822 8.7090
35085.0000 54.4969 8.7127
35090.0000 54.5151 8.7193
35095.0000 54.5325 8.7291
35100.0000 54.5330 8.7370
35105.0000 54.5872 8.7331
35110.0000 54.4155 8.7061
35115.0000 54.2487 8.7522
35120.0000 54.2506 8.7596
35125.0000 54.2720 8.7606
35130.0000 54.2886 8.7561
35135.0000 54.2591 8.7412
35140.0000 54.2455 8.7349
35145.0000 54.2588 8.7329
35150.0000 54.2651 8.7329
35155.0000 54.2878 8.7424
35160.0000 54.3090 8.7478
35165.0000 54.3325 8.7556
35170.0000 54.1701 8.7022
35175.0000 54.1475 8.6852
35180.0000 54.1059 8.6825
35185.0000 54.1024 8.6761
35190.0000 54.1000 8.6761
35195.0000 54.0989 8.6437
35200.0000 54.0796 8.6396
35205.0000 54.0889 8.6441
35210.0000 54.0888 8.6471
35215.0000 54.1207 8.6598
35220.0000 54.1263 8.6622
35225.0000 54.1777 8.6897
35230.0000 54.0974 8.6726
35235.0000 54.0641 8.6563
35240.0000 54.0823 8.6606
35245.0000 54.0566 8.6521
35250.0000 54.0508 8.6492
35255.0000 54.0746 8.6847
35260.0000 54.0576 8.6842
35265.0000 54.0745 8.6909
35270.0000 54.1033 8.7003
35275.0000 54.1348 8.7116
35280.0000 54.1510 8.7221
35285.0000 54.1812 8.7259
35290.0000 54.1622 8.7239
35295.0000 54.1809 8.7317
35300.0000 54.1419 8.6956
35305.0000 54.1578 8.6969
35310.0000 54.1456 8.6817
35315.0000 54.1368 8.6817
35320.0000 54.1245 8.6690
35325.0000 54.1482 8.6695
35330.0000 54.1966 8.6803
35335.0000 54.2318 8.6828
35340.0000 54.2497 8.6925
35345.0000 54.2646 8.6984
35350.0000 54.1851 8.6740
35355.0000 54.1163 8.6693
35360.0000 54.1361 8.6813
35365.0000 54.1430 8.6848
35370.0000 54.1309 8.6654
35375.0000 54.1039 8.6435
35380.0000 54.0783 8.6285
35385.0000 54.0816 8.6256
35390.0000 54.1104 8.6321
35395.0000 54.2331 8.7071
35400.0000 54.3001 8.7486
35405.0000 54.3125 8.7492
35410.0000 54.2575 8.7298
35415.0000 54.2683 8.7280
35420.0000 54.2711 8.7263
35425.0000 54.3649 8.7699
35430.0000 54.3321 8.7436
35435.0000 54.3146 8.7398
35440.0000 54.2928 8.7347
35445.0000 54.2995 8.7359
35450.0000 54.3169 8.7357
35455.0000 54.3284 8.7429
35460.0000 54.3739 8.7651
35465.0000 54.4322 8.8080
35470.0000 54.3156 8.8126
35475.0000 54.2752 8.8323
35480.0000 54.2663 8.8255
35485.0000 54.2550 8.8062
35490.0000 54.2290 8.7922
35495.0000 54.2096 8.7896
35500.0000 54.1930 8.7737
35505.0000 54.2505 8.8003
35510.0000 54.2511 8.7981
35515.0000 54.2762 8.8009
35520.0000 54.2863 8.7999
35525.0000 54.2943 8.7995
35530.0000 54.2779 8.8150
35535.0000 54.2215 8.7963
35540.0000 54.2272 8.7941
35545.0000 54.2173 8.7806
35550.0000 54.1928 8.7745
35555.0000 54.2311 8.7376
35560.0000 54.2183 8.7335
35565.0000 54.2313 8.7317
35570.0000 54.2344 8.7295
35575.0000 54.2936 8.7443
35580.0000 54.3062 8.7493
35585.0000 54.3896 8.7923
35590.0000 54.3051 8.7620
35595.0000 54.2591 8.7466
35600.0000 54.2561 8.7423
35605.0000 54.2382 8.7327
35610.0000 54.2371 8.7338
35615.0000 54.2090 8.7280
35620.0000 54.1938 8.7218
35625.0000 54.1900 8.7175
35630.0000 54.2283 8.7234
35635.0000 54.2772 8.7459
35640.0000 54.2772 8.7459
35645.0000 54.2904 8.7530
35650.0000 54.1750 8.7430
35655.0000 54.1698 8.7754
35660.0000 54.1563 8.7676
35665.0000 54.1552 8.7648
35670.0000 54.1212 8.7523
35675.0000 54.1824 8.7998
35680.0000 54.1465 8.7762
35685.0000 54.1950 8.8026
35690.0000 54.2248 8.8170
35695.0000 54.2389 8.8102
35700.0000 54.2570 8.8112
35705.0000 54.2766 8.8178
35710.0000 54.1262 8.7335
35715.0000 54.0898 8.7311
35720.0000 54.0886 8.7347
35725.0000 54.1082 8.7313
35730.0000 54.1080 8.7354
35735.0000 54.0971 8.7202
35740.0000 54.0525 8.7007
35745.0000 54.0855 8.7325
35750.0000 54.1151 8.7414
35755.0000 54.1590 8.7616
35760.0000 54.2580 8.8139
35765.0000 54.2434 8.7825
35770.0000 54.2628 8.7679
35775.0000 54.1965 8.7576
35780.0000 54.1904 8.7589
35785.0000 54.1705 8.7762
35790.0000 54.1350 8.7662
35795.0000 54.1268 8.7594
35800.0000 54.2221 8.8161
35805.0000 54.2935 8.8244
35810.0000 54.3061 8.8298
35815.0000 54.3075 8.8327
35820.0000 54.3982 8.8503
35825.0000 54.4267 8.8615
35830.0000 54.3934 8.8376
35835.0000 54.4005 8.8084
35840.0000 54.4213 8.8187
35845.0000 54.4252 8.8149
35850.0000 54.3905 8.8162
35855.0000 54.3895 8.8018
35860.0000 54.4408 8.7809
35865.0000 54.5527 8.7807
35870.0000 54.5934 8.7932
35875.0000 54.6289 8.8096
35880.0000 54.6577 8.8129
35885.0000 54.6492 8.7775
35890.0000 54.5276 8.7000
35895.0000 54.5194 8.6940
35900.0000 54.5190 8.6894
35905.0000 54.5210 8.6891
35910.0000 54.5525 8.7136
35915.0000 54.5507 8.7166
35920.0000 54.5353 8.7092
35925.0000 54.5302 8.7053
35930.0000 54.5301 8.7047
35935.0000 54.5369 8.7073
35940.0000 54.5613 8.7315
35945.0000 54.5969 8.7591
35950.0000 54.3916 8.7220
35955.0000 54.3601 8.7238
35960.0000 54.3823 8.7289
35965.0000 54.4013 8.7323
35970.0000 54.3982 8.7200
35975.0000 54.3907 8.7194
35980.0000 54.3973 8.7207
35985.0000 54.4263 8.7502
35990.0000 54.4679 8.7537
35995.0000 54.4923 8.7625
36000.0000 54.5605 8.8048
36005.0000 54.5880 8.8124
36010.0000 54.6232 8.7910
36015.0000 54.4970 8.7353
36020.0000 54.5533 8.7718
36025.0000 54.5535 8.7703
36030.0000 54.5359 8.7586
36035.0000 54.5363 8.7618
36040.0000 54.4893 8.7446
36045.0000 54.5078 8.7610
36050.0000 54.5251 8.7705
36055.0000 54.5548 8.7818
36060.0000 54.5504 8.7772
36065.0000 54.5569 8.7846
36070.0000 54.5044 8.7801
36075.0000 54.3491 8.8141
36080.0000 54.3794 8.8047
36085.0000 54.3976 8.8141
36090.0000 54.4112 8.8387
36095.0000 54.4022 8.8301
36100.0000 54.3876 8.8411
36105.0000 54.3888 8.8445
36110.0000 54.4033 8.8491
36115.0000 54.4248 8.8405
36120.0000 54.4456 8.8477
36125.0000 54.4237 8.8251
36130.0000 54.2937 8.7659
36135.0000 54.2244 8.7656
36140.0000 54.1961 8.7450
36145.0000 54.2087 8.7493
36150.0000 54.1985 8.7489
36155.0000 54.1987 8.7469
36160.0000 54.1865 8.7235
36165.0000 54.1853 8.7192
36170.0000 54.1910 8.7225
36175.0000 54.1964 8.7239
36180.0000 54.2612 8.7049
36185.0000 54.2995 8.7285
36190.0000 54.2496 8.7521
36195.0000 54.1157 8.7563
36200.0000 54.1101 8.7550
36205.0000 54.1226 8.7516
36210.0000 54.0942 8.7427
36215.0000 54.1042 8.7458
36220.0000 54.1164 8.7490
36225.0000 54.1439 8.7582
36230.0000 54.1489 8.7593
36235.0000 54.1501 8.7607
36240.0000 54.1599 8.7636
36245.0000 54.1815 8.7665
36250.0000 54.0996 8.7361
36255.0000 54.0737 8.7192
36260.0000 54.1645 8.7068
36265.0000 54.2117 8.7390
36270.0000 54.2091 8.7402
36275.0000 54.1897 8.7242
36280.0000 54.2157 8.7485
36285.0000 54.2689 8.7802
36290.0000 54.2518 8.7608
36295.0000 54.2820 8.7672
36300.0000 54.3204 8.7820
36305.0000 54.3554 8.7927
36310.0000 54.2842 8.8185
36315.0000 54.2022 8.8213
36320.0000 54.2311 8.8449
36325.0000 54.3179 8.8604
36330.0000 54.3293 8.8565
36335.0000 54.3489 8.8491
36340.0000 54.3314 8.8279
36345.0000 54.3984 8.8624
36350.0000 54.4234 8.8601
36355.0000 54.4483 8.7828
36360.0000 54.5546 8.8070
36365.0000 54.5711 8.7923
36370.0000 54.3757 8.7797
36375.0000 54.2703 8.7833
36380.0000 54.2488 8.7721
36385.0000 54.3463 8.7903
36390.0000 54.3430 8.7932
36395.0000 54.3186 8.7841
36400.0000 54.3113 8.7865
36405.0000 54.3261 8.7891
36410.0000 54.3342 8.7909
36415.0000 54.4106 8.8101
36420.0000 54.4241 8.8184
36425.0000 54.4415 8.8276
36430.0000 54.4110 8.8346
36435.0000 54.3983 8.8641
36440.0000 54.4322 8.8841
36445.0000 54.4378 8.8778
36450.0000 54.4491 8.8894
36455.0000 54.4411 8.8787
36460.0000 54.4302 8.8549
36465.0000 54.4660 8.8399
36470.0000 54.4856 8.8384
36475.0000 54.4912 8.8344
36480.0000 54.5060 8.8446
36485.0000 54.5096 8.8479
36490.0000 54.3706 8.7939
36495.0000 54.3311 8.7897
36500.0000 54.3796 8.8206
36505.0000 54.3943 8.8108
36510.0000 54.3451 8.8071
36515.0000 54.3396 8.7976
36520.0000 54.3749 8.8266
36525.0000 54.4115 8.8573
36530.0000 54.4140 8.8514
36535.0000 54.4182 8.8551
36540.0000 54.4592 8.8536
36545.0000 54.4667 8.8576
36550.0000 54.4625 8.8862
36555.0000 54.4662 8.8960
36560.0000 54.4571 8.8683
36565.0000 54.4365 8.8689
36570.0000 54.4873 8.8641
36575.0000 54.5049 8.8648
36580.0000 54.4472 8.8283
36585.0000 54.4801 8.8210
36590.0000 54.4816 8.8216
36595.0000 54.4954 8.8002
36600.0000 54.5150 8.8252
36605.0000 54.5328 8.8328
36610.0000 54.4887 8.8746
36615.0000 54.4741 8.8646
36620.0000 54.5134 8.9069
36625.0000 54.5045 8.9035
36630.0000 54.4663 8.8820
36635.0000 54.4185 8.8657
36640.0000 54.3834 8.8471
36645.0000 54.4083 8.8351
36650.0000 54.4130 8.8287
36655.0000 54.4317 8.8348
36660.0000 54.4085 8.8088
36665.0000 54.3848 8.7893
36670.0000 54.2682 8.7487
36675.0000 54.2690 8.7074
36680.0000 54.2893 8.7063
36685.0000 54.3330 8.7239
36690.0000 54.4042 8.7023
36695.0000 54.4222 8.7110
36700.0000 54.3742 8.6985
36705.0000 54.3936 8.7057
36710.0000 54.3910 8.7049
36715.0000 54.4016 8.7145
36720.0000 54.4364 8.7046
36725.0000 54.4732 8.7303
36730.0000 54.4739 8.7198
36735.0000 54.4407 8.7068
36740.0000 54.4535 8.7142
36745.0000 54.4237 8.6988
36750.0000 54.4892 8.6668
36755.0000 54.4696 8.6506
36760.0000 54.4460 8.6371
36765.0000 54.4514 8.6270
36770.0000 54.5299 8.6735
36775.0000 54.5454 8.6749
36780.0000 54.5863 8.7012
36785.0000 54.6141 8.7077
36790.0000 54.5578 8.7185
36795.0000 54.5091 8.6967
36800.0000 54.5238 8.7007
36805.0000 54.5774 8.7221
36810.0000 54.5893 8.7169
36815.0000 54.5373 8.6832
36820.0000 54.4851 8.6670
36825.0000 54.5066 8.6862
36830.0000 54.5289 8.6763
36835.0000 54.5728 8.6690
36840.0000 54.5864 8.6749
36845.0000 54.5957 8.6798
36850.0000 54.6304 8.6833
36855.0000 54.5729 8.6562
36860.0000 54.5682 8.6660
36865.0000 54.5447 8.6611
36870.0000 54.5550 8.6533
36875.0000 54.5662 8.6569
36880.0000 54.5765 8.6323
36885.0000 54.5758 8.6296
36890.0000 54.5817 8.6271
36895.0000 54.5842 8.6292
36900.0000 54.5968 8.6364
36905.0000 54.5975 8.6404
36910.0000 54.5059 8.6467
36915.0000 54.3618 8.6296
36920.0000 54.3664 8.6308
36925.0000 54.3750 8.6312
36930.0000 54.3623 8.6248
36935.0000 54.3530 8.6150
36940.0000 54.3012 8.5903
36945.0000 54.3562 8.6223
36950.0000 54.3773 8.6245
36955.0000 54.3829 8.6198
36960.0000 54.4103 8.6243
36965.0000 54.4213 8.6170
36970.0000 54.3415 8.5812
36975.0000 54.2566 8.5631
36980.0000 54.3207 8.5673
36985.0000 54.3560 8.5613
36990.0000 54.3570 8.5853
36995.0000 54.3600 8.5720
37000.0000 54.3464 8.5670
37005.0000 54.3578 8.5660
37010.0000 54.3760 8.5702
37015.0000 54.3675 8.5676
37020.0000 54.3738 8.5757
37025.0000 54.3915 8.5749
37030.0000 54.3122 8.5662
37035.0000 54.2694 8.5948
37040.0000 54.2962 8.6092
37045.0000 54.3440 8.6260
37050.0000 54.3049 8.6161
37055.0000 54.2524 8.5896
37060.0000 54.2524 8.5943
37065.0000 54.2575 8.5976
37070.0000 54.2675 8.6034
37075.0000 54.2749 8.6040
37080.0000 54.3312 8.6057
37085.0000 54.3594 8.6226
37090.0000 54.2581 8.6129
37095.0000 54.1597 8.5867
37100.0000 54.1450 8.5743
37105.0000 54.1443 8.5694
37110.0000 54.1485 8.5548
37115.0000 54.1475 8.5486
37120.0000 54.1569 8.5191
37125.0000 54.2254 8.5625
37130.0000 54.2351 8.5639
37135.0000 54.3215 8.6264
37140.0000 54.3285 8.6366
37145.0000 54.3753 8.6285
37150.0000 54.3832 8.6233
37155.0000 54.3434 8.6549
37160.0000 54.3824 8.6478
37165.0000 54.4383 8.6374
37170.0000 54.4052 8.6418
37175.0000 54.3926 8.6377
37180.0000 54.4062 8.6253
37185.0000 54.3991 8.6279
37190.0000 54.4074 8.6226
37195.0000 54.4368 8.6474
37200.0000 54.4527 8.6515
37205.0000 54.4610 8.6582
37210.0000 54.2755 8.7239
37215.0000 54.0988 8.6709
37220.0000 54.0179 8.6126
37225.0000 54.0385 8.6010
37230.0000 54.1363 8.6215
37235.0000 54.1930 8.6340
37240.0000 54.2200 8.6443
37245.0000 54.2887 8.6940
37250.0000 54.2833 8.6869
37255.0000 54.2986 8.6974
37260.0000 54.3007 8.7048
37265.0000 54.3105 8.7148
37270.0000 54.1839 8.6990
37275.0000 54.0979 8.7177
37280.0000 54.1495 8.7281
37285.0000 54.1103 8.7132
37290.0000 54.1050 8.7127
37295.0000 54.0853 8.7000
37300.0000 54.0610 8.6965
37305.0000 54.1136 8.7082
37310.0000 54.1545 8.6917
37315.0000 54.1634 8.6983
37320.0000 54.1721 8.7005
37325.0000 54.1808 8.7056
37330.0000 54.1487 8.7114
37335.0000 54.1517 8.7122
37340.0000 54.1687 8.7142
37345.0000 54.1729 8.7074
37350.0000 54.1656 8.7158
37355.0000 54.1507 8.7086
37360.0000 54.1501 8.6820
37365.0000 54.1817 8.6659
37370.0000 54.1994 8.6741
37375.0000 54.2130 8.6730
37380.0000 54.2648 8.6928
37385.0000 54.2792 8.6934
37390.0000 54.1936 8.6700
37395.0000 54.1508 8.6463
37400.0000 54.2556 8.7104
37405.0000 54.2292 8.6990
37410.0000 54.2188 8.6900
37415.0000 54.1513 8.6445
37420.0000 54.1743 8.6360
37425.0000 54.1628 8.6338
37430.0000 54.1785 8.6358
37435.0000 54.1987 8.6376
37440.0000 54.1888 8.6242
37445.0000 54.2093 8.6265
37450.0000 54.1578 8.6473
37455.0000 54.1089 8.6490
37460.0000 54.1018 8.6497
37465.0000 54.0740 8.6372
37470.0000 54.1084 8.6099
37475.0000 54.1346 8.6050
37480.0000 54.1733 8.6329
37485.0000 54.1719 8.6320
37490.0000 54.1812 8.6277
37495.0000 54.1892 8.6321
37500.0000 54.1839 8.6365
37505.0000 54.1984 8.6410
37510.0000 54.1745 8.6061
37515.0000 54.0659 8.5760
37520.0000 54.0641 8.5854
37525.0000 54.0715 8.5991
37530.0000 54.0574 8.5906
37535.0000 54.0505 8.5922
37540.0000 54.0659 8.6089
37545.0000 54.0536 8.6072
37550.0000 54.0260 8.5793
37555.0000 54.0303 8.5827
37560.0000 54.0641 8.5979
37565.0000 54.1151 8.6094
37570.0000 54.0521 8.6358
37575.0000 53.9882 8.6155
37580.0000 53.9961 8.6170
37585.0000 54.0772 8.5624
37590.0000 54.0582 8.5439
37595.0000 54.0675 8.5421
37600.0000 54.0579 8.5021
37605.0000 54.0647 8.4954
37610.0000 54.1071 8.5140
37615.0000 54.1260 8.5186
37620.0000 54.1766 8.5247
37625.0000 54.1974 8.5249
37630.0000 54.1534 8.4987
37635.0000 54.1659 8.5017
37640.0000 54.1828 8.5021
37645.0000 54.1896 8.4924
37650.0000 54.1963 8.4763
37655.0000 54.2073 8.4567
37660.0000 54.2553 8.4346
37665.0000 54.2603 8.4345
37670.0000 54.3003 8.4650
37675.0000 54.3123 8.4691
37680.0000 54.3161 8.4698
37685.0000 54.3186 8.4706
37690.0000 54.3206 8.4692
37695.0000 54.2744 8.4649
37700.0000 54.2787 8.4684
37705.0000 54.3068 8.4616
37710.0000 54.3189 8.4677
37715.0000 54.3122 8.4648
37720.0000 54.2781 8.4517
37725.0000 54.3171 8.4458
37730.0000 54.3143 8.4452
37735.0000 54.3336 8.4554
37740.0000 54.3510 8.4598
37745.0000 54.3647 8.4709
37750.0000 54.3724 8.4685
37755.0000 54.3395 8.4418
37760.0000 54.3443 8.4467
37765.0000 54.3598 8.4412
37770.0000 54.3475 8.4265
37775.0000 54.3840 8.4264
37780.0000 54.3777 8.4221
37785.0000 54.3857 8.4191
37790.0000 54.3930 8.4193
37795.0000 54.4008 8.4230
37800.0000 54.4012 8.4277
37805.0000 54.4267 8.4380
37810.0000 54.3457 8.4263
37815.0000 54.3609 8.4293
37820.0000 54.3622 8.4220
37825.0000 54.3696 8.4201
37830.0000 54.4105 8.4108
37835.0000 54.4408 8.4229
37840.0000 54.4321 8.4200
37845.0000 54.4479 8.4199
37850.0000 54.4769 8.4070
37855.0000 54.5314 8.4199
37860.0000 54.5798 8.4120
37865.0000 54.5891 8.4131
37870.0000 54.5518 8.4220
37875.0000 54.4794 8.3972
37880.0000 54.4794 8.3972
37885.0000 54.4728 8.3938
37890.0000 54.4511 8.3912
37895.0000 54.4872 8.3818
37900.0000 54.4603 8.3764
37905.0000 54.4759 8.3810
37910.0000 54.5055 8.3757
37915.0000 54.5099 8.3739
37920.0000 54.5725 8.4083
37925.0000 54.5516 8.3972
37930.0000 54.3705 8.3585
37935.0000 54.3942 8.3623
37940.0000 54.4022 8.3662
37945.0000 54.4365 8.3908
37950.0000 54.4619 8.4031
37955.0000 54.4851 8.3969
37960.0000 54.4763 8.3788
37965.0000 54.4976 8.3778
37970.0000 54.4882 8.3710
37975.0000 54.5000 8.3758
37980.0000 54.5220 8.3827
37985.0000 54.5273 8.3831
37990.0000 54.5225 8.4254
37995.0000 54.5170 8.4275
38000.0000 54.5509 8.4599
38005.0000 54.5659 8.4714
38010.0000 54.5366 8.4622
38015.0000 54.5210 8.4440
38020.0000 54.4979 8.4356
38025.0000 54.5048 8.4298
38030.0000 54.4988 8.4231
38035.0000 54.5197 8.4310
38040.0000 54.5294 8.4300
38045.0000 54.5997 8.4629
38050.0000 54.5330 8.4517
38055.0000 54.4688 8.4236
38060.0000 54.4684 8.4313
38065.0000 54.4579 8.4261
38070.0000 54.4575 8.4356
38075.0000 54.4149 8.4113
38080.0000 54.4125 8.4079
38085.0000 54.4459 8.4152
38090.0000 54.4344 8.4071
38095.0000 54.5523 8.4552
38100.0000 54.5819 8.4693
38105.0000 54.6031 8.4760
38110.0000 54.5716 8.5184
38115.0000 54.5297 8.5456
38120.0000 54.5334 8.5488
38125.0000 54.5061 8.5463
38130.0000 54.4882 8.5506
38135.0000 54.4628 8.5380
38140.0000 54.4346 8.5279
38145.0000 54.4171 8.5256
38150.0000 54.4169 8.5272
38155.0000 54.4296 8.5319
38160.0000 54.4493 8.5351
38165.0000 54.4548 8.5395
38170.0000 54.2900 8.5851
38175.0000 54.2076 8.6190
38180.0000 54.1469 8.5870
38185.0000 54.1200 8.5781
38190.0000 54.1063 8.5698
38195.0000 54.0994 8.5647
38200.0000 54.0854 8.5576
38205.0000 54.0833 8.5520
38210.0000 54.1039 8.5539
38215.0000 54.0952 8.5246
38220.0000 54.1096 8.5293
38225.0000 54.1295 8.5378
38230.0000 53.9300 8.4977
38235.0000 53.9599 8.5114
38240.0000 53.9721 8.5209
38245.0000 53.9670 8.5330
38250.0000 53.9829 8.5484
38255.0000 53.9751 8.5493
38260.0000 53.9561 8.5416
38265.0000 53.9829 8.5543
38270.0000 53.9785 8.5529
38275.0000 54.0477 8.5910
38280.0000 54.0585 8.5978
38285.0000 54.0841 8.6078
38290.0000 54.0873 8.5904
38295.0000 54.0302 8.5584
38300.0000 54.1182 8.5638
38305.0000 54.1108 8.5603
38310.0000 54.1651 8.5202
38315.0000 54.2844 8.5658
38320.0000 54.2630 8.5637
38325.0000 54.3192 8.5560
38330.0000 54.3675 8.5883
38335.0000 54.3639 8.5869
38340.0000 54.4325 8.6175
38345.0000 54.5192 8.6370
38350.0000 54.3913 8.6016
38355.0000 54.2959 8.5190
38360.0000 54.4071 8.5498
38365.0000 54.4100 8.5566
38370.0000 54.4345 8.5735
38375.0000 54.4097 8.5639
38380.0000 54.3826 8.5471
38385.0000 54.3671 8.5449
38390.0000 54.4067 8.5586
38395.0000 54.4376 8.5684
38400.0000 54.4491 8.5749
38405.0000 54.5138 8.5818
38410.0000 54.4715 8.5759
38415.0000 54.4649 8.5647
38420.0000 54.5150 8.5670
38425.0000 54.5729 8.5754
38430.0000 54.5747 8.5774
38435.0000 54.5333 8.5508
38440.0000 54.5255 8.5408
38445.0000 54.5121 8.5371
38450.0000 54.5121 8.5279
38455.0000 54.5185 8.5261
38460.0000 54.6471 8.5367
38465.0000 54.6860 8.5383
38470.0000 54.5523 8.5014
38475.0000 54.3595 8.4876
38480.0000 54.3627 8.4982
38485.0000 54.3327 8.4841
38490.0000 54.3826 8.5428
38495.0000 54.3697 8.5266
38500.0000 54.3688 8.5077
38505.0000 54.4062 8.5366
38510.0000 54.4784 8.5540
38515.0000 54.4832 8.5545
38520.0000 54.4919 8.5642
38525.0000 54.4977 8.5698
38530.0000 54.4729 8.5974
38535.0000 54.3512 8.5897
38540.0000 54.3713 8.5949
38545.0000 54.3457 8.5801
38550.0000 54.3148 8.5756
38555.0000 54.2963 8.5666
38560.0000 54.2925 8.5620
38565.0000 54.2903 8.5421
38570.0000 54.2691 8.5148
38575.0000 54.3027 8.5240
38580.0000 54.3034 8.5168
38585.0000 54.3301 8.5183
38590.0000 54.3310 8.5185
38595.0000 54.3026 8.4918
38600.0000 54.3651 8.5369
38605.0000 54.3348 8.5293
38610.0000 54.3350 8.5388
38615.0000 54.3120 8.5274
38620.0000 54.2872 8.5155
38625.0000 54.2919 8.5271
38630.0000 54.3231 8.5308
38635.0000 54.3654 8.5417
38640.0000 54.3763 8.5481
38645.0000 54.3921 8.5522
38650.0000 54.3882 8.5550
38655.0000 54.3506 8.5429
38660.0000 54.3383 8.5561
38665.0000 54.3494 8.5562
38670.0000 54.3679 8.5487
38675.0000 54.3232 8.5204
38680.0000 54.3435 8.5341
38685.0000 54.3398 8.5367
38690.0000 54.3347 8.5317
38695.0000 54.3873 8.5674
38700.0000 54.3993 8.5714
38705.0000 54.4203 8.5448
38710.0000 54.4175 8.5540
38715.0000 54.4265 8.5664
38720.0000 54.3866 8.5369
38725.0000 54.3583 8.5257
38730.0000 54.3521 8.5233
38735.0000 54.3338 8.5125
38740.0000 54.3106 8.5034
38745.0000 54.2941 8.5018
38750.0000 54.2920 8.4974
38755.0000 54.3446 8.4965
38760.0000 54.3552 8.4990
38765.0000 54.3701 8.5042
38770.0000 54.2327 8.4594
38775.0000 54.2071 8.4742
38780.0000 54.2420 8.4833
38785.0000 54.2501 8.4903
38790.0000 54.2482 8.4985
38795.0000 54.2869 8.4909
38800.0000 54.2871 8.4908
38805.0000 54.2747 8.4944
38810.0000 54.2715 8.4920
38815.0000 54.2855 8.4979
38820.0000 54.2955 8.5022
38825.0000 54.3145 8.5160
38830.0000 54.2431 8.5854
38835.0000 54.1527 8.5782
38840.0000 54.1640 8.5939
38845.0000 54.1531 8.5909
38850.0000 54.1360 8.6003
38855.0000 54.1422 8.5906
38860.0000 54.1189 8.5809
38865.0000 54.1189 8.5828
38870.0000 54.1239 8.5872
38875.0000 54.1445 8.5957
38880.0000 54.1524 8.5973
38885.0000 54.1730 8.6073
38890.0000 54.1293 8.6104
38895.0000 54.0263 8.5659
38900.0000 54.0403 8.5743
38905.0000 54.0068 8.5628
38910.0000 54.0163 8.5684
38915.0000 54.0229 8.5731
38920.0000 54.0170 8.5797
38925.0000 54.0901 8.6235
38930.0000 54.0726 8.6115
38935.0000 54.0818 8.6168
38940.0000 54.1265 8.6120
38945.0000 54.1380 8.6162
38950.0000 54.0921 8.6189
38955.0000 54.0510 8.5901
38960.0000 54.0694 8.6070
38965.0000 54.0428 8.6015
38970.0000 54.0345 8.6043
38975.0000 54.0386 8.6136
38980.0000 53.9899 8.5802
38985.0000 53.9872 8.5692
38990.0000 54.0037 8.5558
38995.0000 54.0324 8.5594
39000.0000 54.0794 8.5752
39005.0000 54.0831 8.5811
39010.0000 54.0343 8.5759
39015.0000 54.0259 8.5599
39020.0000 54.0276 8.5690
39025.0000 54.0315 8.5632
39030.0000 54.0311 8.5537
39035.0000 53.9982 8.5391
39040.0000 53.9806 8.5342
39045.0000 54.0157 8.5644
39050.0000 54.0213 8.5701
39055.0000 54.0766 8.5920
39060.0000 54.0809 8.5979
39065.0000 54.0895 8.6122
39070.0000 54.0287 8.6147
39075.0000 54.0609 8.6067
39080.0000 54.1048 8.6329
39085.0000 54.1228 8.6399
39090.0000 54.2433 8.6945
39095.0000 54.2277 8.6955
39100.0000 54.1984 8.6896
39105.0000 54.2103 8.6957
39110.0000 54.2041 8.6890
39115.0000 54.2179 8.6962
39120.0000 54.2198 8.6983
39125.0000 54.2318 8.7055
39130.0000 54.2553 8.7081
39135.0000 54.2222 8.7241
39140.0000 54.2191 8.7365
39145.0000 54.1966 8.7324
39150.0000 54.1563 8.7243
39155.0000 54.1739 8.7091
39160.0000 54.1385 8.6975
39165.0000 54.1351 8.6964
39170.0000 54.1510 8.6776
39175.0000 54.1641 8.6821
39180.0000 54.1688 8.6854
39185.0000 54.2416 8.6846
39190.0000 54.1298 8.6284
39195.0000 54.1368 8.6328
39200.0000 54.1374 8.6431
39205.0000 54.2064 8.6563
39210.0000 54.2106 8.6554
39215.0000 54.1519 8.6135
39220.0000 54.1687 8.6160
39225.0000 54.1586 8.6149
39230.0000 54.1365 8.6062
39235.0000 54.1903 8.6054
39240.0000 54.2431 8.6314
39245.0000 54.2862 8.6534
39250.0000 54.2848 8.6496
39255.0000 54.2981 8.6589
39260.0000 54.3390 8.6527
39265.0000 54.3304 8.6401
39270.0000 54.3107 8.6257
39275.0000 54.3028 8.6250
39280.0000 54.2633 8.6092
39285.0000 54.2668 8.6089
39290.0000 54.3410 8.5668
39295.0000 54.3781 8.5432
39300.0000 54.4156 8.5450
39305.0000 54.4934 8.5675
39310.0000 54.3952 8.6315
39315.0000 54.1835 8.5948
39320.0000 54.1731 8.6022
39325.0000 54.1704 8.6020
39330.0000 54.1572 8.6095
39335.0000 54.2036 8.6263
39340.0000 54.2409 8.6160
39345.0000 54.2508 8.6199
39350.0000 54.2737 8.6153
39355.0000 54.2858 8.6123
39360.0000 54.3162 8.6167
39365.0000 54.3350 8.6255
39370.0000 54.2760 8.6594
39375.0000 54.1714 8.6211
39380.0000 54.1738 8.6284
39385.0000 54.1803 8.6293
39390.0000 54.1525 8.6119
39395.0000 54.1558 8.6127
39400.0000 54.1262 8.6024
39405.0000 54.1073 8.5973
39410.0000 54.1137 8.5998
39415.0000 54.1676 8.5948
39420.0000 54.1820 8.5977
39425.0000 54.1867 8.6041
39430.0000 54.0749 8.6136
39435.0000 54.0499 8.5925
39440.0000 54.0437 8.6034
39445.0000 54.0011 8.5782
39450.0000 54.0003 8.5656
39455.0000 54.0077 8.5695
39460.0000 53.9850 8.5579
39465.0000 54.0212 8.5617
39470.0000 54.0353 8.5725
39475.0000 54.0543 8.5798
39480.0000 54.0709 8.5841
39485.0000 54.0891 8.5853
39490.0000 54.0064 8.5844
39495.0000 54.0394 8.5919
39500.0000 54.0563 8.5964
39505.0000 54.0791 8.6035
39510.0000 54.0776 8.6077
39515.0000 54.0782 8.6036
39520.0000 54.0653 8.5826
39525.0000 54.0768 8.5816
39530.0000 54.0606 8.5676
39535.0000 54.0680 8.5690
39540.0000 54.0639 8.5663
39545.0000 54.0876 8.5758
39550.0000 54.0924 8.5851
39555.0000 54.0695 8.5705
39560.0000 54.0993 8.5476
39565.0000 54.0897 8.5194
39570.0000 54.0597 8.5046
39575.0000 54.1114 8.5437
39580.0000 54.1535 8.5273
39585.0000 54.2248 8.5353
39590.0000 54.3066 8.5277
39595.0000 54.3513 8.5100
39600.0000 54.4181 8.4880
39605.0000 54.4727 8.4980
39610.0000 54.4433 8.4675
39615.0000 54.3917 8.4335
39620.0000 54.3969 8.4322
39625.0000 54.4150 8.4472
39630.0000 54.3997 8.4454
39635.0000 54.4212 8.4638
39640.0000 54.4562 8.4774
39645.0000 54.4460 8.4746
39650.0000 54.4265 8.4600
39655.0000 54.4264 8.4600
39660.0000 54.4373 8.4618
39665.0000 54.4557 8.4682
39670.0000 54.4411 8.4775
39675.0000 54.4198 8.4501
39680.0000 54.4471 8.4690
39685.0000 54.4594 8.4747
39690.0000 54.4964 8.4341
39695.0000 54.5066 8.4387
39700.0000 54.4949 8.4391
39705.0000 54.5054 8.4401
39710.0000 54.5086 8.4457
39715.0000 54.5122 8.4438
39720.0000 54.5410 8.4475
39725.0000 54.5502 8.4458
39730.0000 54.5479 8.4377
39735.0000 54.5352 8.4411
39740.0000 54.5419 8.4500
39745.0000 54.5401 8.4556
39750.0000 54.5330 8.4489
39755.0000 54.5286 8.4519
39760.0000 54.5567 8.4486
39765.0000 54.5722 8.4561
39770.0000 54.5649 8.4492
39775.0000 54.5935 8.4602
39780.0000 54.6482 8.4946
39785.0000 54.6699 8.4970
39790.0000 54.6434 8.5266
39795.0000 54.6073 8.5025
39800.0000 54.6159 8.5112
39805.0000 54.5117 8.4861
39810.0000 54.4880 8.4775
39815.0000 54.4713 8.4526
39820.0000 54.4776 8.4407
39825.0000 54.5391 8.4420
39830.0000 54.5465 8.4412
39835.0000 54.5646 8.4511
39840.0000 54.6935 8.4864
39845.0000 54.6953 8.4914
39850.0000 54.5051 8.5120
39855.0000 54.2662 8.3935
39860.0000 54.2774 8.3964
39865.0000 54.1338 8.3472
39870.0000 54.1181 8.3480
39875.0000 54.1188 8.3650
39880.0000 54.0952 8.3546
39885.0000 54.0730 8.3494
39890.0000 54.0527 8.3436
39895.0000 54.0845 8.3479
39900.0000 54.0845 8.3479
39905.0000 54.0541 8.3142
39910.0000 53.9756 8.2858
39915.0000 53.9285 8.2758
39920.0000 53.9337 8.2724
39925.0000 53.9789 8.2925
39930.0000 53.9617 8.2891
39935.0000 53.9397 8.2822
39940.0000 53.9152 8.2603
39945.0000 53.8951 8.2536
39950.0000 53.9266 8.2609
39955.0000 53.9811 8.2924
39960.0000 53.9968 8.3018
39965.0000 54.0037 8.3026
39970.0000 53.9413 8.2945
39975.0000 53.8127 8.2650
39980.0000 53.8023 8.2681
39985.0000 53.7631 8.2651
39990.0000 53.7280 8.2542
39995.0000 53.7121 8.2451
40000.0000 53.6848 8.2390
40005.0000 53.7122 8.2657
40010.0000 53.7348 8.2731
40015.0000 53.7452 8.2687
40020.0000 53.7750 8.2744
40025.0000 53.7713 8.2729
40030.0000 53.7706 8.2867
40035.0000 53.7723 8.2854
40040.0000 53.7625 8.2863
40045.0000 53.7686 8.2897
40050.0000 53.7050 8.2820
40055.0000 53.7168 8.2885
40060.0000 53.6886 8.2761
40065.0000 53.6737 8.2769
40070.0000 53.6578 8.2629
40075.0000 53.6496 8.2577
40080.0000 53.6702 8.2686
40085.0000 53.6709 8.2665
40090.0000 53.6615 8.2709
40095.0000 53.5377 8.2052
40100.0000 53.5421 8.2081
40105.0000 53.5514 8.2151
40110.0000 53.5554 8.2049
40115.0000 53.6522 8.2476
40120.0000 53.7089 8.2558
40125.0000 53.7909 8.2833
40130.0000 53.8137 8.2910
40135.0000 53.8218 8.2953
40140.0000 53.8374 8.3054
40145.0000 53.8728 8.3193
40150.0000 53.8155 8.2982
40155.0000 53.7274 8.2632
40160.0000 53.7304 8.2711
40165.0000 53.7257 8.2796
40170.0000 53.7468 8.3010
40175.0000 53.7263 8.2929
40180.0000 53.6880 8.2742
40185.0000 53.6878 8.2728
40190.0000 53.6989 8.2658
40195.0000 53.7157 8.2707
40200.0000 53.7689 8.2996
40205.0000 53.7740 8.3015
40210.0000 53.8131 8.3450
40215.0000 53.7130 8.2815
40220.0000 53.7270 8.2846
40225.0000 53.7256 8.2836
40230.0000 53.6904 8.2682
40235.0000 53.7311 8.2993
40240.0000 53.7389 8.3123
40245.0000 53.7496 8.3088
40250.0000 53.7142 8.2744
40255.0000 53.7297 8.2807
40260.0000 53.7738 8.3036
40265.0000 53.8642 8.3161
40270.0000 53.8327 8.3204
40275.0000 53.7693 8.2900
40280.0000 53.7831 8.2997
40285.0000 53.8195 8.3003
40290.0000 53.8094 8.2994
40295.0000 53.8066 8.2965
40300.0000 53.8210 8.3161
40305.0000 53.8087 8.3099
40310.0000 53.8579 8.3157
40315.0000 53.8590 8.3151
40320.0000 53.9163 8.3486
40325.0000 53.9188 8.3495
40330.0000 53.9989 8.3805
40335.0000 54.0106 8.3832
40340.0000 54.0267 8.3841
40345.0000 54.1561 8.4095
40350.0000 54.2013 8.4119
40355.0000 54.2005 8.4131
40360.0000 54.2118 8.4341
40365.0000 54.2193 8.4365
40370.0000 54.2288 8.4326
40375.0000 54.2466 8.4357
40380.0000 54.2619 8.4385
40385.0000 54.2754 8.4400
40390.0000 54.1700 8.3916
40395.0000 53.9849 8.3073
40400.0000 54.0281 8.3138
40405.0000 54.0195 8.3200
40410.0000 54.0254 8.3248
40415.0000 54.0478 8.3383
40420.0000 54.0600 8.3428
40425.0000 54.0455 8.3317
40430.0000 54.0551 8.3382
40435.0000 54.0730 8.3437
40440.0000 54.0915 8.3524
40445.0000 54.1078 8.3566
40450.0000 54.0930 8.3849
40455.0000 53.8746 8.3366
40460.0000 53.9293 8.3532
40465.0000 53.9557 8.3675
40470.0000 53.9649 8.3713
40475.0000 53.9986 8.3758
40480.0000 53.9933 8.3742
40485.0000 53.9950 8.3792
40490.0000 53.9889 8.3767
40495.0000 54.0696 8.3808
40500.0000 54.0916 8.3920
40505.0000 54.0966 8.4027
40510.0000 54.0615 8.3927
40515.0000 54.0486 8.3846
40520.0000 54.0535 8.3968
40525.0000 54.0651 8.4027
40530.0000 54.0643 8.4017
40535.0000 54.0618 8.4041
40540.0000 54.0747 8.4019
40545.0000 54.0560 8.3985
40550.0000 54.0408 8.3865
40555.0000 54.0584 8.3852
40560.0000 54.0774 8.3923
40565.0000 54.1272 8.4011
40570.0000 54.0557 8.4103
40575.0000 53.9802 8.3844
40580.0000 53.9881 8.3965
40585.0000 53.9601 8.3990
40590.0000 53.9590 8.4065
40595.0000 54.0061 8.3898
40600.0000 54.0142 8.3884
40605.0000 53.9968 8.3878
40610.0000 53.9724 8.3741
40615.0000 53.9809 8.3799
40620.0000 53.9960 8.3953
40625.0000 53.9920 8.3917
40630.0000 53.9761 8.3822
40635.0000 53.7648 8.3159
40640.0000 53.8172 8.3354
40645.0000 53.8203 8.3412
40650.0000 53.8351 8.3307
40655.0000 53.8471 8.3397
40660.0000 53.8434 8.3412
40665.0000 53.8009 8.3238
40670.0000 53.8365 8.3350
40675.0000 53.8778 8.3551
40680.0000 53.8783 8.3511
40685.0000 53.8755 8.3549
40690.0000 53.8871 8.3782
40695.0000 53.8756 8.3710
40700.0000 53.9069 8.3927
40705.0000 53.9233 8.4059
40710.0000 53.9134 8.4053
40715.0000 53.9175 8.4163
40720.0000 53.9042 8.4155
40725.0000 53.9028 8.4156
40730.0000 53.8988 8.4111
40735.0000 53.8988 8.4115
40740.0000 53.9026 8.4142
40745.0000 53.9089 8.4211
40750.0000 53.8285 8.4051
40755.0000 53.7619 8.3691
40760.0000 53.7623 8.3851
40765.0000 53.6877 8.3877
40770.0000 53.6508 8.3705
40775.0000 53.6628 8.3769
40780.0000 53.6338 8.3722
40785.0000 53.6200 8.3348
40790.0000 53.6249 8.3363
40795.0000 53.6854 8.3535
40800.0000 53.6820 8.3496
40805.0000 53.7013 8.3598
40810.0000 53.5902 8.3447
40815.0000 53.5552 8.3459
40820.0000 53.5613 8.3537
40825.0000 53.5695 8.3576
40830.0000 53.6086 8.3921
40835.0000 53.6007 8.3842
40840.0000 53.5762 8.3802
40845.0000 53.5512 8.3598
40850.0000 53.5358 8.3560
40855.0000 53.6039 8.4037
40860.0000 53.6097 8.4048
40865.0000 53.6170 8.4084
40870.0000 53.5947 8.4255
40875.0000 53.5153 8.4225
40880.0000 53.5310 8.4361
40885.0000 53.5365 8.4382
40890.0000 53.5503 8.4345
40895.0000 53.5587 8.4384
40900.0000 53.5605 8.4306
40905.0000 53.5418 8.4218
40910.0000 53.5323 8.4124
40915.0000 53.5548 8.4129
40920.0000 53.6352 8.4166
40925.0000 53.6929 8.4476
40930.0000 53.7328 8.4734
40935.0000 53.7315 8.4742
40940.0000 53.7288 8.4744
40945.0000 53.7267 8.4719
40950.0000 53.7509 8.4775
40955.0000 53.7386 8.4736
40960.0000 53.7328 8.4788
40965.0000 53.7964 8.4893
40970.0000 53.8130 8.4962
40975.0000 53.8412 8.5107
40980.0000 53.8393 8.5083
40985.0000 53.8422 8.5083
40990.0000 53.8925 8.5212
40995.0000 53.9737 8.5326
41000.0000 54.0978 8.5631
41005.0000 54.1247 8.5614
41010.0000 54.2195 8.5477
41015.0000 54.1981 8.5397
41020.0000 54.1757 8.5400
41025.0000 54.1575 8.5315
41030.0000 54.1491 8.5255
41035.0000 54.1682 8.5341
41040.0000 54.1712 8.5335
41045.0000 54.2210 8.5637
41050.0000 54.1814 8.5858
41055.0000 54.0616 8.5589
41060.0000 54.0682 8.5729
41065.0000 54.0313 8.5766
41070.0000 54.0348 8.5746
41075.0000 54.0037 8.5668
41080.0000 54.0223 8.5801
41085.0000 54.0748 8.6090
41090.0000 54.0551 8.6041
41095.0000 54.1204 8.6418
41100.0000 54.1425 8.6424
41105.0000 54.2047 8.6799
41110.0000 54.1870 8.6803
41115.0000 54.1094 8.6467
41120.0000 54.1344 8.6678
41125.0000 54.1235 8.6959
41130.0000 54.1745 8.7272
41135.0000 54.1607 8.7203
41140.0000 54.1495 8.7242
41145.0000 54.1376 8.7123
41150.0000 54.1252 8.7082
41155.0000 54.1477 8.7186
41160.0000 54.2030 8.7247
41165.0000 54.2204 8.7314
41170.0000 54.0913 8.7918
41175.0000 54.0103 8.7653
41180.0000 53.9582 8.7545
41185.0000 53.9520 8.7550
41190.0000 53.9092 8.7312
41195.0000 53.9453 8.7229
41200.0000 53.9415 8.7185
41205.0000 53.9357 8.7194
41210.0000 53.9125 8.6994
41215.0000 53.9218 8.6954
41220.0000 53.9365 8.6972
41225.0000 53.9566 8.6990
41230.0000 53.8726 8.6562
41235.0000 53.8169 8.6244
41240.0000 53.8108 8.6319
41245.0000 53.8798 8.6461
41250.0000 53.8656 8.6487
41255.0000 53.8611 8.6489
41260.0000 53.8488 8.6486
41265.0000 53.8345 8.6404
41270.0000 53.8036 8.6274
41275.0000 53.8192 8.6357
41280.0000 53.8268 8.6402
41285.0000 53.8543 8.6491
41290.0000 53.8754 8.6787
41295.0000 53.7603 8.6599
41300.0000 53.8218 8.6800
41305.0000 53.8745 8.7175
41310.0000 53.8505 8.7035
41315.0000 53.8452 8.6964
41320.0000 53.8517 8.7050
41325.0000 53.8149 8.6893
41330.0000 53.7786 8.6816
41335.0000 53.8054 8.6971
41340.0000 53.8008 8.6986
41345.0000 53.8548 8.7137
41350.0000 53.8000 8.7557
41355.0000 53.7087 8.7227
41360.0000 53.6669 8.7130
41365.0000 53.6899 8.7269
41370.0000 53.6564 8.7148
41375.0000 53.6437 8.7093
41380.0000 53.6864 8.7291
41385.0000 53.6856 8.7051
41390.0000 53.7103 8.7004
41395.0000 53.7086 8.7001
41400.0000 53.7189 8.7063
41405.0000 53.7293 8.7106
41410.0000 53.7403 8.7161
41415.0000 53.7412 8.7040
41420.0000 53.7720 8.7072
41425.0000 53.8497 8.7533
41430.0000 53.8440 8.7455
41435.0000 53.8475 8.7470
41440.0000 53.8447 8.7499
41445.0000 53.8414 8.7509
41450.0000 53.8177 8.7413
41455.0000 53.8208 8.7441
41460.0000 53.8208 8.7449
41465.0000 53.8422 8.7466
41470.0000 53.7706 8.7453
41475.0000 53.6870 8.6891
41480.0000 53.7366 8.7300
41485.0000 53.6992 8.7320
41490.0000 53.6752 8.7424
41495.0000 53.6654 8.7415
41500.0000 53.6566 8.7423
41505.0000 53.6453 8.7387
41510.0000 53.6385 8.7315
41515.0000 53.6461 8.7340
41520.0000 53.6542 8.7387
41525.0000 53.6504 8.7415
41530.0000 53.5780 8.7203
41535.0000 53.4755 8.6879
41540.0000 53.5006 8.7137
41545.0000 53.5059 8.7109
41550.0000 53.5535 8.6795
41555.0000 53.5252 8.6595
41560.0000 53.5703 8.6412
41565.0000 53.6403 8.5890
41570.0000 53.6429 8.5815
41575.0000 53.6536 8.5774
41580.0000 53.6850 8.5951
41585.0000 53.7033 8.5994
41590.0000 53.5441 8.6330
41595.0000 53.5256 8.6136
41600.0000 53.5503 8.6132
41605.0000 53.5832 8.6176
41610.0000 53.6185 8.5868
41615.0000 53.6427 8.5916
41620.0000 53.6632 8.5923
41625.0000 53.6301 8.5773
41630.0000 53.5836 8.5574
41635.0000 53.5900 8.5609
41640.0000 53.5995 8.5638
41645.0000 53.6020 8.5687
41650.0000 53.5744 8.5537
41655.0000 53.5894 8.5448
41660.0000 53.5970 8.5584
41665.0000 53.6156 8.5856
41670.0000 53.5838 8.5793
41675.0000 53.5694 8.5672
41680.0000 53.5664 8.5697
41685.0000 53.5268 8.5500
41690.0000 53.5250 8.5511
41695.0000 53.5382 8.5525
41700.0000 53.5518 8.5444
41705.0000 53.5599 8.5483
41710.0000 53.5195 8.5248
41715.0000 53.4104 8.4626
41720.0000 53.4356 8.4895
41725.0000 53.4126 8.4736
41730.0000 53.3824 8.4687
41735.0000 53.3583 8.4613
41740.0000 53.3469 8.4620
41745.0000 53.3161 8.4482
41750.0000 53.3172 8.4500
41755.0000 53.3664 8.4567
41760.0000 53.3707 8.4596
41765.0000 53.3823 8.4656
41770.0000 53.3043 8.4577
41775.0000 53.2317 8.4546
41780.0000 53.1785 8.4484
41785.0000 53.1878 8.4499
41790.0000 53.1621 8.4436
41795.0000 53.1357 8.4314
41800.0000 53.1303 8.4328
41805.0000 53.1217 8.4221
41810.0000 53.1067 8.4122
41815.0000 53.1152 8.4051
41820.0000 53.1307 8.3969
41825.0000 53.1547 8.3962
41830.0000 53.1139 8.3726
41835.0000 53.0909 8.3602
41840.0000 53.1696 8.4015
41845.0000 53.1410 8.4132
41850.0000 53.1325 8.4150
41855.0000 53.1312 8.4174
41860.0000 53.1668 8.4306
41865.0000 53.1397 8.4234
41870.0000 53.1907 8.4350
41875.0000 53.2866 8.4787
41880.0000 53.3908 8.5181
41885.0000 53.3925 8.5195
41890.0000 53.4119 8.5273
41895.0000 53.3238 8.5285
41900.0000 53.3601 8.5639
41905.0000 53.3484 8.5571
41910.0000 53.3424 8.5587
41915.0000 53.3317 8.5521
41920.0000 53.3289 8.5326
41925.0000 53.3735 8.4865
41930.0000 53.4347 8.4552
41935.0000 53.4981 8.4448
41940.0000 53.5349 8.4487
41945.0000 53.5429 8.4506
41950.0000 53.5323 8.4580
41955.0000 53.6256 8.4929
41960.0000 53.6186 8.4952
41965.0000 53.6108 8.4935
41970.0000 53.5550 8.4742
41975.0000 53.5091 8.4613
41980.0000 53.4939 8.4630
41985.0000 53.4949 8.4663
41990.0000 53.4800 8.4593
41995.0000 53.5024 8.4495
42000.0000 53.5407 8.4481
42005.0000 53.5408 8.4490
42010.0000 53.4951 8.4644
42015.0000 53.3802 8.4006
42020.0000 53.4497 8.4441
42025.0000 53.4675 8.4549
42030.0000 53.4824 8.4638
42035.0000 53.4710 8.4621
42040.0000 53.4531 8.4567
42045.0000 53.4179 8.4465
42050.0000 53.4071 8.4413
42055.0000 53.4157 8.4452
42060.0000 53.4243 8.4479
42065.0000 53.4272 8.4495
42070.0000 53.4305 8.4507
42075.0000 53.4342 8.4519
42080.0000 53.4458 8.4563
42085.0000 53.4307 8.4486
42090.0000 53.4534 8.4355
42095.0000 53.4224 8.4343
42100.0000 53.4051 8.4321
42105.0000 53.3960 8.4295
42110.0000 53.3853 8.4275
42115.0000 53.3962 8.4321
42120.0000 53.4190 8.4491
42125.0000 53.4434 8.4578
42130.0000 53.3901 8.4649
42135.0000 53.3493 8.4410
42140.0000 53.3403 8.4487
42145.0000 53.3609 8.4666
42150.0000 53.4263 8.5083
42155.0000 53.3983 8.5053
42160.0000 53.4373 8.5052
42165.0000 53.4697 8.5002
42170.0000 53.5189 8.5069
42175.0000 53.5813 8.5301
42180.0000 53.6076 8.5460
42185.0000 53.6117 8.5509
42190.0000 53.6110 8.5556
42195.0000 53.5891 8.5444
42200.0000 53.5839 8.5370
42205.0000 53.6135 8.5557
42210.0000 53.6125 8.5557
42215.0000 53.5909 8.5377
42220.0000 53.5744 8.5349
42225.0000 53.5720 8.5299
42230.0000 53.5491 8.5196
42235.0000 53.5535 8.5210
42240.0000 53.6074 8.5440
42245.0000 53.6176 8.5483
42250.0000 53.7202 8.5643
42255.0000 53.6939 8.5983
42260.0000 53.7254 8.6139
42265.0000 53.7215 8.6026
42270.0000 53.6974 8.5903
42275.0000 53.6853 8.5859
42280.0000 53.6867 8.5886
42285.0000 53.6600 8.5779
42290.0000 53.6939 8.5816
42295.0000 53.6972 8.5750
42300.0000 53.7121 8.5836
42305.0000 53.7172 8.5809
42310.0000 53.6809 8.5726
42315.0000 53.5490 8.5045
42320.0000 53.5503 8.5117
42325.0000 53.5492 8.5151
42330.0000 53.5396 8.5138
42335.0000 53.5403 8.5191
42340.0000 53.5404 8.5209
42345.0000 53.5505 8.5081
42350.0000 53.5245 8.5000
42355.0000 53.5313 8.4976
42360.0000 53.5523 8.4945
42365.0000 53.5644 8.4975
42370.0000 53.5436 8.5047
42375.0000 53.4299 8.4761
42380.0000 53.4239 8.4816
42385.0000 53.4738 8.5024
42390.0000 53.4369 8.4941
42395.0000 53.4403 8.4928
42400.0000 53.4157 8.4907
42405.0000 53.4331 8.4827
42410.0000 53.4276 8.4829
42415.0000 53.4352 8.4849
42420.0000 53.4464 8.4827
42425.0000 53.4505 8.4845
42430.0000 53.4971 8.4959
42435.0000 53.5644 8.5146
42440.0000 53.5642 8.5185
42445.0000 53.5316 8.5321
42450.0000 53.5300 8.5434
42455.0000 53.5337 8.5474
42460.0000 53.4975 8.5437
42465.0000 53.4904 8.5404
42470.0000 53.4874 8.5371
42475.0000 53.5087 8.5396
42480.0000 53.5281 8.5397
42485.0000 53.5434 8.5444
42490.0000 53.5444 8.5495
42495.0000 53.4744 8.5259
42500.0000 53.5134 8.5442
42505.0000 53.5148 8.5453
42510.0000 53.5298 8.5599
42515.0000 53.5778 8.5907
42520.0000 53.6244 8.6044
42525.0000 53.5890 8.5813
42530.0000 53.5689 8.5714
42535.0000 53.5891 8.5763
42540.0000 53.6272 8.5599
42545.0000 53.6360 8.5638
42550.0000 53.5905 8.5425
42555.0000 53.4871 8.4786
42560.0000 53.5214 8.4940
42565.0000 53.5292 8.5053
42570.0000 53.5557 8.5107
42575.0000 53.5514 8.5062
42580.0000 53.5550 8.4970
42585.0000 53.5479 8.4744
42590.0000 53.5958 8.4646
42595.0000 53.6505 8.4530
42600.0000 53.7651 8.4661
42605.0000 53.8286 8.4671
42610.0000 53.8208 8.4587
42615.0000 53.7087 8.3891
42620.0000 53.6676 8.3829
42625.0000 53.6938 8.3994
42630.0000 53.6853 8.3963
42635.0000 53.6869 8.3903
42640.0000 53.7108 8.3961
42645.0000 53.7010 8.3861
42650.0000 53.6749 8.3789
42655.0000 53.6941 8.3819
42660.0000 53.6872 8.3781
42665.0000 53.7221 8.3747
42670.0000 53.6701 8.3587
42675.0000 53.6185 8.3291
42680.0000 53.5680 8.2937
42685.0000 53.5391 8.2983
42690.0000 53.5668 8.3008
42695.0000 53.5508 8.2911
42700.0000 53.5880 8.2724
42705.0000 53.6461 8.2987
42710.0000 53.6319 8.2866
42715.0000 53.6589 8.2871
42720.0000 53.6597 8.2850
42725.0000 53.6860 8.2901
42730.0000 53.6973 8.2819
42735.0000 53.6634 8.2516
42740.0000 53.6680 8.2547
42745.0000 53.6814 8.2539
42750.0000 53.7049 8.2645
42755.0000 53.7437 8.2982
42760.0000 53.7512 8.3033
42765.0000 53.7682 8.3041
42770.0000 53.7513 8.3008
42775.0000 53.7575 8.3034
42780.0000 53.7545 8.3033
42785.0000 53.7698 8.3078
42790.0000 53.6446 8.3464
42795.0000 53.6057 8.3326
42800.0000 53.6925 8.3611
42805.0000 53.7138 8.3671
42810.0000 53.7019 8.3453
42815.0000 53.7919 8.4060
42820.0000 53.8723 8.4465
42825.0000 53.8559 8.4353
42830.0000 53.8951 8.4202
42835.0000 53.9509 8.4279
42840.0000 54.0100 8.4381
42845.0000 54.0596 8.4392
42850.0000 54.0767 8.4609
42855.0000 54.0186 8.4705
42860.0000 54.0201 8.4795
42865.0000 54.0112 8.4838
42870.0000 54.0081 8.4819
42875.0000 54.0417 8.4748
42880.0000 54.0551 8.4794
42885.0000 54.0511 8.4759
42890.0000 54.0329 8.4688
42895.0000 53.9756 8.4165
42900.0000 53.9784 8.4233
42905.0000 53.9955 8.4292
42910.0000 53.9939 8.4306
42915.0000 53.9884 8.4204
42920.0000 54.0015 8.4105
42925.0000 54.0529 8.4156
42930.0000 54.0514 8.4194
42935.0000 54.0597 8.4272
42940.0000 54.0554 8.4356
42945.0000 54.0532 8.4313
42950.0000 54.0472 8.4201
42955.0000 54.0537 8.4199
42960.0000 54.0712 8.4294
42965.0000 54.0774 8.4347
42970.0000 54.0656 8.4283
42975.0000 53.9830 8.3749
42980.0000 53.9530 8.3717
42985.0000 53.9701 8.3783
42990.0000 54.0288 8.3926
42995.0000 54.0371 8.3883
43000.0000 54.0214 8.3921
43005.0000 53.9949 8.3738
43010.0000 53.9877 8.3766
43015.0000 53.9900 8.3744
43020.0000 53.9969 8.3735
43025.0000 54.0009 8.3711
43030.0000 53.9625 8.4012
43035.0000 53.9031 8.3833
43040.0000 53.8968 8.3927
43045.0000 53.9176 8.4473
43050.0000 53.9045 8.4487
43055.0000 53.8853 8.4475
43060.0000 53.8795 8.4525
43065.0000 53.9329 8.4681
43070.0000 53.9901 8.4698
43075.0000 53.9899 8.4702
43080.0000 53.9926 8.4702
43085.0000 54.0021 8.4800
43090.0000 53.9876 8.5043
43095.0000 53.8515 8.4664
43100.0000 53.8615 8.4783
43105.0000 53.8671 8.4823
43110.0000 53.8742 8.4908
43115.0000 53.8733 8.4922
43120.0000 53.8475 8.4809
43125.0000 53.8260 8.4616
43130.0000 53.8216 8.4516
43135.0000 53.8309 8.4405
43140.0000 53.8249 8.4351
43145.0000 53.8382 8.4408
43150.0000 53.7609 8.4447
43155.0000 53.6850 8.4349
43160.0000 53.6839 8.4403
43165.0000 53.6990 8.4442
43170.0000 53.7085 8.4456
43175.0000 53.7012 8.4449
43180.0000 53.7414 8.4729
43185.0000 53.7667 8.4836
43190.0000 53.7788 8.4901
43195.0000 53.7704 8.4873
43200.0000 53.7895 8.5011
