5.0000 0.0000 0.0000
10.0000 0.0000 0.0000
15.0000 0.0000 0.0000
20.0000 0.0000 0.0000
25.0000 0.0000 0.0000
30.0000 0.0000 0.0000
35.0000 0.0000 0.0000
40.0000 0.0000 0.0000
45.0000 0.0000 0.0000
50.0000 0.0000 0.0000
55.0000 0.0000 0.0000
60.0000 0.0000 0.0000
65.0000 0.0000 0.0000
70.0000 0.0000 0.0000
75.0000 0.0000 0.0000
80.0000 0.0000 0.0000
85.0000 0.0000 0.0000
90.0000 0.0000 0.0000
95.0000 0.0048 0.0000
100.0000 0.0117 0.0001
105.0000 0.0117 0.0001
110.0000 0.0207 0.0001
115.0000 0.0274 0.0001
120.0000 0.0274 0.0001
125.0000 0.0274 0.0001
130.0000 0.0274 0.0001
135.0000 0.0274 0.0001
140.0000 0.0274 0.0001
145.0000 0.0327 0.0002
150.0000 0.0327 0.0002
155.0000 0.0327 0.0002
160.0000 0.0327 0.0002
165.0000 0.0327 0.0002
170.0000 0.0327 0.0002
175.0000 0.0327 0.0002
180.0000 0.0327 0.0002
185.0000 0.0327 0.0002
190.0000 0.0372 0.0002
195.0000 0.0372 0.0002
200.0000 0.0372 0.0002
205.0000 0.0419 0.0002
210.0000 0.0487 0.0002
215.0000 0.0583 0.0003
220.0000 0.0583 0.0003
225.0000 0.0583 0.0003
230.0000 0.0583 0.0003
235.0000 0.0583 0.0003
240.0000 0.0583 0.0003
245.0000 0.0583 0.0003
250.0000 0.0583 0.0003
255.0000 0.0583 0.0003
260.0000 0.0583 0.0003
265.0000 0.0583 0.0003
270.0000 0.0583 0.0003
275.0000 0.0583 0.0003
280.0000 0.0583 0.0003
285.0000 0.0612 0.0003
290.0000 0.0612 0.0003
295.0000 0.0612 0.0003
300.0000 0.0612 0.0003
305.0000 0.0612 0.0003
310.0000 0.0683 0.0004
315.0000 0.0761 0.0004
320.0000 0.0761 0.0004
325.0000 0.0816 0.0004
330.0000 0.0907 0.0005
335.0000 0.0907 0.0005
340.0000 0.0907 0.0005
345.0000 0.0907 0.0005
350.0000 0.0907 0.0005
355.0000 0.0907 0.0005
360.0000 0.0907 0.0005
365.0000 0.0907 0.0005
370.0000 0.0907 0.0005
375.0000 0.0907 0.0005
380.0000 0.0907 0.0005
385.0000 0.0938 0.0005
390.0000 0.0938 0.0005
395.0000 0.0938 0.0005
400.0000 0.0938 0.0005
405.0000 0.0938 0.0005
410.0000 0.0984 0.0005
415.0000 0.0984 0.0005
420.0000 0.1414 0.0022
425.0000 0.1414 0.0022
430.0000 0.1489 0.0023
435.0000 0.1532 0.0023
440.0000 0.1597 0.0023
445.0000 0.1842 0.0023
450.0000 0.1842 0.0023
455.0000 0.1842 0.0023
460.0000 0.2297 0.0042
465.0000 0.2354 0.0042
470.0000 0.2354 0.0042
475.0000 0.2354 0.0042
480.0000 0.2784 0.0059
485.0000 0.2824 0.0059
490.0000 0.3156 0.0068
495.0000 0.3197 0.0067
500.0000 0.3260 0.0067
505.0000 0.3260 0.0067
510.0000 0.3260 0.0067
515.0000 0.3458 0.0069
520.0000 0.3458 0.0069
525.0000 0.3867 0.0083
530.0000 0.3894 0.0083
535.0000 0.3936 0.0083
540.0000 0.5085 0.0172
545.0000 0.5232 0.0173
550.0000 0.5355 0.0172
555.0000 0.5355 0.0172
560.0000 0.5867 0.0218
565.0000 0.5867 0.0218
570.0000 0.5913 0.0218
575.0000 0.6357 0.0256
580.0000 0.6404 0.0256
585.0000 0.6446 0.0256
590.0000 0.6549 0.0255
595.0000 0.6549 0.0255
600.0000 0.6549 0.0255
605.0000 0.6650 0.0255
610.0000 0.7123 0.0302
615.0000 0.7550 0.0313
620.0000 0.7550 0.0313
625.0000 0.7585 0.0313
630.0000 0.7585 0.0313
635.0000 0.7585 0.0313
640.0000 0.8004 0.0316
645.0000 0.8102 0.0316
650.0000 0.8388 0.0319
655.0000 0.8720 0.0376
660.0000 0.8766 0.0376
665.0000 0.8850 0.0375
670.0000 0.8850 0.0375
675.0000 0.8971 0.0375
680.0000 0.9035 0.0374
685.0000 0.9035 0.0374
690.0000 0.9035 0.0374
695.0000 0.9550 0.0428
700.0000 1.0078 0.0434
705.0000 1.0114 0.0434
710.0000 1.0489 0.0437
715.0000 1.0603 0.0437
720.0000 1.0668 0.0437
725.0000 1.0869 0.0437
730.0000 1.1386 0.0486
735.0000 1.1436 0.0486
740.0000 1.1436 0.0486
745.0000 1.1493 0.0486
750.0000 1.1905 0.0566
755.0000 1.2246 0.0567
760.0000 1.2364 0.0567
765.0000 1.2364 0.0567
770.0000 1.2364 0.0567
775.0000 1.2496 0.0567
780.0000 1.2586 0.0566
785.0000 1.3003 0.0570
790.0000 1.3203 0.0569
795.0000 1.3707 0.0598
800.0000 1.3787 0.0597
805.0000 1.4155 0.0651
810.0000 1.4565 0.0674
815.0000 1.5003 0.0676
820.0000 1.5039 0.0676
825.0000 1.5913 0.0767
830.0000 1.5913 0.0767
835.0000 1.6281 0.0769
840.0000 1.6281 0.0769
845.0000 1.6970 0.0906
850.0000 1.7075 0.0907
855.0000 1.7145 0.0907
860.0000 1.7224 0.0906
865.0000 1.7348 0.0905
870.0000 1.7435 0.0904
875.0000 1.7469 0.0904
880.0000 1.7566 0.0904
885.0000 1.8326 0.0969
890.0000 1.8780 0.1063
895.0000 1.9267 0.1083
900.0000 1.9690 0.1151
905.0000 2.0191 0.1280
910.0000 2.0602 0.1359
915.0000 2.1283 0.1457
920.0000 2.1283 0.1457
925.0000 2.2215 0.1659
930.0000 2.2380 0.1658
935.0000 2.2425 0.1658
940.0000 2.2919 0.1753
945.0000 2.3001 0.1751
950.0000 2.3001 0.1751
955.0000 2.4036 0.1986
960.0000 2.4548 0.2140
965.0000 2.4682 0.2138
970.0000 2.5014 0.2179
975.0000 2.5014 0.2179
980.0000 2.5014 0.2179
985.0000 2.5523 0.2238
990.0000 2.5812 0.2232
995.0000 2.5812 0.2232
1000.0000 2.6169 0.2226
1005.0000 2.6962 0.2309
1010.0000 2.6962 0.2309
1015.0000 2.6998 0.2307
1020.0000 2.7367 0.2297
1025.0000 2.7797 0.2377
1030.0000 2.7797 0.2377
1035.0000 2.8494 0.2493
1040.0000 2.8596 0.2491
1045.0000 2.8596 0.2491
1050.0000 2.8596 0.2491
1055.0000 2.8647 0.2490
1060.0000 2.8764 0.2488
1065.0000 2.8764 0.2488
1070.0000 2.8798 0.2488
1075.0000 2.9242 0.2479
1080.0000 2.9339 0.2476
1085.0000 3.0227 0.2787
1090.0000 3.0885 0.2826
1095.0000 3.1333 0.3055
1100.0000 3.1761 0.3115
1105.0000 3.1761 0.3115
1110.0000 3.1761 0.3115
1115.0000 3.1828 0.3113
1120.0000 3.2291 0.3241
1125.0000 3.2351 0.3239
1130.0000 3.2387 0.3237
1135.0000 3.2387 0.3237
1140.0000 3.2794 0.3319
1145.0000 3.2893 0.3316
1150.0000 3.3345 0.3429
1155.0000 3.4140 0.3759
1160.0000 3.4548 0.3977
1165.0000 3.4653 0.3974
1170.0000 3.4653 0.3974
1175.0000 3.4711 0.3972
1180.0000 3.4711 0.3972
1185.0000 3.5184 0.4089
1190.0000 3.5262 0.4086
1195.0000 3.5424 0.4085
1200.0000 3.5636 0.4079
1205.0000 3.5776 0.4075
1210.0000 3.5886 0.4071
1215.0000 3.6088 0.4067
1220.0000 3.6561 0.4336
1225.0000 3.6638 0.4335
1230.0000 3.6688 0.4335
1235.0000 3.6791 0.4335
1240.0000 3.6984 0.4331
1245.0000 3.7032 0.4331
1250.0000 3.7774 0.4724
1255.0000 3.7962 0.4720
1260.0000 3.8095 0.4720
1265.0000 3.8156 0.4719
1270.0000 3.8193 0.4719
1275.0000 3.8193 0.4719
1280.0000 3.8226 0.4717
1285.0000 3.8262 0.4714
1290.0000 3.8981 0.5246
1295.0000 3.9017 0.5246
1300.0000 3.9149 0.5247
1305.0000 3.9640 0.5256
1310.0000 3.9762 0.5257
1315.0000 4.0070 0.5246
1320.0000 4.0121 0.5244
1325.0000 4.0121 0.5244
1330.0000 4.0579 0.5339
1335.0000 4.0655 0.5333
1340.0000 4.0655 0.5333
1345.0000 4.0939 0.5437
1350.0000 4.0987 0.5438
1355.0000 4.1055 0.5442
1360.0000 4.1187 0.5437
1365.0000 4.1187 0.5437
1370.0000 4.1187 0.5437
1375.0000 4.1294 0.5433
1380.0000 4.1413 0.5430
1385.0000 4.1608 0.5421
1390.0000 4.1757 0.5413
1395.0000 4.1830 0.5409
1400.0000 4.1866 0.5407
1405.0000 4.2715 0.5544
1410.0000 4.3141 0.5716
1415.0000 4.3554 0.5917
1420.0000 4.4319 0.6379
1425.0000 4.5272 0.6570
1430.0000 4.6710 0.6821
1435.0000 4.7290 0.6849
1440.0000 4.7369 0.6850
1445.0000 4.7467 0.6842
1450.0000 4.7755 0.6840
1455.0000 4.7755 0.6840
1460.0000 4.8160 0.6945
1465.0000 4.8936 0.7029
1470.0000 4.9434 0.7180
1475.0000 4.9542 0.7180
1480.0000 4.9579 0.7181
1485.0000 4.9713 0.7181
1490.0000 4.9968 0.7181
1495.0000 5.0025 0.7182
1500.0000 5.0133 0.7178
1505.0000 5.0192 0.7177
1510.0000 5.0709 0.7182
1515.0000 5.1179 0.7251
1520.0000 5.1543 0.7328
1525.0000 5.1900 0.7475
1530.0000 5.1929 0.7474
1535.0000 5.2001 0.7471
1540.0000 5.2118 0.7471
1545.0000 5.2331 0.7465
1550.0000 5.2492 0.7462
1555.0000 5.2802 0.7457
1560.0000 5.3184 0.7459
1565.0000 5.3777 0.7430
1570.0000 5.3777 0.7430
1575.0000 5.3777 0.7430
1580.0000 5.4067 0.7453
1585.0000 5.4067 0.7453
1590.0000 5.4067 0.7453
1595.0000 5.4067 0.7453
1600.0000 5.4522 0.7593
1605.0000 5.4522 0.7593
1610.0000 5.4882 0.7737
1615.0000 5.4882 0.7737
1620.0000 5.5612 0.8038
1625.0000 5.5612 0.8038
1630.0000 5.5612 0.8038
1635.0000 5.5668 0.8034
1640.0000 5.5734 0.8030
1645.0000 5.5734 0.8030
1650.0000 5.5804 0.8029
1655.0000 5.5867 0.8024
1660.0000 5.5867 0.8024
1665.0000 5.5912 0.8021
1670.0000 5.5947 0.8017
1675.0000 5.6203 0.8136
1680.0000 5.6203 0.8136
1685.0000 5.6203 0.8136
1690.0000 5.6642 0.8184
1695.0000 5.6642 0.8184
1700.0000 5.6642 0.8184
1705.0000 5.7117 0.8274
1710.0000 5.7117 0.8274
1715.0000 5.7163 0.8277
1720.0000 5.7197 0.8279
1725.0000 5.7301 0.8278
1730.0000 5.7392 0.8272
1735.0000 5.7471 0.8267
1740.0000 5.7868 0.8424
1745.0000 5.7939 0.8429
1750.0000 5.8652 0.8619
1755.0000 5.8770 0.8622
1760.0000 5.9587 0.8725
1765.0000 5.9919 0.8820
1770.0000 6.0038 0.8812
1775.0000 6.0071 0.8810
1780.0000 6.0171 0.8809
1785.0000 6.0202 0.8809
1790.0000 6.0202 0.8809
1795.0000 6.0617 0.8920
1800.0000 6.0735 0.8913
1805.0000 6.1071 0.9050
1810.0000 6.1140 0.9043
1815.0000 6.1207 0.9037
1820.0000 6.1257 0.9035
1825.0000 6.2023 0.9045
1830.0000 6.2723 0.9138
1835.0000 6.3415 0.9305
1840.0000 6.4142 0.9559
1845.0000 6.5037 0.9547
1850.0000 6.5213 0.9537
1855.0000 6.5273 0.9535
1860.0000 6.5373 0.9527
1865.0000 6.5513 0.9518
1870.0000 6.5601 0.9511
1875.0000 6.5626 0.9508
1880.0000 6.5800 0.9496
1885.0000 6.5920 0.9492
1890.0000 6.6403 0.9493
1895.0000 6.6985 0.9727
1900.0000 6.7167 0.9722
1905.0000 6.7244 0.9715
1910.0000 6.7244 0.9715
1915.0000 6.7648 0.9899
1920.0000 6.8056 1.0057
1925.0000 6.8160 1.0047
1930.0000 6.8271 1.0036
1935.0000 6.8452 1.0031
1940.0000 6.9033 1.0280
1945.0000 6.9081 1.0276
1950.0000 6.9151 1.0273
1955.0000 6.9364 1.0257
1960.0000 6.9785 1.0386
1965.0000 6.9919 1.0376
1970.0000 7.0513 1.0643
1975.0000 7.1249 1.0803
1980.0000 7.2031 1.0745
1985.0000 7.2951 1.0826
1990.0000 7.3020 1.0822
1995.0000 7.4170 1.1260
2000.0000 7.4436 1.1244
2005.0000 7.4665 1.1230
2010.0000 7.4915 1.1220
2015.0000 7.5009 1.1212
2020.0000 7.5189 1.1197
2025.0000 7.5427 1.1189
2030.0000 7.5967 1.1181
2035.0000 7.6407 1.1261
2040.0000 7.6606 1.1255
2045.0000 7.6606 1.1255
2050.0000 7.6606 1.1255
2055.0000 7.7103 1.1322
2060.0000 7.7494 1.1421
2065.0000 7.7584 1.1420
2070.0000 7.8047 1.1755
2075.0000 7.8191 1.1741
2080.0000 7.8507 1.1983
2085.0000 7.8507 1.1983
2090.0000 7.8555 1.1982
2095.0000 7.9210 1.2237
2100.0000 7.9520 1.2238
2105.0000 7.9852 1.2235
2110.0000 8.0209 1.2213
2115.0000 8.0209 1.2213
2120.0000 8.0209 1.2213
2125.0000 8.0307 1.2205
2130.0000 8.0861 1.2239
2135.0000 8.0949 1.2237
2140.0000 8.1331 1.2248
2145.0000 8.1413 1.2250
2150.0000 8.1682 1.2495
2155.0000 8.2705 1.2719
2160.0000 8.2705 1.2719
2165.0000 8.3113 1.2755
2170.0000 8.3851 1.2806
2175.0000 8.4373 1.2854
2180.0000 8.4939 1.2808
2185.0000 8.5063 1.2795
2190.0000 8.5171 1.2789
2195.0000 8.5295 1.2781
2200.0000 8.5394 1.2779
2205.0000 8.5884 1.2968
2210.0000 8.5976 1.2966
2215.0000 8.6093 1.2966
2220.0000 8.6274 1.2962
2225.0000 8.6432 1.2953
2230.0000 8.6533 1.2946
2235.0000 8.7148 1.3200
2240.0000 8.7362 1.3189
2245.0000 8.7631 1.3446
2250.0000 8.7924 1.3489
2255.0000 8.7979 1.3485
2260.0000 8.8039 1.3480
2265.0000 8.8084 1.3478
2270.0000 8.8418 1.3573
2275.0000 8.8469 1.3568
2280.0000 8.8469 1.3568
2285.0000 8.8504 1.3569
2290.0000 8.8605 1.3559
2295.0000 8.8775 1.3540
2300.0000 8.8872 1.3531
2305.0000 8.8872 1.3531
2310.0000 8.9441 1.3838
2315.0000 8.9441 1.3838
2320.0000 9.0266 1.4317
2325.0000 9.0362 1.4312
2330.0000 9.0496 1.4303
2335.0000 9.1515 1.4416
2340.0000 9.2137 1.4555
2345.0000 9.2505 1.4883
2350.0000 9.2597 1.4874
2355.0000 9.2784 1.4859
2360.0000 9.2872 1.4849
2365.0000 9.3438 1.4947
2370.0000 9.3546 1.4938
2375.0000 9.3999 1.5425
2380.0000 9.4109 1.5422
2385.0000 9.4606 1.5432
2390.0000 9.4706 1.5432
2395.0000 9.4765 1.5433
2400.0000 9.4832 1.5428
2405.0000 9.4894 1.5425
2410.0000 9.5082 1.5412
2415.0000 9.5670 1.5487
2420.0000 9.5712 1.5487
2425.0000 9.6041 1.5819
2430.0000 9.6412 1.6143
2435.0000 9.6569 1.6138
2440.0000 9.7108 1.6163
2445.0000 9.7671 1.6222
2450.0000 9.8123 1.6552
2455.0000 9.8250 1.6547
2460.0000 9.8620 1.6602
2465.0000 9.8620 1.6602
2470.0000 9.8620 1.6602
2475.0000 9.8657 1.6601
2480.0000 9.8657 1.6601
2485.0000 9.8657 1.6601
2490.0000 9.9294 1.6581
2495.0000 9.9725 1.6602
2500.0000 9.9947 1.6576
2505.0000 10.0033 1.6570
2510.0000 10.0109 1.6572
2515.0000 10.0154 1.6567
2520.0000 10.0622 1.6787
2525.0000 10.0660 1.6789
2530.0000 10.0729 1.6780
2535.0000 10.0729 1.6780
2540.0000 10.1202 1.7407
2545.0000 10.1202 1.7407
2550.0000 10.1272 1.7405
2555.0000 10.1335 1.7404
2560.0000 10.1376 1.7404
2565.0000 10.1830 1.7529
2570.0000 10.1883 1.7525
2575.0000 10.1960 1.7517
2580.0000 10.2024 1.7515
2585.0000 10.2144 1.7506
2590.0000 10.2250 1.7501
2595.0000 10.2794 1.7665
2600.0000 10.3285 1.7746
2605.0000 10.3457 1.7741
2610.0000 10.3534 1.7731
2615.0000 10.4056 1.7893
2620.0000 10.4122 1.7883
2625.0000 10.4151 1.7881
2630.0000 10.4201 1.7871
2635.0000 10.4290 1.7863
2640.0000 10.4344 1.7862
2645.0000 10.4397 1.7861
2650.0000 10.4490 1.7853
2655.0000 10.4703 1.7838
2660.0000 10.4728 1.7835
2665.0000 10.5529 1.8073
2670.0000 10.5570 1.8073
2675.0000 10.5713 1.8061
2680.0000 10.5748 1.8059
2685.0000 10.5784 1.8053
2690.0000 10.5851 1.8042
2695.0000 10.5939 1.8028
2700.0000 10.5981 1.8025
2705.0000 10.6777 1.8104
2710.0000 10.7265 1.8458
2715.0000 10.7265 1.8458
2720.0000 10.7265 1.8458
2725.0000 10.7265 1.8458
2730.0000 10.7352 1.8448
2735.0000 10.7352 1.8448
2740.0000 10.7352 1.8448
2745.0000 10.7898 1.8710
2750.0000 10.7937 1.8706
2755.0000 10.7937 1.8706
2760.0000 10.8249 1.8780
2765.0000 10.8714 1.8908
2770.0000 10.8881 1.8908
2775.0000 10.8995 1.8910
2780.0000 10.9293 1.8903
2785.0000 10.9709 1.9159
2790.0000 10.9812 1.9160
2795.0000 11.0036 1.9158
2800.0000 11.0595 1.9268
2805.0000 11.1821 1.9731
2810.0000 11.2089 1.9720
2815.0000 11.2244 1.9699
2820.0000 11.2562 1.9787
2825.0000 11.3520 1.9978
2830.0000 11.3890 2.0194
2835.0000 11.3941 2.0187
2840.0000 11.3992 2.0176
2845.0000 11.4079 2.0161
2850.0000 11.4281 2.0132
2855.0000 11.4496 2.0120
2860.0000 11.5086 2.0379
2865.0000 11.5741 2.0761
2870.0000 11.5959 2.0756
2875.0000 11.6642 2.1161
2880.0000 11.7179 2.1515
2885.0000 11.7748 2.1887
2890.0000 11.7971 2.1865
2895.0000 11.8190 2.1854
2900.0000 11.8286 2.1852
2905.0000 11.8336 2.1845
2910.0000 11.8387 2.1838
2915.0000 11.8796 2.2026
2920.0000 12.0055 2.2870
2925.0000 12.0108 2.2868
2930.0000 12.0539 2.3007
2935.0000 12.0606 2.2997
2940.0000 12.1183 2.3109
2945.0000 12.1743 2.3273
2950.0000 12.1903 2.3264
2955.0000 12.2099 2.3248
2960.0000 12.2316 2.3235
2965.0000 12.2703 2.3526
2970.0000 12.2776 2.3522
2975.0000 12.2817 2.3515
2980.0000 12.3272 2.3975
2985.0000 12.3272 2.3975
2990.0000 12.3272 2.3975
2995.0000 12.3319 2.3970
3000.0000 12.3373 2.3965
3005.0000 12.3420 2.3959
3010.0000 12.3598 2.3928
3015.0000 12.4096 2.4255
3020.0000 12.4417 2.4641
3025.0000 12.5103 2.5148
3030.0000 12.5103 2.5148
3035.0000 12.5103 2.5148
3040.0000 12.5856 2.6044
3045.0000 12.6283 2.6682
3050.0000 12.6651 2.6732
3055.0000 12.6651 2.6732
3060.0000 12.6651 2.6732
3065.0000 12.6701 2.6722
3070.0000 12.6790 2.6713
3075.0000 12.6790 2.6713
3080.0000 12.6843 2.6704
3085.0000 12.6843 2.6704
3090.0000 12.6843 2.6704
3095.0000 12.7194 2.7174
3100.0000 12.7985 2.7652
3105.0000 12.8506 2.7908
3110.0000 12.8618 2.7910
3115.0000 12.9248 2.8071
3120.0000 12.9248 2.8071
3125.0000 12.9248 2.8071
3130.0000 12.9580 2.8194
3135.0000 12.9580 2.8194
3140.0000 12.9580 2.8194
3145.0000 12.9657 2.8185
3150.0000 12.9731 2.8175
3155.0000 12.9767 2.8166
3160.0000 13.0216 2.8327
3165.0000 13.0566 2.8561
3170.0000 13.0566 2.8561
3175.0000 13.0662 2.8551
3180.0000 13.0943 2.8614
3185.0000 13.1355 2.9180
3190.0000 13.1783 2.9292
3195.0000 13.2100 2.9604
3200.0000 13.2619 3.0092
3205.0000 13.2752 3.0090
3210.0000 13.2905 3.0080
3215.0000 13.3501 3.0617
3220.0000 13.3545 3.0606
3225.0000 13.4462 3.1728
3230.0000 13.4713 3.1694
3235.0000 13.5019 3.1662
3240.0000 13.5097 3.1665
3245.0000 13.5236 3.1667
3250.0000 13.5430 3.1678
3255.0000 13.5563 3.1681
3260.0000 13.6803 3.2276
3265.0000 13.6960 3.2262
3270.0000 13.7084 3.2267
3275.0000 13.7269 3.2258
3280.0000 13.7439 3.2242
3285.0000 13.8130 3.2398
3290.0000 13.8387 3.2354
3295.0000 13.8582 3.2319
3300.0000 13.8870 3.2540
3305.0000 13.8982 3.2519
3310.0000 13.9047 3.2504
3315.0000 13.9115 3.2499
3320.0000 13.9115 3.2499
3325.0000 13.9212 3.2487
3330.0000 13.9587 3.2482
3335.0000 13.9671 3.2486
3340.0000 13.9804 3.2492
3345.0000 13.9939 3.2493
3350.0000 14.0314 3.2623
3355.0000 14.0363 3.2617
3360.0000 14.0427 3.2609
3365.0000 14.1247 3.2861
3370.0000 14.1286 3.2853
3375.0000 14.1433 3.2832
3380.0000 14.2473 3.3205
3385.0000 14.3335 3.3928
3390.0000 14.3924 3.4270
3395.0000 14.4255 3.4318
3400.0000 14.4609 3.4408
3405.0000 14.4726 3.4387
3410.0000 14.5605 3.4903
3415.0000 14.6573 3.5998
3420.0000 14.7065 3.6353
3425.0000 14.7734 3.6524
3430.0000 14.8115 3.6626
3435.0000 14.8597 3.6764
3440.0000 14.8812 3.6729
3445.0000 14.9498 3.7263
3450.0000 14.9648 3.7241
3455.0000 14.9715 3.7235
3460.0000 15.0078 3.7398
3465.0000 15.0534 3.7712
3470.0000 15.0620 3.7704
3475.0000 15.1107 3.7722
3480.0000 15.1200 3.7705
3485.0000 15.1200 3.7705
3490.0000 15.1242 3.7701
3495.0000 15.1354 3.7689
3500.0000 15.2716 3.8048
3505.0000 15.2716 3.8048
3510.0000 15.2716 3.8048
3515.0000 15.3491 3.8799
3520.0000 15.4256 3.9670
3525.0000 15.4593 3.9992
3530.0000 15.5495 4.1301
3535.0000 15.5819 4.1406
3540.0000 15.6062 4.1706
3545.0000 15.6041 4.1578
3550.0000 15.6426 4.1957
3555.0000 15.6426 4.1957
3560.0000 15.6519 4.1942
3565.0000 15.6563 4.1935
3570.0000 15.7020 4.2092
3575.0000 15.7203 4.2061
3580.0000 15.7350 4.2037
3585.0000 15.7423 4.2024
3590.0000 15.8551 4.2565
3595.0000 15.9118 4.2821
3600.0000 15.9792 4.3165
3605.0000 16.0915 4.3650
3610.0000 16.1484 4.3923
3615.0000 16.1642 4.3933
3620.0000 16.1683 4.3939
3625.0000 16.2075 4.4227
3630.0000 16.2157 4.4242
3635.0000 16.2269 4.4264
3640.0000 16.2362 4.4261
3645.0000 16.2480 4.4246
3650.0000 16.2610 4.4235
3655.0000 16.2969 4.4428
3660.0000 16.3056 4.4427
3665.0000 16.3174 4.4396
3670.0000 16.3174 4.4396
3675.0000 16.3329 4.4383
3680.0000 16.4376 4.5130
3685.0000 16.4736 4.5262
3690.0000 16.5101 4.5551
3695.0000 16.5173 4.5540
3700.0000 16.4978 4.5238
3705.0000 16.4978 4.5238
3710.0000 16.4978 4.5238
3715.0000 16.5030 4.5230
3720.0000 16.5389 4.5484
3725.0000 16.5809 4.5611
3730.0000 16.5877 4.5597
3735.0000 16.5930 4.5586
3740.0000 16.6446 4.5932
3745.0000 16.6806 4.6236
3750.0000 16.6806 4.6236
3755.0000 16.6846 4.6223
3760.0000 16.7000 4.6183
3765.0000 16.7508 4.6116
3770.0000 16.8019 4.6199
3775.0000 16.8949 4.6394
3780.0000 16.9709 4.6439
3785.0000 16.9748 4.6431
3790.0000 16.9748 4.6431
3795.0000 16.9807 4.6412
3800.0000 16.9911 4.6384
3805.0000 17.0073 4.6341
3810.0000 17.0717 4.6767
3815.0000 17.1010 4.6991
3820.0000 17.1422 4.7149
3825.0000 17.2131 4.7446
3830.0000 17.2972 4.8262
3835.0000 17.2972 4.8262
3840.0000 17.3326 4.8489
3845.0000 17.3586 4.8782
3850.0000 17.3632 4.8778
3855.0000 17.3783 4.8884
3860.0000 17.3794 4.8900
3865.0000 17.3794 4.8900
3870.0000 17.3794 4.8900
3875.0000 17.3960 4.8866
3880.0000 17.4091 4.8851
3885.0000 17.4239 4.8827
3890.0000 17.5132 4.9591
3895.0000 17.5212 4.9572
3900.0000 17.5212 4.9572
3905.0000 17.5767 5.0039
3910.0000 17.6042 5.0344
3915.0000 17.6042 5.0344
3920.0000 17.6081 5.0331
3925.0000 17.6868 5.0483
3930.0000 17.7821 5.1486
3935.0000 17.8146 5.1888
3940.0000 17.8146 5.1888
3945.0000 17.8100 5.1816
3950.0000 17.8621 5.2306
3955.0000 17.8987 5.2625
3960.0000 17.9051 5.2612
3965.0000 17.9051 5.2612
3970.0000 17.9051 5.2612
3975.0000 17.9301 5.3000
3980.0000 17.9301 5.3000
3985.0000 17.9301 5.3000
3990.0000 17.9352 5.2992
3995.0000 17.9606 5.3165
4000.0000 17.9249 5.2617
4005.0000 17.9285 5.2615
4010.0000 17.9694 5.2883
4015.0000 17.9694 5.2883
4020.0000 17.9759 5.2877
4025.0000 17.9881 5.2845
4030.0000 18.0180 5.2786
4035.0000 18.0357 5.2749
4040.0000 18.0934 5.3179
4045.0000 18.1074 5.3165
4050.0000 18.1215 5.3147
4055.0000 18.1298 5.3138
4060.0000 18.1856 5.3252
4065.0000 18.2222 5.3327
4070.0000 18.2059 5.3080
4075.0000 18.2059 5.3080
4080.0000 18.2140 5.3064
4085.0000 18.2174 5.3056
4090.0000 18.2269 5.3049
4095.0000 18.2363 5.3040
4100.0000 18.2501 5.3033
4105.0000 18.2597 5.3012
4110.0000 18.2597 5.3012
4115.0000 18.2597 5.3012
4120.0000 18.2650 5.3022
4125.0000 18.2710 5.3033
4130.0000 18.2884 5.3042
4135.0000 18.3116 5.2982
4140.0000 18.3497 5.3087
4145.0000 18.3497 5.3087
4150.0000 18.3887 5.3593
4155.0000 18.4360 5.4248
4160.0000 18.4705 5.4442
4165.0000 18.4489 5.4124
4170.0000 18.4986 5.4869
4175.0000 18.4986 5.4869
4180.0000 18.4986 5.4869
4185.0000 18.5357 5.5083
4190.0000 18.5357 5.5083
4195.0000 18.5682 5.5464
4200.0000 18.6219 5.5940
4205.0000 18.6456 5.5937
4210.0000 18.6502 5.5922
4215.0000 18.6948 5.6261
4220.0000 18.7397 5.6382
4225.0000 18.7445 5.6382
4230.0000 18.7541 5.6365
4235.0000 18.7622 5.6352
4240.0000 18.8473 5.6683
4245.0000 18.8473 5.6683
4250.0000 18.8088 5.6043
4255.0000 18.8199 5.6133
4260.0000 18.8806 5.6712
4265.0000 18.8946 5.6685
4270.0000 18.8996 5.6677
4275.0000 18.9208 5.6668
4280.0000 18.9283 5.6646
4285.0000 18.9689 5.6888
4290.0000 18.9689 5.6888
4295.0000 19.0207 5.7318
4300.0000 19.0240 5.7308
4305.0000 19.0240 5.7308
4310.0000 19.0240 5.7308
4315.0000 19.0240 5.7308
4320.0000 19.0270 5.7299
4325.0000 19.0270 5.7299
4330.0000 19.0835 5.7810
4335.0000 19.0895 5.7794
4340.0000 19.1517 5.8427
4345.0000 19.1261 5.8035
4350.0000 19.1215 5.7920
4355.0000 19.1215 5.7920
4360.0000 19.1531 5.8180
4365.0000 19.1899 5.8471
4370.0000 19.1899 5.8471
4375.0000 19.1899 5.8471
4380.0000 19.2218 5.8699
4385.0000 19.2218 5.8699
4390.0000 19.2069 5.8301
4395.0000 19.2093 5.8241
4400.0000 19.2411 5.8414
4405.0000 19.2597 5.8366
4410.0000 19.3154 5.8726
4415.0000 19.3239 5.8709
4420.0000 19.3239 5.8709
4425.0000 19.3239 5.8709
4430.0000 19.3273 5.8700
4435.0000 19.3361 5.8673
4440.0000 19.3423 5.8653
4445.0000 19.3692 5.8989
4450.0000 19.3692 5.8989
4455.0000 19.4117 5.9356
4460.0000 19.4522 5.9813
4465.0000 19.4547 5.9808
4470.0000 19.5019 6.0138
4475.0000 19.5063 6.0125
4480.0000 19.5664 6.0826
4485.0000 19.6066 6.0897
4490.0000 19.6282 6.0872
4495.0000 19.6815 6.0934
4500.0000 19.6772 6.0710
4505.0000 19.7972 6.1944
4510.0000 19.8042 6.1925
4515.0000 19.8311 6.2133
4520.0000 19.8311 6.2133
4525.0000 19.8356 6.2122
4530.0000 19.8492 6.2097
4535.0000 19.8601 6.2063
4540.0000 19.8601 6.2063
4545.0000 19.8601 6.2063
4550.0000 19.9184 6.2306
4555.0000 19.9744 6.2365
4560.0000 19.9744 6.2365
4565.0000 19.9744 6.2365
4570.0000 20.0170 6.2885
4575.0000 20.0170 6.2885
4580.0000 20.0265 6.2871
4585.0000 20.0415 6.2847
4590.0000 20.0496 6.2845
4595.0000 20.0667 6.2822
4600.0000 20.0326 6.2086
4605.0000 20.0605 6.2321
4610.0000 20.1356 6.3156
4615.0000 20.1757 6.3571
4620.0000 20.1787 6.3564
4625.0000 20.1936 6.3426
4630.0000 20.1803 6.3230
4635.0000 20.1803 6.3230
4640.0000 20.1803 6.3230
4645.0000 20.1803 6.3230
4650.0000 20.1847 6.3214
4655.0000 20.1847 6.3214
4660.0000 20.1847 6.3214
4665.0000 20.2197 6.3451
4670.0000 20.2031 6.3203
4675.0000 20.2291 6.3444
4680.0000 20.2318 6.3437
4685.0000 20.2396 6.3417
4690.0000 20.2396 6.3417
4695.0000 20.2441 6.3403
4700.0000 20.1977 6.2692
4705.0000 20.1995 6.2719
4710.0000 20.2256 6.3047
4715.0000 20.2598 6.3385
4720.0000 20.3299 6.3564
4725.0000 20.3975 6.4364
4730.0000 20.5119 6.5670
4735.0000 20.5162 6.5660
4740.0000 20.5590 6.5997
4745.0000 20.6133 6.6546
4750.0000 20.6181 6.6534
4755.0000 20.6258 6.6446
4760.0000 20.6258 6.6446
4765.0000 20.6824 6.6954
4770.0000 20.6919 6.6947
4775.0000 20.6955 6.6939
4780.0000 20.7129 6.6913
4785.0000 20.6796 6.6207
4790.0000 20.6943 6.6190
4795.0000 20.7092 6.6162
4800.0000 20.7447 6.6117
4805.0000 20.7734 6.6080
4810.0000 20.7789 6.6066
4815.0000 20.7857 6.6048
4820.0000 20.8277 6.6507
4825.0000 20.8418 6.6472
4830.0000 20.8600 6.6431
4835.0000 20.9039 6.6838
4840.0000 20.8998 6.6459
4845.0000 20.9154 6.6422
4850.0000 20.9295 6.6382
4855.0000 20.9387 6.6355
4860.0000 20.9935 6.6505
4865.0000 21.0211 6.6625
4870.0000 21.0162 6.6554
4875.0000 21.0482 6.6712
4880.0000 21.1235 6.6770
4885.0000 21.1597 6.7036
4890.0000 21.1642 6.7030
4895.0000 21.1764 6.7018
4900.0000 21.1840 6.7011
4905.0000 21.2148 6.7262
4910.0000 21.2196 6.7117
4915.0000 21.2786 6.7439
4920.0000 21.2786 6.7439
4925.0000 21.3003 6.7650
4930.0000 21.3003 6.7650
4935.0000 21.3003 6.7650
4940.0000 21.3158 6.7632
4945.0000 21.3577 6.8188
4950.0000 21.3716 6.8174
4955.0000 21.3860 6.8165
4960.0000 21.3992 6.8156
4965.0000 21.4068 6.8142
4970.0000 21.4186 6.8217
4975.0000 21.4257 6.8200
4980.0000 21.4340 6.8185
4985.0000 21.5005 6.8910
4990.0000 21.4835 6.8599
4995.0000 21.5195 6.8855
5000.0000 21.5677 6.9151
5005.0000 21.5677 6.9151
5010.0000 21.5961 6.9213
5015.0000 21.5961 6.9213
5020.0000 21.5961 6.9213
5025.0000 21.6236 6.9289
5030.0000 21.6355 6.9257
5035.0000 21.6355 6.9257
5040.0000 21.6606 6.9278
5045.0000 21.6970 6.9726
5050.0000 21.6970 6.9726
5055.0000 21.6970 6.9726
5060.0000 21.7647 7.0048
5065.0000 21.7647 7.0048
5070.0000 21.7957 7.0348
5075.0000 21.8223 7.0726
5080.0000 21.8650 7.1253
5085.0000 21.9132 7.1832
5090.0000 22.0442 7.3339
5095.0000 22.0561 7.3275
5100.0000 22.1009 7.3674
5105.0000 22.1080 7.3665
5110.0000 22.1330 7.3786
5115.0000 22.1330 7.3786
5120.0000 22.1330 7.3786
5125.0000 22.1330 7.3786
5130.0000 22.1409 7.3759
5135.0000 22.1473 7.3739
5140.0000 22.1589 7.3705
5145.0000 22.1737 7.3679
5150.0000 22.2169 7.3678
5155.0000 22.2668 7.4022
5160.0000 22.3560 7.4713
5165.0000 22.3824 7.4816
5170.0000 22.3871 7.4800
5175.0000 22.3908 7.4796
5180.0000 22.3908 7.4796
5185.0000 22.3499 7.4203
5190.0000 22.3901 7.4727
5195.0000 22.4309 7.4939
5200.0000 22.3852 7.4226
5205.0000 22.4342 7.4920
5210.0000 22.3657 7.3910
5215.0000 22.3657 7.3910
5220.0000 22.3657 7.3910
5225.0000 22.3657 7.3910
5230.0000 22.3777 7.4080
5235.0000 22.4506 7.4525
5240.0000 22.4607 7.4503
5245.0000 22.4723 7.4481
5250.0000 22.4773 7.4474
5255.0000 22.4587 7.3972
5260.0000 22.4962 7.4112
5265.0000 22.5800 7.4861
5270.0000 22.5995 7.4824
5275.0000 22.6037 7.4819
5280.0000 22.6116 7.4813
5285.0000 22.6983 7.5662
5290.0000 22.7812 7.6706
5295.0000 22.8395 7.7226
5300.0000 22.8800 7.7466
5305.0000 22.8842 7.7455
5310.0000 22.8882 7.7445
5315.0000 22.8965 7.7421
5320.0000 22.8438 7.6439
5325.0000 22.8538 7.6403
5330.0000 22.8607 7.6379
5335.0000 22.8650 7.6377
5340.0000 22.8974 7.6656
5345.0000 22.9166 7.6626
5350.0000 22.9385 7.6591
5355.0000 22.9820 7.6515
5360.0000 22.9674 7.5947
5365.0000 22.9987 7.5902
5370.0000 23.0171 7.5896
5375.0000 23.0625 7.6078
5380.0000 23.0802 7.5730
5385.0000 23.0935 7.5679
5390.0000 23.1308 7.6033
5395.0000 23.1728 7.6154
5400.0000 23.1824 7.6153
5405.0000 23.2217 7.6198
5410.0000 23.2777 7.6644
5415.0000 23.2739 7.6246
5420.0000 23.2919 7.6230
5425.0000 23.3681 7.6476
5430.0000 23.3947 7.6440
5435.0000 23.4085 7.6418
5440.0000 23.4152 7.6406
5445.0000 23.4178 7.6397
5450.0000 23.4305 7.6370
5455.0000 23.4712 7.6741
5460.0000 23.5199 7.6655
5465.0000 23.5281 7.6152
5470.0000 23.5340 7.6134
5475.0000 23.5340 7.6134
5480.0000 23.5340 7.6134
5485.0000 23.5143 7.5749
5490.0000 23.5143 7.5749
5495.0000 23.5143 7.5749
5500.0000 23.5547 7.6120
5505.0000 23.6040 7.6617
5510.0000 23.6357 7.6672
5515.0000 23.7010 7.6752
5520.0000 23.7743 7.7023
5525.0000 23.7904 7.6959
5530.0000 23.8343 7.7097
5535.0000 23.8711 7.7498
5540.0000 23.8772 7.7495
5545.0000 23.9183 7.7699
5550.0000 23.9237 7.7678
5555.0000 23.9268 7.7672
5560.0000 23.9268 7.7672
5565.0000 23.9637 7.7742
5570.0000 23.9687 7.7729
5575.0000 23.9687 7.7729
5580.0000 23.9687 7.7729
5585.0000 23.9845 7.7724
5590.0000 23.9890 7.7723
5595.0000 24.1719 7.9168
5600.0000 24.1915 7.9225
5605.0000 24.3310 8.0602
5610.0000 24.3634 8.0866
5615.0000 24.3634 8.0866
5620.0000 24.3907 8.1082
5625.0000 24.3711 8.0814
5630.0000 24.4171 8.1064
5635.0000 24.4333 8.1121
5640.0000 24.5024 8.1822
5645.0000 24.5314 8.2249
5650.0000 24.5749 8.2471
5655.0000 24.5785 8.2460
5660.0000 24.5860 8.2281
5665.0000 24.5946 8.2288
5670.0000 24.5669 8.1787
5675.0000 24.5690 8.1716
5680.0000 24.6009 8.1699
5685.0000 24.6009 8.1699
5690.0000 24.6073 8.1705
5695.0000 24.6193 8.1683
5700.0000 24.6271 8.1663
5705.0000 24.6271 8.1663
5710.0000 24.6697 8.1808
5715.0000 24.7514 8.2088
5720.0000 24.7764 8.2066
5725.0000 24.8045 8.2023
5730.0000 24.8475 8.2482
5735.0000 24.8157 8.1952
5740.0000 24.8228 8.1935
5745.0000 24.8268 8.1919
5750.0000 24.8268 8.1919
5755.0000 24.8628 8.2230
5760.0000 24.8982 8.2472
5765.0000 24.8834 8.2219
5770.0000 24.9408 8.2771
5775.0000 24.9503 8.2744
5780.0000 24.9605 8.2708
5785.0000 24.9605 8.2708
5790.0000 24.9649 8.2708
5795.0000 25.0398 8.3066
5800.0000 25.0676 8.3090
5805.0000 25.1444 8.3305
5810.0000 25.2282 8.4132
5815.0000 25.2437 8.4128
5820.0000 25.2607 8.4129
5825.0000 25.2714 8.4108
5830.0000 25.2825 8.4103
5835.0000 25.2850 8.4093
5840.0000 25.3267 8.4129
5845.0000 25.3192 8.4024
5850.0000 25.3249 8.4021
5855.0000 25.3371 8.4008
5860.0000 25.3400 8.3772
5865.0000 25.4249 8.4428
5870.0000 25.4249 8.4428
5875.0000 25.4631 8.4698
5880.0000 25.4560 8.4545
5885.0000 25.4560 8.4545
5890.0000 25.4604 8.4532
5895.0000 25.4604 8.4532
5900.0000 25.4647 8.4513
5905.0000 25.4647 8.4513
5910.0000 25.4780 8.4528
5915.0000 25.4846 8.4537
5920.0000 25.4954 8.4553
5925.0000 25.5012 8.4563
5930.0000 25.5246 8.4565
5935.0000 25.5474 8.4544
5940.0000 25.5609 8.4454
5945.0000 25.6004 8.4592
5950.0000 25.6133 8.4657
5955.0000 25.6484 8.5072
5960.0000 25.6536 8.5070
5965.0000 25.6941 8.5112
5970.0000 25.7039 8.5177
5975.0000 25.7110 8.5169
5980.0000 25.7530 8.5484
5985.0000 25.7530 8.5484
5990.0000 25.7530 8.5484
5995.0000 25.7959 8.5819
6000.0000 25.8300 8.6142
6005.0000 25.8420 8.6137
6010.0000 25.8605 8.6099
6015.0000 25.8008 8.5101
6020.0000 25.8300 8.5145
6025.0000 25.8629 8.5519
6030.0000 25.9004 8.5984
6035.0000 25.9257 8.5920
6040.0000 25.9515 8.5840
6045.0000 25.9564 8.5835
6050.0000 25.9564 8.5835
6055.0000 25.9681 8.5817
6060.0000 25.9681 8.5817
6065.0000 25.9681 8.5817
6070.0000 25.9577 8.5682
6075.0000 26.0164 8.6258
6080.0000 25.9789 8.5669
6085.0000 25.9844 8.5654
6090.0000 26.0179 8.5888
6095.0000 26.0260 8.5998
6100.0000 26.0582 8.6249
6105.0000 26.0500 8.6140
6110.0000 26.0904 8.6582
6115.0000 26.1256 8.6931
6120.0000 26.1798 8.7603
6125.0000 26.1798 8.7603
6130.0000 26.2252 8.7498
6135.0000 26.2300 8.7478
6140.0000 26.2723 8.7412
6145.0000 26.2840 8.7393
6150.0000 26.2889 8.7390
6155.0000 26.2889 8.7390
6160.0000 26.2429 8.6718
6165.0000 26.2894 8.7273
6170.0000 26.3030 8.7258
6175.0000 26.3293 8.7248
6180.0000 26.3489 8.7226
6185.0000 26.3632 8.7157
6190.0000 26.3709 8.7171
6195.0000 26.3822 8.7194
6200.0000 26.4832 8.8080
6205.0000 26.5051 8.8080
6210.0000 26.5168 8.8110
6215.0000 26.5394 8.8098
6220.0000 26.5758 8.8090
6225.0000 26.5947 8.8071
6230.0000 26.6053 8.7833
6235.0000 26.6566 8.8366
6240.0000 26.6687 8.8356
6245.0000 26.6868 8.8339
6250.0000 26.7049 8.8314
6255.0000 26.7156 8.8290
6260.0000 26.7285 8.8265
6265.0000 26.7388 8.8243
6270.0000 26.7381 8.7865
6275.0000 26.7322 8.7361
6280.0000 26.8106 8.7827
6285.0000 26.7857 8.7278
6290.0000 26.7936 8.7254
6295.0000 26.8055 8.7223
6300.0000 26.8230 8.7179
6305.0000 26.8715 8.7592
6310.0000 26.9005 8.7546
6315.0000 26.9442 8.7857
6320.0000 26.9950 8.8295
6325.0000 27.0132 8.8261
6330.0000 27.1484 8.8811
6335.0000 27.1663 8.8747
6340.0000 27.1813 8.8695
6345.0000 27.2013 8.8639
6350.0000 27.1927 8.8465
6355.0000 27.2432 8.9039
6360.0000 27.2864 8.9380
6365.0000 27.3523 8.9926
6370.0000 27.4304 9.0661
6375.0000 27.4476 9.0627
6380.0000 27.4644 9.0626
6385.0000 27.4847 9.0568
6390.0000 27.4883 9.0554
6395.0000 27.5047 9.0608
6400.0000 27.5058 9.0450
6405.0000 27.5448 9.0435
6410.0000 27.5629 9.0430
6415.0000 27.5684 9.0436
6420.0000 27.6035 9.0667
6425.0000 27.6153 9.0683
6430.0000 27.6258 9.0706
6435.0000 27.6615 9.0958
6440.0000 27.6958 9.1348
6445.0000 27.6754 9.1077
6450.0000 27.7262 9.1609
6455.0000 27.7262 9.1609
6460.0000 27.8104 9.2352
6465.0000 27.8104 9.2352
6470.0000 27.8471 9.2766
6475.0000 27.8542 9.2748
6480.0000 27.9188 9.3485
6485.0000 27.9622 9.3901
6490.0000 27.9732 9.3897
6495.0000 27.9732 9.3897
6500.0000 27.9732 9.3897
6505.0000 27.9732 9.3897
6510.0000 27.9773 9.3884
6515.0000 27.9173 9.3074
6520.0000 27.9455 9.3291
6525.0000 27.9492 9.3290
6530.0000 27.9552 9.3289
6535.0000 27.9997 9.3765
6540.0000 27.9922 9.3573
6545.0000 28.0201 9.3802
6550.0000 28.0575 9.4173
6555.0000 28.1126 9.4737
6560.0000 28.1324 9.4671
6565.0000 28.1428 9.4634
6570.0000 28.1874 9.5075
6575.0000 28.1874 9.5075
6580.0000 28.1874 9.5075
6585.0000 28.1845 9.4893
6590.0000 28.1845 9.4893
6595.0000 28.1502 9.4439
6600.0000 28.2108 9.5165
6605.0000 28.2419 9.5159
6610.0000 28.2999 9.5618
6615.0000 28.3118 9.5590
6620.0000 28.3069 9.5313
6625.0000 28.3288 9.5253
6630.0000 28.3487 9.5212
6635.0000 28.3962 9.5671
6640.0000 28.4109 9.5656
6645.0000 28.4173 9.5651
6650.0000 28.4007 9.5159
6655.0000 28.4567 9.5764
6660.0000 28.4559 9.5520
6665.0000 28.5054 9.5843
6670.0000 28.5527 9.6150
6675.0000 28.5684 9.6120
6680.0000 28.5799 9.6105
6685.0000 28.5831 9.6098
6690.0000 28.5742 9.5963
6695.0000 28.5742 9.5963
6700.0000 28.6221 9.6349
6705.0000 28.6322 9.6342
6710.0000 28.6510 9.6311
6715.0000 28.7060 9.6807
6720.0000 28.7306 9.6769
6725.0000 28.7799 9.7127
6730.0000 28.7980 9.7095
6735.0000 28.8070 9.7091
6740.0000 28.8129 9.7081
6745.0000 28.8497 9.7074
6750.0000 28.8497 9.7074
6755.0000 28.8572 9.7044
6760.0000 28.8572 9.7044
6765.0000 28.8633 9.7016
6770.0000 28.8728 9.6976
6775.0000 28.9149 9.7362
6780.0000 28.9172 9.7129
6785.0000 28.9653 9.7560
6790.0000 28.9884 9.7501
6795.0000 29.0498 9.8063
6800.0000 29.0541 9.8041
6805.0000 29.0483 9.7826
6810.0000 29.0374 9.7682
6815.0000 29.0836 9.8236
6820.0000 29.1054 9.8388
6825.0000 29.2151 9.9299
6830.0000 29.2249 9.9312
6835.0000 29.2254 9.9245
6840.0000 29.2396 9.9228
6845.0000 29.2562 9.9197
6850.0000 29.2598 9.9185
6855.0000 29.2565 9.9142
6860.0000 29.2952 9.9335
6865.0000 29.2994 9.9335
6870.0000 29.3083 9.9331
6875.0000 29.3129 9.9311
6880.0000 29.2943 9.8776
6885.0000 29.2561 9.8192
6890.0000 29.2561 9.8192
6895.0000 29.2865 9.8467
6900.0000 29.2938 9.8468
6905.0000 29.2978 9.8469
6910.0000 29.3314 9.8508
6915.0000 29.3401 9.8486
6920.0000 29.3464 9.8487
6925.0000 29.3464 9.8487
6930.0000 29.3710 9.8704
6935.0000 29.4177 9.8781
6940.0000 29.4258 9.8777
6945.0000 29.4362 9.8768
6950.0000 29.4811 9.9107
6955.0000 29.4950 9.9052
6960.0000 29.5405 9.8978
6965.0000 29.5405 9.8978
6970.0000 29.5500 9.9103
6975.0000 29.5570 9.9078
6980.0000 29.5603 9.9060
6985.0000 29.5526 9.8959
6990.0000 29.5617 9.8954
6995.0000 29.6108 9.9489
7000.0000 29.6341 9.9720
7005.0000 29.5928 9.9166
7010.0000 29.5928 9.9166
7015.0000 29.5928 9.9166
7020.0000 29.6225 9.9496
7025.0000 29.6755 9.9546
7030.0000 29.6797 9.9543
7035.0000 29.6797 9.9543
7040.0000 29.6937 9.9538
7045.0000 29.6997 9.9541
7050.0000 29.7103 9.9526
7055.0000 29.7146 9.9508
7060.0000 29.7614 9.9991
7065.0000 29.8236 10.0738
7070.0000 29.8413 10.0859
7075.0000 29.8476 10.0831
7080.0000 29.8811 10.1172
7085.0000 29.8887 10.1138
7090.0000 29.9041 10.1070
7095.0000 29.9164 10.1015
7100.0000 29.9274 10.0969
7105.0000 29.9404 10.0919
7110.0000 29.9440 10.0907
7115.0000 29.9462 10.0709
7120.0000 29.9621 10.0655
7125.0000 29.9621 10.0655
7130.0000 30.0105 10.1294
7135.0000 30.0066 10.1180
7140.0000 30.0708 10.1928
7145.0000 30.0708 10.1928
7150.0000 30.0751 10.1923
7155.0000 30.1062 10.2298
7160.0000 30.1062 10.2298
7165.0000 30.1062 10.2298
7170.0000 30.1116 10.2306
7175.0000 30.1179 10.2101
7180.0000 30.1280 10.1830
7185.0000 30.1308 10.1818
7190.0000 30.1308 10.1818
7195.0000 30.1339 10.1858
7200.0000 30.1339 10.1858
7205.0000 30.1050 10.1475
7210.0000 30.0848 10.0998
7215.0000 30.0842 10.0784
7220.0000 30.0940 10.0751
7225.0000 30.0705 10.0368
7230.0000 30.0765 10.0349
7235.0000 30.0832 10.0349
7240.0000 30.0879 10.0349
7245.0000 30.1702 10.1345
7250.0000 30.1711 10.1259
7255.0000 30.1510 10.0936
7260.0000 30.1646 10.0794
7265.0000 30.1870 10.0717
7270.0000 30.2102 10.0918
7275.0000 30.2294 10.0879
7280.0000 30.2004 10.0303
7285.0000 30.2167 10.0104
7290.0000 30.2915 10.0422
7295.0000 30.2860 10.0078
7300.0000 30.2956 9.9960
7305.0000 30.3164 9.9920
7310.0000 30.3669 10.0197
7315.0000 30.4208 10.0523
7320.0000 30.4374 10.0509
7325.0000 30.4591 10.0497
7330.0000 30.4364 10.0138
7335.0000 30.4334 10.0016
7340.0000 30.4446 10.0021
7345.0000 30.4587 10.0010
7350.0000 30.4963 10.0099
7355.0000 30.4989 9.9912
7360.0000 30.4787 9.9582
7365.0000 30.5408 10.0158
7370.0000 30.5188 9.9723
7375.0000 30.5188 9.9665
7380.0000 30.5673 10.0163
7385.0000 30.5734 10.0167
7390.0000 30.6018 10.0536
7395.0000 30.6106 10.0550
7400.0000 30.6221 10.0571
7405.0000 30.5976 10.0191
7410.0000 30.6111 10.0161
7415.0000 30.6111 10.0161
7420.0000 30.6737 10.0875
7425.0000 30.7342 10.1561
7430.0000 30.7497 10.1674
7435.0000 30.7633 10.1709
7440.0000 30.7935 10.1979
7445.0000 30.8144 10.2019
7450.0000 30.8304 10.1996
7455.0000 30.8357 10.1993
7460.0000 30.8749 10.2350
7465.0000 30.8784 10.2349
7470.0000 30.8790 10.2244
7475.0000 30.8502 10.1594
7480.0000 30.8220 10.1151
7485.0000 30.8240 10.1036
7490.0000 30.8520 10.1164
7495.0000 30.8617 10.1131
7500.0000 30.8760 10.1105
7505.0000 30.9124 10.1222
7510.0000 30.9307 10.1195
7515.0000 30.9462 10.1179
7520.0000 30.9592 10.1075
7525.0000 30.9941 10.1231
7530.0000 31.0219 10.1597
7535.0000 31.0253 10.1586
7540.0000 31.0253 10.1586
7545.0000 31.0362 10.1544
7550.0000 31.0419 10.1523
7555.0000 31.0521 10.1521
7560.0000 31.0564 10.1503
7565.0000 31.0609 10.1484
7570.0000 31.0687 10.1452
7575.0000 31.0821 10.0896
7580.0000 31.1281 10.0586
7585.0000 31.1484 10.0527
7590.0000 31.1566 10.0497
7595.0000 31.1779 10.0516
7600.0000 31.1926 10.0478
7605.0000 31.2113 10.0407
7610.0000 31.2916 10.0624
7615.0000 31.3063 10.0623
7620.0000 31.3124 10.0605
7625.0000 31.3189 10.0586
7630.0000 31.3252 10.0560
7635.0000 31.2847 9.9944
7640.0000 31.2579 9.9468
7645.0000 31.3025 9.9570
7650.0000 31.3568 10.0100
7655.0000 31.3918 10.0411
7660.0000 31.4490 10.1036
7665.0000 31.4540 10.1033
7670.0000 31.5108 10.1301
7675.0000 31.5182 10.1289
7680.0000 31.5210 10.1325
7685.0000 31.5997 10.1361
7690.0000 31.6039 10.1413
7695.0000 31.5995 10.0986
7700.0000 31.5921 10.0503
7705.0000 31.6572 10.1203
7710.0000 31.6987 10.1360
7715.0000 31.7014 10.1345
7720.0000 31.7329 10.1400
7725.0000 31.7329 10.1400
7730.0000 31.7390 10.1399
7735.0000 31.6769 10.0524
7740.0000 31.7361 10.1128
7745.0000 31.7482 10.1115
7750.0000 31.7542 10.1114
7755.0000 31.7599 10.1115
7760.0000 31.7698 10.1117
7765.0000 31.7987 10.1390
7770.0000 31.8320 10.1639
7775.0000 31.8317 10.1636
7780.0000 31.8417 10.1608
7785.0000 31.7974 10.0473
7790.0000 31.8515 10.0650
7795.0000 31.8456 10.0330
7800.0000 31.8526 10.0304
7805.0000 31.8939 10.0594
7810.0000 31.9511 10.0835
7815.0000 32.0023 10.1264
7820.0000 32.1028 10.2311
7825.0000 32.1095 10.2286
7830.0000 32.1255 10.2226
7835.0000 32.1362 10.2182
7840.0000 32.1451 10.2210
7845.0000 32.1489 10.2192
7850.0000 32.1543 10.2188
7855.0000 32.1866 10.2339
7860.0000 32.1866 10.2339
7865.0000 32.1919 10.2340
7870.0000 32.1919 10.2340
7875.0000 32.2203 10.2465
7880.0000 32.2402 10.2364
7885.0000 32.3167 10.2890
7890.0000 32.3083 10.2495
7895.0000 32.3475 10.2473
7900.0000 32.3475 10.2473
7905.0000 32.3523 10.2447
7910.0000 32.3935 10.2938
7915.0000 32.4010 10.2917
7920.0000 32.4150 10.2925
7925.0000 32.4014 10.2639
7930.0000 32.4014 10.2639
7935.0000 32.4040 10.2625
7940.0000 32.3697 10.2058
7945.0000 32.4357 10.2810
7950.0000 32.4551 10.2828
7955.0000 32.4596 10.2813
7960.0000 32.4572 10.2784
7965.0000 32.4658 10.2801
7970.0000 32.4827 10.2878
7975.0000 32.5079 10.2946
7980.0000 32.5400 10.3240
7985.0000 32.5428 10.3236
7990.0000 32.5468 10.3221
7995.0000 32.5581 10.3181
8000.0000 32.5320 10.2446
8005.0000 32.5197 10.2104
8010.0000 32.5375 10.2077
8015.0000 32.5011 10.1199
8020.0000 32.5340 10.1310
8025.0000 32.5404 10.1303
8030.0000 32.5464 10.1299
8035.0000 32.5464 10.1299
8040.0000 32.5506 10.1305
8045.0000 32.5756 10.1511
8050.0000 32.6275 10.2025
8055.0000 32.6275 10.2025
8060.0000 32.6275 10.2025
8065.0000 32.6319 10.2005
8070.0000 32.6402 10.1914
8075.0000 32.6471 10.1851
8080.0000 32.6288 10.1568
8085.0000 32.6288 10.1568
8090.0000 32.6324 10.1555
8095.0000 32.6785 10.1721
8100.0000 32.7275 10.2084
8105.0000 32.7275 10.2084
8110.0000 32.7669 10.2214
8115.0000 32.7669 10.2214
8120.0000 32.8487 10.3086
8125.0000 32.9138 10.3422
8130.0000 32.9512 10.3379
8135.0000 33.0298 10.3571
8140.0000 33.0753 10.3572
8145.0000 33.0866 10.3651
8150.0000 33.0950 10.3621
8155.0000 33.1570 10.3980
8160.0000 33.1669 10.4102
8165.0000 33.1669 10.4102
8170.0000 33.2081 10.4489
8175.0000 33.2970 10.5034
8180.0000 33.3005 10.5025
8185.0000 33.3099 10.5029
8190.0000 33.3189 10.5026
8195.0000 33.3621 10.5577
8200.0000 33.3621 10.5577
8205.0000 33.4178 10.6168
8210.0000 33.4447 10.6271
8215.0000 33.4744 10.6374
8220.0000 33.4834 10.6349
8225.0000 33.5166 10.6451
8230.0000 33.5008 10.6260
8235.0000 33.5044 10.6243
8240.0000 33.5520 10.6520
8245.0000 33.5520 10.6520
8250.0000 33.5912 10.6631
8255.0000 33.5990 10.6613
8260.0000 33.5640 10.6108
8265.0000 33.5729 10.6144
8270.0000 33.5437 10.5688
8275.0000 33.5543 10.5678
8280.0000 33.5592 10.5654
8285.0000 33.6101 10.5999
8290.0000 33.6571 10.6349
8295.0000 33.6571 10.6349
8300.0000 33.6932 10.6663
8305.0000 33.6905 10.6629
8310.0000 33.6905 10.6629
8315.0000 33.6931 10.6623
8320.0000 33.6981 10.6625
8325.0000 33.7060 10.6633
8330.0000 33.7191 10.6617
8335.0000 33.7261 10.6606
8340.0000 33.7648 10.6773
8345.0000 33.7759 10.6772
8350.0000 33.7717 10.6553
8355.0000 33.7816 10.6549
8360.0000 33.7927 10.6539
8365.0000 33.8215 10.6416
8370.0000 33.8394 10.6368
8375.0000 33.8625 10.6536
8380.0000 33.8713 10.6539
8385.0000 33.9133 10.6915
8390.0000 33.9300 10.6905
8395.0000 33.8633 10.6029
8400.0000 33.8523 10.5699
8405.0000 33.8577 10.5716
8410.0000 33.8103 10.4959
8415.0000 33.8865 10.5786
8420.0000 33.9284 10.6183
8425.0000 33.9350 10.6154
8430.0000 33.9118 10.5804
8435.0000 33.9237 10.5804
8440.0000 33.9294 10.5784
8445.0000 33.9713 10.6190
8450.0000 33.9575 10.6028
8455.0000 33.9811 10.6203
8460.0000 33.9889 10.6154
8465.0000 33.9663 10.5837
8470.0000 33.9734 10.5837
8475.0000 33.9089 10.4987
8480.0000 33.9389 10.5305
8485.0000 33.9421 10.5286
8490.0000 33.9543 10.5317
8495.0000 33.9690 10.5374
8500.0000 33.9728 10.5357
8505.0000 33.9728 10.5357
8510.0000 34.0100 10.5740
8515.0000 34.0181 10.5710
8520.0000 34.0597 10.6044
8525.0000 34.0244 10.5627
8530.0000 34.0820 10.6077
8535.0000 34.0999 10.6038
8540.0000 34.1119 10.6010
8545.0000 34.1119 10.6010
8550.0000 34.1217 10.6119
8555.0000 34.1180 10.6013
8560.0000 34.0886 10.5543
8565.0000 34.0914 10.5534
8570.0000 34.0997 10.5500
8575.0000 34.1189 10.5444
8580.0000 34.1258 10.5444
8585.0000 34.1293 10.5444
8590.0000 34.1413 10.5433
8595.0000 34.1413 10.5433
8600.0000 34.1603 10.5398
8605.0000 34.1943 10.5733
8610.0000 34.2077 10.5746
8615.0000 34.2208 10.5730
8620.0000 34.2208 10.5730
8625.0000 34.2694 10.6095
8630.0000 34.2453 10.5736
8635.0000 34.2453 10.5736
8640.0000 34.2815 10.6164
8645.0000 34.2458 10.5726
8650.0000 34.2806 10.6094
8655.0000 34.2953 10.6076
8660.0000 34.3365 10.6382
8665.0000 34.3026 10.5873
8670.0000 34.3139 10.5820
8675.0000 34.3232 10.5778
8680.0000 34.3290 10.5753
8685.0000 34.3576 10.5653
8690.0000 34.3626 10.5632
8695.0000 34.3751 10.5579
8700.0000 34.3918 10.5530
8705.0000 34.4544 10.5724
8710.0000 34.4745 10.5673
8715.0000 34.4888 10.5660
8720.0000 34.4371 10.4821
8725.0000 34.4932 10.5005
8730.0000 34.5448 10.5295
8735.0000 34.5612 10.5266
8740.0000 34.5798 10.5130
8745.0000 34.5925 10.5091
8750.0000 34.6351 10.5476
8755.0000 34.6503 10.5470
8760.0000 34.6960 10.5974
8765.0000 34.6617 10.5553
8770.0000 34.6628 10.5567
8775.0000 34.7136 10.6134
8780.0000 34.7604 10.6448
8785.0000 34.8262 10.6916
8790.0000 34.8345 10.6914
8795.0000 34.8777 10.7177
8800.0000 34.9169 10.7452
8805.0000 34.9678 10.7729
8810.0000 34.9988 10.8055
8815.0000 34.9613 10.7528
8820.0000 34.9665 10.7445
8825.0000 35.0116 10.7817
8830.0000 35.0232 10.7844
8835.0000 35.0314 10.7801
8840.0000 35.0288 10.7723
8845.0000 35.0120 10.7523
8850.0000 35.0120 10.7523
8855.0000 34.9917 10.7157
8860.0000 34.9970 10.7170
8865.0000 35.0058 10.6981
8870.0000 35.0653 10.7127
8875.0000 35.0785 10.7088
8880.0000 35.0825 10.7075
8885.0000 35.0881 10.7057
8890.0000 35.0881 10.7057
8895.0000 35.1131 10.7345
8900.0000 35.1162 10.7346
8905.0000 35.1320 10.7297
8910.0000 35.1422 10.7324
8915.0000 35.1999 10.7833
8920.0000 35.2251 10.7822
8925.0000 35.2391 10.7819
8930.0000 35.3547 10.8531
8935.0000 35.3795 10.8225
8940.0000 35.4449 10.8473
8945.0000 35.4518 10.8447
8950.0000 35.4620 10.8412
8955.0000 35.4706 10.8279
8960.0000 35.5326 10.8441
8965.0000 35.5379 10.8425
8970.0000 35.5430 10.8434
8975.0000 35.5465 10.8422
8980.0000 35.5690 10.8268
8985.0000 35.5971 10.8466
8990.0000 35.6290 10.8758
8995.0000 35.6491 10.8831
9000.0000 35.6548 10.8828
9005.0000 35.6566 10.8717
9010.0000 35.6566 10.8717
9015.0000 35.6863 10.9035
9020.0000 35.7157 10.9197
9025.0000 35.7425 10.9154
9030.0000 35.7572 10.9103
9035.0000 35.7621 10.9088
9040.0000 35.8074 10.9457
9045.0000 35.8206 10.9446
9050.0000 35.8299 10.9398
9055.0000 35.8601 10.9658
9060.0000 35.8311 10.9109
9065.0000 35.9009 10.9668
9070.0000 35.9051 10.9654
9075.0000 35.9117 10.9634
9080.0000 35.9087 10.9482
9085.0000 35.9179 10.9488
9090.0000 35.9508 10.9482
9095.0000 35.9767 10.9534
9100.0000 36.0226 10.9986
9105.0000 36.0262 10.9962
9110.0000 36.0552 11.0305
9115.0000 36.0870 11.0649
9120.0000 36.0483 11.0197
9125.0000 36.0377 11.0020
9130.0000 36.0137 10.9524
9135.0000 36.0170 10.9525
9140.0000 36.0279 10.9475
9145.0000 36.0279 10.9475
9150.0000 36.0757 10.9799
9155.0000 36.1499 11.0368
9160.0000 36.1670 11.0265
9165.0000 36.1822 11.0119
9170.0000 36.2455 11.0565
9175.0000 36.2492 11.0362
9180.0000 36.2667 11.0314
9185.0000 36.3123 11.0643
9190.0000 36.3220 11.0617
9195.0000 36.3331 11.0572
9200.0000 36.3958 11.1124
9205.0000 36.4146 11.1046
9210.0000 36.4237 11.1006
9215.0000 36.4320 11.0965
9220.0000 36.4420 11.0961
9225.0000 36.4283 11.0471
9230.0000 36.4416 11.0380
9235.0000 36.4772 11.0484
9240.0000 36.5489 11.0966
9245.0000 36.5517 11.0954
9250.0000 36.5609 11.0917
9255.0000 36.6031 11.1278
9260.0000 36.6186 11.1230
9265.0000 36.6499 11.1603
9270.0000 36.6499 11.1603
9275.0000 36.6290 11.1263
9280.0000 36.5815 11.0640
9285.0000 36.5828 11.0536
9290.0000 36.5741 11.0436
9295.0000 36.6082 11.0763
9300.0000 36.6082 11.0763
9305.0000 36.6474 11.1086
9310.0000 36.6670 11.1022
9315.0000 36.6851 11.0982
9320.0000 36.7035 11.0977
9325.0000 36.7278 11.0978
9330.0000 36.6989 11.0525
9335.0000 36.7269 11.0764
9340.0000 36.7349 11.0731
9345.0000 36.7436 11.0725
9350.0000 36.7635 11.0919
9355.0000 36.8151 11.1408
9360.0000 36.7748 11.0817
9365.0000 36.8307 11.1224
9370.0000 36.8099 11.0850
9375.0000 36.8247 11.0799
9380.0000 36.8428 11.0759
9385.0000 36.8507 11.0723
9390.0000 36.8790 11.0908
9395.0000 36.9111 11.1138
9400.0000 36.9085 11.1107
9405.0000 36.9710 11.1737
9410.0000 36.9976 11.1966
9415.0000 37.0140 11.1962
9420.0000 37.0609 11.2240
9425.0000 37.0740 11.2253
9430.0000 37.0753 11.2233
9435.0000 37.1364 11.2876
9440.0000 37.1438 11.2605
9445.0000 37.1707 11.2499
9450.0000 37.2076 11.2807
9455.0000 37.2193 11.2776
9460.0000 37.1531 11.1914
9465.0000 37.1764 11.2178
9470.0000 37.1764 11.2178
9475.0000 37.1630 11.2026
9480.0000 37.1383 11.1630
9485.0000 37.1383 11.1630
9490.0000 37.1755 11.2042
9495.0000 37.1805 11.2099
9500.0000 37.1785 11.2078
9505.0000 37.2337 11.2715
9510.0000 37.2391 11.2719
9515.0000 37.2391 11.2719
9520.0000 37.2326 11.2584
9525.0000 37.2287 11.2476
9530.0000 37.2528 11.2506
9535.0000 37.2748 11.2474
9540.0000 37.2947 11.2434
9545.0000 37.2958 11.2395
9550.0000 37.2896 11.2325
9555.0000 37.3203 11.2622
9560.0000 37.3293 11.2722
9565.0000 37.3640 11.3124
9570.0000 37.3958 11.3489
9575.0000 37.3373 11.2751
9580.0000 37.3424 11.2734
9585.0000 37.3537 11.2701
9590.0000 37.3968 11.3119
9595.0000 37.3492 11.2577
9600.0000 37.3423 11.2461
9605.0000 37.3287 11.2129
9610.0000 37.3096 11.1817
9615.0000 37.3107 11.1673
9620.0000 37.3157 11.1674
9625.0000 37.3157 11.1674
9630.0000 37.3228 11.1588
9635.0000 37.3573 11.1878
9640.0000 37.3433 11.1635
9645.0000 37.2508 11.0501
9650.0000 37.3638 11.1666
9655.0000 37.3805 11.1634
9660.0000 37.3948 11.1602
9665.0000 37.3679 11.1069
9670.0000 37.3841 11.1101
9675.0000 37.4280 11.1404
9680.0000 37.4484 11.1399
9685.0000 37.4885 11.1725
9690.0000 37.4939 11.1724
9695.0000 37.5907 11.2738
9700.0000 37.5600 11.2289
9705.0000 37.6009 11.2644
9710.0000 37.5311 11.1772
9715.0000 37.5862 11.2367
9720.0000 37.5946 11.2418
9725.0000 37.6015 11.2411
9730.0000 37.5892 11.2200
9735.0000 37.5321 11.1494
9740.0000 37.5699 11.1809
9745.0000 37.5092 11.1004
9750.0000 37.5574 11.1444
9755.0000 37.5544 11.1260
9760.0000 37.5838 11.1381
9765.0000 37.6102 11.1675
9770.0000 37.6060 11.1628
9775.0000 37.6301 11.1911
9780.0000 37.6830 11.2532
9785.0000 37.6587 11.2160
9790.0000 37.6674 11.2148
9795.0000 37.6946 11.2345
9800.0000 37.6946 11.2345
9805.0000 37.6601 11.1944
9810.0000 37.6654 11.1932
9815.0000 37.6783 11.1898
9820.0000 37.7141 11.2090
9825.0000 37.6362 11.0998
9830.0000 37.6520 11.0958
9835.0000 37.6876 11.1200
9840.0000 37.7101 11.1296
9845.0000 37.7095 11.1289
9850.0000 37.7443 11.1677
9855.0000 37.7518 11.1679
9860.0000 37.7749 11.1953
9865.0000 37.7749 11.1953
9870.0000 37.7366 11.1430
9875.0000 37.7366 11.1430
9880.0000 37.7366 11.1430
9885.0000 37.7447 11.1402
9890.0000 37.7563 11.1327
9895.0000 37.7598 11.1331
9900.0000 37.7630 11.1368
9905.0000 37.7675 11.1369
9910.0000 37.8327 11.1932
9915.0000 37.8557 11.1973
9920.0000 37.8720 11.2003
9925.0000 37.8840 11.1989
9930.0000 37.9099 11.1966
9935.0000 37.9189 11.1830
9940.0000 37.9642 11.2297
9945.0000 37.9952 11.2607
9950.0000 37.9952 11.2607
9955.0000 38.0381 11.3056
9960.0000 38.0712 11.3316
9965.0000 38.0712 11.3316
9970.0000 38.0867 11.3430
9975.0000 38.0923 11.3411
9980.0000 38.0624 11.2911
9985.0000 38.0624 11.2911
9990.0000 38.0692 11.2890
9995.0000 38.0497 11.2462
10000.0000 38.0491 11.2382
10005.0000 38.0930 11.2767
10010.0000 38.0076 11.1707
10015.0000 38.0076 11.1707
10020.0000 38.0076 11.1707
10025.0000 38.0076 11.1707
10030.0000 38.0336 11.2009
10035.0000 38.0336 11.2009
10040.0000 38.0198 11.1760
10045.0000 38.0723 11.2207
10050.0000 38.0207 11.1580
10055.0000 38.0354 11.1666
10060.0000 38.0396 11.1673
10065.0000 38.0469 11.1637
10070.0000 38.0786 11.1951
10075.0000 38.0851 11.1956
10080.0000 38.1006 11.1999
10085.0000 38.1035 11.1988
10090.0000 38.1180 11.1955
10095.0000 38.1353 11.1929
10100.0000 38.1502 11.1918
10105.0000 38.1282 11.1464
10110.0000 38.1614 11.1548
10115.0000 38.1896 11.1727
10120.0000 38.1696 11.1403
10125.0000 38.1750 11.1382
10130.0000 38.1835 11.1352
10135.0000 38.1965 11.1300
10140.0000 38.1644 11.0802
10145.0000 38.2034 11.1148
10150.0000 38.2143 11.1151
10155.0000 38.2594 11.1654
10160.0000 38.2627 11.1660
10165.0000 38.2466 11.1329
10170.0000 38.2580 11.1276
10175.0000 38.2580 11.1276
10180.0000 38.2619 11.1282
10185.0000 38.2540 11.1169
10190.0000 38.2828 11.1352
10195.0000 38.2736 11.1132
10200.0000 38.2690 11.0983
10205.0000 38.2586 11.0654
10210.0000 38.3008 11.0766
10215.0000 38.3564 11.1226
10220.0000 38.3181 11.0701
10225.0000 38.3799 11.1256
10230.0000 38.3867 11.1268
10235.0000 38.3867 11.1268
10240.0000 38.3934 11.1256
10245.0000 38.3934 11.1256
10250.0000 38.4194 11.1559
10255.0000 38.4588 11.1868
10260.0000 38.4588 11.1868
10265.0000 38.4588 11.1868
10270.0000 38.4638 11.1851
10275.0000 38.4348 11.1405
10280.0000 38.4149 11.1162
10285.0000 38.4418 11.1438
10290.0000 38.4269 11.1142
10295.0000 38.4237 11.0986
10300.0000 38.4037 11.0716
10305.0000 38.4509 11.1238
10310.0000 38.4372 11.1082
10315.0000 38.4638 11.1388
10320.0000 38.4647 11.1399
10325.0000 38.4973 11.1784
10330.0000 38.5293 11.2138
10335.0000 38.5640 11.2463
10340.0000 38.5957 11.2741
10345.0000 38.6047 11.2663
10350.0000 38.5871 11.2276
10355.0000 38.6649 11.3110
10360.0000 38.6017 11.2402
10365.0000 38.5325 11.1606
10370.0000 38.5799 11.2136
10375.0000 38.5694 11.2017
10380.0000 38.5600 11.1842
10385.0000 38.5640 11.1832
10390.0000 38.5912 11.2142
10395.0000 38.5787 11.2008
10400.0000 38.5857 11.2036
10405.0000 38.6307 11.2401
10410.0000 38.6697 11.2787
10415.0000 38.6499 11.2509
10420.0000 38.6567 11.2524
10425.0000 38.6597 11.2529
10430.0000 38.6666 11.2479
10435.0000 38.6606 11.1975
10440.0000 38.7133 11.2209
10445.0000 38.6783 11.1656
10450.0000 38.6822 11.1698
10455.0000 38.7131 11.2034
10460.0000 38.6965 11.1817
10465.0000 38.6864 11.1539
10470.0000 38.6922 11.1426
10475.0000 38.6909 11.1412
10480.0000 38.7336 11.1899
10485.0000 38.7582 11.2097
10490.0000 38.8007 11.2488
10495.0000 38.7606 11.1992
10500.0000 38.7898 11.2316
10505.0000 38.7898 11.2316
10510.0000 38.8198 11.2641
10515.0000 38.8198 11.2641
10520.0000 38.8198 11.2641
10525.0000 38.8292 11.2658
10530.0000 38.8502 11.2824
10535.0000 38.8609 11.2803
10540.0000 38.8595 11.2712
10545.0000 38.8636 11.2693
10550.0000 38.8670 11.2693
10555.0000 38.8777 11.2686
10560.0000 38.8777 11.2686
10565.0000 38.8370 11.2222
10570.0000 38.8767 11.2553
10575.0000 38.8589 11.2228
10580.0000 38.8877 11.2394
10585.0000 38.9037 11.2333
10590.0000 38.8813 11.1884
10595.0000 38.8993 11.1825
10600.0000 38.9160 11.1793
10605.0000 38.9341 11.1805
10610.0000 38.9435 11.1786
10615.0000 38.9629 11.1819
10620.0000 38.9743 11.1804
10625.0000 39.0224 11.2117
10630.0000 39.0359 11.2105
10635.0000 39.0097 11.1749
10640.0000 39.0222 11.1734
10645.0000 39.0331 11.1746
10650.0000 39.0749 11.2183
10655.0000 39.0675 11.1969
10660.0000 39.1368 11.2669
10665.0000 39.1406 11.2648
10670.0000 39.1457 11.2635
10675.0000 39.1234 11.2396
10680.0000 39.0837 11.1824
10685.0000 39.0879 11.1832
10690.0000 39.1024 11.1832
10695.0000 39.1154 11.1920
10700.0000 39.1519 11.2302
10705.0000 39.1519 11.2302
10710.0000 39.0857 11.1552
10715.0000 39.0857 11.1552
10720.0000 39.1175 11.1901
10725.0000 39.1217 11.1911
10730.0000 39.0807 11.1419
10735.0000 39.1435 11.1989
10740.0000 39.1373 11.1876
10745.0000 39.1506 11.1821
10750.0000 39.1499 11.1609
10755.0000 39.1744 11.1567
10760.0000 39.1880 11.1506
10765.0000 39.1748 11.1307
10770.0000 39.1775 11.1291
10775.0000 39.1775 11.1291
10780.0000 39.1830 11.1278
10785.0000 39.1932 11.1287
10790.0000 39.1950 11.1219
10795.0000 39.1842 11.0852
10800.0000 39.1942 11.0854
10805.0000 39.1942 11.0854
10810.0000 39.1942 11.0854
10815.0000 39.2332 11.1296
10820.0000 39.2681 11.1407
10825.0000 39.2477 11.1067
10830.0000 39.2689 11.1025
10835.0000 39.2827 11.0987
10840.0000 39.2772 11.0750
10845.0000 39.2930 11.0752
10850.0000 39.2810 11.0468
10855.0000 39.2864 11.0458
10860.0000 39.2962 11.0449
10865.0000 39.3308 11.0457
10870.0000 39.3587 11.0449
10875.0000 39.3786 11.0536
10880.0000 39.4044 11.0478
10885.0000 39.4380 11.0395
10890.0000 39.4619 11.0409
10895.0000 39.4774 11.0254
10900.0000 39.5005 11.0265
10905.0000 39.5530 11.0686
10910.0000 39.5779 11.0643
10915.0000 39.6072 11.0634
10920.0000 39.6282 11.0654
10925.0000 39.6467 11.0664
10930.0000 39.6735 11.0679
10935.0000 39.7384 11.1030
10940.0000 39.7274 11.0589
10945.0000 39.7630 11.0900
10950.0000 39.8011 11.1257
10955.0000 39.8011 11.1257
10960.0000 39.8468 11.1705
10965.0000 39.8631 11.1693
10970.0000 39.8234 11.1193
10975.0000 39.7914 11.0732
10980.0000 39.8236 11.0791
10985.0000 39.8846 11.1150
10990.0000 39.9425 11.1463
10995.0000 39.9813 11.1486
11000.0000 39.9975 11.1527
11005.0000 40.0275 11.1556
11010.0000 40.0539 11.1555
11015.0000 40.0502 11.1274
11020.0000 40.1218 11.1552
11025.0000 40.1348 11.1592
11030.0000 40.1585 11.1673
11035.0000 40.1641 11.1683
11040.0000 40.1826 11.1707
11045.0000 40.2409 11.2141
11050.0000 40.2616 11.2104
11055.0000 40.2705 11.2143
11060.0000 40.2497 11.1843
11065.0000 40.2596 11.1798
11070.0000 40.3360 11.2474
11075.0000 40.3832 11.2810
11080.0000 40.3911 11.2670
11085.0000 40.4494 11.3121
11090.0000 40.4616 11.3099
11095.0000 40.4752 11.3075
11100.0000 40.4752 11.3075
11105.0000 40.4166 11.2381
11110.0000 40.4214 11.2359
11115.0000 40.4256 11.2367
11120.0000 40.4884 11.2938
11125.0000 40.4987 11.2823
11130.0000 40.4889 11.2617
11135.0000 40.4708 11.2386
11140.0000 40.4923 11.2515
11145.0000 40.4078 11.1558
11150.0000 40.4784 11.2214
11155.0000 40.5023 11.2364
11160.0000 40.5602 11.2800
11165.0000 40.5426 11.2608
11170.0000 40.5582 11.2777
11175.0000 40.5662 11.2867
11180.0000 40.5684 11.2830
11185.0000 40.5684 11.2830
11190.0000 40.5721 11.2819
11195.0000 40.5634 11.2722
11200.0000 40.5663 11.2711
11205.0000 40.5663 11.2711
11210.0000 40.5708 11.2694
11215.0000 40.6420 11.3509
11220.0000 40.6398 11.3495
11225.0000 40.6498 11.3603
11230.0000 40.5904 11.2639
11235.0000 40.6123 11.2642
11240.0000 40.6357 11.2623
11245.0000 40.5870 11.1903
11250.0000 40.6665 11.2445
11255.0000 40.7131 11.2800
11260.0000 40.7187 11.2778
11265.0000 40.7187 11.2778
11270.0000 40.7587 11.3181
11275.0000 40.7352 11.2799
11280.0000 40.7474 11.2769
11285.0000 40.7474 11.2769
11290.0000 40.6817 11.2052
11295.0000 40.6671 11.1896
11300.0000 40.6732 11.1961
11305.0000 40.6833 11.2071
11310.0000 40.6939 11.2056
11315.0000 40.6992 11.2057
11320.0000 40.7017 11.2047
11325.0000 40.7017 11.2047
11330.0000 40.7017 11.2047
11335.0000 40.6794 11.1665
11340.0000 40.6867 11.1630
11345.0000 40.6867 11.1630
11350.0000 40.6809 11.1569
11355.0000 40.6739 11.1493
11360.0000 40.7183 11.1990
11365.0000 40.7579 11.2275
11370.0000 40.7701 11.2268
11375.0000 40.7554 11.2032
11380.0000 40.8034 11.2465
11385.0000 40.8418 11.2763
11390.0000 40.8418 11.2763
11395.0000 40.8490 11.2745
11400.0000 40.8641 11.2696
11405.0000 40.8641 11.2696
11410.0000 40.8763 11.2703
11415.0000 40.8965 11.2680
11420.0000 40.9163 11.2751
11425.0000 40.9231 11.2767
11430.0000 40.9733 11.3250
11435.0000 40.8823 11.2251
11440.0000 40.8860 11.2241
11445.0000 40.8968 11.2214
11450.0000 40.9087 11.2184
11455.0000 40.9587 11.2629
11460.0000 40.9467 11.2431
11465.0000 40.9094 11.1917
11470.0000 40.9242 11.1989
11475.0000 40.9385 11.2008
11480.0000 40.9500 11.2021
11485.0000 40.9600 11.2020
11490.0000 40.9859 11.2031
11495.0000 40.9856 11.1928
11500.0000 40.9948 11.1938
11505.0000 41.0719 11.2539
11510.0000 41.0915 11.2514
11515.0000 41.1355 11.2802
11520.0000 41.1519 11.2755
11525.0000 41.1678 11.2752
11530.0000 41.1469 11.2454
11535.0000 41.2160 11.3001
11540.0000 41.2583 11.3347
11545.0000 41.2593 11.3308
11550.0000 41.2593 11.3308
11555.0000 41.2293 11.2928
11560.0000 41.2338 11.2939
11565.0000 41.2285 11.2767
11570.0000 41.2411 11.2795
11575.0000 41.3128 11.3417
11580.0000 41.3295 11.3394
11585.0000 41.3496 11.3433
11590.0000 41.3486 11.3391
11595.0000 41.3960 11.3846
11600.0000 41.4128 11.3782
11605.0000 41.4200 11.3734
11610.0000 41.4239 11.3708
11615.0000 41.4355 11.3684
11620.0000 41.4487 11.3637
11625.0000 41.4934 11.3860
11630.0000 41.5050 11.3853
11635.0000 41.5288 11.3764
11640.0000 41.5396 11.3719
11645.0000 41.5480 11.3670
11650.0000 41.5905 11.4020
11655.0000 41.6024 11.4028
11660.0000 41.6261 11.4054
11665.0000 41.6415 11.4017
11670.0000 41.6577 11.3974
11675.0000 41.6684 11.3958
11680.0000 41.6719 11.3941
11685.0000 41.6749 11.3857
11690.0000 41.6825 11.3818
11695.0000 41.7009 11.3758
11700.0000 41.7103 11.3707
11705.0000 41.7393 11.4013
11710.0000 41.7696 11.4364
11715.0000 41.7750 11.4341
11720.0000 41.7750 11.4341
11725.0000 41.7750 11.4341
11730.0000 41.7866 11.4307
11735.0000 41.7607 11.3929
11740.0000 41.7518 11.3756
11745.0000 41.7596 11.3722
11750.0000 41.7625 11.3711
11755.0000 41.7678 11.3693
11760.0000 41.7755 11.3670
11765.0000 41.7851 11.3672
11770.0000 41.7940 11.3706
11775.0000 41.8140 11.3717
11780.0000 41.7904 11.3284
11785.0000 41.7995 11.3303
11790.0000 41.8236 11.3343
11795.0000 41.8320 11.3350
11800.0000 41.8250 11.3275
11805.0000 41.7873 11.2872
11810.0000 41.7995 11.2962
11815.0000 41.8139 11.3016
11820.0000 41.8231 11.3086
11825.0000 41.9239 11.4039
11830.0000 41.8659 11.3364
11835.0000 41.8752 11.3344
11840.0000 41.8554 11.2992
11845.0000 41.9118 11.3499
11850.0000 41.9447 11.3760
11855.0000 41.9030 11.3322
11860.0000 41.9030 11.3322
11865.0000 41.9399 11.3705
11870.0000 41.9444 11.3686
11875.0000 41.9487 11.3705
11880.0000 42.0199 11.4418
11885.0000 42.0356 11.4428
11890.0000 41.9935 11.3964
11895.0000 42.0056 11.3942
11900.0000 42.0189 11.4007
11905.0000 42.0160 11.3920
11910.0000 42.0368 11.4022
11915.0000 42.0388 11.4044
11920.0000 42.0364 11.4019
11925.0000 42.0097 11.3697
11930.0000 42.0014 11.3546
11935.0000 42.0707 11.4149
11940.0000 42.0563 11.3730
11945.0000 42.0764 11.3695
11950.0000 42.0897 11.3717
11955.0000 42.0807 11.3563
11960.0000 42.0980 11.3574
11965.0000 42.1093 11.3568
11970.0000 42.1089 11.3457
11975.0000 42.1230 11.3557
11980.0000 42.1403 11.3560
11985.0000 42.1515 11.3590
11990.0000 42.1643 11.3645
11995.0000 42.2246 11.3974
12000.0000 42.2013 11.3572
12005.0000 42.2078 11.3594
12010.0000 42.2502 11.3940
12015.0000 42.2625 11.3913
12020.0000 42.2809 11.3917
12025.0000 42.3166 11.4236
12030.0000 42.2777 11.3757
12035.0000 42.2849 11.3790
12040.0000 42.2990 11.3857
12045.0000 42.3675 11.4557
12050.0000 42.3930 11.4735
12055.0000 42.3764 11.4499
12060.0000 42.4096 11.4799
12065.0000 42.4306 11.5012
12070.0000 42.4306 11.5012
12075.0000 42.4365 11.4990
12080.0000 42.4236 11.4853
12085.0000 42.4730 11.5395
12090.0000 42.5123 11.5708
12095.0000 42.5291 11.5728
12100.0000 42.5424 11.5732
12105.0000 42.5232 11.5443
12110.0000 42.5394 11.5541
12115.0000 42.5440 11.5532
12120.0000 42.5459 11.5376
12125.0000 42.4895 11.4780
12130.0000 42.5224 11.5124
12135.0000 42.5482 11.5398
12140.0000 42.5235 11.5145
12145.0000 42.4726 11.4504
12150.0000 42.4739 11.4472
12155.0000 42.4739 11.4472
12160.0000 42.4739 11.4472
12165.0000 42.5100 11.4873
12170.0000 42.5100 11.4873
12175.0000 42.4776 11.4487
12180.0000 42.4163 11.3775
12185.0000 42.4320 11.3750
12190.0000 42.4549 11.3735
12195.0000 42.4720 11.3715
12200.0000 42.4786 11.3725
12205.0000 42.5120 11.4020
12210.0000 42.5482 11.4352
12215.0000 42.5482 11.4352
12220.0000 42.5482 11.4352
12225.0000 42.5489 11.4309
12230.0000 42.5624 11.4451
12235.0000 42.5007 11.3781
12240.0000 42.4712 11.3437
12245.0000 42.5223 11.3804
12250.0000 42.5304 11.3734
12255.0000 42.5648 11.3902
12260.0000 42.5439 11.3635
12265.0000 42.5476 11.3619
12270.0000 42.5396 11.3443
12275.0000 42.5519 11.3417
12280.0000 42.5649 11.3401
12285.0000 42.5449 11.3030
12290.0000 42.5614 11.3136
12295.0000 42.5671 11.3099
12300.0000 42.5755 11.3093
12305.0000 42.5843 11.3069
12310.0000 42.5879 11.3087
12315.0000 42.6284 11.3496
12320.0000 42.6284 11.3496
12325.0000 42.6330 11.3478
12330.0000 42.6146 11.3251
12335.0000 42.6663 11.3656
12340.0000 42.7039 11.3984
12345.0000 42.7096 11.3971
12350.0000 42.7092 11.3967
12355.0000 42.7436 11.4293
12360.0000 42.7530 11.4309
12365.0000 42.7530 11.4309
12370.0000 42.7381 11.3999
12375.0000 42.7584 11.4072
12380.0000 42.7747 11.4052
12385.0000 42.7424 11.3710
12390.0000 42.7802 11.4084
12395.0000 42.7594 11.3776
12400.0000 42.7554 11.3633
12405.0000 42.7604 11.3614
12410.0000 42.7172 11.3157
12415.0000 42.7299 11.3128
12420.0000 42.7439 11.3122
12425.0000 42.7755 11.3136
12430.0000 42.7957 11.3248
12435.0000 42.7990 11.3204
12440.0000 42.8285 11.3368
12445.0000 42.8639 11.3753
12450.0000 42.8639 11.3753
12455.0000 42.8704 11.3738
12460.0000 42.8704 11.3738
12465.0000 42.8590 11.3622
12470.0000 42.8590 11.3622
12475.0000 42.8193 11.3156
12480.0000 42.8193 11.3156
12485.0000 42.8258 11.3154
12490.0000 42.8130 11.3019
12495.0000 42.8521 11.3399
12500.0000 42.8521 11.3399
12505.0000 42.8521 11.3399
12510.0000 42.8864 11.3676
12515.0000 42.8864 11.3676
12520.0000 42.8929 11.3675
12525.0000 42.9085 11.3627
12530.0000 42.9181 11.3599
12535.0000 42.9320 11.3561
12540.0000 42.8880 11.3052
12545.0000 42.8880 11.3052
12550.0000 42.8922 11.3052
12555.0000 42.9037 11.3052
12560.0000 42.9037 11.3052
12565.0000 42.9155 11.3005
12570.0000 42.9320 11.2946
12575.0000 42.9576 11.3215
12580.0000 42.9635 11.3252
12585.0000 42.9899 11.3449
12590.0000 42.9923 11.3475
12595.0000 42.9923 11.3475
12600.0000 43.0180 11.3772
12605.0000 43.0180 11.3772
12610.0000 43.0225 11.3797
12615.0000 42.9964 11.3421
12620.0000 42.9964 11.3421
12625.0000 43.0014 11.3399
12630.0000 42.9992 11.3377
12635.0000 43.0298 11.3693
12640.0000 43.0347 11.3717
12645.0000 43.0424 11.3748
12650.0000 42.9778 11.3032
12655.0000 42.9839 11.3068
12660.0000 42.9913 11.3113
12665.0000 43.0022 11.3180
12670.0000 43.0068 11.3148
12675.0000 43.0068 11.3148
12680.0000 43.0068 11.3148
12685.0000 43.0159 11.3238
12690.0000 43.0267 11.3240
12695.0000 43.0727 11.3669
12700.0000 43.0912 11.3679
12705.0000 43.1085 11.3688
12710.0000 43.1047 11.3650
12715.0000 43.1124 11.3623
12720.0000 43.1204 11.3587
12725.0000 43.1251 11.3636
12730.0000 43.1251 11.3636
12735.0000 43.1045 11.3392
12740.0000 43.1135 11.3426
12745.0000 43.0871 11.3138
12750.0000 43.1042 11.3321
12755.0000 43.1080 11.3315
12760.0000 43.1128 11.3287
12765.0000 43.1128 11.3287
12770.0000 43.1157 11.3273
12775.0000 43.1187 11.3263
12780.0000 43.1245 11.3242
12785.0000 43.1419 11.3287
12790.0000 43.1529 11.3309
12795.0000 43.1529 11.3309
12800.0000 43.1672 11.3275
12805.0000 43.1745 11.3254
12810.0000 43.1872 11.3251
12815.0000 43.2031 11.3229
12820.0000 43.2025 11.3223
12825.0000 43.2229 11.3393
12830.0000 43.2382 11.3485
12835.0000 43.2691 11.3718
12840.0000 43.2720 11.3706
12845.0000 43.2720 11.3706
12850.0000 43.2360 11.3330
12855.0000 43.2400 11.3319
12860.0000 43.2664 11.3519
12865.0000 43.2679 11.3444
12870.0000 43.2817 11.3539
12875.0000 43.3527 11.4249
12880.0000 43.3636 11.4248
12885.0000 43.3718 11.4225
12890.0000 43.3718 11.4225
12895.0000 43.3718 11.4225
12900.0000 43.3821 11.4202
12905.0000 43.4357 11.4539
12910.0000 43.4251 11.4231
12915.0000 43.4361 11.4210
12920.0000 43.4809 11.4545
12925.0000 43.4880 11.4535
12930.0000 43.5004 11.4530
12935.0000 43.5162 11.4537
12940.0000 43.4653 11.3791
12945.0000 43.5109 11.4100
12950.0000 43.5354 11.4170
12955.0000 43.5521 11.4120
12960.0000 43.5451 11.3900
12965.0000 43.5168 11.3521
12970.0000 43.4785 11.3092
12975.0000 43.5276 11.3503
12980.0000 43.5339 11.3564
12985.0000 43.5599 11.3830
12990.0000 43.5552 11.3783
12995.0000 43.5378 11.3521
13000.0000 43.5131 11.3250
13005.0000 43.5131 11.3250
13010.0000 43.5320 11.3448
13015.0000 43.5320 11.3448
13020.0000 43.5410 11.3442
13025.0000 43.5503 11.3397
13030.0000 43.5564 11.3377
13035.0000 43.5619 11.3359
13040.0000 43.5608 11.3348
13045.0000 43.5608 11.3348
13050.0000 43.5639 11.3333
13055.0000 43.5702 11.3347
13060.0000 43.5923 11.3467
13065.0000 43.5998 11.3506
13070.0000 43.6038 11.3527
13075.0000 43.5878 11.3298
13080.0000 43.6282 11.3564
13085.0000 43.6013 11.3288
13090.0000 43.6028 11.3303
13095.0000 43.5700 11.2932
13100.0000 43.5807 11.2906
13105.0000 43.6320 11.3343
13110.0000 43.6396 11.3381
13115.0000 43.6467 11.3422
13120.0000 43.6533 11.3461
13125.0000 43.6674 11.3464
13130.0000 43.6796 11.3490
13135.0000 43.6899 11.3473
13140.0000 43.7434 11.3968
13145.0000 43.7434 11.3968
13150.0000 43.7448 11.3908
13155.0000 43.6768 11.3187
13160.0000 43.7790 11.4162
13165.0000 43.7919 11.4142
13170.0000 43.7919 11.4142
13175.0000 43.7508 11.3620
13180.0000 43.7395 11.3437
13185.0000 43.7314 11.3065
13190.0000 43.7361 11.3047
13195.0000 43.7361 11.3047
13200.0000 43.6858 11.2369
13205.0000 43.6584 11.2021
13210.0000 43.6665 11.2013
13215.0000 43.6864 11.2067
13220.0000 43.6710 11.1766
13225.0000 43.6613 11.1616
13230.0000 43.6900 11.1911
13235.0000 43.6927 11.1898
13240.0000 43.7263 11.2125
13245.0000 43.7296 11.2115
13250.0000 43.7623 11.2291
13255.0000 43.7786 11.2307
13260.0000 43.7992 11.2304
13265.0000 43.7547 11.1753
13270.0000 43.7547 11.1753
13275.0000 43.7547 11.1753
13280.0000 43.7547 11.1753
13285.0000 43.8030 11.2236
13290.0000 43.8457 11.2677
13295.0000 43.8504 11.2685
13300.0000 43.8574 11.2641
13305.0000 43.8724 11.2737
13310.0000 43.8841 11.2736
13315.0000 43.8882 11.2737
13320.0000 43.8915 11.2757
13325.0000 43.8985 11.2801
13330.0000 43.9747 11.3383
13335.0000 43.9900 11.3410
13340.0000 43.9802 11.3081
13345.0000 43.9634 11.2769
13350.0000 43.9442 11.2557
13355.0000 43.9519 11.2528
13360.0000 43.9796 11.2808
13365.0000 43.9843 11.2773
13370.0000 44.0131 11.3051
13375.0000 44.0131 11.3051
13380.0000 43.9746 11.2604
13385.0000 43.9746 11.2604
13390.0000 43.9746 11.2604
13395.0000 43.9801 11.2594
13400.0000 43.9738 11.2485
13405.0000 43.9795 11.2497
13410.0000 44.0228 11.2959
13415.0000 43.9668 11.2285
13420.0000 43.9886 11.2354
13425.0000 43.9972 11.2358
13430.0000 44.0321 11.2613
13435.0000 44.0443 11.2633
13440.0000 44.0622 11.2681
13445.0000 44.0338 11.2272
13450.0000 44.0418 11.2269
13455.0000 44.0507 11.2307
13460.0000 44.0334 11.2046
13465.0000 44.1134 11.2840
13470.0000 44.1008 11.2578
13475.0000 44.1085 11.2529
13480.0000 44.1705 11.3059
13485.0000 44.1712 11.3018
13490.0000 44.1712 11.3018
13495.0000 44.1712 11.3018
13500.0000 44.1712 11.3018
13505.0000 44.2029 11.3209
13510.0000 44.2062 11.3162
13515.0000 44.2543 11.3547
13520.0000 44.2368 11.3264
13525.0000 44.2761 11.3640
13530.0000 44.3156 11.4069
13535.0000 44.2729 11.3618
13540.0000 44.2729 11.3618
13545.0000 44.3059 11.3892
13550.0000 44.3169 11.3874
13555.0000 44.3262 11.3876
13560.0000 44.3334 11.3922
13565.0000 44.3668 11.4222
13570.0000 44.3158 11.3672
13575.0000 44.3158 11.3672
13580.0000 44.3137 11.3649
13585.0000 44.3137 11.3649
13590.0000 44.2850 11.3326
13595.0000 44.2595 11.3052
13600.0000 44.2689 11.3094
13605.0000 44.2813 11.3121
13610.0000 44.2813 11.3121
13615.0000 44.2746 11.3054
13620.0000 44.2691 11.2909
13625.0000 44.2866 11.2960
13630.0000 44.2601 11.2602
13635.0000 44.2646 11.2608
13640.0000 44.2434 11.2310
13645.0000 44.2519 11.2259
13650.0000 44.2394 11.2092
13655.0000 44.2547 11.2248
13660.0000 44.2925 11.2462
13665.0000 44.2933 11.2437
13670.0000 44.3327 11.2776
13675.0000 44.3651 11.3110
13680.0000 44.3762 11.3128
13685.0000 44.4039 11.3355
13690.0000 44.3870 11.3187
13695.0000 44.4239 11.3566
13700.0000 44.4016 11.3307
13705.0000 44.4073 11.3306
13710.0000 44.4333 11.3527
13715.0000 44.4399 11.3538
13720.0000 44.4074 11.3214
13725.0000 44.3844 11.2986
13730.0000 44.3844 11.2986
13735.0000 44.3844 11.2986
13740.0000 44.4107 11.3246
13745.0000 44.4376 11.3464
13750.0000 44.4414 11.3450
13755.0000 44.4414 11.3450
13760.0000 44.4414 11.3450
13765.0000 44.4335 11.3280
13770.0000 44.4399 11.3282
13775.0000 44.4334 11.3023
13780.0000 44.4455 11.3013
13785.0000 44.4615 11.3107
13790.0000 44.4854 11.3181
13795.0000 44.4982 11.3169
13800.0000 44.5108 11.3115
13805.0000 44.5578 11.3427
13810.0000 44.5740 11.3416
13815.0000 44.5801 11.3376
13820.0000 44.5743 11.3209
13825.0000 44.5786 11.3181
13830.0000 44.6078 11.3331
13835.0000 44.6242 11.3276
13840.0000 44.6391 11.3331
13845.0000 44.7278 11.4136
13850.0000 44.7442 11.4154
13855.0000 44.7558 11.4008
13860.0000 44.7738 11.4013
13865.0000 44.7925 11.4053
13870.0000 44.8068 11.4101
13875.0000 44.8332 11.4096
13880.0000 44.8362 11.3965
13885.0000 44.8936 11.4327
13890.0000 44.9036 11.4366
13895.0000 44.9449 11.4661
13900.0000 44.8942 11.3944
13905.0000 44.8837 11.3714
13910.0000 44.9307 11.4087
13915.0000 44.9039 11.3726
13920.0000 44.9205 11.3708
13925.0000 44.9566 11.3956
13930.0000 44.9566 11.3956
13935.0000 45.0386 11.4784
13940.0000 44.9943 11.4274
13945.0000 44.9989 11.4260
13950.0000 44.9924 11.4077
13955.0000 45.0241 11.4311
13960.0000 44.9913 11.3785
13965.0000 45.0078 11.3716
13970.0000 44.9811 11.3170
13975.0000 44.9490 11.2638
13980.0000 44.9310 11.2380
13985.0000 44.9160 11.2192
13990.0000 44.8878 11.1797
13995.0000 44.9215 11.2126
14000.0000 44.9316 11.2109
14005.0000 44.9175 11.1887
14010.0000 44.8966 11.1602
14015.0000 44.9248 11.1605
14020.0000 44.9282 11.1591
14025.0000 44.9992 11.2303
14030.0000 45.0000 11.2311
14035.0000 44.9992 11.2219
14040.0000 45.0326 11.2481
14045.0000 45.0403 11.2454
14050.0000 45.0403 11.2454
14055.0000 45.0403 11.2454
14060.0000 45.0440 11.2480
14065.0000 45.0486 11.2495
14070.0000 45.0765 11.2659
14075.0000 45.1536 11.3394
14080.0000 45.1143 11.2964
14085.0000 45.1143 11.2964
14090.0000 45.1182 11.2942
14095.0000 45.1223 11.2920
14100.0000 45.1364 11.2854
14105.0000 45.2025 11.3460
14110.0000 45.2025 11.3460
14115.0000 45.2097 11.3466
14120.0000 45.2053 11.3417
14125.0000 45.1425 11.2739
14130.0000 45.1018 11.2304
14135.0000 45.1291 11.2574
14140.0000 45.0794 11.2092
14145.0000 45.0794 11.2092
14150.0000 45.0417 11.1714
14155.0000 45.0533 11.1828
14160.0000 45.0646 11.1921
14165.0000 45.0894 11.1973
14170.0000 45.1105 11.2080
14175.0000 45.1051 11.2028
14180.0000 45.1463 11.2440
14185.0000 45.1252 11.2224
14190.0000 45.0998 11.1958
14195.0000 45.0998 11.1958
14200.0000 45.1046 11.1937
14205.0000 45.1167 11.2056
14210.0000 45.1167 11.2056
14215.0000 45.1312 11.2141
14220.0000 45.1364 11.2139
14225.0000 45.1364 11.2139
14230.0000 45.1364 11.2139
14235.0000 45.1433 11.2143
14240.0000 45.1946 11.2581
14245.0000 45.1633 11.2023
14250.0000 45.1740 11.2042
14255.0000 45.2563 11.2754
14260.0000 45.2684 11.2737
14265.0000 45.3031 11.2956
14270.0000 45.3158 11.2923
14275.0000 45.3339 11.2849
14280.0000 45.3451 11.2797
14285.0000 45.3523 11.2758
14290.0000 45.3621 11.2733
14295.0000 45.4142 11.3067
14300.0000 45.4347 11.3123
14305.0000 45.4520 11.3126
14310.0000 45.4891 11.3384
14315.0000 45.4770 11.3112
14320.0000 45.5108 11.3338
14325.0000 45.5584 11.3775
14330.0000 45.6075 11.4174
14335.0000 45.5743 11.3773
14340.0000 45.6410 11.4343
14345.0000 45.6098 11.4041
14350.0000 45.5829 11.3784
14355.0000 45.5864 11.3773
14360.0000 45.6066 11.3890
14365.0000 45.5586 11.3429
14370.0000 45.5263 11.3103
14375.0000 45.5504 11.3286
14380.0000 45.5565 11.3347
14385.0000 45.5758 11.3539
14390.0000 45.6372 11.4131
14395.0000 45.6016 11.3765
14400.0000 45.6549 11.4267
14405.0000 45.6583 11.4292
14410.0000 45.6555 11.4172
14415.0000 45.6678 11.4172
14420.0000 45.6993 11.4410
14425.0000 45.7036 11.4397
14430.0000 45.7155 11.4426
14435.0000 45.7223 11.4407
14440.0000 45.7124 11.4184
14445.0000 45.7156 11.4176
14450.0000 45.6909 11.3902
14455.0000 45.7016 11.4005
14460.0000 45.7471 11.4430
14465.0000 45.7472 11.4394
14470.0000 45.7299 11.4143
14475.0000 45.6746 11.3499
14480.0000 45.6443 11.3145
14485.0000 45.6666 11.3192
14490.0000 45.6853 11.3196
14495.0000 45.7521 11.3603
14500.0000 45.7503 11.3427
14505.0000 45.7672 11.3479
14510.0000 45.7809 11.3544
14515.0000 45.7965 11.3507
14520.0000 45.8021 11.3523
14525.0000 45.8037 11.3412
14530.0000 45.8687 11.3934
14535.0000 45.8512 11.3773
14540.0000 45.8593 11.3805
14545.0000 45.8711 11.3872
14550.0000 45.8912 11.3954
14555.0000 45.8240 11.3157
14560.0000 45.8438 11.3142
14565.0000 45.8366 11.2948
14570.0000 45.8195 11.2764
14575.0000 45.8335 11.2880
14580.0000 45.8207 11.2742
14585.0000 45.8575 11.3096
14590.0000 45.8427 11.2948
14595.0000 45.8297 11.2811
14600.0000 45.8247 11.2696
14605.0000 45.8761 11.3199
14610.0000 45.8853 11.3210
14615.0000 45.9002 11.3294
14620.0000 45.9043 11.3319
14625.0000 45.9043 11.3319
14630.0000 45.8707 11.2946
14635.0000 45.9028 11.3173
14640.0000 45.8740 11.2845
14645.0000 45.8776 11.2823
14650.0000 45.8833 11.2844
14655.0000 45.8833 11.2844
14660.0000 45.9108 11.3100
14665.0000 45.9150 11.3109
14670.0000 45.9208 11.3134
14675.0000 45.9208 11.3134
14680.0000 45.9061 11.2973
14685.0000 45.9389 11.3258
14690.0000 45.9434 11.3240
14695.0000 45.9546 11.3318
14700.0000 45.9603 11.3340
14705.0000 45.9603 11.3340
14710.0000 46.0055 11.3645
14715.0000 46.0109 11.3627
14720.0000 46.0244 11.3583
14725.0000 46.0892 11.4169
14730.0000 46.0892 11.4169
14735.0000 46.0833 11.4096
14740.0000 46.1176 11.4424
14745.0000 46.1227 11.4409
14750.0000 46.1441 11.4477
14755.0000 46.1743 11.4626
14760.0000 46.1948 11.4598
14765.0000 46.1596 11.4095
14770.0000 46.1724 11.4092
14775.0000 46.1969 11.4095
14780.0000 46.2085 11.4066
14785.0000 46.2253 11.3991
14790.0000 46.2016 11.3720
14795.0000 46.2171 11.3721
14800.0000 46.2294 11.3689
14805.0000 46.2422 11.3656
14810.0000 46.2838 11.3892
14815.0000 46.2949 11.3866
14820.0000 46.3002 11.3854
14825.0000 46.3056 11.3843
14830.0000 46.3173 11.3918
14835.0000 46.3209 11.3926
14840.0000 46.3269 11.3940
14845.0000 46.3339 11.3957
14850.0000 46.3466 11.3894
14855.0000 46.3586 11.3891
14860.0000 46.3679 11.3950
14865.0000 46.3448 11.3641
14870.0000 46.3524 11.3670
14875.0000 46.3781 11.3920
14880.0000 46.3953 11.4026
14885.0000 46.4053 11.4040
14890.0000 46.4325 11.4228
14895.0000 46.4230 11.4092
14900.0000 46.4406 11.4147
14905.0000 46.4546 11.4140
14910.0000 46.4625 11.4146
14915.0000 46.5400 11.4855
14920.0000 46.5685 11.4890
14925.0000 46.5932 11.4880
14930.0000 46.5932 11.4880
14935.0000 46.5555 11.4511
14940.0000 46.5555 11.4511
14945.0000 46.5646 11.4507
14950.0000 46.5695 11.4491
14955.0000 46.5773 11.4467
14960.0000 46.5559 11.4102
14965.0000 46.5646 11.4136
14970.0000 46.5768 11.4143
14975.0000 46.5855 11.4182
14980.0000 46.5903 11.4198
14985.0000 46.6063 11.4232
14990.0000 46.5784 11.3928
14995.0000 46.5886 11.3981
15000.0000 46.6176 11.4266
15005.0000 46.6237 11.4215
15010.0000 46.6312 11.4154
15015.0000 46.6152 11.3924
15020.0000 46.6181 11.3901
15025.0000 46.6226 11.3866
15030.0000 46.6274 11.3897
15035.0000 46.6568 11.4155
15040.0000 46.6615 11.4186
15045.0000 46.6661 11.4216
15050.0000 46.6736 11.4268
15055.0000 46.7006 11.4535
15060.0000 46.7085 11.4503
15065.0000 46.7183 11.4467
15070.0000 46.7644 11.4842
15075.0000 46.7758 11.4836
15080.0000 46.7962 11.4955
15085.0000 46.7989 11.4949
15090.0000 46.8053 11.4914
15095.0000 46.8089 11.4895
15100.0000 46.8150 11.4862
15105.0000 46.8341 11.4790
15110.0000 46.8341 11.4790
15115.0000 46.8341 11.4790
15120.0000 46.8431 11.4855
15125.0000 46.8199 11.4613
15130.0000 46.8374 11.4772
15135.0000 46.8511 11.4899
15140.0000 46.8565 11.4905
15145.0000 46.8565 11.4905
15150.0000 46.8199 11.4557
15155.0000 46.8228 11.4549
15160.0000 46.8253 11.4543
15165.0000 46.8253 11.4543
15170.0000 46.8193 11.4376
15175.0000 46.8630 11.4634
15180.0000 46.8479 11.4259
15185.0000 46.8824 11.4438
15190.0000 46.9465 11.4762
15195.0000 46.9855 11.4983
15200.0000 46.9868 11.4746
15205.0000 47.0176 11.4978
15210.0000 47.0519 11.5189
15215.0000 47.0590 11.5215
15220.0000 47.0412 11.4956
15225.0000 47.0513 11.4953
15230.0000 47.1256 11.5551
15235.0000 47.0801 11.4987
15240.0000 47.0377 11.4543
15245.0000 47.0153 11.4337
15250.0000 46.9992 11.4144
15255.0000 47.0129 11.4211
15260.0000 47.0696 11.4608
15265.0000 47.0696 11.4608
15270.0000 47.1040 11.4876
15275.0000 47.0441 11.4134
15280.0000 47.0264 11.3847
15285.0000 47.0423 11.3953
15290.0000 47.0540 11.3964
15295.0000 47.0234 11.3621
15300.0000 47.0368 11.3743
15305.0000 47.0552 11.3918
15310.0000 47.0901 11.4269
15315.0000 47.0901 11.4269
15320.0000 47.0343 11.3719
15325.0000 47.0799 11.4092
15330.0000 47.1088 11.4157
15335.0000 47.1401 11.4204
15340.0000 47.1453 11.4197
15345.0000 47.1453 11.4197
15350.0000 47.1713 11.4452
15355.0000 47.2129 11.4748
15360.0000 47.2157 11.4735
15365.0000 47.2279 11.4668
15370.0000 47.2451 11.4574
15375.0000 47.2986 11.4854
15380.0000 47.3110 11.4869
15385.0000 47.3197 11.4857
15390.0000 47.3327 11.4894
15395.0000 47.3682 11.5189
15400.0000 47.3850 11.5161
15405.0000 47.3988 11.5197
15410.0000 47.4110 11.5221
15415.0000 47.4204 11.5229
15420.0000 47.4506 11.5364
15425.0000 47.4239 11.5084
15430.0000 47.4243 11.4934
15435.0000 47.4544 11.4884
15440.0000 47.5237 11.5303
15445.0000 47.5237 11.5303
15450.0000 47.5557 11.5620
15455.0000 47.5293 11.5363
15460.0000 47.5470 11.5460
15465.0000 47.5532 11.5505
15470.0000 47.5573 11.5470
15475.0000 47.5386 11.5240
15480.0000 47.5550 11.5273
15485.0000 47.5638 11.5340
15490.0000 47.5747 11.5426
15495.0000 47.5837 11.5478
15500.0000 47.5455 11.5104
15505.0000 47.5367 11.4966
15510.0000 47.5367 11.4966
15515.0000 47.5367 11.4966
15520.0000 47.5413 11.5007
15525.0000 47.5155 11.4751
15530.0000 47.5206 11.4801
15535.0000 47.4784 11.4372
15540.0000 47.5206 11.4734
15545.0000 47.5356 11.4778
15550.0000 47.5769 11.5074
15555.0000 47.5852 11.5087
15560.0000 47.6003 11.5142
15565.0000 47.5749 11.4792
15570.0000 47.6520 11.5410
15575.0000 47.6905 11.5652
15580.0000 47.7063 11.5700
15585.0000 47.7231 11.5755
15590.0000 47.7437 11.5834
15595.0000 47.7631 11.5910
15600.0000 47.7699 11.5921
15605.0000 47.7415 11.5630
15610.0000 47.7415 11.5630
15615.0000 47.7139 11.5365
15620.0000 47.7470 11.5669
15625.0000 47.8322 11.6403
15630.0000 47.8447 11.6520
15635.0000 47.8521 11.6588
15640.0000 47.8152 11.6155
15645.0000 47.8210 11.6150
15650.0000 47.8379 11.6206
15655.0000 47.8367 11.6153
15660.0000 47.8887 11.6496
15665.0000 47.9318 11.6718
15670.0000 47.9358 11.6690
15675.0000 47.9049 11.6308
15680.0000 47.9214 11.6277
15685.0000 47.9346 11.6257
15690.0000 47.9559 11.6227
15695.0000 47.9696 11.6189
15700.0000 47.9378 11.5828
15705.0000 47.9851 11.6154
15710.0000 47.9885 11.6182
15715.0000 48.0041 11.6217
15720.0000 48.0161 11.6261
15725.0000 48.0564 11.6528
15730.0000 48.0688 11.6534
15735.0000 48.0666 11.6455
15740.0000 48.0726 11.6432
15745.0000 48.0842 11.6451
15750.0000 48.0842 11.6327
15755.0000 48.0558 11.5933
15760.0000 48.0734 11.5990
15765.0000 48.1076 11.6073
15770.0000 48.1270 11.6069
15775.0000 48.1593 11.6267
15780.0000 48.1681 11.6212
15785.0000 48.1267 11.5772
15790.0000 48.1190 11.5693
15795.0000 48.0977 11.5485
15800.0000 48.1356 11.5788
15805.0000 48.1356 11.5788
15810.0000 48.1356 11.5788
15815.0000 48.1323 11.5721
15820.0000 48.1662 11.5821
15825.0000 48.2498 11.6403
15830.0000 48.2376 11.6132
15835.0000 48.2095 11.5717
15840.0000 48.2592 11.6069
15845.0000 48.2592 11.6069
15850.0000 48.2852 11.6319
15855.0000 48.2852 11.6319
15860.0000 48.3090 11.6539
15865.0000 48.2911 11.6309
15870.0000 48.3374 11.6685
15875.0000 48.3279 11.6596
15880.0000 48.3293 11.6530
15885.0000 48.3723 11.6873
15890.0000 48.3936 11.7029
15895.0000 48.3184 11.6275
15900.0000 48.3199 11.6246
15905.0000 48.3733 11.6733
15910.0000 48.3774 11.6723
15915.0000 48.3974 11.6773
15920.0000 48.4144 11.6746
15925.0000 48.4186 11.6784
15930.0000 48.4186 11.6784
15935.0000 48.4059 11.6666
15940.0000 48.4059 11.6666
15945.0000 48.3891 11.6459
15950.0000 48.3923 11.6419
15955.0000 48.4022 11.6435
15960.0000 48.3982 11.6341
15965.0000 48.4503 11.6747
15970.0000 48.4152 11.6307
15975.0000 48.4740 11.6615
15980.0000 48.4819 11.6618
15985.0000 48.4657 11.6261
15990.0000 48.4866 11.6170
15995.0000 48.4566 11.5825
16000.0000 48.4171 11.5433
16005.0000 48.4375 11.5571
16010.0000 48.3905 11.5107
16015.0000 48.4652 11.5775
16020.0000 48.4406 11.5548
16025.0000 48.4406 11.5548
16030.0000 48.4542 11.5521
16035.0000 48.4698 11.5513
16040.0000 48.4891 11.5627
16045.0000 48.4891 11.5627
16050.0000 48.4916 11.5648
16055.0000 48.4989 11.5628
16060.0000 48.5144 11.5634
16065.0000 48.5245 11.5673
16070.0000 48.5289 11.5642
16075.0000 48.5102 11.5471
16080.0000 48.5599 11.5877
16085.0000 48.5909 11.6036
16090.0000 48.6241 11.6362
16095.0000 48.6436 11.6558
16100.0000 48.6484 11.6568
16105.0000 48.6587 11.6582
16110.0000 48.6748 11.6594
16115.0000 48.6322 11.6180
16120.0000 48.6322 11.6180
16125.0000 48.6615 11.6363
16130.0000 48.6723 11.6320
16135.0000 48.6811 11.6279
16140.0000 48.6978 11.6248
16145.0000 48.7069 11.6228
16150.0000 48.7253 11.6186
16155.0000 48.7358 11.6148
16160.0000 48.7287 11.5851
16165.0000 48.7755 11.6140
16170.0000 48.8091 11.6210
16175.0000 48.8314 11.6271
16180.0000 48.8106 11.5969
16185.0000 48.8720 11.6409
16190.0000 48.8816 11.6266
16195.0000 48.8766 11.6042
16200.0000 48.8285 11.5525
16205.0000 48.7492 11.4787
16210.0000 48.7217 11.4487
16215.0000 48.7217 11.4487
16220.0000 48.7217 11.4487
16225.0000 48.7217 11.4487
16230.0000 48.7394 11.4650
16235.0000 48.7992 11.5202
16240.0000 48.7991 11.5201
16245.0000 48.8268 11.5465
16250.0000 48.8323 11.5459
16255.0000 48.8382 11.5452
16260.0000 48.8451 11.5445
16265.0000 48.8451 11.5445
16270.0000 48.8118 11.5127
16275.0000 48.8718 11.5629
16280.0000 48.8691 11.5509
16285.0000 48.8740 11.5498
16290.0000 48.8839 11.5462
16295.0000 48.8211 11.4852
16300.0000 48.7961 11.4613
16305.0000 48.8033 11.4604
16310.0000 48.8033 11.4604
16315.0000 48.8033 11.4604
16320.0000 48.7562 11.4179
16325.0000 48.7399 11.3982
16330.0000 48.7435 11.3964
16335.0000 48.7506 11.3907
16340.0000 48.8012 11.4267
16345.0000 48.8207 11.4232
16350.0000 48.8250 11.4213
16355.0000 48.8250 11.4213
16360.0000 48.8250 11.4213
16365.0000 48.8123 11.4066
16370.0000 48.8327 11.4251
16375.0000 48.8359 11.4225
16380.0000 48.8359 11.4225
16385.0000 48.8359 11.4225
16390.0000 48.8416 11.4219
16395.0000 48.8447 11.4203
16400.0000 48.8748 11.4479
16405.0000 48.8895 11.4513
16410.0000 48.9041 11.4500
16415.0000 48.9119 11.4478
16420.0000 48.9215 11.4481
16425.0000 48.9215 11.4481
16430.0000 48.9757 11.4983
16435.0000 49.0059 11.5256
16440.0000 49.0059 11.5256
16445.0000 48.9826 11.5041
16450.0000 48.9858 11.5028
16455.0000 48.9804 11.4941
16460.0000 48.9989 11.5071
16465.0000 48.9989 11.5071
16470.0000 48.9972 11.5055
16475.0000 48.9972 11.5055
16480.0000 48.9450 11.4563
16485.0000 48.9198 11.4291
16490.0000 48.9710 11.4714
16495.0000 49.0520 11.5270
16500.0000 49.0070 11.4794
16505.0000 48.9920 11.4535
16510.0000 49.0034 11.4526
16515.0000 49.0079 11.4545
16520.0000 49.0258 11.4705
16525.0000 49.0285 11.4727
16530.0000 49.0355 11.4785
16535.0000 49.0335 11.4746
16540.0000 49.0454 11.4856
16545.0000 49.0079 11.4517
16550.0000 49.0562 11.4960
16555.0000 49.0562 11.4960
16560.0000 48.9990 11.4415
16565.0000 48.9990 11.4415
16570.0000 49.0328 11.4681
16575.0000 49.0328 11.4681
16580.0000 49.0328 11.4681
16585.0000 49.0328 11.4681
16590.0000 49.0328 11.4681
16595.0000 49.0415 11.4644
16600.0000 49.0415 11.4644
16605.0000 49.0447 11.4639
16610.0000 49.0540 11.4595
16615.0000 49.0511 11.4492
16620.0000 48.9856 11.3834
16625.0000 48.9981 11.3711
16630.0000 49.0284 11.3704
16635.0000 49.0660 11.3709
16640.0000 49.0845 11.3695
16645.0000 49.1143 11.3720
16650.0000 49.1368 11.3756
16655.0000 49.1479 11.3778
16660.0000 49.1679 11.3813
16665.0000 49.2151 11.4175
16670.0000 49.2230 11.4202
16675.0000 49.2769 11.4640
16680.0000 49.2826 11.4661
16685.0000 49.3018 11.4720
16690.0000 49.3067 11.4693
16695.0000 49.3399 11.4995
16700.0000 49.3384 11.4983
16705.0000 49.3224 11.4772
16710.0000 49.3313 11.4852
16715.0000 49.3114 11.4607
16720.0000 49.3340 11.4656
16725.0000 49.3626 11.4696
16730.0000 49.3884 11.4696
16735.0000 49.4160 11.4708
16740.0000 49.4327 11.4765
16745.0000 49.4492 11.4805
16750.0000 49.4561 11.4847
16755.0000 49.4702 11.4933
16760.0000 49.4998 11.4996
16765.0000 49.5470 11.5371
16770.0000 49.5742 11.5504
16775.0000 49.5746 11.5420
16780.0000 49.6029 11.5598
16785.0000 49.6171 11.5701
16790.0000 49.6428 11.5866
16795.0000 49.6636 11.5958
16800.0000 49.6759 11.6051
16805.0000 49.6700 11.5981
16810.0000 49.7184 11.6309
16815.0000 49.7611 11.6679
16820.0000 49.7893 11.6774
16825.0000 49.8201 11.6922
16830.0000 49.8391 11.7049
16835.0000 49.8311 11.6779
16840.0000 49.8908 11.7311
16845.0000 49.9088 11.7477
16850.0000 49.9257 11.7515
16855.0000 49.9363 11.7500
16860.0000 49.9686 11.7730
16865.0000 49.9693 11.7693
16870.0000 49.9707 11.7707
16875.0000 49.9744 11.7742
16880.0000 49.9696 11.7696
16885.0000 49.9657 11.7626
16890.0000 49.9708 11.7585
16895.0000 49.9775 11.7651
16900.0000 49.9434 11.7247
16905.0000 49.9603 11.7214
16910.0000 50.0203 11.7584
16915.0000 50.0377 11.7540
16920.0000 50.0444 11.7382
16925.0000 50.0495 11.7347
16930.0000 50.0966 11.7636
16935.0000 50.0924 11.7558
16940.0000 50.0999 11.7510
16945.0000 50.1253 11.7655
16950.0000 50.1627 11.7868
16955.0000 50.2494 11.8542
16960.0000 50.2909 11.8819
16965.0000 50.3123 11.8791
16970.0000 50.3262 11.8770
16975.0000 50.3605 11.8983
16980.0000 50.4008 11.9205
16985.0000 50.3651 11.8698
16990.0000 50.3772 11.8672
16995.0000 50.3446 11.8248
17000.0000 50.3611 11.8235
17005.0000 50.3732 11.8223
17010.0000 50.4253 11.8489
17015.0000 50.4364 11.8474
17020.0000 50.4619 11.8485
17025.0000 50.4542 11.8180
17030.0000 50.4727 11.8206
17035.0000 50.5395 11.8738
17040.0000 50.5734 11.8849
17045.0000 50.5827 11.8845
17050.0000 50.5444 11.8274
17055.0000 50.5587 11.8286
17060.0000 50.5729 11.8282
17065.0000 50.5498 11.7987
17070.0000 50.5619 11.7991
17075.0000 50.5764 11.8003
17080.0000 50.6108 11.8231
17085.0000 50.6274 11.8245
17090.0000 50.6474 11.8272
17095.0000 50.6129 11.7664
17100.0000 50.6400 11.7807
17105.0000 50.6663 11.7880
17110.0000 50.7239 11.8325
17115.0000 50.7468 11.8272
17120.0000 50.7594 11.8244
17125.0000 50.7736 11.8259
17130.0000 50.7902 11.8256
17135.0000 50.8038 11.8246
17140.0000 50.7481 11.7708
17145.0000 50.8052 11.8108
17150.0000 50.8289 11.8211
17155.0000 50.8335 11.8178
17160.0000 50.8075 11.7858
17165.0000 50.8874 11.8332
17170.0000 50.8874 11.8332
17175.0000 50.9194 11.8627
17180.0000 50.9194 11.8627
17185.0000 50.9207 11.8613
17190.0000 50.9429 11.8813
17195.0000 50.9113 11.8530
17200.0000 50.9149 11.8548
17205.0000 50.9483 11.8838
17210.0000 50.9553 11.8862
17215.0000 50.9235 11.8593
17220.0000 50.9463 11.8642
17225.0000 50.9463 11.8642
17230.0000 50.9432 11.8616
17235.0000 50.9432 11.8616
17240.0000 50.9112 11.8299
17245.0000 50.9112 11.8299
17250.0000 50.8753 11.7985
17255.0000 50.8829 11.8005
17260.0000 50.9033 11.8038
17265.0000 50.9145 11.8080
17270.0000 50.9145 11.8080
17275.0000 50.8766 11.7660
17280.0000 50.8870 11.7653
17285.0000 50.9010 11.7638
17290.0000 50.9178 11.7735
17295.0000 50.9246 11.7722
17300.0000 50.9365 11.7769
17305.0000 50.9493 11.7822
17310.0000 50.9608 11.7857
17315.0000 50.9732 11.7796
17320.0000 50.9786 11.7772
17325.0000 51.0372 11.8194
17330.0000 51.0822 11.8576
17335.0000 51.0973 11.8563
17340.0000 51.0768 11.8277
17345.0000 51.0996 11.8399
17350.0000 51.1101 11.8445
17355.0000 51.0863 11.8188
17360.0000 51.0970 11.8245
17365.0000 51.1362 11.8556
17370.0000 51.1715 11.8834
17375.0000 51.1953 11.9003
17380.0000 51.2027 11.9035
17385.0000 51.1924 11.8936
17390.0000 51.2066 11.9028
17395.0000 51.2181 11.9075
17400.0000 51.2342 11.9078
17405.0000 51.2649 11.9202
17410.0000 51.2776 11.9298
17415.0000 51.2846 11.9350
17420.0000 51.3338 11.9792
17425.0000 51.3798 12.0215
17430.0000 51.4000 12.0261
17435.0000 51.3959 12.0141
17440.0000 51.3807 11.9972
17445.0000 51.3807 11.9972
17450.0000 51.3987 12.0004
17455.0000 51.3871 11.9795
17460.0000 51.3959 11.9768
17465.0000 51.3628 11.9282
17470.0000 51.3264 11.8805
17475.0000 51.3733 11.9129
17480.0000 51.3771 11.9113
17485.0000 51.3771 11.9113
17490.0000 51.3496 11.8865
17495.0000 51.3633 11.8921
17500.0000 51.3803 11.9069
17505.0000 51.3895 11.9103
17510.0000 51.4031 11.9154
17515.0000 51.4625 11.9486
17520.0000 51.4769 11.9486
17525.0000 51.4930 11.9452
17530.0000 51.4981 11.9424
17535.0000 51.5401 11.9623
17540.0000 51.5076 11.9290
17545.0000 51.5401 11.9575
17550.0000 51.5885 11.9997
17555.0000 51.5885 11.9997
17560.0000 51.5885 11.9997
17565.0000 51.5455 11.9619
17570.0000 51.5090 11.9313
17575.0000 51.4711 11.8899
17580.0000 51.4711 11.8899
17585.0000 51.4711 11.8899
17590.0000 51.4714 11.8902
17595.0000 51.4341 11.8489
17600.0000 51.4575 11.8500
17605.0000 51.4555 11.8355
17610.0000 51.4415 11.8168
17615.0000 51.4503 11.8124
17620.0000 51.4552 11.8118
17625.0000 51.4552 11.8118
17630.0000 51.4959 11.8445
17635.0000 51.4769 11.8224
17640.0000 51.4802 11.8210
17645.0000 51.5246 11.8600
17650.0000 51.5615 11.8928
17655.0000 51.5677 11.8982
17660.0000 51.5722 11.9022
17665.0000 51.5916 11.9160
17670.0000 51.6026 11.9215
17675.0000 51.6115 11.9243
17680.0000 51.6216 11.9311
17685.0000 51.6289 11.9226
17690.0000 51.6335 11.9243
17695.0000 51.6288 11.9161
17700.0000 51.6344 11.9184
17705.0000 51.6035 11.8923
17710.0000 51.5625 11.8563
17715.0000 51.5918 11.8814
17720.0000 51.5791 11.8656
17725.0000 51.5949 11.8731
17730.0000 51.5995 11.8697
17735.0000 51.5781 11.8462
17740.0000 51.5898 11.8425
17745.0000 51.6076 11.8558
17750.0000 51.6892 11.9259
17755.0000 51.6104 11.8579
17760.0000 51.6241 11.8694
17765.0000 51.6443 11.8771
17770.0000 51.6603 11.8822
17775.0000 51.6862 11.8960
17780.0000 51.7251 11.9261
17785.0000 51.7347 11.9348
17790.0000 51.7387 11.9385
17795.0000 51.7428 11.9401
17800.0000 51.7752 11.9645
17805.0000 51.8153 11.9941
17810.0000 51.8446 12.0197
17815.0000 51.8077 11.9878
17820.0000 51.8146 11.9939
17825.0000 51.8201 11.9926
17830.0000 51.8507 12.0069
17835.0000 51.9151 12.0439
17840.0000 51.8568 11.9802
17845.0000 51.8823 12.0021
17850.0000 51.9022 12.0078
17855.0000 51.9119 12.0050
17860.0000 51.9119 12.0050
17865.0000 51.9119 12.0050
17870.0000 51.9119 12.0050
17875.0000 51.9368 12.0201
17880.0000 51.9422 12.0216
17885.0000 51.9480 12.0249
17890.0000 51.9480 12.0249
17895.0000 51.9532 12.0230
17900.0000 51.9364 12.0004
17905.0000 51.9423 11.9983
17910.0000 51.9146 11.9597
17915.0000 51.9176 11.9536
17920.0000 51.9304 11.9493
17925.0000 51.9300 11.9395
17930.0000 51.9530 11.9412
17935.0000 51.9606 11.9412
17940.0000 51.9727 11.9398
17945.0000 51.9851 11.9388
17950.0000 51.9980 11.9361
17955.0000 52.0068 11.9352
17960.0000 52.0262 11.9279
17965.0000 52.0413 11.9244
17970.0000 52.0615 11.9135
17975.0000 52.0108 11.8573
17980.0000 52.0445 11.8655
17985.0000 52.0734 11.8634
17990.0000 52.1219 11.8858
17995.0000 52.1390 11.8863
18000.0000 52.1810 11.9178
18005.0000 52.1812 11.9144
18010.0000 52.1864 11.9156
18015.0000 52.1914 11.9167
18020.0000 52.2045 11.9147
18025.0000 52.2446 11.9321
18030.0000 52.2410 11.9289
18035.0000 52.2442 11.9318
18040.0000 52.2542 11.9384
18045.0000 52.2710 11.9482
18050.0000 52.2602 11.9283
18055.0000 52.2793 11.9297
18060.0000 52.2554 11.9421
18065.0000 51.4112 11.4220
18070.0000 51.1077 11.2760
18075.0000 50.7851 11.2602
18080.0000 50.7206 11.2629
18085.0000 50.6560 11.2694
18090.0000 50.6493 11.2920
18095.0000 50.6688 11.2989
18100.0000 50.6918 11.3066
18105.0000 50.7281 11.3222
18110.0000 50.7511 11.3291
18115.0000 50.7318 11.2943
18120.0000 50.8252 11.3636
18125.0000 50.8635 11.3881
18130.0000 50.8855 11.3896
18135.0000 50.8851 11.3952
18140.0000 50.8908 11.3956
18145.0000 50.8884 11.3992
18150.0000 50.8816 11.4059
18155.0000 50.8896 11.4024
18160.0000 50.8945 11.3997
18165.0000 50.8600 11.3597
18170.0000 50.8749 11.3587
18175.0000 50.9184 11.3764
18180.0000 50.8703 11.3856
18185.0000 50.1551 10.9558
18190.0000 49.6068 10.5963
18195.0000 49.4353 10.6550
18200.0000 49.3915 10.6560
18205.0000 49.3708 10.6935
18210.0000 49.3542 10.7018
18215.0000 49.3615 10.7058
18220.0000 49.4410 10.7724
18225.0000 49.4737 10.7961
18230.0000 49.5015 10.8032
18235.0000 49.5561 10.8536
18240.0000 49.5227 10.8366
18245.0000 49.3628 10.7413
18250.0000 49.2913 10.7020
18255.0000 49.1907 10.7120
18260.0000 49.1666 10.7043
18265.0000 49.1349 10.6906
18270.0000 49.1146 10.6999
18275.0000 49.1110 10.6913
18280.0000 49.1169 10.6955
18285.0000 49.0839 10.6598
18290.0000 49.0925 10.6558
18295.0000 49.1269 10.6727
18300.0000 49.1062 10.6850
18305.0000 48.7850 10.4875
18310.0000 48.5017 10.3252
18315.0000 48.4032 10.3559
18320.0000 48.3922 10.3760
18325.0000 48.4382 10.4390
18330.0000 48.4398 10.4434
18335.0000 48.4771 10.4624
18340.0000 48.4682 10.4366
18345.0000 48.5593 10.5009
18350.0000 48.6290 10.5558
18355.0000 48.6292 10.5534
18360.0000 48.6992 10.6230
18365.0000 48.5130 10.4774
18370.0000 48.4386 10.4490
18375.0000 48.3108 10.4704
18380.0000 48.2301 10.4489
18385.0000 48.1778 10.4890
18390.0000 48.1682 10.4965
18395.0000 48.1788 10.5003
18400.0000 48.1781 10.4994
18405.0000 48.1781 10.4994
18410.0000 48.1781 10.4994
18415.0000 48.2225 10.5327
18420.0000 48.2806 10.6038
18425.0000 47.8478 10.3931
18430.0000 47.6525 10.3202
18435.0000 47.5658 10.3143
18440.0000 47.5369 10.3076
18445.0000 47.5122 10.3329
18450.0000 47.5354 10.3602
18455.0000 47.5591 10.3578
18460.0000 47.6058 10.3783
18465.0000 47.6199 10.3805
18470.0000 47.6746 10.4075
18475.0000 47.6986 10.4114
18480.0000 47.6460 10.3859
18485.0000 47.2816 10.1912
18490.0000 47.0192 10.0218
18495.0000 46.8232 10.0072
18500.0000 46.7647 9.9891
18505.0000 46.6967 10.0007
18510.0000 46.6846 10.0071
18515.0000 46.6846 10.0071
18520.0000 46.6846 10.0071
18525.0000 46.6846 10.0071
18530.0000 46.7267 10.0306
18535.0000 46.7345 10.0296
18540.0000 46.6853 10.0041
18545.0000 46.4433 9.8693
18550.0000 46.2726 9.7634
18555.0000 46.1843 9.7365
18560.0000 46.1953 9.7700
18565.0000 46.2527 9.8593
18570.0000 46.2179 9.8401
18575.0000 46.2156 9.8246
18580.0000 46.2223 9.8220
18585.0000 46.2271 9.8191
18590.0000 46.2408 9.8189
18595.0000 46.3053 9.8684
18600.0000 46.2593 9.8426
18605.0000 45.7818 9.5537
18610.0000 45.6457 9.4955
18615.0000 45.5264 9.4926
18620.0000 45.5144 9.5027
18625.0000 45.5306 9.5296
18630.0000 45.5358 9.5320
18635.0000 45.5523 9.5295
18640.0000 45.5622 9.5268
18645.0000 45.5679 9.5254
18650.0000 45.6178 9.5561
18655.0000 45.6747 9.5833
18660.0000 45.6692 9.5834
18665.0000 45.4048 9.4087
18670.0000 45.2132 9.3012
18675.0000 45.1145 9.3012
18680.0000 45.1166 9.3171
18685.0000 45.0910 9.3199
18690.0000 45.0814 9.3242
18695.0000 45.1562 9.3936
18700.0000 45.1885 9.4106
18705.0000 45.2032 9.4087
18710.0000 45.2219 9.4083
18715.0000 45.2364 9.4036
18720.0000 45.2399 9.4101
18725.0000 44.8465 9.1413
18730.0000 44.6455 9.0414
18735.0000 44.6458 9.1147
18740.0000 44.5519 9.0609
18745.0000 44.5790 9.1249
18750.0000 44.6402 9.1831
18755.0000 44.6484 9.1857
18760.0000 44.6966 9.2233
18765.0000 44.7006 9.2218
18770.0000 44.7006 9.2218
18775.0000 44.7415 9.2575
18780.0000 44.6909 9.2320
18785.0000 44.5837 9.1616
18790.0000 44.4554 9.0883
18795.0000 44.3243 9.0563
18800.0000 44.2948 9.0487
18805.0000 44.3025 9.0721
18810.0000 44.3013 9.0800
18815.0000 44.3426 9.1072
18820.0000 44.3426 9.1072
18825.0000 44.3498 9.1037
18830.0000 44.3703 9.1013
18835.0000 44.4238 9.1348
18840.0000 44.3305 9.0647
18845.0000 44.0636 8.9366
18850.0000 43.8258 8.8147
18855.0000 43.6052 8.7507
18860.0000 43.5428 8.7314
18865.0000 43.4888 8.7136
18870.0000 43.4808 8.7166
18875.0000 43.5138 8.7421
18880.0000 43.6181 8.8219
18885.0000 43.6510 8.8367
18890.0000 43.7251 8.8967
18895.0000 43.7340 8.8985
18900.0000 43.7108 8.8870
18905.0000 43.4569 8.7185
18910.0000 43.2816 8.6095
18915.0000 43.1944 8.6013
18920.0000 43.2091 8.6212
18925.0000 43.2183 8.6642
18930.0000 43.2122 8.6670
18935.0000 43.3219 8.7455
18940.0000 43.4037 8.8068
18945.0000 43.4742 8.8690
18950.0000 43.4742 8.8690
18955.0000 43.5122 8.8991
18960.0000 43.4090 8.8412
18965.0000 43.0085 8.6527
18970.0000 42.7785 8.5243
18975.0000 42.6852 8.5259
18980.0000 42.7070 8.5613
18985.0000 42.7012 8.5648
18990.0000 42.7071 8.5703
18995.0000 42.7219 8.5716
19000.0000 42.7508 8.5815
19005.0000 42.8024 8.6231
19010.0000 42.8702 8.6636
19015.0000 42.9122 8.6904
19020.0000 42.9273 8.7250
19025.0000 42.8166 8.6603
19030.0000 42.7123 8.6634
19035.0000 42.5672 8.6048
19040.0000 42.6104 8.6451
19045.0000 42.5762 8.6376
19050.0000 42.6434 8.7096
19055.0000 42.6221 8.6870
19060.0000 42.6260 8.6908
19065.0000 42.6341 8.6986
19070.0000 42.6393 8.7037
19075.0000 42.6430 8.7030
19080.0000 42.6039 8.7169
19085.0000 42.2862 8.5115
19090.0000 42.0638 8.3842
19095.0000 41.9653 8.3714
19100.0000 41.9354 8.3640
19105.0000 41.9644 8.3944
19110.0000 42.0046 8.4244
19115.0000 42.0271 8.4266
19120.0000 42.0825 8.4651
19125.0000 42.0908 8.4705
19130.0000 42.0949 8.4721
19135.0000 42.1141 8.4818
19140.0000 42.1477 8.5103
19145.0000 42.2089 8.5714
19150.0000 42.2386 8.6037
19155.0000 42.2076 8.5914
19160.0000 42.1967 8.5905
19165.0000 42.1801 8.6038
19170.0000 42.2549 8.6704
19175.0000 42.3043 8.7001
19180.0000 42.3173 8.7025
19185.0000 42.3422 8.7088
19190.0000 42.3975 8.7407
19195.0000 42.4865 8.8140
19200.0000 42.4807 8.8097
19205.0000 42.3180 8.6865
19210.0000 42.1466 8.5727
19215.0000 42.0523 8.5571
19220.0000 42.0625 8.5824
19225.0000 42.1193 8.6487
19230.0000 42.1937 8.7192
19235.0000 42.2597 8.7593
19240.0000 42.2690 8.7618
19245.0000 42.2799 8.7645
19250.0000 42.3196 8.7957
19255.0000 42.3251 8.7991
19260.0000 42.3263 8.8115
19265.0000 42.1228 8.6640
19270.0000 42.0001 8.6108
19275.0000 42.0221 8.6683
19280.0000 41.9889 8.6730
19285.0000 42.0086 8.7042
19290.0000 42.0249 8.7195
19295.0000 42.1149 8.7822
19300.0000 42.1380 8.7908
19305.0000 42.1784 8.8064
19310.0000 42.2194 8.8228
19315.0000 42.2845 8.8637
19320.0000 42.3414 8.9037
19325.0000 42.1304 8.7635
19330.0000 42.0473 8.7312
19335.0000 41.9496 8.6932
19340.0000 41.9698 8.6974
19345.0000 41.9953 8.7201
19350.0000 42.0226 8.7477
19355.0000 42.0308 8.7491
19360.0000 42.0308 8.7491
19365.0000 42.0893 8.7853
19370.0000 42.1201 8.8181
19375.0000 42.1201 8.8181
19380.0000 42.1544 8.8473
19385.0000 42.0763 8.8230
19390.0000 41.7586 8.6522
19395.0000 41.6535 8.6428
19400.0000 41.6550 8.6719
19405.0000 41.6639 8.6975
19410.0000 41.6477 8.7049
19415.0000 41.6914 8.7484
19420.0000 41.7062 8.7499
19425.0000 41.7256 8.7527
19430.0000 41.7342 8.7528
19435.0000 41.7638 8.7784
19440.0000 41.7638 8.7784
19445.0000 41.8239 8.8122
19450.0000 41.8239 8.8122
19455.0000 41.8423 8.8197
19460.0000 41.8318 8.8183
19465.0000 41.9235 8.9217
19470.0000 41.9262 8.9256
19475.0000 41.9532 8.9417
19480.0000 41.9654 8.9446
19485.0000 41.9654 8.9446
19490.0000 41.9961 8.9672
19495.0000 41.9961 8.9672
19500.0000 41.9498 8.9557
19505.0000 41.6524 8.7533
19510.0000 41.3545 8.5936
19515.0000 41.2349 8.5692
19520.0000 41.1709 8.5629
19525.0000 41.1275 8.5766
19530.0000 41.1240 8.5785
19535.0000 41.1267 8.5806
19540.0000 41.1674 8.6168
19545.0000 41.1981 8.6495
19550.0000 41.2059 8.6469
19555.0000 41.2139 8.6484
19560.0000 41.2189 8.6512
19565.0000 41.1799 8.6098
19570.0000 41.2067 8.6230
19575.0000 41.2521 8.6485
19580.0000 41.2675 8.6675
19585.0000 41.3086 8.6872
19590.0000 41.3545 8.7031
19595.0000 41.3888 8.7252
19600.0000 41.3727 8.6902
19605.0000 41.3780 8.6910
19610.0000 41.4173 8.7170
19615.0000 41.4269 8.7149
19620.0000 41.4210 8.7197
19625.0000 41.0736 8.5080
19630.0000 40.8441 8.4311
19635.0000 40.6471 8.3815
19640.0000 40.5936 8.3754
19645.0000 40.5859 8.4114
19650.0000 40.5837 8.4131
19655.0000 40.6141 8.4369
19660.0000 40.5963 8.4140
19665.0000 40.5963 8.4140
19670.0000 40.5995 8.4124
19675.0000 40.6345 8.4410
19680.0000 40.6689 8.4726
19685.0000 40.5210 8.4167
19690.0000 40.3077 8.2717
19695.0000 40.3266 8.3321
19700.0000 40.3395 8.3713
19705.0000 40.3193 8.3794
19710.0000 40.3571 8.4117
19715.0000 40.4380 8.4631
19720.0000 40.4564 8.4720
19725.0000 40.4698 8.4792
19730.0000 40.5112 8.4855
19735.0000 40.5306 8.4922
19740.0000 40.5428 8.4903
19745.0000 40.3992 8.3806
19750.0000 40.3465 8.3349
19755.0000 40.3701 8.3589
19760.0000 40.3991 8.3712
19765.0000 40.5549 8.4936
19770.0000 40.6007 8.5132
19775.0000 40.6139 8.5070
19780.0000 40.6495 8.5349
19785.0000 40.7079 8.5416
19790.0000 40.7652 8.5587
19795.0000 40.9251 8.6400
19800.0000 41.0012 8.6686
19805.0000 40.6783 8.4512
19810.0000 40.4127 8.3046
19815.0000 40.3428 8.3052
19820.0000 40.2707 8.2943
19825.0000 40.2509 8.2969
19830.0000 40.2933 8.3341
19835.0000 40.2983 8.3343
19840.0000 40.3552 8.3775
19845.0000 40.3295 8.3135
19850.0000 40.3740 8.3357
19855.0000 40.4275 8.3852
19860.0000 40.4663 8.4192
19865.0000 40.3939 8.3515
19870.0000 40.3528 8.3427
19875.0000 40.3491 8.3487
19880.0000 40.3861 8.3773
19885.0000 40.4102 8.3844
19890.0000 40.4294 8.3943
19895.0000 40.4704 8.4291
19900.0000 40.4481 8.3977
19905.0000 40.4751 8.4203
19910.0000 40.4877 8.4261
19915.0000 40.5004 8.4343
19920.0000 40.4775 8.4278
19925.0000 40.4284 8.3928
19930.0000 40.3870 8.3844
19935.0000 40.2924 8.3737
19940.0000 40.2657 8.3681
19945.0000 40.2289 8.3838
19950.0000 40.2344 8.3890
19955.0000 40.2921 8.4221
19960.0000 40.3059 8.4233
19965.0000 40.3212 8.4264
19970.0000 40.3651 8.4586
19975.0000 40.3730 8.4582
19980.0000 40.4056 8.4828
19985.0000 40.3813 8.4579
19990.0000 40.3371 8.4205
19995.0000 40.3371 8.4205
20000.0000 40.3498 8.4261
20005.0000 40.3609 8.4301
20010.0000 40.4218 8.4465
20015.0000 40.4809 8.4818
20020.0000 40.4864 8.4854
20025.0000 40.4864 8.4854
20030.0000 40.4907 8.4861
20035.0000 40.5009 8.4877
20040.0000 40.4875 8.4959
20045.0000 40.3548 8.4045
20050.0000 40.0438 8.2174
20055.0000 40.0037 8.2524
20060.0000 40.0379 8.2993
20065.0000 39.9908 8.3063
20070.0000 40.0083 8.3153
20075.0000 40.0240 8.3204
20080.0000 40.0674 8.3569
20085.0000 40.0390 8.3265
20090.0000 40.0959 8.3496
20095.0000 40.1068 8.3522
20100.0000 40.1530 8.3878
20105.0000 40.1756 8.3864
20110.0000 40.2626 8.4419
20115.0000 40.3011 8.4508
20120.0000 40.3143 8.4514
20125.0000 40.3581 8.4906
20130.0000 40.3709 8.4852
20135.0000 40.3889 8.4785
20140.0000 40.4281 8.4851
20145.0000 40.4318 8.4832
20150.0000 40.4318 8.4832
20155.0000 40.4976 8.5225
20160.0000 40.5206 8.5721
20165.0000 40.3027 8.3965
20170.0000 39.9425 8.2320
20175.0000 39.8477 8.2127
20180.0000 39.8511 8.2405
20185.0000 39.8610 8.2577
20190.0000 39.8957 8.2869
20195.0000 39.9120 8.2983
20200.0000 39.9600 8.3248
20205.0000 39.9746 8.3326
20210.0000 39.9999 8.3420
20215.0000 40.1000 8.4233
20220.0000 40.1119 8.4301
20225.0000 40.1547 8.4763
20230.0000 40.1425 8.4833
20235.0000 40.0319 8.3963
20240.0000 40.0312 8.3938
20245.0000 40.0456 8.4354
20250.0000 40.0873 8.4446
20255.0000 40.1531 8.5003
20260.0000 40.2363 8.5562
20265.0000 40.2742 8.5779
20270.0000 40.2850 8.5728
20275.0000 40.2882 8.5715
20280.0000 40.3202 8.5859
20285.0000 40.2509 8.5442
20290.0000 40.2142 8.5161
20295.0000 40.2670 8.5500
20300.0000 40.2760 8.5477
20305.0000 40.2809 8.5461
20310.0000 40.2893 8.5436
20315.0000 40.3571 8.6024
20320.0000 40.4097 8.6371
20325.0000 40.4179 8.6349
20330.0000 40.4267 8.6326
20335.0000 40.4807 8.6778
20340.0000 40.4729 8.6817
20345.0000 40.3702 8.6342
20350.0000 40.0918 8.5234
20355.0000 39.9615 8.4964
20360.0000 39.9036 8.4919
20365.0000 39.8411 8.5012
20370.0000 39.8419 8.5041
20375.0000 39.8334 8.5093
20380.0000 39.8364 8.5089
20385.0000 39.9165 8.5721
20390.0000 39.9340 8.5706
20395.0000 39.9387 8.5702
20400.0000 39.9448 8.5714
20405.0000 39.7375 8.4131
20410.0000 39.6485 8.3684
20415.0000 39.6699 8.4003
20420.0000 39.6747 8.4027
20425.0000 39.6714 8.4035
20430.0000 39.6824 8.4031
20435.0000 39.6920 8.3989
20440.0000 39.7056 8.3932
20445.0000 39.7056 8.3932
20450.0000 39.7056 8.3932
20455.0000 39.7113 8.3930
20460.0000 39.7299 8.4236
20465.0000 39.6446 8.3701
20470.0000 39.5336 8.3191
20475.0000 39.4615 8.3115
20480.0000 39.4286 8.3161
20485.0000 39.4298 8.3644
20490.0000 39.4337 8.3676
20495.0000 39.4674 8.4064
20500.0000 39.4518 8.3883
20505.0000 39.4788 8.4112
20510.0000 39.4658 8.3967
20515.0000 39.4696 8.3942
20520.0000 39.4446 8.3634
20525.0000 39.2771 8.2027
20530.0000 39.2225 8.1891
20535.0000 39.2144 8.1876
20540.0000 39.2144 8.1876
20545.0000 39.2203 8.1882
20550.0000 39.2687 8.2367
20555.0000 39.3357 8.2516
20560.0000 39.3742 8.2628
20565.0000 39.4262 8.3097
20570.0000 39.4262 8.3097
20575.0000 39.4262 8.3097
20580.0000 39.4228 8.3135
20585.0000 39.1904 8.1272
20590.0000 39.1217 8.1176
20595.0000 39.0738 8.1348
20600.0000 39.0828 8.1696
20605.0000 39.0526 8.1749
20610.0000 39.0526 8.1749
20615.0000 39.0526 8.1749
20620.0000 39.0526 8.1749
20625.0000 39.0580 8.1740
20630.0000 39.0975 8.2107
20635.0000 39.1356 8.2509
20640.0000 39.1376 8.2479
20645.0000 38.9845 8.1281
20650.0000 38.7828 8.0146
20655.0000 38.7280 7.9868
20660.0000 38.7156 7.9848
20665.0000 38.7156 7.9848
20670.0000 38.7156 7.9848
20675.0000 38.8146 8.0378
20680.0000 38.8610 8.0651
20685.0000 38.9007 8.0930
20690.0000 38.9007 8.0930
20695.0000 38.9007 8.0930
20700.0000 38.9254 8.1367
20705.0000 38.8129 8.0505
20710.0000 38.7544 8.0237
20715.0000 38.7435 8.0592
20720.0000 38.7581 8.0697
20725.0000 38.7105 8.0777
20730.0000 38.7059 8.0804
20735.0000 38.7088 8.0795
20740.0000 38.7088 8.0795
20745.0000 38.7088 8.0795
20750.0000 38.7378 8.0948
20755.0000 38.7716 8.1184
20760.0000 38.8007 8.1348
20765.0000 38.7533 8.1061
20770.0000 38.6824 8.0724
20775.0000 38.6437 8.0699
20780.0000 38.6240 8.0672
20785.0000 38.6142 8.0758
20790.0000 38.6174 8.0784
20795.0000 38.6336 8.0866
20800.0000 38.6432 8.0904
20805.0000 38.6188 8.0640
20810.0000 38.6243 8.0618
20815.0000 38.6560 8.0845
20820.0000 38.6766 8.1018
20825.0000 38.6513 8.0876
20830.0000 38.6390 8.0980
20835.0000 38.6133 8.1508
20840.0000 38.5804 8.1487
20845.0000 38.5328 8.1543
20850.0000 38.5433 8.1592
20855.0000 38.5433 8.1592
20860.0000 38.5896 8.1821
20865.0000 38.6477 8.2168
20870.0000 38.7429 8.2845
20875.0000 38.7803 8.3152
20880.0000 38.8613 8.3888
20885.0000 38.7806 8.3285
20890.0000 38.6452 8.2488
20895.0000 38.7145 8.3244
20900.0000 38.6954 8.2944
20905.0000 38.6989 8.3225
20910.0000 38.7337 8.3576
20915.0000 38.7347 8.3568
20920.0000 38.7454 8.3568
20925.0000 38.7505 8.3576
20930.0000 38.7557 8.3585
20935.0000 38.7672 8.3576
20940.0000 38.7755 8.3832
20945.0000 38.6717 8.3265
20950.0000 38.6269 8.3465
20955.0000 38.6071 8.3497
20960.0000 38.5980 8.3480
20965.0000 38.6514 8.3619
20970.0000 38.6671 8.3644
20975.0000 38.6815 8.3659
20980.0000 38.6995 8.3689
20985.0000 38.7114 8.3710
20990.0000 38.7224 8.3743
20995.0000 38.7643 8.4051
21000.0000 38.8357 8.4358
21005.0000 38.8785 8.4476
21010.0000 38.8364 8.4355
21015.0000 38.8127 8.4349
21020.0000 38.8391 8.4730
21025.0000 38.8359 8.4756
21030.0000 38.8436 8.4764
21035.0000 38.8390 8.4783
21040.0000 38.8390 8.4783
21045.0000 38.8390 8.4783
21050.0000 38.8491 8.4804
21055.0000 38.8615 8.4805
21060.0000 38.8165 8.4324
21065.0000 38.7687 8.3833
21070.0000 38.7053 8.3391
21075.0000 38.7386 8.3807
21080.0000 38.8348 8.4638
21085.0000 38.9069 8.5403
21090.0000 38.9112 8.5387
21095.0000 38.9330 8.5541
21100.0000 38.9482 8.5593
21105.0000 38.9789 8.5809
21110.0000 39.0010 8.5852
21115.0000 39.0234 8.5880
21120.0000 39.0419 8.5928
21125.0000 39.0524 8.5922
21130.0000 38.9669 8.5868
21135.0000 38.8584 8.5289
21140.0000 38.8391 8.5280
21145.0000 38.8262 8.5316
21150.0000 38.8658 8.5627
21155.0000 38.8710 8.5650
21160.0000 38.9055 8.5986
21165.0000 38.9917 8.6639
21170.0000 39.0006 8.6602
21175.0000 39.0227 8.6542
21180.0000 39.0288 8.6534
21185.0000 39.0411 8.6494
21190.0000 39.0630 8.6506
21195.0000 39.1009 8.6799
21200.0000 39.1189 8.6757
21205.0000 39.1271 8.6738
21210.0000 39.1482 8.6822
21215.0000 39.1802 8.7115
21220.0000 39.1720 8.6848
21225.0000 39.1549 8.6542
21230.0000 39.2319 8.7066
21235.0000 39.2405 8.7055
21240.0000 39.2786 8.7145
21245.0000 39.0858 8.5647
21250.0000 38.9890 8.5635
21255.0000 38.8839 8.5119
21260.0000 38.8523 8.5157
21265.0000 38.7795 8.4931
21270.0000 38.8246 8.5400
21275.0000 38.8249 8.5432
21280.0000 38.7868 8.4997
21285.0000 38.8155 8.5322
21290.0000 38.8439 8.5541
21295.0000 38.8439 8.5541
21300.0000 38.8508 8.5617
21305.0000 38.7605 8.5023
21310.0000 38.7265 8.4746
21315.0000 38.7040 8.4751
21320.0000 38.7000 8.4740
21325.0000 38.6707 8.4733
21330.0000 38.6811 8.4742
21335.0000 38.6866 8.4749
21340.0000 38.6912 8.4748
21345.0000 38.7021 8.4534
21350.0000 38.7238 8.4497
21355.0000 38.7265 8.4517
21360.0000 38.7215 8.4555
21365.0000 38.6311 8.3736
21370.0000 38.4508 8.3173
21375.0000 38.3044 8.2734
21380.0000 38.2972 8.2749
21385.0000 38.2550 8.2829
21390.0000 38.2624 8.2861
21395.0000 38.2694 8.2867
21400.0000 38.2801 8.2850
21405.0000 38.3777 8.3517
21410.0000 38.3923 8.3560
21415.0000 38.4045 8.3587
21420.0000 38.4139 8.3644
21425.0000 38.1511 8.1277
21430.0000 38.0472 8.1343
21435.0000 37.9306 8.1090
21440.0000 37.9177 8.1292
21445.0000 37.8695 8.1304
21450.0000 37.8729 8.1292
21455.0000 37.8729 8.1292
21460.0000 37.8823 8.1255
21465.0000 37.8938 8.1235
21470.0000 37.8938 8.1235
21475.0000 37.8938 8.1235
21480.0000 37.8923 8.1244
21485.0000 37.8755 8.1091
21490.0000 37.8519 8.1006
21495.0000 37.8356 8.0981
21500.0000 37.8263 8.0992
21505.0000 37.8227 8.1017
21510.0000 37.8286 8.1029
21515.0000 37.8283 8.1076
21520.0000 37.8283 8.1076
21525.0000 37.8283 8.1076
21530.0000 37.8283 8.1076
21535.0000 37.8283 8.1076
21540.0000 37.8281 8.1089
21545.0000 37.6864 8.0002
21550.0000 37.5567 7.9577
21555.0000 37.4969 7.9564
21560.0000 37.5461 8.0018
21565.0000 37.5305 8.0103
21570.0000 37.5434 8.0113
21575.0000 37.5468 8.0109
21580.0000 37.5468 8.0109
21585.0000 37.5816 8.0322
21590.0000 37.6232 8.0474
21595.0000 37.6271 8.0464
21600.0000 37.6343 8.0445
21605.0000 37.6023 8.0364
21610.0000 37.5833 8.0422
21615.0000 37.4772 8.0098
21620.0000 37.5060 8.0405
21625.0000 37.4872 8.0390
21630.0000 37.5064 8.0469
21635.0000 37.5153 8.0506
21640.0000 37.5292 8.0557
21645.0000 37.5415 8.0556
21650.0000 37.5534 8.0593
21655.0000 37.6433 8.1309
21660.0000 37.6137 8.0825
21665.0000 37.4643 7.9673
21670.0000 37.4737 7.9953
21675.0000 37.4471 8.0281
21680.0000 37.4239 8.0307
21685.0000 37.4460 8.0871
21690.0000 37.4569 8.0877
21695.0000 37.4892 8.1141
21700.0000 37.4957 8.1120
21705.0000 37.5012 8.1104
21710.0000 37.5012 8.1104
21715.0000 37.5012 8.1104
21720.0000 37.5012 8.1104
21725.0000 37.3931 8.0202
21730.0000 37.2704 7.9697
21735.0000 37.2029 7.9481
21740.0000 37.1938 7.9499
21745.0000 37.2269 7.9851
21750.0000 37.2346 7.9795
21755.0000 37.2346 7.9795
21760.0000 37.2346 7.9795
21765.0000 37.2346 7.9795
21770.0000 37.2436 7.9745
21775.0000 37.2436 7.9745
21780.0000 37.2629 7.9904
21785.0000 37.0399 7.8022
21790.0000 36.9287 7.7473
21795.0000 36.8336 7.7354
21800.0000 36.8079 7.7363
21805.0000 36.7841 7.7344
21810.0000 36.8288 7.7545
21815.0000 36.8592 7.7651
21820.0000 36.8944 7.7805
21825.0000 36.9660 7.8469
21830.0000 36.9776 7.8328
21835.0000 36.9812 7.8318
21840.0000 37.0096 7.8453
21845.0000 36.9241 7.7992
21850.0000 36.8054 7.7777
21855.0000 36.7870 7.7776
21860.0000 36.7984 7.8092
21865.0000 36.7833 7.8059
21870.0000 36.7887 7.8027
21875.0000 36.7993 7.8055
21880.0000 36.8501 7.8420
21885.0000 36.8527 7.8414
21890.0000 36.8527 7.8414
21895.0000 36.8934 7.8700
21900.0000 36.8898 7.8717
21905.0000 36.6935 7.6957
21910.0000 36.6794 7.7020
21915.0000 36.6291 7.6949
21920.0000 36.6157 7.6969
21925.0000 36.5998 7.6948
21930.0000 36.5998 7.6948
21935.0000 36.5998 7.6948
21940.0000 36.6507 7.7371
21945.0000 36.6655 7.7429
21950.0000 36.6775 7.7485
21955.0000 36.6775 7.7485
21960.0000 36.6775 7.7485
21965.0000 36.6775 7.7485
21970.0000 36.6575 7.7625
21975.0000 36.6005 7.7885
21980.0000 36.6114 7.7945
21985.0000 36.6563 7.8689
21990.0000 36.6563 7.8689
21995.0000 36.6563 7.8689
22000.0000 36.6563 7.8689
22005.0000 36.6358 7.8388
22010.0000 36.6631 7.8546
22015.0000 36.6670 7.8562
22020.0000 36.6941 7.8810
22025.0000 36.6217 7.8283
22030.0000 36.5823 7.8598
22035.0000 36.4382 7.8055
22040.0000 36.4699 7.8629
22045.0000 36.4590 7.8668
22050.0000 36.4590 7.8668
22055.0000 36.4654 7.8695
22060.0000 36.4715 7.8720
22065.0000 36.5180 7.9169
22070.0000 36.5974 7.9779
22075.0000 36.5974 7.9779
22080.0000 36.6142 7.9750
22085.0000 36.4106 7.7868
22090.0000 36.4059 7.7836
22095.0000 36.3835 7.7604
22100.0000 36.3936 7.7622
22105.0000 36.3913 7.7654
22110.0000 36.4343 7.7695
22115.0000 36.4624 7.7740
22120.0000 36.5362 7.8165
22125.0000 36.5153 7.7646
22130.0000 36.5590 7.8034
22135.0000 36.5975 7.8335
22140.0000 36.6241 7.8710
22145.0000 36.5822 7.8240
22150.0000 36.5076 7.8104
22155.0000 36.5096 7.8813
22160.0000 36.5061 7.8846
22165.0000 36.5334 7.9446
22170.0000 36.5383 7.9493
22175.0000 36.5488 7.9522
22180.0000 36.5545 7.9540
22185.0000 36.5618 7.9537
22190.0000 36.5919 7.9736
22195.0000 36.6088 7.9785
22200.0000 36.6188 7.9851
22205.0000 36.5386 7.9168
22210.0000 36.5365 7.9245
22215.0000 36.3827 7.8507
22220.0000 36.3711 7.8511
22225.0000 36.3553 7.8564
22230.0000 36.3623 7.8579
22235.0000 36.3593 7.8589
22240.0000 36.3633 7.8609
22245.0000 36.4039 7.8897
22250.0000 36.4432 7.9158
22255.0000 36.4829 7.9584
22260.0000 36.5461 7.9953
22265.0000 36.4208 7.8915
22270.0000 36.3637 7.8654
22275.0000 36.3290 7.9053
22280.0000 36.3090 7.9052
22285.0000 36.2733 7.9068
22290.0000 36.2702 7.9085
22295.0000 36.2773 7.9054
22300.0000 36.2936 7.9028
22305.0000 36.2777 7.8646
22310.0000 36.2807 7.8639
22315.0000 36.2807 7.8639
22320.0000 36.2870 7.8628
22325.0000 36.2109 7.8281
22330.0000 36.2106 7.8331
22335.0000 36.1384 7.8036
22340.0000 36.1350 7.8031
22345.0000 36.1348 7.8260
22350.0000 36.1348 7.8260
22355.0000 36.1318 7.8270
22360.0000 36.1743 7.8717
22365.0000 36.2773 7.9704
22370.0000 36.3111 7.9948
22375.0000 36.3181 7.9967
22380.0000 36.3255 8.0006
22385.0000 36.3506 8.0189
22390.0000 36.2405 7.9711
22395.0000 36.1978 7.9707
22400.0000 36.1785 7.9844
22405.0000 36.2365 8.0301
22410.0000 36.2399 8.0325
22415.0000 36.2945 8.0521
22420.0000 36.3079 8.0489
22425.0000 36.3140 8.0483
22430.0000 36.3483 8.0686
22435.0000 36.3983 8.0961
22440.0000 36.4351 8.1253
22445.0000 36.3683 8.0765
22450.0000 36.3077 8.0252
22455.0000 36.2979 8.0447
22460.0000 36.2933 8.0432
22465.0000 36.2832 8.0412
22470.0000 36.2900 8.0411
22475.0000 36.3111 8.0691
22480.0000 36.4039 8.1402
22485.0000 36.4693 8.2078
22490.0000 36.4786 8.2020
22495.0000 36.4832 8.2043
22500.0000 36.4903 8.2075
22505.0000 36.4267 8.1437
22510.0000 36.4013 8.0989
22515.0000 36.3998 8.1119
22520.0000 36.4367 8.1213
22525.0000 36.4721 8.1628
22530.0000 36.4721 8.1628
22535.0000 36.4753 8.1647
22540.0000 36.4836 8.1658
22545.0000 36.4919 8.1650
22550.0000 36.5333 8.1670
22555.0000 36.5801 8.1985
22560.0000 36.6130 8.2266
22565.0000 36.4365 8.1213
22570.0000 36.4177 8.1137
22575.0000 36.3356 8.0935
22580.0000 36.3350 8.0874
22585.0000 36.3431 8.0835
22590.0000 36.3472 8.0809
22595.0000 36.3472 8.0809
22600.0000 36.3556 8.0794
22605.0000 36.3625 8.0802
22610.0000 36.3306 8.0365
22615.0000 36.3488 8.0514
22620.0000 36.4302 8.1111
22625.0000 36.3989 8.0729
22630.0000 36.2322 8.0198
22635.0000 36.1264 7.9846
22640.0000 36.1100 7.9924
22645.0000 36.0854 7.9939
22650.0000 36.0952 7.9942
22655.0000 36.0937 7.9983
22660.0000 36.0977 8.0004
22665.0000 36.1053 8.0046
22670.0000 36.1135 8.0053
22675.0000 36.1135 8.0053
22680.0000 36.1191 8.0056
22685.0000 36.0918 7.9793
22690.0000 36.0292 7.9385
22695.0000 35.9412 7.9214
22700.0000 35.9339 7.9166
22705.0000 35.9265 7.9494
22710.0000 35.9611 7.9825
22715.0000 35.9736 7.9824
22720.0000 36.0443 8.0227
22725.0000 36.1376 8.0888
22730.0000 36.1876 8.1278
22735.0000 36.1937 8.1277
22740.0000 36.1954 8.1289
22745.0000 36.1913 8.1236
22750.0000 36.0424 8.0572
22755.0000 36.0095 8.0549
22760.0000 36.0905 8.1386
22765.0000 36.0738 8.1424
22770.0000 36.1070 8.1794
22775.0000 36.1361 8.1935
22780.0000 36.1734 8.2140
22785.0000 36.1734 8.2140
22790.0000 36.1734 8.2140
22795.0000 36.2148 8.2598
22800.0000 36.2360 8.2848
22805.0000 36.1488 8.1949
22810.0000 36.0085 8.1331
22815.0000 35.9551 8.1400
22820.0000 35.9622 8.1881
22825.0000 35.9321 8.1941
22830.0000 35.9890 8.2367
22835.0000 36.0737 8.2761
22840.0000 36.0737 8.2761
22845.0000 36.0812 8.2729
22850.0000 36.0558 8.2250
22855.0000 36.0576 8.2166
22860.0000 36.0733 8.2116
22865.0000 36.1015 8.2080
22870.0000 36.0802 8.1571
22875.0000 36.1130 8.2022
22880.0000 36.1759 8.2369
22885.0000 36.1844 8.2392
22890.0000 36.2006 8.2397
22895.0000 36.2431 8.2669
22900.0000 36.2660 8.2664
22905.0000 36.2832 8.2646
22910.0000 36.3361 8.2949
22915.0000 36.3515 8.2925
22920.0000 36.3586 8.2895
22925.0000 36.1902 8.1323
22930.0000 36.0425 8.0318
22935.0000 35.8907 7.9869
22940.0000 35.8757 7.9945
22945.0000 35.8520 8.0464
22950.0000 35.8357 8.0341
22955.0000 35.8447 8.0392
22960.0000 35.8447 8.0392
22965.0000 35.8508 8.0400
22970.0000 35.8508 8.0400
22975.0000 35.8508 8.0400
22980.0000 35.8569 8.0407
22985.0000 35.9756 8.1471
22990.0000 35.8793 8.0753
22995.0000 35.8599 8.0735
23000.0000 35.8545 8.0729
23005.0000 35.8573 8.0713
23010.0000 35.8643 8.0700
23015.0000 35.9158 8.0712
23020.0000 35.9309 8.0771
23025.0000 35.9825 8.1048
23030.0000 36.0254 8.1178
23035.0000 36.0243 8.1036
23040.0000 36.0246 8.1058
23045.0000 35.7976 7.9190
23050.0000 35.6539 7.8537
23055.0000 35.6497 7.8477
23060.0000 35.6345 7.8501
23065.0000 35.6076 7.8542
23070.0000 35.6107 7.8551
23075.0000 35.6107 7.8551
23080.0000 35.6107 7.8551
23085.0000 35.6107 7.8551
23090.0000 35.5979 7.8246
23095.0000 35.6777 7.8849
23100.0000 35.6942 7.8933
23105.0000 35.6997 7.8935
23110.0000 35.5074 7.7905
23115.0000 35.4249 7.7623
23120.0000 35.4258 7.7824
23125.0000 35.3903 7.7863
23130.0000 35.4602 7.7855
23135.0000 35.5168 7.7913
23140.0000 35.5748 7.8039
23145.0000 35.6417 7.8235
23150.0000 35.6463 7.8214
23155.0000 35.6463 7.8214
23160.0000 35.6554 7.8212
23165.0000 35.5486 7.7115
23170.0000 35.5116 7.6708
23175.0000 35.5380 7.6793
23180.0000 35.5424 7.6795
23185.0000 35.5395 7.6813
23190.0000 35.5433 7.6833
23195.0000 35.5516 7.6877
23200.0000 35.6143 7.7271
23205.0000 35.6577 7.7414
23210.0000 35.6912 7.7414
23215.0000 35.7287 7.7567
23220.0000 35.7434 7.7571
23225.0000 35.6752 7.7084
23230.0000 35.5438 7.6268
23235.0000 35.4981 7.6350
23240.0000 35.4853 7.6375
23245.0000 35.4695 7.6433
23250.0000 35.4701 7.6388
23255.0000 35.4912 7.6383
23260.0000 35.4977 7.6331
23265.0000 35.5923 7.6691
23270.0000 35.6849 7.7136
23275.0000 35.7011 7.7151
23280.0000 35.7514 7.7317
23285.0000 35.7929 7.7448
23290.0000 35.8103 7.7467
23295.0000 35.8311 7.7637
23300.0000 35.8303 7.7608
23305.0000 35.8239 7.7633
23310.0000 35.8268 7.7586
23315.0000 35.8181 7.7367
23320.0000 35.8534 7.7438
23325.0000 35.8653 7.7411
23330.0000 35.9057 7.7431
23335.0000 35.9187 7.7436
23340.0000 35.9370 7.7421
23345.0000 35.8693 7.6820
23350.0000 35.9258 7.7312
23355.0000 35.9288 7.7643
23360.0000 35.9071 7.7533
23365.0000 35.9086 7.7553
23370.0000 35.9455 7.7702
23375.0000 35.9750 7.7884
23380.0000 36.0442 7.8487
23385.0000 36.0815 7.8476
23390.0000 36.0815 7.8476
23395.0000 36.0894 7.8485
23400.0000 36.0894 7.8485
23405.0000 35.9280 7.6987
23410.0000 35.9057 7.7105
23415.0000 35.8633 7.7111
23420.0000 35.8593 7.7111
23425.0000 35.8464 7.7224
23430.0000 35.8717 7.7275
23435.0000 35.8687 7.7286
23440.0000 35.9159 7.7688
23445.0000 35.9245 7.7689
23450.0000 35.9375 7.7682
23455.0000 35.9432 7.7674
23460.0000 36.0022 7.8187
23465.0000 35.9257 7.7346
23470.0000 35.8801 7.7279
23475.0000 35.8236 7.7116
23480.0000 35.8586 7.7388
23485.0000 35.8352 7.7512
23490.0000 35.8318 7.7533
23495.0000 35.8331 7.7525
23500.0000 35.8390 7.7501
23505.0000 35.9323 7.8105
23510.0000 35.9534 7.8088
23515.0000 35.9595 7.8084
23520.0000 35.9965 7.8124
23525.0000 35.8899 7.6883
23530.0000 35.8292 7.6805
23535.0000 35.7746 7.6791
23540.0000 35.7400 7.6821
23545.0000 35.7177 7.6888
23550.0000 35.7018 7.6862
23555.0000 35.7489 7.7278
23560.0000 35.7644 7.7270
23565.0000 35.7973 7.7509
23570.0000 35.8606 7.7681
23575.0000 35.9008 7.8131
23580.0000 35.9245 7.8508
23585.0000 35.7776 7.7146
23590.0000 35.7399 7.6706
23595.0000 35.6167 7.6111
23600.0000 35.6232 7.6029
23605.0000 35.6217 7.6033
23610.0000 35.6823 7.6090
23615.0000 35.7095 7.6136
23620.0000 35.7322 7.6181
23625.0000 35.7873 7.6272
23630.0000 35.8094 7.6339
23635.0000 35.8242 7.6213
23640.0000 35.8614 7.6629
23645.0000 35.7309 7.5038
23650.0000 35.7021 7.4984
23655.0000 35.6036 7.4812
23660.0000 35.6284 7.4924
23665.0000 35.6178 7.4956
23670.0000 35.6023 7.4961
23675.0000 35.6054 7.4972
23680.0000 35.6179 7.4998
23685.0000 35.6357 7.5045
23690.0000 35.6982 7.5238
23695.0000 35.7104 7.5259
23700.0000 35.7480 7.5411
23705.0000 35.8209 7.5767
23710.0000 35.8922 7.6472
23715.0000 35.8804 7.6515
23720.0000 35.9408 7.6737
23725.0000 35.9420 7.6772
23730.0000 35.9420 7.6772
23735.0000 36.0059 7.7385
23740.0000 36.0116 7.7383
23745.0000 36.1165 7.8437
23750.0000 36.1165 7.8437
23755.0000 36.1447 7.8739
23760.0000 36.1407 7.8758
23765.0000 36.1867 7.9224
23770.0000 36.0286 7.8529
23775.0000 35.9907 7.8409
23780.0000 35.9817 7.8427
23785.0000 35.9832 7.8771
23790.0000 35.9974 7.9130
23795.0000 36.0255 7.9157
23800.0000 36.0567 7.9459
23805.0000 36.0862 7.9740
23810.0000 36.1649 8.0337
23815.0000 36.2078 8.0762
23820.0000 36.2275 8.0882
23825.0000 36.2688 8.1085
23830.0000 36.3171 8.1709
23835.0000 36.3337 8.2003
23840.0000 36.3561 8.2288
23845.0000 36.4389 8.2925
23850.0000 36.4807 8.2945
23855.0000 36.4933 8.3068
23860.0000 36.5509 8.3445
23865.0000 36.5952 8.3721
23870.0000 36.6036 8.3719
23875.0000 36.6137 8.3706
23880.0000 36.6689 8.3937
23885.0000 36.7332 8.4337
23890.0000 36.7339 8.4452
23895.0000 36.7179 8.4426
23900.0000 36.7555 8.4761
23905.0000 36.7835 8.4903
23910.0000 36.7893 8.4897
23915.0000 36.8431 8.5084
23920.0000 36.9156 8.5611
23925.0000 36.9380 8.5666
23930.0000 36.9518 8.5688
23935.0000 36.9602 8.5668
23940.0000 36.9655 8.5663
23945.0000 36.9479 8.5302
23950.0000 36.9469 8.5103
23955.0000 36.8998 8.4608
23960.0000 37.0646 8.5903
23965.0000 37.1118 8.6435
23970.0000 37.1019 8.6102
23975.0000 37.1376 8.6319
23980.0000 37.1522 8.6264
23985.0000 37.2138 8.6597
23990.0000 37.2542 8.6914
23995.0000 37.3828 8.7332
24000.0000 37.4197 8.7666
24005.0000 37.3304 8.6674
24010.0000 37.2308 8.6075
24015.0000 37.2019 8.6049
24020.0000 37.2032 8.6002
24025.0000 37.2033 8.5988
24030.0000 37.1953 8.6003
24035.0000 37.2057 8.6003
24040.0000 37.2194 8.6035
24045.0000 37.3221 8.6601
24050.0000 37.3730 8.6992
24055.0000 37.3790 8.7000
24060.0000 37.3841 8.7007
24065.0000 37.3202 8.6421
24070.0000 37.2860 8.6359
24075.0000 37.2158 8.6328
24080.0000 37.2694 8.6982
24085.0000 37.2876 8.7369
24090.0000 37.2810 8.7345
24095.0000 37.3075 8.7339
24100.0000 37.3197 8.7335
24105.0000 37.3598 8.7503
24110.0000 37.4130 8.7796
24115.0000 37.4846 8.8241
24120.0000 37.4905 8.8265
24125.0000 37.3569 8.7069
24130.0000 37.2919 8.6918
24135.0000 37.2583 8.6936
24140.0000 37.3058 8.7302
24145.0000 37.3476 8.7762
24150.0000 37.3535 8.7803
24155.0000 37.3671 8.7835
24160.0000 37.3718 8.7753
24165.0000 37.3758 8.7737
24170.0000 37.4094 8.7951
24175.0000 37.4405 8.8215
24180.0000 37.4374 8.8275
24185.0000 37.2788 8.6589
24190.0000 37.2121 8.6472
24195.0000 37.1315 8.6521
24200.0000 37.1541 8.6731
24205.0000 37.2129 8.7077
24210.0000 37.2461 8.7360
24215.0000 37.2778 8.7450
24220.0000 37.2913 8.7420
24225.0000 37.3216 8.7640
24230.0000 37.3216 8.7640
24235.0000 37.2892 8.7266
24240.0000 37.3195 8.7521
24245.0000 37.3650 8.7937
24250.0000 37.3614 8.8034
24255.0000 37.3905 8.8312
24260.0000 37.3893 8.8335
24265.0000 37.4024 8.8314
24270.0000 37.4138 8.8301
24275.0000 37.4014 8.7974
24280.0000 37.5460 8.9163
24285.0000 37.5667 8.9154
24290.0000 37.5665 8.9102
24295.0000 37.5865 8.9129
24300.0000 37.6665 8.9558
24305.0000 37.3414 8.6240
24310.0000 37.1730 8.5286
24315.0000 37.0339 8.4821
24320.0000 37.0144 8.5130
24325.0000 37.0431 8.5733
24330.0000 37.0353 8.5721
24335.0000 37.0826 8.6213
24340.0000 37.1554 8.6844
24345.0000 37.1604 8.6836
24350.0000 37.2408 8.7221
24355.0000 37.2489 8.7199
24360.0000 37.2859 8.7206
24365.0000 37.3205 8.7351
24370.0000 37.3677 8.7909
24375.0000 37.4615 8.8831
24380.0000 37.4635 8.8847
24385.0000 37.4837 8.9024
24390.0000 37.5277 8.9344
24395.0000 37.5591 8.9586
24400.0000 37.6129 8.9961
24405.0000 37.6577 9.0210
24410.0000 37.6913 9.0448
24415.0000 37.7052 9.0418
24420.0000 37.7448 9.0636
24425.0000 37.6365 8.9500
24430.0000 37.5928 8.8856
24435.0000 37.6241 8.9363
24440.0000 37.6264 8.9325
24445.0000 37.6686 8.9988
24450.0000 37.6637 8.9983
24455.0000 37.7023 9.0232
24460.0000 37.7082 9.0251
24465.0000 37.7185 9.0288
24470.0000 37.7185 9.0288
24475.0000 37.6935 8.9949
24480.0000 37.7075 9.0013
24485.0000 37.7120 8.9976
24490.0000 37.6843 8.9813
24495.0000 37.6530 8.9848
24500.0000 37.6951 9.0042
24505.0000 37.7494 9.0302
24510.0000 37.8270 9.0895
24515.0000 37.9036 9.1288
24520.0000 37.9400 9.1401
24525.0000 37.9609 9.1401
24530.0000 37.9803 9.1351
24535.0000 38.0335 9.1720
24540.0000 38.0759 9.1846
24545.0000 38.1129 9.2171
24550.0000 38.1220 9.2267
24555.0000 38.1559 9.2562
24560.0000 38.1916 9.2821
24565.0000 38.2311 9.2986
24570.0000 38.2263 9.2866
24575.0000 38.2468 9.2919
24580.0000 38.2712 9.2911
24585.0000 38.2747 9.2902
24590.0000 38.2848 9.2877
24595.0000 38.3004 9.3053
24600.0000 38.2919 9.3092
24605.0000 37.8835 8.9052
24610.0000 37.6498 8.7643
24615.0000 37.5003 8.7198
24620.0000 37.4707 8.7332
24625.0000 37.5099 8.7763
24630.0000 37.4960 8.7740
24635.0000 37.4960 8.7740
24640.0000 37.5843 8.8644
24645.0000 37.6136 8.8964
24650.0000 37.6136 8.8964
24655.0000 37.6559 8.9162
24660.0000 37.6907 8.9370
24665.0000 37.6981 8.9346
24670.0000 37.7051 8.9280
24675.0000 37.7253 8.9409
24680.0000 37.7385 8.9378
24685.0000 37.7417 8.9434
24690.0000 37.7352 8.9152
24695.0000 37.6731 8.8355
24700.0000 37.7425 8.8722
24705.0000 37.7508 8.8745
24710.0000 37.7538 8.8730
24715.0000 37.7538 8.8730
24720.0000 37.7712 8.8689
24725.0000 37.6419 8.7418
24730.0000 37.6057 8.7064
24735.0000 37.5672 8.7187
24740.0000 37.5536 8.7171
24745.0000 37.5689 8.7456
24750.0000 37.5634 8.7462
24755.0000 37.5634 8.7462
24760.0000 37.5673 8.7455
24765.0000 37.5808 8.7427
24770.0000 37.6007 8.7427
24775.0000 37.6179 8.7417
24780.0000 37.6224 8.7407
24785.0000 37.3927 8.5303
24790.0000 37.2557 8.4338
24795.0000 37.1310 8.3831
24800.0000 37.1310 8.3822
24805.0000 37.0971 8.3905
24810.0000 37.1709 8.4616
24815.0000 37.1836 8.4629
24820.0000 37.2530 8.5105
24825.0000 37.3567 8.5717
24830.0000 37.3567 8.5717
24835.0000 37.3911 8.5840
24840.0000 37.3910 8.5859
24845.0000 37.2659 8.4713
24850.0000 37.3190 8.5188
24855.0000 37.3212 8.5553
24860.0000 37.3464 8.6061
24865.0000 37.3538 8.6144
24870.0000 37.3667 8.6159
24875.0000 37.4056 8.6382
24880.0000 37.4420 8.6700
24885.0000 37.5040 8.6939
24890.0000 37.5088 8.6922
24895.0000 37.5088 8.6922
24900.0000 37.5088 8.6922
24905.0000 37.5732 8.7478
24910.0000 37.6544 8.8101
24915.0000 37.6620 8.8608
24920.0000 37.7093 8.9371
24925.0000 37.8008 9.0119
24930.0000 37.8466 9.0308
24935.0000 37.8917 9.0669
24940.0000 37.9014 9.0660
24945.0000 37.9063 9.0647
24950.0000 37.9429 9.0881
24955.0000 37.9429 9.0881
24960.0000 37.9672 9.1158
24965.0000 37.7184 8.8852
24970.0000 37.6510 8.8823
24975.0000 37.6709 8.9349
24980.0000 37.6828 8.9484
24985.0000 37.6905 8.9573
24990.0000 37.6905 8.9573
24995.0000 37.7004 8.9529
25000.0000 37.7429 8.9737
25005.0000 37.7645 8.9654
25010.0000 37.7834 8.9585
25015.0000 37.8403 8.9910
25020.0000 37.8801 9.0148
25025.0000 37.9096 9.0067
25030.0000 37.8220 8.9553
25035.0000 37.7875 8.9606
25040.0000 37.8586 9.0280
25045.0000 37.8963 9.0499
25050.0000 37.9013 9.0503
25055.0000 37.9095 9.0537
25060.0000 37.9485 9.0921
25065.0000 37.9970 9.1296
25070.0000 38.0041 9.1285
25075.0000 38.0095 9.1278
25080.0000 38.0095 9.1278
25085.0000 37.9186 9.0446
25090.0000 37.8416 8.9528
25095.0000 37.8405 8.9521
25100.0000 37.8902 8.9922
25105.0000 37.8897 8.9945
25110.0000 37.9015 8.9966
25115.0000 37.9048 8.9981
25120.0000 37.9083 8.9997
25125.0000 37.9143 9.0014
25130.0000 37.9543 9.0328
25135.0000 37.9175 8.9671
25140.0000 37.9187 8.9658
25145.0000 37.7089 8.7878
25150.0000 37.5895 8.7211
25155.0000 37.4872 8.7017
25160.0000 37.4611 8.7080
25165.0000 37.4728 8.7408
25170.0000 37.5052 8.7794
25175.0000 37.5428 8.7965
25180.0000 37.6605 8.8928
25185.0000 37.6529 8.8671
25190.0000 37.7421 8.9473
25195.0000 37.8477 9.0240
25200.0000 37.8582 9.0257
25205.0000 37.9040 9.0342
25210.0000 37.8777 8.9914
25215.0000 37.9198 9.0276
25220.0000 37.9212 9.0299
25225.0000 37.9224 9.0273
25230.0000 37.9428 9.0331
25235.0000 38.0166 9.0883
25240.0000 38.0589 9.1076
25245.0000 38.1230 9.1605
25250.0000 38.1412 9.1615
25255.0000 38.2426 9.2479
25260.0000 38.3238 9.3380
25265.0000 38.0411 9.0897
25270.0000 37.8372 8.9429
25275.0000 37.6725 8.8463
25280.0000 37.6961 8.8663
25285.0000 37.6917 8.8714
25290.0000 37.6881 8.8727
25295.0000 37.7116 8.8792
25300.0000 37.7796 8.9437
25305.0000 37.7995 8.9517
25310.0000 37.8458 8.9808
25315.0000 37.9255 9.0461
25320.0000 37.9585 9.0822
25325.0000 37.9156 9.0500
25330.0000 37.8102 8.9681
25335.0000 37.7502 8.9324
25340.0000 37.7828 8.9814
25345.0000 37.8242 9.0082
25350.0000 37.8612 9.0557
25355.0000 37.9419 9.0920
25360.0000 37.9547 9.0968
25365.0000 37.9843 9.1204
25370.0000 37.9875 9.1196
25375.0000 37.9957 9.1177
25380.0000 38.0887 9.2046
25385.0000 38.0777 9.1821
25390.0000 38.1207 9.2001
25395.0000 38.1361 9.1952
25400.0000 38.1813 9.2100
25405.0000 38.1951 9.2084
25410.0000 38.2336 9.2204
25415.0000 38.2534 9.2212
25420.0000 38.2961 9.2359
25425.0000 38.3630 9.2725
25430.0000 38.4144 9.2862
25435.0000 38.4296 9.2850
25440.0000 38.5646 9.4030
25445.0000 38.5785 9.3976
25450.0000 38.5845 9.4049
25455.0000 38.5159 9.3511
25460.0000 38.5019 9.3591
25465.0000 38.5304 9.3972
25470.0000 38.5763 9.4219
25475.0000 38.5678 9.4015
25480.0000 38.5589 9.3600
25485.0000 38.5719 9.3657
25490.0000 38.5808 9.3658
25495.0000 38.5832 9.3578
25500.0000 38.6159 9.3875
25505.0000 38.6580 9.4197
25510.0000 38.6580 9.4197
25515.0000 38.6580 9.4197
25520.0000 38.6830 9.4359
25525.0000 38.6797 9.4381
25530.0000 38.7069 9.4667
25535.0000 38.7176 9.4650
25540.0000 38.7228 9.4638
25545.0000 38.7256 9.4619
25550.0000 38.7435 9.4593
25555.0000 38.7632 9.4603
25560.0000 38.7760 9.4616
25565.0000 38.6373 9.3209
25570.0000 38.4624 9.2126
25575.0000 38.2537 9.1147
25580.0000 38.2522 9.1626
25585.0000 38.2296 9.1682
25590.0000 38.2247 9.1676
25595.0000 38.2247 9.1676
25600.0000 38.3327 9.2309
25605.0000 38.4040 9.2967
25610.0000 38.4393 9.3277
25615.0000 38.4455 9.3257
25620.0000 38.4565 9.3230
25625.0000 38.3834 9.2525
25630.0000 38.2551 9.1736
25635.0000 38.1586 9.1112
25640.0000 38.1799 9.1619
25645.0000 38.2076 9.1993
25650.0000 38.2143 9.1887
25655.0000 38.2621 9.1992
25660.0000 38.2739 9.1986
25665.0000 38.4039 9.3070
25670.0000 38.4065 9.3056
25675.0000 38.5636 9.4006
25680.0000 38.5930 9.4290
25685.0000 38.6140 9.4410
25690.0000 38.6019 9.4440
25695.0000 38.5210 9.3900
25700.0000 38.5529 9.4153
25705.0000 38.5728 9.4144
25710.0000 38.6117 9.4424
25715.0000 38.6246 9.4414
25720.0000 38.6386 9.4428
25725.0000 38.6643 9.4457
25730.0000 38.6735 9.4460
25735.0000 38.7168 9.4746
25740.0000 38.7583 9.5063
25745.0000 38.4678 9.2460
25750.0000 38.3894 9.1804
25755.0000 38.2924 9.1336
25760.0000 38.2350 9.1065
25765.0000 38.2342 9.1312
25770.0000 38.2905 9.1935
25775.0000 38.3099 9.2064
25780.0000 38.3232 9.2031
25785.0000 38.3685 9.2452
25790.0000 38.4038 9.2659
25795.0000 38.4514 9.2838
25800.0000 38.5368 9.3576
25805.0000 38.5615 9.3464
25810.0000 38.5030 9.2825
25815.0000 38.5396 9.3058
25820.0000 38.5511 9.3037
25825.0000 38.5805 9.3586
25830.0000 38.5736 9.3628
25835.0000 38.5686 9.3648
25840.0000 38.5686 9.3648
25845.0000 38.5859 9.3834
25850.0000 38.6403 9.4224
25855.0000 38.6849 9.4632
25860.0000 38.7353 9.5114
25865.0000 38.7131 9.4755
25870.0000 38.5170 9.3406
25875.0000 38.3730 9.2637
25880.0000 38.3339 9.2698
25885.0000 38.3390 9.2702
25890.0000 38.4322 9.3365
25895.0000 38.4854 9.3626
25900.0000 38.6100 9.4697
25905.0000 38.6801 9.5379
25910.0000 38.7767 9.6412
25915.0000 38.8189 9.6907
25920.0000 38.8116 9.6948
25925.0000 38.6743 9.5570
25930.0000 38.6201 9.5329
25935.0000 38.5266 9.4647
25940.0000 38.4298 9.3793
25945.0000 38.4207 9.3817
25950.0000 38.4116 9.3829
25955.0000 38.4083 9.3751
25960.0000 38.4241 9.3802
25965.0000 38.4425 9.3965
25970.0000 38.4820 9.4205
25975.0000 38.4884 9.4211
25980.0000 38.5393 9.4618
25985.0000 38.4417 9.3765
25990.0000 38.3036 9.2652
25995.0000 38.1536 9.1559
26000.0000 38.1946 9.2139
26005.0000 38.1998 9.2143
26010.0000 38.2251 9.2278
26015.0000 38.2208 9.2297
26020.0000 38.2287 9.2282
26025.0000 38.3264 9.3296
26030.0000 38.3689 9.3675
26035.0000 38.4462 9.4307
26040.0000 38.4423 9.4320
26045.0000 38.4384 9.4305
26050.0000 38.4244 9.4273
26055.0000 38.3860 9.4224
26060.0000 38.3703 9.4274
26065.0000 38.3944 9.4811
26070.0000 38.4596 9.5557
26075.0000 38.4931 9.5897
26080.0000 38.4931 9.5897
26085.0000 38.5252 9.6220
26090.0000 38.5640 9.6458
26095.0000 38.6028 9.6853
26100.0000 38.5972 9.6907
26105.0000 38.5098 9.6054
26110.0000 38.4033 9.5544
26115.0000 38.3826 9.5767
26120.0000 38.3849 9.6091
26125.0000 38.4283 9.6449
26130.0000 38.4360 9.6423
26135.0000 38.4729 9.6718
26140.0000 38.4748 9.6683
26145.0000 38.4823 9.6619
26150.0000 38.5401 9.7234
26155.0000 38.5765 9.7590
26160.0000 38.5903 9.7553
26165.0000 38.5246 9.6660
26170.0000 38.4990 9.6534
26175.0000 38.5329 9.6798
26180.0000 38.5326 9.6826
26185.0000 38.5463 9.7021
26190.0000 38.5831 9.7223
26195.0000 38.5722 9.6985
26200.0000 38.5714 9.6976
26205.0000 38.6011 9.7194
26210.0000 38.6436 9.7614
26215.0000 38.6487 9.7588
26220.0000 38.6457 9.7555
26225.0000 38.5918 9.6864
26230.0000 38.6705 9.7549
26235.0000 38.6420 9.7662
26240.0000 38.6085 9.7774
26245.0000 38.6437 9.8175
26250.0000 38.6244 9.8035
26255.0000 38.6331 9.8108
26260.0000 38.6331 9.8108
26265.0000 38.6331 9.8108
26270.0000 38.7048 9.8619
26275.0000 38.7007 9.8447
26280.0000 38.7276 9.8407
26285.0000 38.6520 9.7369
26290.0000 38.5945 9.6992
26295.0000 38.5386 9.6717
26300.0000 38.5429 9.6709
26305.0000 38.5862 9.6877
26310.0000 38.6296 9.7025
26315.0000 38.6380 9.7007
26320.0000 38.6742 9.7205
26325.0000 38.6799 9.7210
26330.0000 38.6860 9.7213
26335.0000 38.6855 9.7178
26340.0000 38.6848 9.7223
26345.0000 38.3442 9.4213
26350.0000 38.1699 9.3329
26355.0000 37.9540 9.2537
26360.0000 37.9156 9.2632
26365.0000 37.8994 9.2678
26370.0000 37.8833 9.2685
26375.0000 37.8949 9.2642
26380.0000 37.8984 9.2632
26385.0000 37.9287 9.2463
26390.0000 37.9692 9.2536
26395.0000 38.0677 9.3384
26400.0000 38.0436 9.3004
26405.0000 38.0085 9.2507
26410.0000 38.0534 9.2849
26415.0000 38.0586 9.2830
26420.0000 38.0722 9.2898
26425.0000 38.0932 9.3137
26430.0000 38.0853 9.3178
26435.0000 38.1296 9.3624
26440.0000 38.1412 9.3757
26445.0000 38.1412 9.3757
26450.0000 38.1412 9.3757
26455.0000 38.1730 9.3941
26460.0000 38.1722 9.3944
26465.0000 37.9121 9.1541
26470.0000 37.6693 9.0177
26475.0000 37.4176 8.8643
26480.0000 37.3719 8.8600
26485.0000 37.3755 8.9125
26490.0000 37.3799 8.9075
26495.0000 37.3887 8.9103
26500.0000 37.4361 8.9605
26505.0000 37.4400 8.9585
26510.0000 37.4447 8.9561
26515.0000 37.4489 8.9547
26520.0000 37.4489 8.9547
26525.0000 37.5100 8.9763
26530.0000 37.5509 9.0133
26535.0000 37.5196 8.9866
26540.0000 37.5378 9.0188
26545.0000 37.5581 9.0409
26550.0000 37.5860 9.0799
26555.0000 37.5709 9.0621
26560.0000 37.6124 9.0774
26565.0000 37.6587 9.1006
26570.0000 37.6995 9.1432
26575.0000 37.6995 9.1432
26580.0000 37.7030 9.1416
26585.0000 37.7322 9.1574
26590.0000 37.6717 9.1269
26595.0000 37.6117 9.0731
26600.0000 37.6370 9.1107
26605.0000 37.6373 9.1243
26610.0000 37.6338 9.1295
26615.0000 37.6285 9.1233
26620.0000 37.6687 9.1509
26625.0000 37.6728 9.1489
26630.0000 37.6478 9.1197
26635.0000 37.7049 9.1591
26640.0000 37.7800 9.2077
26645.0000 37.6718 9.1095
26650.0000 37.6408 9.0842
26655.0000 37.5269 9.0141
26660.0000 37.4881 9.0042
26665.0000 37.5200 9.0595
26670.0000 37.5127 9.0668
26675.0000 37.5230 9.0659
26680.0000 37.5541 9.0967
26685.0000 37.5541 9.0967
26690.0000 37.5907 9.1326
26695.0000 37.6137 9.1276
26700.0000 37.6830 9.1558
26705.0000 37.6904 9.1416
26710.0000 37.6269 9.0943
26715.0000 37.6543 9.1101
26720.0000 37.7095 9.1768
26725.0000 37.7049 9.1775
26730.0000 37.7636 9.1984
26735.0000 37.8197 9.2295
26740.0000 37.8283 9.2326
26745.0000 37.8301 9.2326
26750.0000 37.8443 9.2281
26755.0000 37.8490 9.2272
26760.0000 37.8583 9.2255
26765.0000 37.7755 9.1559
26770.0000 37.7419 9.1450
26775.0000 37.6902 9.1397
26780.0000 37.6703 9.1428
26785.0000 37.6977 9.1963
26790.0000 37.6852 9.1970
26795.0000 37.6944 9.1978
26800.0000 37.7108 9.2028
26805.0000 37.8261 9.3035
26810.0000 37.8487 9.3214
26815.0000 37.8867 9.3427
26820.0000 37.9401 9.3748
26825.0000 37.8355 9.2813
26830.0000 37.7593 9.2185
26835.0000 37.7376 9.2169
26840.0000 37.7488 9.2237
26845.0000 37.7707 9.2497
26850.0000 37.7665 9.2519
26855.0000 37.8580 9.3329
26860.0000 37.8954 9.3651
26865.0000 37.9377 9.4027
26870.0000 37.9998 9.4643
26875.0000 38.0293 9.4962
26880.0000 38.0694 9.5301
26885.0000 38.0879 9.5481
26890.0000 38.0726 9.5435
26895.0000 38.0880 9.5908
26900.0000 38.1008 9.6257
26905.0000 38.0995 9.6286
26910.0000 38.1101 9.6292
26915.0000 38.1221 9.6299
26920.0000 38.1337 9.6308
26925.0000 38.1511 9.6307
26930.0000 38.1564 9.6314
26935.0000 38.1701 9.6333
26940.0000 38.2199 9.6811
26945.0000 38.2292 9.6703
26950.0000 38.2346 9.6710
26955.0000 38.2573 9.7037
26960.0000 38.2767 9.7078
26965.0000 38.3288 9.7556
26970.0000 38.3333 9.7573
26975.0000 38.3339 9.7510
26980.0000 38.3728 9.7670
26985.0000 38.4019 9.7616
26990.0000 38.4791 9.8266
26995.0000 38.5447 9.9002
27000.0000 38.5384 9.8875
27005.0000 38.5105 9.8540
27010.0000 38.5639 9.8871
27015.0000 38.6657 9.9867
27020.0000 38.7078 10.0440
27025.0000 38.7042 10.0324
27030.0000 38.7109 10.0337
27035.0000 38.7646 10.0542
27040.0000 38.8052 10.0986
27045.0000 38.7864 10.0776
27050.0000 38.7584 10.0353
27055.0000 38.7907 10.0643
27060.0000 38.8175 10.0757
27065.0000 38.7556 10.0164
27070.0000 38.6301 9.8941
27075.0000 38.5533 9.8925
27080.0000 38.5306 9.8981
27085.0000 38.5345 9.9080
27090.0000 38.5527 9.9423
27095.0000 38.5904 9.9689
27100.0000 38.5927 9.9604
27105.0000 38.6466 10.0167
27110.0000 38.6466 10.0167
27115.0000 38.6466 10.0167
27120.0000 38.6466 10.0167
27125.0000 38.6054 9.9607
27130.0000 38.6051 9.9579
27135.0000 38.6117 9.9555
27140.0000 38.6633 10.0086
27145.0000 38.7084 10.0681
27150.0000 38.7636 10.1453
27155.0000 38.8214 10.2115
27160.0000 38.8214 10.2115
27165.0000 38.7739 10.1596
27170.0000 38.8183 10.1959
27175.0000 38.8440 10.2248
27180.0000 38.8722 10.2734
27185.0000 38.6777 10.0754
27190.0000 38.5727 10.0368
27195.0000 38.4052 9.8962
27200.0000 38.3870 9.8958
27205.0000 38.3885 9.8964
27210.0000 38.4313 9.9268
27215.0000 38.4747 9.9640
27220.0000 38.6297 10.1012
27225.0000 38.5997 10.0682
27230.0000 38.6327 10.1046
27235.0000 38.5949 10.0631
27240.0000 38.5836 10.0491
27245.0000 38.6204 10.0750
27250.0000 38.6125 10.0697
27255.0000 38.6289 10.0895
27260.0000 38.6354 10.0866
27265.0000 38.6360 10.0864
27270.0000 38.6682 10.1094
27275.0000 38.6665 10.1072
27280.0000 38.6665 10.1072
27285.0000 38.6665 10.1072
27290.0000 38.6665 10.1072
27295.0000 38.6775 10.1064
27300.0000 38.6854 10.1035
27305.0000 38.6307 10.0545
27310.0000 38.6956 10.1326
27315.0000 38.6655 10.1389
27320.0000 38.6827 10.1623
27325.0000 38.6783 10.1930
27330.0000 38.6806 10.1908
27335.0000 38.6895 10.1871
27340.0000 38.6928 10.1865
27345.0000 38.6969 10.1857
27350.0000 38.6969 10.1857
27355.0000 38.7060 10.1877
27360.0000 38.7482 10.2195
27365.0000 38.6970 10.1341
27370.0000 38.6387 10.0322
27375.0000 38.5303 9.9581
27380.0000 38.5551 10.0040
27385.0000 38.5506 10.0058
27390.0000 38.5459 10.0113
27395.0000 38.5459 10.0113
27400.0000 38.5459 10.0113
27405.0000 38.5495 10.0098
27410.0000 38.5618 10.0065
27415.0000 38.5618 10.0065
27420.0000 38.5618 10.0065
27425.0000 38.5137 9.9617
27430.0000 38.4551 9.9515
27435.0000 38.4128 9.9572
27440.0000 38.4569 10.0023
27445.0000 38.4509 9.9958
27450.0000 38.4839 10.0329
27455.0000 38.5278 10.0506
27460.0000 38.5770 10.0713
27465.0000 38.6073 10.0914
27470.0000 38.5739 10.0489
27475.0000 38.5739 10.0489
27480.0000 38.5739 10.0489
27485.0000 38.5370 9.9972
27490.0000 38.4697 9.9701
27495.0000 38.4248 9.9821
27500.0000 38.3643 9.9419
27505.0000 38.3528 9.9534
27510.0000 38.3551 9.9558
27515.0000 38.3794 9.9856
27520.0000 38.3823 9.9842
27525.0000 38.4290 10.0075
27530.0000 38.5215 10.0732
27535.0000 38.5559 10.0909
27540.0000 38.5416 10.0862
27545.0000 38.4526 10.0113
27550.0000 38.2786 9.9110
27555.0000 38.2796 9.9153
27560.0000 38.2840 9.9151
27565.0000 38.3241 9.9381
27570.0000 38.3343 9.9409
27575.0000 38.3405 9.9387
27580.0000 38.3980 9.9804
27585.0000 38.4153 9.9751
27590.0000 38.4153 9.9751
27595.0000 38.4461 10.0041
27600.0000 38.4909 10.0474
27605.0000 38.4627 9.9994
27610.0000 38.5358 10.0428
27615.0000 38.4522 9.9964
27620.0000 38.4604 9.9918
27625.0000 38.4487 9.9961
27630.0000 38.4554 9.9945
27635.0000 38.4882 10.0286
27640.0000 38.5329 10.0622
27645.0000 38.5805 10.0907
27650.0000 38.5963 10.0911
27655.0000 38.6107 10.0872
27660.0000 38.6024 10.0906
27665.0000 38.5274 10.0072
27670.0000 38.5395 10.0113
27675.0000 38.4916 9.9613
27680.0000 38.4962 9.9583
27685.0000 38.4989 9.9578
27690.0000 38.5946 10.0186
27695.0000 38.6317 10.0307
27700.0000 38.6415 10.0278
27705.0000 38.6462 10.0252
27710.0000 38.7345 10.0980
27715.0000 38.7465 10.0914
27720.0000 38.7526 10.0868
27725.0000 38.7268 10.0622
27730.0000 38.6211 9.9557
27735.0000 38.5304 9.8950
27740.0000 38.4955 9.9029
27745.0000 38.4906 9.9050
27750.0000 38.4918 9.9061
27755.0000 38.5233 9.9381
27760.0000 38.4972 9.9091
27765.0000 38.5699 9.9836
27770.0000 38.5444 9.9551
27775.0000 38.6390 10.0480
27780.0000 38.6365 10.0489
27785.0000 38.4752 9.9102
27790.0000 38.3317 9.8648
27795.0000 38.2350 9.7926
27800.0000 38.1812 9.7885
27805.0000 38.2037 9.8251
27810.0000 38.1907 9.8299
27815.0000 38.2372 9.8820
27820.0000 38.2805 9.9267
27825.0000 38.2838 9.9250
27830.0000 38.2871 9.9230
27835.0000 38.2935 9.9262
27840.0000 38.2919 9.9324
27845.0000 38.3068 9.9581
27850.0000 38.1661 9.8421
27855.0000 38.1628 9.8414
27860.0000 38.1513 9.8384
27865.0000 38.2299 9.9089
27870.0000 38.2271 9.9113
27875.0000 38.2769 9.9579
27880.0000 38.3205 9.9977
27885.0000 38.3311 10.0091
27890.0000 38.3311 10.0091
27895.0000 38.3353 10.0104
27900.0000 38.3503 10.0151
27905.0000 38.2753 9.9662
27910.0000 38.2492 9.9358
27915.0000 38.1505 9.8515
27920.0000 38.1338 9.8440
27925.0000 38.1636 9.8671
27930.0000 38.2021 9.8927
27935.0000 38.2090 9.8910
27940.0000 38.2209 9.8920
27945.0000 38.2241 9.8932
27950.0000 38.2328 9.8964
27955.0000 38.2368 9.8884
27960.0000 38.3178 9.9453
27965.0000 38.2900 9.9245
27970.0000 38.3325 9.9516
27975.0000 38.3039 9.9267
27980.0000 38.2983 9.9130
27985.0000 38.3376 9.9354
27990.0000 38.3418 9.9373
27995.0000 38.3418 9.9373
28000.0000 38.3681 9.9629
28005.0000 38.3713 9.9622
28010.0000 38.3965 9.9920
28015.0000 38.4346 10.0255
28020.0000 38.4868 10.0904
28025.0000 38.2987 9.9171
28030.0000 38.0592 9.7184
28035.0000 37.9550 9.6766
28040.0000 37.9991 9.7229
28045.0000 38.0506 9.7160
28050.0000 38.0933 9.7424
28055.0000 38.1025 9.7409
28060.0000 38.1310 9.7369
28065.0000 38.2006 9.7915
28070.0000 38.2291 9.7876
28075.0000 38.2454 9.7845
28080.0000 38.2923 9.8145
28085.0000 38.3650 9.8683
28090.0000 38.3308 9.8352
28095.0000 38.2720 9.7741
28100.0000 38.2641 9.7681
28105.0000 38.2537 9.7725
28110.0000 38.2626 9.7719
28115.0000 38.2772 9.7765
28120.0000 38.3462 9.8368
28125.0000 38.3890 9.8824
28130.0000 38.3939 9.8803
28135.0000 38.4455 9.9381
28140.0000 38.5169 10.0003
28145.0000 38.3771 9.8732
28150.0000 38.3717 9.8746
28155.0000 38.3657 9.8791
28160.0000 38.3466 9.8750
28165.0000 38.3349 9.8794
28170.0000 38.3294 9.8812
28175.0000 38.3426 9.8862
28180.0000 38.3480 9.8851
28185.0000 38.3419 9.8580
28190.0000 38.3930 9.8951
28195.0000 38.3930 9.8951
28200.0000 38.3930 9.8951
28205.0000 38.2938 9.8262
28210.0000 38.1320 9.7110
28215.0000 38.0083 9.6169
28220.0000 37.9701 9.6207
28225.0000 37.9534 9.6244
28230.0000 37.9768 9.6713
28235.0000 38.0715 9.7766
28240.0000 38.0673 9.7652
28245.0000 38.0977 9.7819
28250.0000 38.0666 9.7474
28255.0000 38.0704 9.7516
28260.0000 38.0704 9.7516
28265.0000 38.0669 9.7512
28270.0000 38.0579 9.7509
28275.0000 38.0434 9.7542
28280.0000 38.0375 9.7522
28285.0000 38.0526 9.7736
28290.0000 38.0692 9.8021
28295.0000 38.0748 9.8026
28300.0000 38.0829 9.8037
28305.0000 38.1425 9.8672
28310.0000 38.1404 9.8543
28315.0000 38.1791 9.8858
28320.0000 38.1791 9.8858
28325.0000 38.1953 9.8829
28330.0000 38.1566 9.8434
28335.0000 38.1960 9.9255
28340.0000 38.1651 9.9283
28345.0000 38.1932 9.9578
28350.0000 38.2710 10.0248
28355.0000 38.2651 9.9912
28360.0000 38.2925 9.9975
28365.0000 38.3370 10.0095
28370.0000 38.3555 10.0086
28375.0000 38.4272 10.0847
28380.0000 38.4300 10.0710
28385.0000 38.3939 10.0316
28390.0000 38.3907 10.0051
28395.0000 38.3747 10.0064
28400.0000 38.3747 10.0064
28405.0000 38.4360 10.0814
28410.0000 38.4070 10.0454
28415.0000 38.4018 10.0450
28420.0000 38.4018 10.0450
28425.0000 38.4389 10.0787
28430.0000 38.4368 10.0680
28435.0000 38.5307 10.1406
28440.0000 38.5443 10.1395
28445.0000 38.5508 10.1377
28450.0000 38.5134 10.0976
28455.0000 38.5445 10.1332
28460.0000 38.5817 10.1718
28465.0000 38.5479 10.1456
28470.0000 38.5611 10.1404
28475.0000 38.5540 10.1284
28480.0000 38.6164 10.1787
28485.0000 38.6219 10.1769
28490.0000 38.6454 10.1694
28495.0000 38.6982 10.2202
28500.0000 38.7423 10.2509
28505.0000 38.7170 10.2043
28510.0000 38.7064 10.2022
28515.0000 38.6536 10.1465
28520.0000 38.6489 10.1407
28525.0000 38.6030 10.1017
28530.0000 38.5998 10.1014
28535.0000 38.6999 10.1950
28540.0000 38.7124 10.1929
28545.0000 38.7381 10.2205
28550.0000 38.7381 10.2205
28555.0000 38.8033 10.2727
28560.0000 38.8113 10.2730
28565.0000 38.8217 10.2690
28570.0000 38.8110 10.2682
28575.0000 38.8029 10.2701
28580.0000 38.7785 10.2662
28585.0000 38.8358 10.3138
28590.0000 38.7500 10.2275
28595.0000 38.7594 10.2315
28600.0000 38.8216 10.2680
28605.0000 38.8672 10.3045
28610.0000 38.8910 10.3034
28615.0000 38.9256 10.3199
28620.0000 38.9256 10.3199
28625.0000 38.8436 10.2712
28630.0000 38.6023 10.0950
28635.0000 38.6134 10.1237
28640.0000 38.5517 10.1230
28645.0000 38.5502 10.1254
28650.0000 38.5235 10.1390
28655.0000 38.5314 10.1429
28660.0000 38.5493 10.1418
28665.0000 38.5462 10.1330
28670.0000 38.6042 10.1843
28675.0000 38.6322 10.2031
28680.0000 38.6428 10.2002
28685.0000 38.6428 10.2002
28690.0000 38.6705 10.2284
28695.0000 38.6761 10.2272
28700.0000 38.6026 10.1475
28705.0000 38.6086 10.1488
28710.0000 38.6141 10.1495
28715.0000 38.6239 10.1478
28720.0000 38.6239 10.1478
28725.0000 38.6239 10.1478
28730.0000 38.6537 10.1810
28735.0000 38.6172 10.1338
28740.0000 38.6254 10.1323
28745.0000 38.6167 10.1312
28750.0000 38.5248 10.0578
28755.0000 38.4531 10.0059
28760.0000 38.4249 10.0044
28765.0000 38.4057 10.0078
28770.0000 38.4340 10.0506
28775.0000 38.5005 10.0995
28780.0000 38.5293 10.0976
28785.0000 38.5540 10.0946
28790.0000 38.6087 10.1142
28795.0000 38.6356 10.1422
28800.0000 38.6682 10.1779
28805.0000 38.6781 10.1761
28810.0000 38.6327 10.1224
28815.0000 38.6327 10.1217
28820.0000 38.6006 10.0843
28825.0000 38.6809 10.1619
28830.0000 38.6729 10.1640
28835.0000 38.7062 10.2050
28840.0000 38.7062 10.2050
28845.0000 38.7177 10.2043
28850.0000 38.7235 10.2040
28855.0000 38.7274 10.2021
28860.0000 38.7333 10.2041
28865.0000 38.6416 10.1090
28870.0000 38.6541 10.1175
28875.0000 38.5756 10.0393
28880.0000 38.5755 10.0770
28885.0000 38.5702 10.0777
28890.0000 38.5797 10.0775
28895.0000 38.5932 10.0954
28900.0000 38.5840 10.0867
28905.0000 38.5981 10.0811
28910.0000 38.5609 10.0270
28915.0000 38.5452 10.0096
28920.0000 38.5511 10.0078
28925.0000 38.4708 9.9384
28930.0000 38.4879 9.9578
28935.0000 38.4505 9.9258
28940.0000 38.5146 9.9979
28945.0000 38.5064 10.0018
28950.0000 38.4903 10.0067
28955.0000 38.4865 10.0049
28960.0000 38.4949 10.0012
28965.0000 38.5206 10.0216
28970.0000 38.5552 10.0510
28975.0000 38.5596 10.0486
28980.0000 38.5612 10.0504
28985.0000 38.5159 10.0156
28990.0000 38.5123 10.0123
28995.0000 38.5312 10.0532
29000.0000 38.5096 10.0559
29005.0000 38.5111 10.0563
29010.0000 38.5593 10.1111
29015.0000 38.5620 10.1113
29020.0000 38.5652 10.1145
29025.0000 38.5808 10.1133
29030.0000 38.6017 10.1151
29035.0000 38.6057 10.1149
29040.0000 38.6057 10.1149
29045.0000 38.6005 10.1205
29050.0000 38.5793 10.0967
29055.0000 38.5609 10.1046
29060.0000 38.5462 10.0961
29065.0000 38.5173 10.1004
29070.0000 38.5072 10.1044
29075.0000 38.4979 10.0843
29080.0000 38.4936 10.0548
29085.0000 38.5444 10.0761
29090.0000 38.5444 10.0761
29095.0000 38.5864 10.1056
29100.0000 38.6177 10.1344
29105.0000 38.6077 10.1253
29110.0000 38.5590 10.0873
29115.0000 38.5581 10.0867
29120.0000 38.5561 10.0826
29125.0000 38.5620 10.0837
29130.0000 38.6207 10.1391
29135.0000 38.5910 10.1008
29140.0000 38.6450 10.1395
29145.0000 38.6983 10.1694
29150.0000 38.7871 10.1891
29155.0000 38.8003 10.1930
29160.0000 38.8289 10.2052
29165.0000 38.8649 10.2042
29170.0000 38.8637 10.2157
29175.0000 38.8257 10.2097
29180.0000 38.8021 10.2013
29185.0000 38.7815 10.2016
29190.0000 38.7735 10.2060
29195.0000 38.7677 10.2033
29200.0000 38.8192 10.2588
29205.0000 38.8337 10.2552
29210.0000 38.8416 10.2554
29215.0000 38.8416 10.2554
29220.0000 38.8937 10.2822
29225.0000 38.8421 10.2295
29230.0000 38.9386 10.3336
29235.0000 38.9096 10.2940
29240.0000 38.9082 10.2989
29245.0000 38.9507 10.3434
29250.0000 38.9360 10.3271
29255.0000 38.9842 10.3747
29260.0000 38.9487 10.3357
29265.0000 38.9862 10.3771
29270.0000 39.0694 10.4583
29275.0000 39.0694 10.4583
29280.0000 39.0694 10.4583
29285.0000 38.9364 10.3494
29290.0000 38.8865 10.3224
29295.0000 38.8269 10.2832
29300.0000 38.7790 10.2510
29305.0000 38.7607 10.2535
29310.0000 38.7769 10.2640
29315.0000 38.7865 10.2609
29320.0000 38.8012 10.2587
29325.0000 38.8106 10.2576
29330.0000 38.8106 10.2576
29335.0000 38.8137 10.2560
29340.0000 38.8257 10.2505
29345.0000 38.8166 10.2493
29350.0000 38.8221 10.2480
29355.0000 38.8137 10.2465
29360.0000 38.7628 10.2397
29365.0000 38.7876 10.3040
29370.0000 38.7747 10.3086
29375.0000 38.7648 10.3096
29380.0000 38.7760 10.3079
29385.0000 38.8048 10.3036
29390.0000 38.8274 10.3019
29395.0000 38.8385 10.3014
29400.0000 38.8399 10.3052
29405.0000 38.7682 10.2310
29410.0000 38.6419 10.0971
29415.0000 38.5984 10.0588
29420.0000 38.6083 10.0571
29425.0000 38.6036 10.0583
29430.0000 38.6075 10.0608
29435.0000 38.6236 10.0577
29440.0000 38.6876 10.1058
29445.0000 38.6988 10.1113
29450.0000 38.7353 10.1327
29455.0000 38.7390 10.1313
29460.0000 38.7881 10.1699
29465.0000 38.8236 10.2024
29470.0000 38.8365 10.2036
29475.0000 38.8371 10.2046
29480.0000 38.8614 10.2357
29485.0000 38.8679 10.2367
29490.0000 38.8774 10.2638
29495.0000 38.9544 10.3194
29500.0000 39.0332 10.3992
29505.0000 39.0681 10.4330
29510.0000 39.0710 10.4315
29515.0000 39.0763 10.4294
29520.0000 39.1097 10.4560
29525.0000 39.1163 10.4535
29530.0000 39.1163 10.4535
29535.0000 39.0691 10.4094
29540.0000 39.0963 10.4342
29545.0000 39.1009 10.4319
29550.0000 39.0954 10.4343
29555.0000 39.0954 10.4343
29560.0000 39.0954 10.4343
29565.0000 39.0954 10.4343
29570.0000 39.0954 10.4343
29575.0000 39.1050 10.4449
29580.0000 39.1161 10.4461
29585.0000 39.0555 10.3828
29590.0000 39.0334 10.3628
29595.0000 39.0456 10.3660
29600.0000 39.0242 10.3660
29605.0000 39.0125 10.3686
29610.0000 39.0210 10.3778
29615.0000 39.0623 10.4102
29620.0000 39.1056 10.4387
29625.0000 39.1167 10.4416
29630.0000 39.1937 10.5177
29635.0000 39.2146 10.5176
29640.0000 39.2534 10.5586
29645.0000 39.1855 10.5083
29650.0000 39.1830 10.5096
29655.0000 39.1454 10.4712
29660.0000 39.0818 10.4200
29665.0000 39.1088 10.4471
29670.0000 39.1428 10.4667
29675.0000 39.1449 10.4656
29680.0000 39.1475 10.4643
29685.0000 39.1058 10.4076
29690.0000 39.1575 10.4509
29695.0000 39.2006 10.4976
29700.0000 39.1825 10.4837
29705.0000 39.1890 10.4866
29710.0000 39.1873 10.4852
29715.0000 39.2294 10.5218
29720.0000 39.2143 10.5114
29725.0000 39.2552 10.5457
29730.0000 39.3003 10.5609
29735.0000 39.3278 10.5872
29740.0000 39.3390 10.5875
29745.0000 39.3753 10.6266
29750.0000 39.3753 10.6266
29755.0000 39.3860 10.6322
29760.0000 39.4153 10.6620
29765.0000 39.4101 10.6562
29770.0000 39.3417 10.5909
29775.0000 39.2863 10.5699
29780.0000 39.2816 10.6071
29785.0000 39.2870 10.6679
29790.0000 39.2465 10.6378
29795.0000 39.2532 10.6621
29800.0000 39.2560 10.6584
29805.0000 39.3409 10.7443
29810.0000 39.3694 10.7717
29815.0000 39.3823 10.7699
29820.0000 39.3832 10.7687
29825.0000 39.3018 10.6938
29830.0000 39.2654 10.6559
29835.0000 39.1484 10.5704
29840.0000 39.1005 10.5500
29845.0000 39.1079 10.5829
29850.0000 39.1437 10.6153
29855.0000 39.1359 10.5967
29860.0000 39.1759 10.6292
29865.0000 39.1732 10.6191
29870.0000 39.1847 10.6153
29875.0000 39.1937 10.6114
29880.0000 39.1826 10.5935
29885.0000 39.1202 10.5178
29890.0000 38.9763 10.3894
29895.0000 38.9577 10.3892
29900.0000 38.9821 10.4274
29905.0000 38.9745 10.4289
29910.0000 39.0162 10.4787
29915.0000 39.0410 10.5142
29920.0000 39.0456 10.5145
29925.0000 39.0538 10.5097
29930.0000 39.0579 10.5082
29935.0000 39.1008 10.5504
29940.0000 39.1346 10.5833
29945.0000 39.1869 10.6381
29950.0000 39.2208 10.6646
29955.0000 39.1947 10.6344
29960.0000 39.1987 10.6276
29965.0000 39.2256 10.6599
29970.0000 39.2754 10.7142
29975.0000 39.2694 10.7140
29980.0000 39.3410 10.7899
29985.0000 39.3410 10.7899
29990.0000 39.3455 10.7895
29995.0000 39.3816 10.8199
30000.0000 39.4573 10.8893
30005.0000 39.3835 10.8232
30010.0000 39.2973 10.7291
30015.0000 39.3175 10.7437
30020.0000 39.3228 10.7685
30025.0000 39.3572 10.7922
30030.0000 39.3701 10.7921
30035.0000 39.3657 10.7414
30040.0000 39.4099 10.7709
30045.0000 39.4148 10.7684
30050.0000 39.4101 10.7511
30055.0000 39.4154 10.7486
30060.0000 39.4891 10.7747
30065.0000 39.4682 10.7584
30070.0000 39.3925 10.6827
30075.0000 39.4059 10.7148
30080.0000 39.4772 10.7849
30085.0000 39.4684 10.7677
30090.0000 39.4692 10.7672
30095.0000 39.4528 10.7371
30100.0000 39.5400 10.8139
30105.0000 39.5455 10.8124
30110.0000 39.5577 10.8087
30115.0000 39.5677 10.8079
30120.0000 39.5825 10.8068
30125.0000 39.4741 10.7040
30130.0000 39.4243 10.6455
30135.0000 39.4253 10.6477
30140.0000 39.5268 10.7713
30145.0000 39.4910 10.7510
30150.0000 39.5316 10.7808
30155.0000 39.5113 10.7707
30160.0000 39.5322 10.7877
30165.0000 39.5346 10.7654
30170.0000 39.5964 10.8193
30175.0000 39.6033 10.8170
30180.0000 39.5732 10.7735
30185.0000 39.5888 10.7845
30190.0000 39.5225 10.7223
30195.0000 39.4957 10.6901
30200.0000 39.4887 10.6855
30205.0000 39.4644 10.6738
30210.0000 39.5922 10.7693
30215.0000 39.6040 10.7540
30220.0000 39.6556 10.7828
30225.0000 39.6589 10.7815
30230.0000 39.6679 10.7789
30235.0000 39.6794 10.7737
30240.0000 39.6814 10.7645
30245.0000 39.6477 10.7314
30250.0000 39.4668 10.5516
30255.0000 39.4162 10.5148
30260.0000 39.4828 10.5932
30265.0000 39.4703 10.5987
30270.0000 39.4614 10.6026
30275.0000 39.4514 10.6035
30280.0000 39.4577 10.6081
30285.0000 39.4917 10.6374
30290.0000 39.5034 10.6326
30295.0000 39.4583 10.5765
30300.0000 39.4960 10.5786
30305.0000 39.4428 10.5345
30310.0000 39.3377 10.4373
30315.0000 39.3588 10.4692
30320.0000 39.3216 10.4759
30325.0000 39.2975 10.4808
30330.0000 39.3306 10.5230
30335.0000 39.3997 10.5785
30340.0000 39.4448 10.6143
30345.0000 39.4537 10.6111
30350.0000 39.4800 10.6308
30355.0000 39.4853 10.6300
30360.0000 39.5113 10.6629
30365.0000 39.4916 10.6610
30370.0000 39.3793 10.5543
30375.0000 39.3611 10.5559
30380.0000 39.3346 10.5496
30385.0000 39.3351 10.5853
30390.0000 39.3188 10.5909
30395.0000 39.3040 10.5920
30400.0000 39.3458 10.6005
30405.0000 39.3890 10.6333
30410.0000 39.3857 10.6295
30415.0000 39.4164 10.6633
30420.0000 39.4275 10.6593
30425.0000 39.3014 10.5395
30430.0000 39.2338 10.4894
30435.0000 39.2197 10.4916
30440.0000 39.1217 10.4384
30445.0000 39.1124 10.4395
30450.0000 39.1535 10.4807
30455.0000 39.2064 10.5172
30460.0000 39.2522 10.5437
30465.0000 39.2698 10.5409
30470.0000 39.2936 10.5392
30475.0000 39.3547 10.5930
30480.0000 39.3763 10.5928
30485.0000 39.2943 10.5262
30490.0000 39.3264 10.5433
30495.0000 39.3263 10.5391
30500.0000 39.3162 10.5184
30505.0000 39.2444 10.4251
30510.0000 39.3013 10.4700
30515.0000 39.2818 10.4391
30520.0000 39.3266 10.4567
30525.0000 39.3478 10.4542
30530.0000 39.3600 10.4499
30535.0000 39.3680 10.4517
30540.0000 39.3645 10.4531
30545.0000 39.3596 10.4523
30550.0000 39.3432 10.4422
30555.0000 39.3485 10.4804
30560.0000 39.3098 10.4674
30565.0000 39.2972 10.4677
30570.0000 39.3129 10.5012
30575.0000 39.3066 10.5013
30580.0000 39.3049 10.5071
30585.0000 39.3123 10.5083
30590.0000 39.3692 10.5579
30595.0000 39.3705 10.5463
30600.0000 39.3170 10.4824
30605.0000 39.3251 10.4909
30610.0000 39.3201 10.4958
30615.0000 39.2545 10.4702
30620.0000 39.1969 10.4268
30625.0000 39.2410 10.5010
30630.0000 39.2728 10.5156
30635.0000 39.3104 10.5278
30640.0000 39.4029 10.6087
30645.0000 39.4066 10.6070
30650.0000 39.4112 10.5813
30655.0000 39.4487 10.6150
30660.0000 39.4487 10.6150
30665.0000 39.3485 10.5120
30670.0000 39.3448 10.5156
30675.0000 39.3026 10.4872
30680.0000 39.2768 10.4832
30685.0000 39.2455 10.4906
30690.0000 39.2331 10.4971
30695.0000 39.2331 10.4971
30700.0000 39.2859 10.5223
30705.0000 39.3282 10.5478
30710.0000 39.3675 10.5846
30715.0000 39.3937 10.6131
30720.0000 39.3790 10.5916
30725.0000 39.3269 10.5401
30730.0000 39.3556 10.5784
30735.0000 39.2920 10.5110
30740.0000 39.2868 10.5126
30745.0000 39.3136 10.5463
30750.0000 39.2899 10.5270
30755.0000 39.3006 10.5299
30760.0000 39.2883 10.5150
30765.0000 39.2988 10.5280
30770.0000 39.3181 10.5236
30775.0000 39.3495 10.5560
30780.0000 39.3520 10.5577
30785.0000 39.3905 10.5973
30790.0000 39.3911 10.5923
30795.0000 39.4011 10.6154
30800.0000 39.3231 10.5641
30805.0000 39.3057 10.5677
30810.0000 39.3108 10.5674
30815.0000 39.3506 10.5815
30820.0000 39.3746 10.5926
30825.0000 39.3884 10.5928
30830.0000 39.3884 10.5928
30835.0000 39.3919 10.5930
30840.0000 39.3961 10.5918
30845.0000 39.4035 10.5938
30850.0000 39.3990 10.5922
30855.0000 39.3868 10.5916
30860.0000 39.4053 10.6358
30865.0000 39.4053 10.6358
30870.0000 39.4758 10.7126
30875.0000 39.4481 10.6823
30880.0000 39.4851 10.7222
30885.0000 39.4851 10.7222
30890.0000 39.5100 10.7507
30895.0000 39.5205 10.7621
30900.0000 39.5173 10.7635
30905.0000 39.5112 10.7614
30910.0000 39.5528 10.7995
30915.0000 39.5855 10.8259
30920.0000 39.5688 10.8274
30925.0000 39.5616 10.8300
30930.0000 39.6199 10.8566
30935.0000 39.6238 10.8559
30940.0000 39.6177 10.8575
30945.0000 39.5805 10.8167
30950.0000 39.6375 10.8629
30955.0000 39.6897 10.9131
30960.0000 39.6848 10.9152
30965.0000 39.6717 10.9150
30970.0000 39.5616 10.8060
30975.0000 39.5034 10.7337
30980.0000 39.5067 10.7776
30985.0000 39.4936 10.7799
30990.0000 39.5206 10.8040
30995.0000 39.5236 10.8052
31000.0000 39.5328 10.8066
31005.0000 39.5502 10.8069
31010.0000 39.5534 10.8036
31015.0000 39.6330 10.8636
31020.0000 39.6670 10.8628
31025.0000 39.5705 10.7490
31030.0000 39.4416 10.6350
31035.0000 39.4417 10.6428
31040.0000 39.5003 10.7210
31045.0000 39.4504 10.6680
31050.0000 39.4422 10.6772
31055.0000 39.4568 10.6881
31060.0000 39.4567 10.6931
31065.0000 39.4862 10.6994
31070.0000 39.4978 10.7018
31075.0000 39.5153 10.7079
31080.0000 39.5339 10.7097
31085.0000 39.5425 10.7084
31090.0000 39.4410 10.6043
31095.0000 39.3856 10.5656
31100.0000 39.4053 10.5756
31105.0000 39.4421 10.6143
31110.0000 39.4496 10.6195
31115.0000 39.4958 10.6427
31120.0000 39.5190 10.6391
31125.0000 39.5806 10.6634
31130.0000 39.6031 10.6582
31135.0000 39.6556 10.7022
31140.0000 39.6660 10.7016
31145.0000 39.6708 10.7013
31150.0000 39.6665 10.7006
31155.0000 39.6703 10.7310
31160.0000 39.6604 10.7326
31165.0000 39.6644 10.7338
31170.0000 39.7149 10.7802
31175.0000 39.7218 10.7851
31180.0000 39.7573 10.8296
31185.0000 39.7227 10.7911
31190.0000 39.7178 10.7862
31195.0000 39.7290 10.7778
31200.0000 39.7775 10.8142
31205.0000 39.7432 10.7816
31210.0000 39.6167 10.6846
31215.0000 39.5790 10.6698
31220.0000 39.5773 10.6704
31225.0000 39.5215 10.6212
31230.0000 39.5246 10.6370
31235.0000 39.5189 10.6395
31240.0000 39.5044 10.6078
31245.0000 39.5237 10.6147
31250.0000 39.5297 10.6160
31255.0000 39.5297 10.6160
31260.0000 39.5297 10.6160
31265.0000 39.5379 10.6152
31270.0000 39.5450 10.6284
31275.0000 39.5062 10.5914
31280.0000 39.5124 10.6227
31285.0000 39.4991 10.6266
31290.0000 39.4947 10.6280
31295.0000 39.4809 10.6332
31300.0000 39.4676 10.6294
31305.0000 39.4698 10.6376
31310.0000 39.4890 10.6584
31315.0000 39.4848 10.6537
31320.0000 39.5142 10.6809
31325.0000 39.4869 10.6351
31330.0000 39.4275 10.5899
31335.0000 39.3721 10.5429
31340.0000 39.3634 10.5453
31345.0000 39.3917 10.5681
31350.0000 39.3917 10.5681
31355.0000 39.3917 10.5681
31360.0000 39.3917 10.5681
31365.0000 39.3917 10.5681
31370.0000 39.4021 10.5645
31375.0000 39.4110 10.5626
31380.0000 39.4244 10.5684
31385.0000 39.3893 10.5292
31390.0000 39.2965 10.4405
31395.0000 39.2308 10.3969
31400.0000 39.2195 10.4118
31405.0000 39.2000 10.4139
31410.0000 39.2148 10.4680
31415.0000 39.2121 10.4742
31420.0000 39.2207 10.4737
31425.0000 39.2207 10.4737
31430.0000 39.2300 10.4738
31435.0000 39.2782 10.5027
31440.0000 39.2983 10.5036
31445.0000 39.3003 10.5047
31450.0000 39.3059 10.5024
31455.0000 39.3107 10.5005
31460.0000 39.3159 10.4978
31465.0000 39.3114 10.4948
31470.0000 39.3186 10.4945
31475.0000 39.3650 10.5449
31480.0000 39.3992 10.5679
31485.0000 39.4542 10.6127
31490.0000 39.4732 10.6096
31495.0000 39.4856 10.6091
31500.0000 39.4999 10.6045
31505.0000 39.3953 10.4746
31510.0000 39.2749 10.3697
31515.0000 39.1873 10.2984
31520.0000 39.1779 10.2963
31525.0000 39.1849 10.2970
31530.0000 39.2082 10.2995
31535.0000 39.2227 10.3029
31540.0000 39.2520 10.2971
31545.0000 39.2296 10.2283
31550.0000 39.2618 10.2365
31555.0000 39.2746 10.2318
31560.0000 39.2730 10.2135
31565.0000 39.2497 10.1683
31570.0000 39.3440 10.2368
31575.0000 39.3646 10.2344
31580.0000 39.3219 10.1999
31585.0000 39.3255 10.2033
31590.0000 39.3356 10.2047
31595.0000 39.3677 10.2476
31600.0000 39.3749 10.2490
31605.0000 39.3814 10.2502
31610.0000 39.3814 10.2502
31615.0000 39.4131 10.2842
31620.0000 39.4131 10.2842
31625.0000 39.3808 10.2620
31630.0000 39.2747 10.1828
31635.0000 39.2403 10.1929
31640.0000 39.1618 10.1381
31645.0000 39.1724 10.1423
31650.0000 39.1695 10.1433
31655.0000 39.1638 10.1459
31660.0000 39.1913 10.1788
31665.0000 39.1913 10.1788
31670.0000 39.1957 10.1772
31675.0000 39.1796 10.1418
31680.0000 39.1905 10.1374
31685.0000 39.1900 10.1360
31690.0000 39.2083 10.1386
31695.0000 39.2083 10.1386
31700.0000 39.2021 10.1361
31705.0000 39.1850 10.1342
31710.0000 39.2479 10.2068
31715.0000 39.2772 10.2313
31720.0000 39.2799 10.2278
31725.0000 39.3202 10.2617
31730.0000 39.3316 10.2576
31735.0000 39.3406 10.2570
31740.0000 39.3709 10.2509
31745.0000 39.3450 10.2326
31750.0000 39.2708 10.1749
31755.0000 39.2422 10.1512
31760.0000 39.1852 10.1192
31765.0000 39.1181 10.0516
31770.0000 39.1582 10.1040
31775.0000 39.2002 10.1450
31780.0000 39.2002 10.1450
31785.0000 39.2090 10.1485
31790.0000 39.2270 10.1541
31795.0000 39.2351 10.1595
31800.0000 39.2032 10.1230
31805.0000 39.1789 10.0995
31810.0000 39.1350 10.0812
31815.0000 39.0573 10.0198
31820.0000 39.0164 9.9905
31825.0000 38.9852 9.9997
31830.0000 39.0408 10.0623
31835.0000 39.0234 10.0699
31840.0000 39.0521 10.1075
31845.0000 39.1129 10.1796
31850.0000 39.1565 10.2186
31855.0000 39.1931 10.2512
31860.0000 39.2079 10.2455
31865.0000 39.0537 10.1072
31870.0000 38.9260 10.0157
31875.0000 38.9151 10.0180
31880.0000 38.8335 9.9825
31885.0000 38.8335 9.9825
31890.0000 38.8424 9.9825
31895.0000 38.9152 10.0492
31900.0000 38.9597 10.0951
31905.0000 38.9597 10.0951
31910.0000 38.9732 10.1041
31915.0000 38.9802 10.1090
31920.0000 38.9774 10.1100
31925.0000 38.9019 10.0483
31930.0000 38.7937 9.9435
31935.0000 38.7490 9.8965
31940.0000 38.6386 9.8468
31945.0000 38.6524 9.8748
31950.0000 38.6376 9.8745
31955.0000 38.5880 9.8399
31960.0000 38.7144 9.9175
31965.0000 38.7189 9.8736
31970.0000 38.7534 9.8918
31975.0000 38.7695 9.8842
31980.0000 38.7864 9.8774
31985.0000 38.8202 9.9088
31990.0000 38.7839 9.8714
31995.0000 38.7890 9.8773
32000.0000 38.7961 9.8764
32005.0000 38.7961 9.8764
32010.0000 38.8279 9.9072
32015.0000 38.8356 9.9124
32020.0000 38.8356 9.9124
32025.0000 38.8787 9.9556
32030.0000 38.9274 9.9951
32035.0000 38.9373 9.9942
32040.0000 38.9477 9.9959
32045.0000 38.9277 9.9961
32050.0000 38.9038 9.9805
32055.0000 38.8925 9.9859
32060.0000 38.8389 9.9559
32065.0000 38.8787 9.9980
32070.0000 38.9214 10.0396
32075.0000 38.9350 10.0395
32080.0000 38.9547 10.0388
32085.0000 38.9734 10.0415
32090.0000 38.9935 10.0442
32095.0000 39.0030 10.0458
32100.0000 38.9502 9.9720
32105.0000 38.9226 9.9537
32110.0000 38.9789 9.9811
32115.0000 38.9524 9.9545
32120.0000 38.9802 9.9827
32125.0000 38.9764 9.9869
32130.0000 38.9853 9.9915
32135.0000 38.9935 9.9959
32140.0000 39.0053 9.9996
32145.0000 39.0057 10.0040
32150.0000 39.0180 10.0082
32155.0000 39.0515 10.0396
32160.0000 39.0340 10.0208
32165.0000 39.0350 10.0181
32170.0000 39.0413 10.0128
32175.0000 39.0677 10.0341
32180.0000 39.0464 10.0366
32185.0000 39.0434 10.0455
32190.0000 39.0370 10.0509
32195.0000 39.0711 10.0804
32200.0000 39.0803 10.0792
32205.0000 39.1036 10.0792
32210.0000 39.0975 10.0521
32215.0000 39.1045 10.0511
32220.0000 39.1128 10.0484
32225.0000 39.0795 10.0351
32230.0000 39.1041 10.0767
32235.0000 39.0880 10.0675
32240.0000 39.0692 10.0697
32245.0000 39.0804 10.1055
32250.0000 39.0655 10.1116
32255.0000 39.0509 10.1159
32260.0000 39.0464 10.1164
32265.0000 39.0727 10.1335
32270.0000 39.0796 10.1343
32275.0000 39.0916 10.1262
32280.0000 39.1729 10.1701
32285.0000 39.1155 10.1476
32290.0000 39.0953 10.1325
32295.0000 39.0462 10.1036
32300.0000 38.9801 10.0602
32305.0000 39.0136 10.1044
32310.0000 39.0040 10.0874
32315.0000 39.0040 10.0882
32320.0000 39.0241 10.0971
32325.0000 39.0241 10.0971
32330.0000 39.0286 10.0949
32335.0000 39.0513 10.1181
32340.0000 39.0513 10.1181
32345.0000 39.0477 10.1175
32350.0000 39.0393 10.1153
32355.0000 39.0315 10.1219
32360.0000 38.9709 10.1183
32365.0000 38.9570 10.1273
32370.0000 38.9598 10.1332
32375.0000 38.9619 10.1422
32380.0000 38.9538 10.1354
32385.0000 38.9458 10.1111
32390.0000 38.9385 10.1032
32395.0000 39.0154 10.1848
32400.0000 39.0505 10.2258
32405.0000 39.0552 10.2305
32410.0000 39.0128 10.1738
32415.0000 39.0306 10.1710
32420.0000 39.0274 10.1724
32425.0000 39.0363 10.1857
32430.0000 39.0458 10.1760
32435.0000 39.0738 10.1948
32440.0000 39.1234 10.2344
32445.0000 39.1396 10.2358
32450.0000 39.1193 10.2085
32455.0000 39.1803 10.2661
32460.0000 39.1643 10.2551
32465.0000 39.1643 10.2551
32470.0000 39.0420 10.1652
32475.0000 39.0101 10.1355
32480.0000 38.9575 10.0905
32485.0000 38.9481 10.0887
32490.0000 38.9390 10.1010
32495.0000 38.9439 10.1052
32500.0000 39.0111 10.1672
32505.0000 39.0111 10.1672
32510.0000 39.0032 10.1462
32515.0000 39.0063 10.1446
32520.0000 39.0151 10.1416
32525.0000 38.9392 10.0703
32530.0000 38.9444 10.0678
32535.0000 38.8483 9.9468
32540.0000 38.8506 9.9449
32545.0000 38.9128 9.9928
32550.0000 38.9132 9.9916
32555.0000 38.9112 9.9903
32560.0000 38.9652 10.0404
32565.0000 38.9486 10.0188
32570.0000 38.9562 10.0158
32575.0000 38.9631 10.0123
32580.0000 39.0013 10.0449
32585.0000 38.9484 9.9922
32590.0000 38.9906 10.0336
32595.0000 38.9048 9.9398
32600.0000 38.8924 9.9569
32605.0000 38.8717 9.9626
32610.0000 38.8731 9.9571
32615.0000 38.8738 9.9573
32620.0000 38.8886 9.9549
32625.0000 38.8944 9.9522
32630.0000 38.9379 9.9857
32635.0000 38.9795 10.0203
32640.0000 39.0126 10.0722
32645.0000 39.0120 10.0800
32650.0000 39.0110 10.0997
32655.0000 39.0134 10.1192
32660.0000 38.9929 10.1214
32665.0000 38.9651 10.0858
32670.0000 38.9636 10.0783
32675.0000 38.9737 10.0818
32680.0000 39.0543 10.1656
32685.0000 39.0051 10.0986
32690.0000 39.0138 10.0952
32695.0000 39.0297 10.0911
32700.0000 39.0162 10.0667
32705.0000 39.0161 10.0635
32710.0000 38.9751 10.0135
32715.0000 38.9641 10.0223
32720.0000 38.9661 10.0575
32725.0000 38.9675 10.0805
32730.0000 38.9455 10.0731
32735.0000 38.9372 10.0736
32740.0000 38.9415 10.0721
32745.0000 38.9360 10.0749
32750.0000 38.9123 10.0488
32755.0000 38.9096 10.0457
32760.0000 38.9719 10.0808
32765.0000 38.9505 10.0616
32770.0000 38.9719 10.0977
32775.0000 38.9233 10.0474
32780.0000 38.9102 10.0471
32785.0000 38.9109 10.0479
32790.0000 38.8908 10.0252
32795.0000 38.8908 10.0252
32800.0000 38.8980 10.0221
32805.0000 38.9051 10.0252
32810.0000 38.9188 10.0254
32815.0000 38.9188 10.0254
32820.0000 38.9141 10.0287
32825.0000 38.8358 10.0035
32830.0000 38.7625 9.9290
32835.0000 38.6590 9.8383
32840.0000 38.6211 9.8481
32845.0000 38.6070 9.8474
32850.0000 38.6219 9.8632
32855.0000 38.6273 9.8619
32860.0000 38.6037 9.8357
32865.0000 38.7399 9.9840
32870.0000 38.7399 9.9840
32875.0000 38.7399 9.9840
32880.0000 38.7399 9.9840
32885.0000 38.7020 9.9416
32890.0000 38.7020 9.9416
32895.0000 38.7020 9.9416
32900.0000 38.6837 9.9472
32905.0000 38.7028 9.9484
32910.0000 38.6834 9.9478
32915.0000 38.6867 9.9522
32920.0000 38.6793 9.9550
32925.0000 38.7227 10.0016
32930.0000 38.7399 10.0202
32935.0000 38.7497 10.0135
32940.0000 38.7668 10.0058
32945.0000 38.6446 9.9200
32950.0000 38.5482 9.8408
32955.0000 38.5512 9.8590
32960.0000 38.5128 9.8169
32965.0000 38.5034 9.8183
32970.0000 38.5383 9.8465
32975.0000 38.5899 9.8934
32980.0000 38.6045 9.8965
32985.0000 38.6085 9.8861
32990.0000 38.6445 9.9084
32995.0000 38.6504 9.9089
33000.0000 38.6575 9.9096
33005.0000 38.6245 9.8612
33010.0000 38.6315 9.8466
33015.0000 38.6287 9.8061
33020.0000 38.5786 9.7985
33025.0000 38.5113 9.7945
33030.0000 38.4722 9.7971
33035.0000 38.4599 9.7957
33040.0000 38.4532 9.7971
33045.0000 38.5466 9.8467
33050.0000 38.6393 9.9229
33055.0000 38.7156 9.9804
33060.0000 38.7857 10.0458
33065.0000 38.7427 10.0330
33070.0000 38.4432 9.7254
33075.0000 38.5291 9.7873
33080.0000 38.5446 9.7874
33085.0000 38.5627 9.7955
33090.0000 38.5729 9.7982
33095.0000 38.5873 9.8076
33100.0000 38.5971 9.8145
33105.0000 38.5723 9.7814
33110.0000 38.5848 9.7878
33115.0000 38.6133 9.7975
33120.0000 38.6157 9.8074
33125.0000 38.6198 9.7995
33130.0000 38.5280 9.7182
33135.0000 38.5191 9.6888
33140.0000 38.5064 9.7067
33145.0000 38.5009 9.7153
33150.0000 38.5495 9.7583
33155.0000 38.5837 9.8004
33160.0000 38.5907 9.8106
33165.0000 38.5866 9.8127
33170.0000 38.6325 9.8354
33175.0000 38.6398 9.8336
33180.0000 38.6447 9.8326
33185.0000 38.6503 9.8308
33190.0000 38.7498 9.9123
33195.0000 38.7655 9.9111
33200.0000 38.7802 9.9098
33205.0000 38.7880 9.9085
33210.0000 38.8036 9.9063
33215.0000 38.8234 9.9000
33220.0000 38.8801 9.9344
33225.0000 38.9531 9.9813
33230.0000 39.1186 10.0989
33235.0000 39.1669 10.1202
33240.0000 39.3191 10.2481
33245.0000 39.1052 10.0947
33250.0000 38.8245 9.8344
33255.0000 38.7459 9.7579
33260.0000 38.7478 9.7901
33265.0000 38.7658 9.8303
33270.0000 38.7393 9.8260
33275.0000 38.7406 9.8239
33280.0000 38.7721 9.8360
33285.0000 38.8232 9.8700
33290.0000 38.8260 9.8707
33295.0000 38.8729 9.9011
33300.0000 38.9099 9.9394
33305.0000 38.9172 9.9457
33310.0000 38.9532 9.9751
33315.0000 38.9809 10.0141
33320.0000 38.9997 10.0624
33325.0000 38.9975 10.0598
33330.0000 39.0005 10.0602
33335.0000 39.0418 10.1036
33340.0000 39.0574 10.0970
33345.0000 39.0606 10.0959
33350.0000 39.0691 10.0949
33355.0000 39.0737 10.0935
33360.0000 39.0778 10.0924
33365.0000 39.0822 10.0911
33370.0000 39.0082 10.0211
33375.0000 39.0037 10.0201
33380.0000 39.0658 10.0774
33385.0000 39.0902 10.0971
33390.0000 39.1054 10.1138
33395.0000 39.0998 10.1131
33400.0000 39.1349 10.1586
33405.0000 39.0856 10.1042
33410.0000 39.1150 10.1275
33415.0000 39.1523 10.1551
33420.0000 39.1866 10.1823
33425.0000 39.1937 10.1992
33430.0000 39.1897 10.1983
33435.0000 39.1840 10.1992
33440.0000 39.1267 10.1662
33445.0000 39.1126 10.1611
33450.0000 39.1126 10.1761
33455.0000 39.1325 10.2078
33460.0000 39.1326 10.2089
33465.0000 39.1354 10.2119
33470.0000 39.1595 10.2321
33475.0000 39.1655 10.2191
33480.0000 39.2140 10.2564
33485.0000 39.2121 10.2594
33490.0000 39.0429 10.1191
33495.0000 38.9688 10.0535
33500.0000 38.8833 9.9933
33505.0000 38.8620 9.9966
33510.0000 38.8516 9.9936
33515.0000 38.8462 9.9932
33520.0000 38.8478 9.9939
33525.0000 38.8610 10.0071
33530.0000 38.9284 10.0542
33535.0000 39.0421 10.1581
33540.0000 39.0417 10.1617
33545.0000 39.0426 10.1624
33550.0000 39.0418 10.1616
33555.0000 39.0466 10.1612
33560.0000 39.0342 10.1824
33565.0000 38.9901 10.1854
33570.0000 38.9945 10.2142
33575.0000 38.9364 10.1850
33580.0000 38.9317 10.1880
33585.0000 38.9657 10.2204
33590.0000 38.9991 10.2452
33595.0000 39.0246 10.2714
33600.0000 39.0645 10.3237
33605.0000 39.0936 10.3374
33610.0000 38.9333 10.2104
33615.0000 38.8496 10.1217
33620.0000 38.7838 10.0995
33625.0000 38.7719 10.0932
33630.0000 38.8177 10.1075
33635.0000 38.8786 10.1567
33640.0000 38.9399 10.1957
33645.0000 38.9306 10.1659
33650.0000 38.9438 10.1521
33655.0000 39.0526 10.2391
33660.0000 39.1223 10.3016
33665.0000 38.9997 10.1814
33670.0000 38.8708 10.0908
33675.0000 38.7507 9.9918
33680.0000 38.8600 10.1287
33685.0000 38.8673 10.1394
33690.0000 38.8762 10.1315
33695.0000 38.9089 10.1603
33700.0000 38.9202 10.1536
33705.0000 38.9345 10.1464
33710.0000 38.9462 10.1430
33715.0000 38.9556 10.1395
33720.0000 38.9665 10.1335
33725.0000 38.9987 10.1659
33730.0000 38.9795 10.1654
33735.0000 38.9916 10.1581
33740.0000 39.0224 10.2045
33745.0000 39.0252 10.1982
33750.0000 39.0502 10.1852
33755.0000 39.1075 10.2190
33760.0000 39.1731 10.2670
33765.0000 39.1598 10.2314
33770.0000 39.2188 10.2657
33775.0000 39.2475 10.2692
33780.0000 39.2222 10.2345
33785.0000 39.2208 10.2349
33790.0000 39.1797 10.2225
33795.0000 39.1693 10.2272
33800.0000 39.1484 10.2290
33805.0000 39.1490 10.2305
33810.0000 39.1748 10.2661
33815.0000 39.1508 10.2531
33820.0000 39.1548 10.2538
33825.0000 39.1675 10.2548
33830.0000 39.1503 10.2359
33835.0000 39.1503 10.2359
33840.0000 39.1458 10.2379
33845.0000 39.0970 10.1956
33850.0000 39.0092 10.1149
33855.0000 38.9267 10.0583
33860.0000 38.8946 10.0684
33865.0000 38.8569 10.0631
33870.0000 38.8351 10.0584
33875.0000 38.8586 10.0957
33880.0000 38.8749 10.1207
33885.0000 38.8749 10.1207
33890.0000 38.8807 10.1188
33895.0000 38.8905 10.1158
33900.0000 38.8905 10.1158
33905.0000 38.8821 10.0992
33910.0000 38.8381 10.0670
33915.0000 38.7931 10.0271
33920.0000 38.7532 10.0011
33925.0000 38.7373 10.0006
33930.0000 38.7299 9.9952
33935.0000 38.7346 10.0280
33940.0000 38.7400 10.0281
33945.0000 38.7400 10.0281
33950.0000 38.6927 9.9752
33955.0000 38.7051 9.9887
33960.0000 38.7007 9.9921
33965.0000 38.6604 9.9568
33970.0000 38.5723 9.9008
33975.0000 38.6279 9.9714
33980.0000 38.5574 9.9314
33985.0000 38.5512 9.9377
33990.0000 38.5786 9.9543
33995.0000 38.5659 9.9573
34000.0000 38.5551 9.9313
34005.0000 38.5460 9.9220
34010.0000 38.5460 9.9220
34015.0000 38.5820 9.9572
34020.0000 38.5929 9.9654
34025.0000 38.4599 9.8593
34030.0000 38.3035 9.7265
34035.0000 38.3653 9.7784
34040.0000 38.3316 9.7875
34045.0000 38.3051 9.7934
34050.0000 38.2758 9.7517
34055.0000 38.2968 9.7906
34060.0000 38.2785 9.7615
34065.0000 38.3110 9.7867
34070.0000 38.3154 9.7878
34075.0000 38.3154 9.7878
34080.0000 38.3358 9.8193
34085.0000 38.3324 9.8185
34090.0000 38.3324 9.8185
34095.0000 38.3387 9.8162
34100.0000 38.3485 9.8174
34105.0000 38.3521 9.8163
34110.0000 38.3521 9.8133
34115.0000 38.3611 9.8146
34120.0000 38.3319 9.7691
34125.0000 38.3437 9.7649
34130.0000 38.3437 9.7649
34135.0000 38.3529 9.7644
34140.0000 38.3622 9.7659
34145.0000 38.3723 9.7618
34150.0000 38.3035 9.6885
34155.0000 38.2804 9.6761
34160.0000 38.3124 9.7179
34165.0000 38.3135 9.7125
34170.0000 38.3879 9.7705
34175.0000 38.3876 9.7701
34180.0000 38.4015 9.7663
34185.0000 38.4086 9.7655
34190.0000 38.4122 9.7656
34195.0000 38.4174 9.7658
34200.0000 38.4473 9.7952
34205.0000 38.4542 9.7923
34210.0000 38.4542 9.7923
34215.0000 38.4822 9.8262
34220.0000 38.5196 9.8739
34225.0000 38.5085 9.8754
34230.0000 38.4991 9.8734
34235.0000 38.4894 9.8775
34240.0000 38.4894 9.8775
34245.0000 38.5005 9.8754
34250.0000 38.5041 9.8742
34255.0000 38.5135 9.8712
34260.0000 38.4937 9.8355
34265.0000 38.3774 9.7398
34270.0000 38.3189 9.6781
34275.0000 38.2252 9.6082
34280.0000 38.2078 9.6129
34285.0000 38.2193 9.6232
34290.0000 38.2271 9.6290
34295.0000 38.2317 9.6268
34300.0000 38.2311 9.6259
34305.0000 38.2380 9.6228
34310.0000 38.2422 9.6210
34315.0000 38.2495 9.6178
34320.0000 38.2788 9.6468
34325.0000 38.2017 9.6016
34330.0000 38.1899 9.6032
34335.0000 38.1807 9.5998
34340.0000 38.1010 9.5284
34345.0000 38.1066 9.5439
34350.0000 38.1214 9.5620
34355.0000 38.1352 9.5930
34360.0000 38.1817 9.6191
34365.0000 38.1910 9.6192
34370.0000 38.2162 9.6453
34375.0000 38.2209 9.6436
34380.0000 38.2387 9.6397
34385.0000 38.3086 9.6798
34390.0000 38.3205 9.6812
34395.0000 38.3124 9.6833
34400.0000 38.3315 9.7160
34405.0000 38.3307 9.7142
34410.0000 38.3230 9.7103
34415.0000 38.3532 9.7430
34420.0000 38.3627 9.7467
34425.0000 38.3627 9.7467
34430.0000 38.3996 9.7804
34435.0000 38.4315 9.7824
34440.0000 38.4448 9.7834
34445.0000 38.4026 9.7251
34450.0000 38.4502 9.7681
34455.0000 38.4618 9.7742
34460.0000 38.4932 9.8191
34465.0000 38.4996 9.8209
34470.0000 38.5138 9.8200
34475.0000 38.5494 9.8653
34480.0000 38.5515 9.8676
34485.0000 38.5515 9.8676
34490.0000 38.5515 9.8676
34495.0000 38.5515 9.8676
34500.0000 38.5571 9.8690
34505.0000 38.5545 9.8683
34510.0000 38.5726 9.8744
34515.0000 38.6102 9.9011
34520.0000 38.6456 9.9351
34525.0000 38.6842 9.9690
34530.0000 38.7061 9.9922
34535.0000 38.7061 9.9922
34540.0000 38.7061 9.9922
34545.0000 38.7061 9.9922
34550.0000 38.7152 9.9895
34555.0000 38.7206 9.9880
34560.0000 38.7255 9.9766
34565.0000 38.6382 9.9145
34570.0000 38.5152 9.8152
34575.0000 38.3757 9.6865
34580.0000 38.3785 9.6841
34585.0000 38.3415 9.6905
34590.0000 38.3409 9.6936
34595.0000 38.3304 9.6993
34600.0000 38.3799 9.7313
34605.0000 38.3998 9.7292
34610.0000 38.4261 9.7266
34615.0000 38.4348 9.7225
34620.0000 38.4407 9.7191
34625.0000 38.3800 9.6369
34630.0000 38.4055 9.6659
34635.0000 38.4209 9.6588
34640.0000 38.3737 9.6109
34645.0000 38.3521 9.6121
34650.0000 38.3332 9.5850
34655.0000 38.3095 9.5883
34660.0000 38.3140 9.5872
34665.0000 38.3229 9.5850
34670.0000 38.3333 9.5826
34675.0000 38.3382 9.5815
34680.0000 38.3625 9.6188
34685.0000 38.3320 9.6025
34690.0000 38.3097 9.5769
34695.0000 38.3374 9.6124
34700.0000 38.3356 9.6070
34705.0000 38.3419 9.5978
34710.0000 38.3592 9.6112
34715.0000 38.5011 9.7485
34720.0000 38.5337 9.7726
34725.0000 38.5337 9.7726
34730.0000 38.5067 9.7328
34735.0000 38.4741 9.6965
34740.0000 38.4709 9.6982
34745.0000 38.4709 9.6982
34750.0000 38.3361 9.5951
34755.0000 38.2137 9.4875
34760.0000 38.1840 9.4903
34765.0000 38.1612 9.4960
34770.0000 38.1579 9.4959
34775.0000 38.1615 9.4990
34780.0000 38.1602 9.5017
34785.0000 38.1680 9.4972
34790.0000 38.1790 9.4951
34795.0000 38.1822 9.4988
34800.0000 38.1670 9.4756
34805.0000 38.2430 9.5329
34810.0000 38.3062 9.5884
34815.0000 38.4624 9.7350
34820.0000 38.4668 9.7337
34825.0000 38.4770 9.7333
34830.0000 38.4971 9.7545
34835.0000 38.5068 9.7850
34840.0000 38.5041 9.7867
34845.0000 38.5182 9.7807
34850.0000 38.5734 9.8319
34855.0000 38.5825 9.8325
34860.0000 38.6171 9.8430
34865.0000 38.5962 9.8070
34870.0000 38.5589 9.7610
34875.0000 38.4847 9.7197
34880.0000 38.4061 9.6642
34885.0000 38.4185 9.6926
34890.0000 38.3959 9.6906
34895.0000 38.4511 9.7233
34900.0000 38.4607 9.7231
34905.0000 38.5102 9.7465
34910.0000 38.4704 9.6983
34915.0000 38.4841 9.6993
34920.0000 38.5228 9.7214
34925.0000 38.5368 9.7214
34930.0000 38.4404 9.6405
34935.0000 38.4734 9.6722
34940.0000 38.4955 9.7080
34945.0000 38.4801 9.7128
34950.0000 38.4807 9.7166
34955.0000 38.4748 9.7251
34960.0000 38.4692 9.7292
34965.0000 38.5199 9.7820
34970.0000 38.5314 9.7851
34975.0000 38.5370 9.7831
34980.0000 38.5370 9.7831
34985.0000 38.5313 9.7832
34990.0000 38.5137 9.7697
34995.0000 38.4162 9.6735
35000.0000 38.3995 9.6732
35005.0000 38.3869 9.6769
35010.0000 38.3999 9.6810
35015.0000 38.4093 9.6896
35020.0000 38.4154 9.6879
35025.0000 38.4496 9.7274
35030.0000 38.4496 9.7274
35035.0000 38.4530 9.7282
35040.0000 38.4823 9.7556
35045.0000 38.4017 9.6874
35050.0000 38.4000 9.6861
35055.0000 38.4265 9.7130
35060.0000 38.3230 9.6375
35065.0000 38.4163 9.7210
35070.0000 38.4165 9.7059
35075.0000 38.4283 9.7174
35080.0000 38.4195 9.7209
35085.0000 38.4267 9.7217
35090.0000 38.4315 9.7212
35095.0000 38.4315 9.7212
35100.0000 38.4315 9.7212
35105.0000 38.4643 9.7429
35110.0000 38.4352 9.7163
35115.0000 38.3766 9.7101
35120.0000 38.3766 9.7101
35125.0000 38.3698 9.7080
35130.0000 38.4087 9.7410
35135.0000 38.4118 9.7392
35140.0000 38.4145 9.7375
35145.0000 38.4288 9.7310
35150.0000 38.4610 9.7565
35155.0000 38.4610 9.7565
35160.0000 38.4651 9.7574
35165.0000 38.4617 9.7448
35170.0000 38.4618 9.7353
35175.0000 38.4685 9.7371
35180.0000 38.3710 9.6605
35185.0000 38.3717 9.6591
35190.0000 38.3616 9.6519
35195.0000 38.3495 9.6608
35200.0000 38.3495 9.6598
35205.0000 38.3495 9.6598
35210.0000 38.3815 9.6772
35215.0000 38.4142 9.7032
35220.0000 38.4275 9.6977
35225.0000 38.4798 9.7379
35230.0000 38.4789 9.7193
35235.0000 38.5173 9.7440
35240.0000 38.4817 9.7146
35245.0000 38.5019 9.7084
35250.0000 38.5097 9.7054
35255.0000 38.5198 9.7028
35260.0000 38.5507 9.7326
35265.0000 38.5294 9.6963
35270.0000 38.5629 9.6988
35275.0000 38.5629 9.6988
35280.0000 38.5785 9.6976
35285.0000 38.5013 9.6165
35290.0000 38.3730 9.4966
35295.0000 38.3031 9.4446
35300.0000 38.2207 9.4029
35305.0000 38.2556 9.4601
35310.0000 38.2184 9.4174
35315.0000 38.2227 9.4157
35320.0000 38.2978 9.4777
35325.0000 38.3585 9.5323
35330.0000 38.3635 9.5304
35335.0000 38.3737 9.5287
35340.0000 38.3736 9.5315
35345.0000 38.3619 9.5134
35350.0000 38.3649 9.4925
35355.0000 38.3129 9.4453
35360.0000 38.2854 9.4509
35365.0000 38.2753 9.4530
35370.0000 38.2644 9.4467
35375.0000 38.2518 9.4519
35380.0000 38.2959 9.4933
35385.0000 38.3332 9.5253
35390.0000 38.3332 9.5253
35395.0000 38.3387 9.5233
35400.0000 38.3902 9.5703
35405.0000 38.3966 9.5661
35410.0000 38.3698 9.5468
35415.0000 38.3175 9.5138
35420.0000 38.2586 9.4807
35425.0000 38.2521 9.4793
35430.0000 38.3182 9.5503
35435.0000 38.3408 9.5645
35440.0000 38.3413 9.5381
35445.0000 38.3802 9.5681
35450.0000 38.4065 9.5685
35455.0000 38.4094 9.5677
35460.0000 38.4162 9.5668
35465.0000 38.3805 9.5229
35470.0000 38.1998 9.3799
35475.0000 38.1358 9.3351
35480.0000 38.0578 9.3049
35485.0000 38.0628 9.3023
35490.0000 38.0571 9.2972
35495.0000 38.0521 9.2997
35500.0000 38.0305 9.3051
35505.0000 38.0465 9.3089
35510.0000 38.0623 9.3077
35515.0000 38.0805 9.3037
35520.0000 38.1145 9.3171
35525.0000 38.1231 9.3137
35530.0000 38.1619 9.3321
35535.0000 38.1619 9.3321
35540.0000 38.1720 9.3480
35545.0000 38.2124 9.4086
35550.0000 38.1986 9.4133
35555.0000 38.2160 9.4445
35560.0000 38.2192 9.4485
35565.0000 38.2643 9.4793
35570.0000 38.3253 9.5336
35575.0000 38.3553 9.5549
35580.0000 38.3559 9.5537
35585.0000 38.1974 9.3969
35590.0000 38.0880 9.2932
35595.0000 38.0356 9.2648
35600.0000 38.0512 9.3174
35605.0000 38.0483 9.3177
35610.0000 38.0375 9.3160
35615.0000 38.0698 9.3453
35620.0000 38.0751 9.3457
35625.0000 38.0918 9.3450
35630.0000 38.1280 9.3646
35635.0000 38.1853 9.4072
35640.0000 38.1969 9.4043
35645.0000 38.3010 9.5022
35650.0000 38.3314 9.5013
35655.0000 38.3645 9.5302
35660.0000 38.3063 9.4815
35665.0000 38.3622 9.5522
35670.0000 38.3468 9.5351
35675.0000 38.3433 9.5364
35680.0000 38.3680 9.5718
35685.0000 38.3929 9.5995
35690.0000 38.3702 9.5681
35695.0000 38.4082 9.6061
35700.0000 38.4544 9.6244
35705.0000 38.4059 9.5499
35710.0000 38.3931 9.5332
35715.0000 38.3608 9.5105
35720.0000 38.3431 9.5171
35725.0000 38.3310 9.5201
35730.0000 38.3583 9.5442
35735.0000 38.3891 9.5836
35740.0000 38.4144 9.6147
35745.0000 38.4144 9.6147
35750.0000 38.4175 9.6155
35755.0000 38.4175 9.6155
35760.0000 38.4237 9.6124
35765.0000 38.4482 9.6105
35770.0000 38.4411 9.5899
35775.0000 38.4785 9.6286
35780.0000 38.4053 9.6139
35785.0000 38.3761 9.6185
35790.0000 38.3779 9.6580
35795.0000 38.3670 9.6620
35800.0000 38.3612 9.6638
35805.0000 38.3612 9.6638
35810.0000 38.4565 9.7323
35815.0000 38.4594 9.7313
35820.0000 38.4595 9.7321
35825.0000 38.4203 9.6863
35830.0000 38.3186 9.6240
35835.0000 38.2727 9.5749
35840.0000 38.3230 9.6267
35845.0000 38.3384 9.6252
35850.0000 38.4699 9.7325
35855.0000 38.4805 9.7096
35860.0000 38.4988 9.7055
35865.0000 38.5133 9.7067
35870.0000 38.5233 9.7073
35875.0000 38.5359 9.7088
35880.0000 38.5849 9.7540
35885.0000 38.6044 9.7674
35890.0000 38.5307 9.7028
35895.0000 38.4864 9.6932
35900.0000 38.4776 9.6922
35905.0000 38.4420 9.6593
35910.0000 38.4922 9.7111
35915.0000 38.4786 9.6933
35920.0000 38.5050 9.6927
35925.0000 38.5577 9.7152
35930.0000 38.5721 9.7264
35935.0000 38.5804 9.7239
35940.0000 38.5804 9.7239
35945.0000 38.5804 9.7239
35950.0000 38.5358 9.6959
35955.0000 38.5057 9.6624
35960.0000 38.5057 9.6624
35965.0000 38.5057 9.6624
35970.0000 38.4943 9.6402
35975.0000 38.4856 9.6306
35980.0000 38.5157 9.6458
35985.0000 38.4888 9.6155
35990.0000 38.4888 9.6155
35995.0000 38.4888 9.6155
36000.0000 38.5202 9.6507
36005.0000 38.4176 9.5509
36010.0000 38.3068 9.4366
36015.0000 38.2508 9.3853
36020.0000 38.2282 9.3636
36025.0000 38.2104 9.3633
36030.0000 38.2294 9.3814
36035.0000 38.2245 9.3833
36040.0000 38.2209 9.3826
36045.0000 38.2180 9.3841
36050.0000 38.2180 9.3841
36055.0000 38.2180 9.3841
36060.0000 38.2497 9.4155
36065.0000 38.2497 9.4155
36070.0000 38.2497 9.4155
36075.0000 38.3319 9.4380
36080.0000 38.3307 9.4361
36085.0000 38.3350 9.4349
36090.0000 38.3433 9.4325
36095.0000 38.3768 9.4692
36100.0000 38.3768 9.4692
36105.0000 38.3897 9.4674
36110.0000 38.4289 9.4820
36115.0000 38.4436 9.4819
36120.0000 38.4562 9.4935
36125.0000 38.3996 9.4427
36130.0000 38.1913 9.2804
36135.0000 38.0256 9.1470
36140.0000 37.9719 9.1279
36145.0000 37.9262 9.1339
36150.0000 37.9045 9.1383
36155.0000 37.8988 9.1407
36160.0000 37.9154 9.1343
36165.0000 37.9651 9.1538
36170.0000 37.9815 9.1475
36175.0000 37.9851 9.1465
36180.0000 37.9898 9.1453
36185.0000 37.9933 9.1448
36190.0000 38.0322 9.1876
36195.0000 38.0280 9.1889
36200.0000 38.0712 9.2287
36205.0000 38.1057 9.2512
36210.0000 38.1521 9.2802
36215.0000 38.1859 9.3171
36220.0000 38.1904 9.3170
36225.0000 38.1939 9.3176
36230.0000 38.1967 9.3171
36235.0000 38.2077 9.3168
36240.0000 38.2821 9.3861
36245.0000 38.2797 9.3852
36250.0000 38.2271 9.3471
36255.0000 38.1786 9.2975
36260.0000 38.1286 9.2927
36265.0000 38.1512 9.3101
36270.0000 38.1897 9.3303
36275.0000 38.1932 9.3301
36280.0000 38.2077 9.3267
36285.0000 38.2116 9.3246
36290.0000 38.2604 9.3504
36295.0000 38.2684 9.3462
36300.0000 38.3527 9.4121
36305.0000 38.3637 9.4098
36310.0000 38.2912 9.3566
36315.0000 38.2633 9.3101
36320.0000 38.2312 9.2923
36325.0000 38.2033 9.2874
36330.0000 38.2334 9.3223
36335.0000 38.1739 9.2477
36340.0000 38.2279 9.2964
36345.0000 38.2359 9.2937
36350.0000 38.2476 9.2916
36355.0000 38.2677 9.2875
36360.0000 38.3209 9.3251
36365.0000 38.3623 9.3465
36370.0000 38.3769 9.3465
36375.0000 38.3888 9.3426
36380.0000 38.4414 9.3754
36385.0000 38.4651 9.3809
36390.0000 38.4767 9.3777
36395.0000 38.4876 9.3785
36400.0000 38.4921 9.3797
36405.0000 38.4997 9.3819
36410.0000 38.5042 9.3833
36415.0000 38.5088 9.3819
36420.0000 38.5143 9.3845
36425.0000 38.5278 9.3807
36430.0000 38.5316 9.4050
36435.0000 38.5264 9.4066
36440.0000 38.4137 9.3351
36445.0000 38.3958 9.3368
36450.0000 38.3810 9.3389
36455.0000 38.3891 9.3377
36460.0000 38.3885 9.3357
36465.0000 38.3910 9.3350
36470.0000 38.3910 9.3350
36475.0000 38.3910 9.3350
36480.0000 38.3983 9.3321
36485.0000 38.4027 9.3304
36490.0000 38.4162 9.3249
36495.0000 38.4287 9.3212
36500.0000 38.4407 9.3224
36505.0000 38.4573 9.3251
36510.0000 38.4652 9.3289
36515.0000 38.5013 9.3759
36520.0000 38.4773 9.3538
36525.0000 38.4925 9.3524
36530.0000 38.5030 9.3525
36535.0000 38.5150 9.3542
36540.0000 38.5149 9.3532
36545.0000 38.4693 9.3117
36550.0000 38.4878 9.3842
36555.0000 38.4652 9.3665
36560.0000 38.4820 9.3907
36565.0000 38.4494 9.3845
36570.0000 38.4386 9.3887
36575.0000 38.4329 9.3911
36580.0000 38.4329 9.3911
36585.0000 38.4441 9.3905
36590.0000 38.4964 9.4114
36595.0000 38.5259 9.4272
36600.0000 38.5390 9.4275
36605.0000 38.5570 9.4286
36610.0000 38.5434 9.4122
36615.0000 38.5138 9.3715
36620.0000 38.4881 9.3746
36625.0000 38.4513 9.3785
36630.0000 38.4390 9.3805
36635.0000 38.4312 9.3838
36640.0000 38.4103 9.3886
36645.0000 38.4094 9.3936
36650.0000 38.4647 9.4318
36655.0000 38.4721 9.4279
36660.0000 38.5015 9.4366
36665.0000 38.4583 9.4039
36670.0000 38.3926 9.3753
36675.0000 38.3840 9.3779
36680.0000 38.3576 9.3550
36685.0000 38.3665 9.3536
36690.0000 38.3711 9.3543
36695.0000 38.3748 9.3584
36700.0000 38.3708 9.3577
36705.0000 38.3978 9.3858
36710.0000 38.4387 9.4310
36715.0000 38.4453 9.4204
36720.0000 38.4495 9.4231
36725.0000 38.4244 9.3957
36730.0000 38.3245 9.3153
36735.0000 38.2912 9.3141
36740.0000 38.2780 9.3152
36745.0000 38.2580 9.3135
36750.0000 38.2420 9.3088
36755.0000 38.2971 9.3561
36760.0000 38.2960 9.3524
36765.0000 38.2984 9.3518
36770.0000 38.3357 9.3919
36775.0000 38.3439 9.3904
36780.0000 38.3585 9.3996
36785.0000 38.3980 9.4350
36790.0000 38.3951 9.4340
36795.0000 38.4189 9.4502
36800.0000 38.3911 9.4016
36805.0000 38.4007 9.4005
36810.0000 38.4013 9.4394
36815.0000 38.4011 9.4392
36820.0000 38.4094 9.4365
36825.0000 38.4094 9.4365
36830.0000 38.4096 9.4367
36835.0000 38.4096 9.4367
36840.0000 38.4071 9.4377
36845.0000 38.3819 9.4181
36850.0000 38.2990 9.3639
36855.0000 38.2539 9.3270
36860.0000 38.2229 9.3369
36865.0000 38.2207 9.3366
36870.0000 38.2209 9.3371
36875.0000 38.2178 9.3384
36880.0000 38.2229 9.3440
36885.0000 38.2231 9.3478
36890.0000 38.2550 9.3726
36895.0000 38.2550 9.3726
36900.0000 38.2867 9.4122
36905.0000 38.2645 9.3750
36910.0000 38.1978 9.3087
36915.0000 38.2367 9.3410
36920.0000 38.2118 9.3219
36925.0000 38.2080 9.3241
36930.0000 38.2322 9.3725
36935.0000 38.2631 9.4075
36940.0000 38.2530 9.4096
36945.0000 38.2033 9.3538
36950.0000 38.2033 9.3538
36955.0000 38.2033 9.3538
36960.0000 38.1935 9.3582
36965.0000 38.1427 9.2999
36970.0000 38.0821 9.2821
36975.0000 38.0848 9.2997
36980.0000 38.0041 9.2267
36985.0000 38.0085 9.2660
36990.0000 37.9914 9.2615
36995.0000 38.0182 9.2990
37000.0000 38.0266 9.2999
37005.0000 38.0091 9.2605
37010.0000 38.0400 9.2610
37015.0000 38.0330 9.2531
37020.0000 38.0384 9.2511
37025.0000 38.0442 9.2491
37030.0000 38.0808 9.2777
37035.0000 38.0872 9.2757
37040.0000 38.1358 9.3007
37045.0000 38.1471 9.3000
37050.0000 38.1471 9.3000
37055.0000 38.1334 9.3059
37060.0000 38.1227 9.3122
37065.0000 38.1533 9.3471
37070.0000 38.1571 9.3455
37075.0000 38.1946 9.3825
37080.0000 38.1961 9.3820
37085.0000 38.1276 9.3101
37090.0000 38.0523 9.2637
37095.0000 37.9841 9.2109
37100.0000 37.9893 9.2078
37105.0000 38.0435 9.2741
37110.0000 38.0619 9.3194
37115.0000 38.0515 9.3118
37120.0000 38.0820 9.3466
37125.0000 38.1055 9.3452
37130.0000 38.1246 9.3502
37135.0000 38.1284 9.3515
37140.0000 38.1391 9.3524
37145.0000 38.1542 9.3421
37150.0000 38.0992 9.2861
37155.0000 38.0313 9.2519
37160.0000 37.9815 9.2355
37165.0000 37.9617 9.2315
37170.0000 37.9261 9.2285
37175.0000 37.9222 9.2309
37180.0000 37.9055 9.2344
37185.0000 37.9056 9.2341
37190.0000 37.9187 9.2324
37195.0000 37.9865 9.2897
37200.0000 38.0464 9.3227
37205.0000 38.0088 9.2979
37210.0000 38.0065 9.2943
37215.0000 37.9772 9.2627
37220.0000 38.0518 9.3281
37225.0000 38.0526 9.3282
37230.0000 38.0708 9.3243
37235.0000 38.0723 9.3263
37240.0000 38.0767 9.3253
37245.0000 38.1140 9.3674
37250.0000 38.1198 9.3667
37255.0000 38.1069 9.3364
37260.0000 38.1457 9.3760
37265.0000 38.1159 9.3505
37270.0000 37.9702 9.2412
37275.0000 37.9386 9.2360
37280.0000 37.9219 9.2390
37285.0000 37.8832 9.2395
37290.0000 37.8927 9.2619
37295.0000 37.8861 9.2685
37300.0000 37.8688 9.2231
37305.0000 37.9033 9.2688
37310.0000 37.8685 9.2189
37315.0000 37.8685 9.2189
37320.0000 37.9416 9.3008
37325.0000 37.9486 9.2984
37330.0000 37.9384 9.2953
37335.0000 37.9502 9.2927
37340.0000 37.9890 9.3338
37345.0000 37.9788 9.3211
37350.0000 38.0193 9.3553
37355.0000 37.9983 9.3292
37360.0000 37.9881 9.3293
37365.0000 37.9881 9.3293
37370.0000 37.9881 9.3293
37375.0000 38.0023 9.3283
37380.0000 38.0077 9.3322
37385.0000 38.0599 9.3650
37390.0000 38.0372 9.3556
37395.0000 38.0054 9.3174
37400.0000 37.9862 9.3186
37405.0000 37.9379 9.3218
37410.0000 37.9636 9.3692
37415.0000 37.9597 9.3724
37420.0000 37.9727 9.4029
37425.0000 37.9789 9.4036
37430.0000 37.9896 9.4031
37435.0000 37.9955 9.4030
37440.0000 38.0097 9.4032
37445.0000 38.0119 9.3878
37450.0000 37.9942 9.3872
37455.0000 37.9983 9.3887
37460.0000 37.9964 9.3910
37465.0000 38.0096 9.3936
37470.0000 38.0170 9.3944
37475.0000 38.0295 9.3959
37480.0000 38.1180 9.4837
37485.0000 38.1316 9.4824
37490.0000 38.1289 9.4696
37495.0000 38.1504 9.4737
37500.0000 38.1583 9.4760
37505.0000 38.1709 9.4738
37510.0000 38.1481 9.4526
37515.0000 38.2193 9.4950
37520.0000 38.2541 9.5430
37525.0000 38.2571 9.5449
37530.0000 38.2456 9.5516
37535.0000 38.2497 9.5539
37540.0000 38.2199 9.5225
37545.0000 38.2664 9.5719
37550.0000 38.2802 9.5793
37555.0000 38.2849 9.5801
37560.0000 38.2936 9.5818
37565.0000 38.3067 9.5844
37570.0000 38.3067 9.5844
37575.0000 38.2741 9.5509
37580.0000 38.2884 9.5823
37585.0000 38.2709 9.5849
37590.0000 38.2609 9.5863
37595.0000 38.2705 9.5977
37600.0000 38.2862 9.6266
37605.0000 38.2737 9.5585
37610.0000 38.2790 9.5590
37615.0000 38.2790 9.5590
37620.0000 38.3564 9.6467
37625.0000 38.3604 9.6490
37630.0000 38.1940 9.5117
37635.0000 38.1352 9.4817
37640.0000 38.1309 9.4833
37645.0000 38.1342 9.4873
37650.0000 38.1227 9.4922
37655.0000 38.1293 9.4899
37660.0000 38.1297 9.4896
37665.0000 38.1348 9.4879
37670.0000 38.1404 9.4865
37675.0000 38.1540 9.4839
37680.0000 38.2067 9.5266
37685.0000 38.1483 9.4620
37690.0000 38.0616 9.4076
37695.0000 38.0689 9.4325
37700.0000 38.1528 9.5137
37705.0000 38.1703 9.5537
37710.0000 38.1947 9.5909
37715.0000 38.1971 9.5991
37720.0000 38.1908 9.5995
37725.0000 38.1940 9.6031
37730.0000 38.1984 9.6046
37735.0000 38.2151 9.6048
37740.0000 38.2254 9.6035
37745.0000 38.2193 9.5840
37750.0000 38.2180 9.5767
37755.0000 38.2522 9.5951
37760.0000 38.2731 9.6046
37765.0000 38.2924 9.6172
37770.0000 38.2742 9.6210
37775.0000 38.2701 9.6236
37780.0000 38.2665 9.6225
37785.0000 38.1953 9.5270
37790.0000 38.2758 9.6189
37795.0000 38.2847 9.6176
37800.0000 38.2929 9.6178
37805.0000 38.2935 9.6182
37810.0000 38.2299 9.5734
37815.0000 38.2339 9.5737
37820.0000 38.2620 9.5928
37825.0000 38.2764 9.5925
37830.0000 38.2735 9.5901
37835.0000 38.2780 9.5898
37840.0000 38.3008 9.6165
37845.0000 38.3026 9.6171
37850.0000 38.3398 9.6309
37855.0000 38.4854 9.7473
37860.0000 38.4934 9.7562
37865.0000 38.4934 9.7562
37870.0000 38.4340 9.7193
37875.0000 38.3903 9.6963
37880.0000 38.3903 9.6978
37885.0000 38.4214 9.7376
37890.0000 38.4527 9.7651
37895.0000 38.5457 9.8316
37900.0000 38.5556 9.8351
37905.0000 38.5646 9.8384
37910.0000 38.5646 9.8384
37915.0000 38.5544 9.8273
37920.0000 38.5952 9.8668
37925.0000 38.5274 9.7987
37930.0000 38.5365 9.7917
37935.0000 38.5228 9.7562
37940.0000 38.5431 9.7723
37945.0000 38.5902 9.8040
37950.0000 38.5755 9.8077
37955.0000 38.6411 9.8521
37960.0000 38.6569 9.8825
37965.0000 38.6601 9.8841
37970.0000 38.7051 9.9282
37975.0000 38.6828 9.8982
37980.0000 38.7114 9.9343
37985.0000 38.7201 9.9614
37990.0000 38.5883 9.8384
37995.0000 38.5542 9.7928
38000.0000 38.5529 9.7956
38005.0000 38.5761 9.8474
38010.0000 38.6040 9.8677
38015.0000 38.6040 9.8677
38020.0000 38.6215 9.9019
38025.0000 38.6179 9.8877
38030.0000 38.6038 9.8721
38035.0000 38.6108 9.8697
38040.0000 38.6150 9.8682
38045.0000 38.5485 9.8157
38050.0000 38.5439 9.8355
38055.0000 38.4752 9.7720
38060.0000 38.4916 9.7970
38065.0000 38.4744 9.7935
38070.0000 38.3930 9.7428
38075.0000 38.3929 9.7428
38080.0000 38.3970 9.7416
38085.0000 38.3970 9.7416
38090.0000 38.3970 9.7416
38095.0000 38.4011 9.7404
38100.0000 38.4054 9.7406
38105.0000 38.4012 9.7303
38110.0000 38.2986 9.6363
38115.0000 38.2728 9.6392
38120.0000 38.2728 9.6392
38125.0000 38.2828 9.6662
38130.0000 38.2640 9.6729
38135.0000 38.2739 9.6739
38140.0000 38.2633 9.6771
38145.0000 38.2541 9.6794
38150.0000 38.2586 9.6775
38155.0000 38.2674 9.6746
38160.0000 38.2982 9.7055
38165.0000 38.2847 9.7001
38170.0000 38.0661 9.5322
38175.0000 37.9752 9.4490
38180.0000 37.9678 9.4510
38185.0000 38.0400 9.4924
38190.0000 38.1031 9.5425
38195.0000 38.1456 9.5591
38200.0000 38.1509 9.5576
38205.0000 38.1607 9.5549
38210.0000 38.1660 9.5464
38215.0000 38.1726 9.5453
38220.0000 38.1691 9.5469
38225.0000 38.1661 9.5483
38230.0000 38.0978 9.5082
38235.0000 38.0903 9.5057
38240.0000 38.0595 9.4861
38245.0000 38.0510 9.4883
38250.0000 38.0332 9.4941
38255.0000 38.0746 9.5348
38260.0000 38.1488 9.6285
38265.0000 38.1350 9.6344
38270.0000 38.1471 9.6349
38275.0000 38.1662 9.6301
38280.0000 38.1833 9.6247
38285.0000 38.0567 9.4871
38290.0000 37.9838 9.4472
38295.0000 38.0102 9.4718
38300.0000 37.9655 9.4324
38305.0000 37.9566 9.4807
38310.0000 37.8948 9.4594
38315.0000 37.8862 9.4635
38320.0000 37.9345 9.5270
38325.0000 37.9291 9.5278
38330.0000 37.9411 9.5254
38335.0000 38.0108 9.5906
38340.0000 38.0077 9.5920
38345.0000 37.8439 9.4458
38350.0000 37.8305 9.4536
38355.0000 37.7895 9.4231
38360.0000 37.8115 9.4391
38365.0000 37.8411 9.4702
38370.0000 37.8417 9.4718
38375.0000 37.8365 9.4659
38380.0000 37.9214 9.5565
38385.0000 37.9421 9.5700
38390.0000 37.8873 9.4954
38395.0000 37.8237 9.4248
38400.0000 37.8188 9.4271
38405.0000 37.8239 9.4275
38410.0000 37.8239 9.4275
38415.0000 37.8508 9.4600
38420.0000 37.7417 9.4034
38425.0000 37.7276 9.4026
38430.0000 37.7022 9.4036
38435.0000 37.7088 9.4014
38440.0000 37.7516 9.4631
38445.0000 37.7570 9.4621
38450.0000 37.7570 9.4621
38455.0000 37.7570 9.4621
38460.0000 37.7158 9.4218
38465.0000 37.5605 9.3018
38470.0000 37.5476 9.3459
38475.0000 37.4839 9.2680
38480.0000 37.5126 9.3027
38485.0000 37.5467 9.3556
38490.0000 37.5284 9.3566
38495.0000 37.5162 9.3523
38500.0000 37.5162 9.3523
38505.0000 37.5109 9.3531
38510.0000 37.5109 9.3531
38515.0000 37.5181 9.3544
38520.0000 37.5181 9.3544
38525.0000 37.5252 9.3514
38530.0000 37.4958 9.3181
38535.0000 37.4705 9.2792
38540.0000 37.4621 9.2794
38545.0000 37.4405 9.2772
38550.0000 37.4442 9.2759
38555.0000 37.4536 9.2737
38560.0000 37.4556 9.2721
38565.0000 37.4541 9.2717
38570.0000 37.4500 9.2548
38575.0000 37.4554 9.2383
38580.0000 37.4997 9.2856
38585.0000 37.4836 9.2523
38590.0000 37.4175 9.1863
38595.0000 37.4078 9.1715
38600.0000 37.4275 9.1893
38605.0000 37.4773 9.2584
38610.0000 37.4430 9.2130
38615.0000 37.4670 9.2356
38620.0000 37.4597 9.2272
38625.0000 37.4597 9.2272
38630.0000 37.4620 9.2166
38635.0000 37.4991 9.2369
38640.0000 37.4923 9.2162
38645.0000 37.4857 9.2166
38650.0000 37.4857 9.2166
38655.0000 37.3968 9.1756
38660.0000 37.3912 9.1967
38665.0000 37.3512 9.2002
38670.0000 37.3324 9.1979
38675.0000 37.3281 9.2002
38680.0000 37.3060 9.2074
38685.0000 37.2970 9.2095
38690.0000 37.3013 9.2097
38695.0000 37.3038 9.2085
38700.0000 37.3042 9.2083
38705.0000 37.1890 9.1330
38710.0000 37.0949 9.0490
38715.0000 37.0845 9.0111
38720.0000 37.0696 8.9675
38725.0000 37.0736 8.9634
38730.0000 37.0798 8.9613
38735.0000 37.0927 8.9628
38740.0000 37.1114 8.9593
38745.0000 37.1532 8.9788
38750.0000 37.1823 9.0061
38755.0000 37.2580 9.0727
38760.0000 37.2580 9.0727
38765.0000 37.1943 9.0374
38770.0000 37.1374 8.9866
38775.0000 37.0072 8.8665
38780.0000 36.9360 8.8529
38785.0000 36.9004 8.8532
38790.0000 36.9483 8.8876
38795.0000 36.9819 8.9224
38800.0000 36.9805 8.9524
38805.0000 36.9782 8.9568
38810.0000 37.0276 9.0026
38815.0000 37.0675 9.0181
38820.0000 37.1183 9.0482
38825.0000 37.1333 9.0435
38830.0000 37.1032 9.0109
38835.0000 37.1171 9.0073
38840.0000 37.2459 9.1356
38845.0000 37.2666 9.1430
38850.0000 37.2882 9.1464
38855.0000 37.3119 9.1523
38860.0000 37.3419 9.2101
38865.0000 37.3642 9.2389
38870.0000 37.3656 9.2351
38875.0000 37.3693 9.2343
38880.0000 37.3728 9.2348
38885.0000 37.3564 9.1905
38890.0000 37.3575 9.1928
38895.0000 37.3362 9.1985
38900.0000 37.3081 9.2081
38905.0000 37.3097 9.2466
38910.0000 37.2682 9.2293
38915.0000 37.2682 9.2293
38920.0000 37.2232 9.1947
38925.0000 37.2659 9.2520
38930.0000 37.2659 9.2520
38935.0000 37.2795 9.2595
38940.0000 37.2795 9.2595
38945.0000 37.2795 9.2595
38950.0000 37.1560 9.1647
38955.0000 37.1184 9.1614
38960.0000 37.0477 9.1152
38965.0000 37.0552 9.1415
38970.0000 37.0535 9.1445
38975.0000 37.0505 9.1461
38980.0000 37.0016 9.1051
38985.0000 37.0495 9.1729
38990.0000 37.0753 9.2032
38995.0000 37.1099 9.2351
39000.0000 37.1099 9.2351
39005.0000 37.0538 9.1653
39010.0000 37.1050 9.2121
39015.0000 37.1011 9.2129
39020.0000 37.0956 9.2126
39025.0000 37.1052 9.2332
39030.0000 37.1113 9.2688
39035.0000 37.1064 9.2709
39040.0000 37.1064 9.2709
39045.0000 37.0948 9.2452
39050.0000 37.0948 9.2452
39055.0000 37.0498 9.1928
39060.0000 37.1392 9.2803
39065.0000 37.0731 9.2186
39070.0000 37.0123 9.1470
39075.0000 37.0141 9.1398
39080.0000 36.9974 9.0951
39085.0000 36.9944 9.0983
39090.0000 36.9777 9.0975
39095.0000 36.9769 9.0985
39100.0000 36.9661 9.1015
39105.0000 36.9686 9.1011
39110.0000 36.9718 9.1007
39115.0000 36.9766 9.0995
39120.0000 36.9801 9.0975
39125.0000 36.9569 9.0807
39130.0000 37.0275 9.1175
39135.0000 36.9834 9.0730
39140.0000 36.9723 9.0836
39145.0000 36.9364 9.0246
39150.0000 36.9225 9.0227
39155.0000 36.9225 9.0227
39160.0000 36.9452 9.0527
39165.0000 36.9554 9.0492
39170.0000 36.9603 9.0471
39175.0000 36.9939 9.0807
39180.0000 36.9909 9.0821
39185.0000 36.9421 9.0489
39190.0000 36.8588 8.9950
39195.0000 36.8263 8.9479
39200.0000 36.7366 8.9008
39205.0000 36.7042 8.9051
39210.0000 36.6971 8.8989
39215.0000 36.6908 8.8988
39220.0000 36.6892 8.8963
39225.0000 36.7396 8.9393
39230.0000 36.7430 8.9389
39235.0000 36.7430 8.9389
39240.0000 36.7390 8.9418
39245.0000 36.7716 8.9787
39250.0000 36.7624 8.9604
39255.0000 36.7614 8.9583
39260.0000 36.7702 8.9536
39265.0000 36.7723 8.9560
39270.0000 36.8247 8.9797
39275.0000 36.8810 8.9723
39280.0000 36.9019 8.9622
39285.0000 36.9634 9.0056
39290.0000 36.9513 8.9700
39295.0000 37.0246 9.0171
39300.0000 37.1023 9.0617
39305.0000 37.0517 9.0187
39310.0000 36.9569 8.9728
39315.0000 36.8146 8.8370
39320.0000 36.7897 8.8005
39325.0000 36.7785 8.8040
39330.0000 36.7885 8.8291
39335.0000 36.7974 8.8269
39340.0000 36.8457 8.8767
39345.0000 36.8502 8.8801
39350.0000 36.8634 8.8828
39355.0000 36.8753 8.8868
39360.0000 36.8541 8.8622
39365.0000 36.9162 8.9163
39370.0000 36.9216 8.9143
39375.0000 36.9588 8.9467
39380.0000 36.9750 8.9505
39385.0000 36.9826 8.9538
39390.0000 36.9959 8.9601
39395.0000 37.0514 8.9760
39400.0000 37.0819 8.9960
39405.0000 37.1446 9.0215
39410.0000 37.1478 9.0205
39415.0000 37.1521 9.0192
39420.0000 37.1875 9.0402
39425.0000 37.1876 9.0374
39430.0000 37.1438 9.0352
39435.0000 37.1962 9.0960
39440.0000 37.1772 9.1018
39445.0000 37.2237 9.1490
39450.0000 37.3118 9.2373
39455.0000 37.3664 9.2793
39460.0000 37.3663 9.2795
39465.0000 37.3698 9.2776
39470.0000 37.3698 9.2776
39475.0000 37.3528 9.2287
39480.0000 37.3556 9.2167
39485.0000 37.3955 9.2424
39490.0000 37.4270 9.2560
39495.0000 37.4786 9.2977
39500.0000 37.4870 9.2960
39505.0000 37.4942 9.2947
39510.0000 37.5644 9.3470
39515.0000 37.5644 9.3470
39520.0000 37.5678 9.3453
39525.0000 37.5635 9.3462
39530.0000 37.6151 9.3878
39535.0000 37.6622 9.4328
39540.0000 37.6643 9.4356
39545.0000 37.6001 9.3841
39550.0000 37.5235 9.2856
39555.0000 37.5982 9.3452
39560.0000 37.5666 9.3296
39565.0000 37.5832 9.3602
39570.0000 37.5636 9.3630
39575.0000 37.5636 9.3630
39580.0000 37.6003 9.4158
39585.0000 37.5965 9.4170
39590.0000 37.6301 9.4550
39595.0000 37.6550 9.4571
39600.0000 37.6366 9.4140
39605.0000 37.6604 9.4094
39610.0000 37.6659 9.4090
39615.0000 37.6859 9.4089
39620.0000 37.7286 9.4324
39625.0000 37.7118 9.4369
39630.0000 37.7178 9.4455
39635.0000 37.7710 9.4570
39640.0000 37.7813 9.4551
39645.0000 37.7904 9.4563
39650.0000 37.8272 9.4480
39655.0000 37.8573 9.4375
39660.0000 37.8839 9.4296
39665.0000 37.8578 9.3916
39670.0000 37.8552 9.3673
39675.0000 37.8266 9.3087
39680.0000 37.9125 9.3821
39685.0000 37.9537 9.4031
39690.0000 37.9728 9.3974
39695.0000 37.9754 9.3769
39700.0000 38.0054 9.3726
39705.0000 38.0258 9.3717
39710.0000 38.0494 9.3639
39715.0000 38.0763 9.3543
39720.0000 38.1124 9.3767
39725.0000 38.0832 9.3405
39730.0000 38.0325 9.3029
39735.0000 38.0027 9.3206
39740.0000 38.0460 9.3577
39745.0000 38.0553 9.3945
39750.0000 38.0410 9.3920
39755.0000 38.0382 9.3935
39760.0000 38.0234 9.3970
39765.0000 38.0160 9.4003
39770.0000 38.0860 9.4671
39775.0000 38.0937 9.4635
39780.0000 38.0986 9.4613
39785.0000 38.0412 9.3835
39790.0000 38.0744 9.4023
39795.0000 38.0959 9.3992
39800.0000 38.1003 9.3898
39805.0000 38.1136 9.3857
39810.0000 38.1389 9.4140
39815.0000 38.1850 9.4590
39820.0000 38.2254 9.4970
39825.0000 38.2419 9.5284
39830.0000 38.2677 9.5226
39835.0000 38.2747 9.5188
39840.0000 38.2545 9.4998
39845.0000 38.3122 9.5393
39850.0000 38.2711 9.4868
39855.0000 38.1860 9.4028
39860.0000 38.1861 9.4028
39865.0000 38.1870 9.4242
39870.0000 38.1755 9.4142
39875.0000 38.1763 9.4133
39880.0000 38.2045 9.4066
39885.0000 38.2907 9.4548
39890.0000 38.2980 9.4517
39895.0000 38.3173 9.4462
39900.0000 38.3680 9.4859
39905.0000 38.3741 9.4844
39910.0000 38.3853 9.4841
39915.0000 38.4001 9.5004
39920.0000 38.4323 9.5294
39925.0000 38.3859 9.4926
39930.0000 38.3960 9.4927
39935.0000 38.4503 9.5349
39940.0000 38.4610 9.5355
39945.0000 38.4625 9.5350
39950.0000 38.5001 9.5614
39955.0000 38.5085 9.5597
39960.0000 38.5271 9.5547
39965.0000 38.4469 9.4654
39970.0000 38.3684 9.4053
39975.0000 38.2988 9.3833
39980.0000 38.3101 9.3867
39985.0000 38.2805 9.3569
39990.0000 38.2988 9.3721
39995.0000 38.3335 9.3826
40000.0000 38.3980 9.4594
40005.0000 38.3980 9.4594
40010.0000 38.4038 9.4661
40015.0000 38.4089 9.4719
40020.0000 38.3778 9.4440
40025.0000 38.4519 9.5342
40030.0000 38.3176 9.4082
40035.0000 38.3937 9.4952
40040.0000 38.3519 9.4729
40045.0000 38.2968 9.4252
40050.0000 38.2855 9.4138
40055.0000 38.2797 9.4167
40060.0000 38.2595 9.4098
40065.0000 38.3239 9.4885
40070.0000 38.3443 9.5080
40075.0000 38.3443 9.5080
40080.0000 38.3407 9.5099
40085.0000 38.3043 9.4699
40090.0000 38.2691 9.4499
40095.0000 38.1232 9.3158
40100.0000 38.1100 9.3129
40105.0000 38.0555 9.2737
40110.0000 38.1590 9.3702
40115.0000 38.2032 9.4122
40120.0000 38.2616 9.4878
40125.0000 38.3203 9.5442
40130.0000 38.3574 9.5854
40135.0000 38.3644 9.5853
40140.0000 38.4063 9.6229
40145.0000 38.3833 9.5923
40150.0000 38.3711 9.5590
40155.0000 38.3272 9.5048
40160.0000 38.3808 9.5327
40165.0000 38.3764 9.5598
40170.0000 38.3649 9.5743
40175.0000 38.3615 9.5758
40180.0000 38.3615 9.5758
40185.0000 38.4141 9.6519
40190.0000 38.4476 9.6855
40195.0000 38.5152 9.7369
40200.0000 38.5139 9.7384
40205.0000 38.5139 9.7384
40210.0000 38.5139 9.7384
40215.0000 38.5089 9.7372
40220.0000 38.5539 9.7602
40225.0000 38.5702 9.7666
40230.0000 38.5905 9.7998
40235.0000 38.5304 9.7241
40240.0000 38.5295 9.7262
40245.0000 38.5588 9.7341
40250.0000 38.6287 9.7618
40255.0000 38.7200 9.8060
40260.0000 38.7847 9.8309
40265.0000 38.8180 9.8606
40270.0000 38.6545 9.7487
40275.0000 38.7072 9.8215
40280.0000 38.7013 9.8425
40285.0000 38.6734 9.8618
40290.0000 38.6469 9.8580
40295.0000 38.6364 9.8526
40300.0000 38.6275 9.8424
40305.0000 38.6739 9.8774
40310.0000 38.6947 9.8756
40315.0000 38.7321 9.8966
40320.0000 38.7143 9.8709
40325.0000 38.7421 9.8991
40330.0000 38.7565 9.9068
40335.0000 38.7676 9.9230
40340.0000 38.7649 9.9269
40345.0000 38.7578 9.9397
40350.0000 38.7597 9.9569
40355.0000 38.7529 9.9585
40360.0000 38.7865 9.9998
40365.0000 38.8068 10.0024
40370.0000 38.8471 10.0419
40375.0000 38.8554 10.0483
40380.0000 38.8727 10.0556
40385.0000 38.9150 10.0996
40390.0000 38.8284 10.0056
40395.0000 38.7476 9.9209
40400.0000 38.7465 9.9484
40405.0000 38.7465 9.9718
40410.0000 38.7382 9.9748
40415.0000 38.7640 10.0080
40420.0000 38.7789 10.0107
40425.0000 38.8143 10.0325
40430.0000 38.8231 10.0311
40435.0000 38.8317 10.0277
40440.0000 38.8489 10.0250
40445.0000 38.8761 10.0297
40450.0000 38.7944 9.9194
40455.0000 38.7282 9.8370
40460.0000 38.7690 9.8631
40465.0000 38.8004 9.9029
40470.0000 38.7845 9.8993
40475.0000 38.7841 9.9014
40480.0000 38.7676 9.9071
40485.0000 38.8878 10.0159
40490.0000 38.9647 10.0810
40495.0000 38.9813 10.0783
40500.0000 38.9721 10.0468
40505.0000 38.9511 10.0199
40510.0000 38.9490 9.9957
40515.0000 38.9179 9.9581
40520.0000 38.9266 9.9582
40525.0000 38.9393 9.9626
40530.0000 38.9841 10.0015
40535.0000 39.0041 10.0016
40540.0000 39.0105 10.0038
40545.0000 39.0159 10.0048
40550.0000 39.0219 10.0059
40555.0000 39.0637 10.0319
40560.0000 39.1018 10.0275
40565.0000 39.1038 10.0164
40570.0000 39.0342 9.9537
40575.0000 38.9775 9.8962
40580.0000 38.8963 9.8518
40585.0000 38.8532 9.8246
40590.0000 38.8381 9.8332
40595.0000 38.8756 9.8646
40600.0000 38.8586 9.8527
40605.0000 38.9101 9.8887
40610.0000 38.9504 9.9265
40615.0000 38.9620 9.9299
40620.0000 38.9660 9.9315
40625.0000 39.0143 9.9540
40630.0000 39.0551 9.9867
40635.0000 39.0755 10.0099
40640.0000 39.0686 10.0079
40645.0000 39.0771 10.0204
40650.0000 39.0836 10.0274
40655.0000 39.0836 10.0274
40660.0000 39.1614 10.0819
40665.0000 39.1824 10.1152
40670.0000 39.1517 10.0875
40675.0000 39.1598 10.0841
40680.0000 39.1074 10.0096
40685.0000 39.0808 10.0016
40690.0000 38.9910 9.9250
40695.0000 38.8737 9.8261
40700.0000 38.7681 9.7518
40705.0000 38.7886 9.8021
40710.0000 38.7661 9.8228
40715.0000 38.7994 9.8494
40720.0000 38.7953 9.8507
40725.0000 38.8411 9.8953
40730.0000 38.8773 9.9057
40735.0000 38.8772 9.8791
40740.0000 38.8052 9.7831
40745.0000 38.8107 9.7767
40750.0000 38.7835 9.7362
40755.0000 38.7890 9.7224
40760.0000 38.7137 9.6569
40765.0000 38.7091 9.6656
40770.0000 38.6859 9.6439
40775.0000 38.6899 9.6369
40780.0000 38.6987 9.6352
40785.0000 38.7425 9.6632
40790.0000 38.7526 9.6637
40795.0000 38.7584 9.6640
40800.0000 38.7625 9.6643
40805.0000 38.6738 9.5954
40810.0000 38.6420 9.5636
40815.0000 38.5782 9.5131
40820.0000 38.5106 9.4473
40825.0000 38.5142 9.4463
40830.0000 38.5926 9.5464
40835.0000 38.6273 9.5747
40840.0000 38.6331 9.5758
40845.0000 38.6389 9.5770
40850.0000 38.6488 9.5760
40855.0000 38.6830 9.6011
40860.0000 38.7131 9.6219
40865.0000 38.7223 9.6173
40870.0000 38.7782 9.6643
40875.0000 38.7948 9.6549
40880.0000 38.8066 9.6507
40885.0000 38.7932 9.6522
40890.0000 38.8262 9.6988
40895.0000 38.8484 9.6840
40900.0000 38.8691 9.6967
40905.0000 38.9395 9.7541
40910.0000 38.9666 9.7733
40915.0000 39.0410 9.8377
40920.0000 39.0654 9.8510
40925.0000 39.0338 9.8260
40930.0000 39.0475 9.8202
40935.0000 39.1592 9.9043
40940.0000 39.1712 9.9029
40945.0000 39.2803 9.9972
40950.0000 39.3189 10.0233
40955.0000 39.4023 10.1027
40960.0000 39.3715 10.0723
40965.0000 39.3847 10.0830
40970.0000 39.3602 10.0480
40975.0000 39.3685 10.0570
40980.0000 39.4077 10.1149
40985.0000 39.3296 10.0710
40990.0000 39.1979 9.9449
40995.0000 39.1012 9.8622
41000.0000 39.0957 9.8358
41005.0000 39.1141 9.8474
41010.0000 39.1595 9.9217
41015.0000 39.1595 9.9198
41020.0000 39.1892 9.9316
41025.0000 39.2271 9.9727
41030.0000 39.2001 9.9405
41035.0000 39.3118 10.0404
41040.0000 39.3252 10.0439
41045.0000 39.2844 9.9954
41050.0000 39.3314 10.0461
41055.0000 39.2770 9.9944
41060.0000 39.2531 10.0230
41065.0000 39.3360 10.1166
41070.0000 39.3330 10.1265
41075.0000 39.3242 10.1255
41080.0000 39.3260 10.1232
41085.0000 39.3220 10.1267
41090.0000 39.3175 10.1304
41095.0000 39.3581 10.1573
41100.0000 39.4115 10.2113
41105.0000 39.4095 10.2116
41110.0000 39.3771 10.1631
41115.0000 39.3787 10.1606
41120.0000 39.4222 10.1735
41125.0000 39.3837 10.1461
41130.0000 39.3812 10.1365
41135.0000 39.3860 10.1364
41140.0000 39.3679 10.1239
41145.0000 39.3328 10.0859
41150.0000 39.3405 10.0841
41155.0000 39.3329 10.0670
41160.0000 39.3639 10.0937
41165.0000 39.3869 10.1469
41170.0000 39.3304 10.1096
41175.0000 39.2894 10.0670
41180.0000 39.2363 10.0169
41185.0000 39.1599 9.9778
41190.0000 39.1598 10.0142
41195.0000 39.1562 10.0153
41200.0000 39.1994 10.0625
41205.0000 39.1912 10.0669
41210.0000 39.1824 10.0692
41215.0000 39.2420 10.1131
41220.0000 39.2117 10.0799
41225.0000 39.2486 10.0994
41230.0000 39.2484 10.0982
41235.0000 39.2141 10.0671
41240.0000 39.2099 10.0663
41245.0000 39.1946 10.0678
41250.0000 39.1995 10.0644
41255.0000 39.2078 10.0625
41260.0000 39.2281 10.0596
41265.0000 39.2598 10.0561
41270.0000 39.2704 10.0550
41275.0000 39.2952 10.0641
41280.0000 39.2828 10.0466
41285.0000 39.2443 9.9903
41290.0000 39.2516 9.9932
41295.0000 39.2201 9.9516
41300.0000 39.2416 9.9781
41305.0000 39.2429 9.9877
41310.0000 39.2449 9.9876
41315.0000 39.2438 9.9846
41320.0000 39.2767 10.0238
41325.0000 39.2852 10.0236
41330.0000 39.2869 10.0244
41335.0000 39.3006 10.0242
41340.0000 39.3581 10.0538
41345.0000 39.3161 10.0098
41350.0000 39.2065 9.9326
41355.0000 39.2039 9.8984
41360.0000 39.2030 9.8993
41365.0000 39.1785 9.9075
41370.0000 39.1791 9.9059
41375.0000 39.1839 9.9065
41380.0000 39.1948 9.9092
41385.0000 39.1950 9.9156
41390.0000 39.1739 9.8772
41395.0000 39.2749 9.9629
41400.0000 39.2911 9.9669
41405.0000 39.3280 9.9893
41410.0000 39.3115 9.9811
41415.0000 39.1353 9.7870
41420.0000 39.0788 9.7187
41425.0000 39.0517 9.7182
41430.0000 39.0392 9.7220
41435.0000 39.0307 9.7178
41440.0000 39.0354 9.7279
41445.0000 39.0472 9.7283
41450.0000 39.0514 9.7302
41455.0000 39.0608 9.7317
41460.0000 39.0787 9.7329
41465.0000 39.0849 9.7341
41470.0000 39.0402 9.6717
41475.0000 39.0416 9.6741
41480.0000 39.1068 9.7153
41485.0000 39.1496 9.7596
41490.0000 39.1509 9.7687
41495.0000 39.1597 9.7694
41500.0000 39.1646 9.7702
41505.0000 39.1797 9.7706
41510.0000 39.1910 9.7684
41515.0000 39.2402 9.7973
41520.0000 39.3197 9.8522
41525.0000 39.3380 9.8516
41530.0000 39.3421 9.8488
41535.0000 39.3455 9.8481
41540.0000 39.3567 9.8459
41545.0000 39.3711 9.8441
41550.0000 39.3778 9.8531
41555.0000 39.3822 9.8477
41560.0000 39.3857 9.8557
41565.0000 39.3961 9.8556
41570.0000 39.4092 9.8529
41575.0000 39.4197 9.8500
41580.0000 39.4241 9.8474
41585.0000 39.4324 9.8501
41590.0000 39.4458 9.8548
41595.0000 39.4578 9.8570
41600.0000 39.5270 9.9044
41605.0000 39.5593 9.9476
41610.0000 39.5504 9.9478
41615.0000 39.5869 9.9773
41620.0000 39.6052 9.9757
41625.0000 39.6890 10.0526
41630.0000 39.7111 10.0533
41635.0000 39.7266 10.0539
41640.0000 39.7687 10.0872
41645.0000 39.8026 10.1170
41650.0000 39.7298 10.0455
41655.0000 39.7442 10.0525
41660.0000 39.7560 10.0582
41665.0000 39.7707 10.0974
41670.0000 39.7854 10.1116
41675.0000 39.7706 10.0939
41680.0000 39.7513 10.0796
41685.0000 39.7519 10.0668
41690.0000 39.7758 10.0879
41695.0000 39.7867 10.0931
41700.0000 39.8087 10.1152
41705.0000 39.8141 10.1303
41710.0000 39.8039 10.1190
41715.0000 39.7425 10.0655
41720.0000 39.7362 10.0814
41725.0000 39.6464 10.0478
41730.0000 39.6746 10.1038
41735.0000 39.6757 10.1427
41740.0000 39.5789 10.0768
41745.0000 39.6360 10.1532
41750.0000 39.6795 10.1927
41755.0000 39.6784 10.1851
41760.0000 39.6291 10.0929
41765.0000 39.6476 10.0908
41770.0000 39.6146 10.0939
41775.0000 39.5635 10.0600
41780.0000 39.5472 10.0360
41785.0000 39.6337 10.1114
41790.0000 39.6052 10.0690
41795.0000 39.6138 10.0679
41800.0000 39.6103 10.0501
41805.0000 39.7086 10.1006
41810.0000 39.7079 10.0898
41815.0000 39.7093 10.0837
41820.0000 39.7289 10.1055
41825.0000 39.6561 10.0175
41830.0000 39.6185 9.9997
41835.0000 39.4468 9.8125
41840.0000 39.4282 9.7959
41845.0000 39.3363 9.7337
41850.0000 39.3719 9.7746
41855.0000 39.4087 9.8056
41860.0000 39.4070 9.8074
41865.0000 39.4057 9.8071
41870.0000 39.4181 9.8272
41875.0000 39.4271 9.8228
41880.0000 39.4772 9.8631
41885.0000 39.4481 9.8134
41890.0000 39.4479 9.8029
41895.0000 39.4778 9.8069
41900.0000 39.4948 9.8088
41905.0000 39.5008 9.8214
41910.0000 39.4930 9.8215
41915.0000 39.4895 9.8195
41920.0000 39.5026 9.8177
41925.0000 39.5668 9.8724
41930.0000 39.5170 9.8246
41935.0000 39.5728 9.8691
41940.0000 39.5875 9.8662
41945.0000 39.5832 9.8665
41950.0000 39.5278 9.8073
41955.0000 39.5314 9.8096
41960.0000 39.5400 9.8146
41965.0000 39.5427 9.8153
41970.0000 39.5217 9.8159
41975.0000 39.5491 9.8422
41980.0000 39.5459 9.8433
41985.0000 39.5459 9.8433
41990.0000 39.5542 9.8412
41995.0000 39.5671 9.8458
42000.0000 39.6000 9.8757
42005.0000 39.5697 9.8271
42010.0000 39.5883 9.8245
42015.0000 39.5957 9.8225
42020.0000 39.5949 9.8198
42025.0000 39.5471 9.7726
42030.0000 39.6319 9.8704
42035.0000 39.6971 9.9335
42040.0000 39.6995 9.9361
42045.0000 39.7622 10.0042
42050.0000 39.7342 9.9569
42055.0000 39.7342 9.9569
42060.0000 39.7342 9.9569
42065.0000 39.7446 9.9576
42070.0000 39.6795 9.8926
42075.0000 39.6420 9.8622
42080.0000 39.5838 9.8137
42085.0000 39.5875 9.8394
42090.0000 39.5916 9.8352
42095.0000 39.5920 9.8255
42100.0000 39.5900 9.8065
42105.0000 39.5900 9.8065
42110.0000 39.5948 9.8069
42115.0000 39.6039 9.8078
42120.0000 39.6077 9.8083
42125.0000 39.6070 9.8013
42130.0000 39.6137 9.8017
42135.0000 39.5399 9.7259
42140.0000 39.5078 9.7003
42145.0000 39.4803 9.7323
42150.0000 39.4883 9.7343
42155.0000 39.5238 9.7855
42160.0000 39.5314 9.7906
42165.0000 39.5846 9.8317
42170.0000 39.6079 9.8673
42175.0000 39.6280 9.8815
42180.0000 39.6254 9.8875
42185.0000 39.6089 9.8756
42190.0000 39.5654 9.8472
42195.0000 39.6078 9.8689
42200.0000 39.6086 9.8677
42205.0000 39.6159 9.8633
42210.0000 39.6256 9.8586
42215.0000 39.6312 9.8572
42220.0000 39.6312 9.8572
42225.0000 39.6410 9.8559
42230.0000 39.6418 9.8553
42235.0000 39.6418 9.8553
42240.0000 39.6317 9.8445
42245.0000 39.6408 9.8443
42250.0000 39.5992 9.8204
42255.0000 39.6039 9.8208
42260.0000 39.4911 9.7250
42265.0000 39.4609 9.7381
42270.0000 39.4438 9.7371
42275.0000 39.3756 9.6957
42280.0000 39.3549 9.6988
42285.0000 39.3858 9.7384
42290.0000 39.3751 9.7320
42295.0000 39.3697 9.7173
42300.0000 39.3365 9.6820
42305.0000 39.3365 9.6820
42310.0000 39.3365 9.6820
42315.0000 39.3430 9.6795
42320.0000 39.3194 9.6491
42325.0000 39.3025 9.6456
42330.0000 39.2471 9.6017
42335.0000 39.2471 9.6017
42340.0000 39.2782 9.6030
42345.0000 39.2767 9.6044
42350.0000 39.2764 9.6014
42355.0000 39.2862 9.6004
42360.0000 39.3071 9.5971
42365.0000 39.3424 9.6260
42370.0000 39.3577 9.6284
42375.0000 39.3602 9.6271
42380.0000 39.3967 9.6686
42385.0000 39.3761 9.6187
42390.0000 39.4062 9.6505
42395.0000 39.4062 9.6505
42400.0000 39.4565 9.7085
42405.0000 39.4565 9.7085
42410.0000 39.5131 9.7539
42415.0000 39.5205 9.7520
42420.0000 39.5551 9.7786
42425.0000 39.5669 9.7777
42430.0000 39.5770 9.7784
42435.0000 39.6435 9.8471
42440.0000 39.7182 9.9137
42445.0000 39.7134 9.9148
42450.0000 39.7225 9.9123
42455.0000 39.7636 9.9110
42460.0000 39.7692 9.9137
42465.0000 39.7789 9.9134
42470.0000 39.7918 9.9169
42475.0000 39.7918 9.9169
42480.0000 39.7960 9.9143
42485.0000 39.7873 9.9062
42490.0000 39.7272 9.8316
42495.0000 39.6911 9.8035
42500.0000 39.7479 9.8714
42505.0000 39.8224 9.8952
42510.0000 39.8472 9.9037
42515.0000 39.8668 9.9304
42520.0000 39.8785 9.9626
42525.0000 39.8785 9.9626
42530.0000 39.8685 9.9649
42535.0000 39.9016 9.9975
42540.0000 39.8982 9.9997
42545.0000 39.7943 9.9107
42550.0000 39.6724 9.8102
42555.0000 39.6323 9.7642
42560.0000 39.6112 9.7482
42565.0000 39.5688 9.7521
42570.0000 39.5373 9.7497
42575.0000 39.5070 9.7499
42580.0000 39.5614 9.8016
42585.0000 39.6018 9.8388
42590.0000 39.6247 9.8419
42595.0000 39.6945 9.9066
42600.0000 39.6945 9.9066
42605.0000 39.6945 9.9066
42610.0000 39.6217 9.8587
42615.0000 39.6405 9.8774
42620.0000 39.6178 9.8307
42625.0000 39.6143 9.8276
42630.0000 39.6649 9.8721
42635.0000 39.6704 9.8713
42640.0000 39.6697 9.8663
42645.0000 39.6865 9.8763
42650.0000 39.6914 9.8791
42655.0000 39.7822 9.9146
42660.0000 39.7904 9.9186
42665.0000 39.7966 9.9203
42670.0000 39.7999 9.8894
42675.0000 39.7086 9.8062
42680.0000 39.6551 9.7748
42685.0000 39.6149 9.7708
42690.0000 39.5979 9.8000
42695.0000 39.6151 9.8331
42700.0000 39.6359 9.8700
42705.0000 39.6329 9.8712
42710.0000 39.6576 9.9019
42715.0000 39.6617 9.9009
42720.0000 39.6674 9.9081
42725.0000 39.7052 9.9387
42730.0000 39.7012 9.9494
42735.0000 39.6304 9.8862
42740.0000 39.5644 9.8596
42745.0000 39.5521 9.8606
42750.0000 39.5743 9.8867
42755.0000 39.5769 9.8854
42760.0000 39.6152 9.9327
42765.0000 39.6152 9.9327
42770.0000 39.6076 9.9334
42775.0000 39.6110 9.9327
42780.0000 39.6125 9.9328
42785.0000 39.5936 9.8948
42790.0000 39.5259 9.8438
42795.0000 39.4851 9.7934
42800.0000 39.4592 9.8084
42805.0000 39.4014 9.7855
42810.0000 39.3665 9.7898
42815.0000 39.3657 9.8181
42820.0000 39.3485 9.8170
42825.0000 39.3521 9.8196
42830.0000 39.3915 9.8460
42835.0000 39.3915 9.8460
42840.0000 39.4071 9.8681
42845.0000 39.4398 9.9044
42850.0000 39.4061 9.8779
42855.0000 39.4772 9.9551
42860.0000 39.4098 9.8966
42865.0000 39.3889 9.9040
42870.0000 39.3368 9.8622
42875.0000 39.3173 9.8574
42880.0000 39.4041 9.8818
42885.0000 39.4006 9.8837
42890.0000 39.4006 9.8837
42895.0000 39.4176 9.8928
42900.0000 39.4099 9.8985
42905.0000 39.4145 9.8940
42910.0000 39.3118 9.8338
42915.0000 39.2709 9.7909
42920.0000 39.2848 9.7897
42925.0000 39.2830 9.7890
42930.0000 39.2904 9.7882
42935.0000 39.3243 9.8190
42940.0000 39.3243 9.8190
42945.0000 39.3243 9.8190
42950.0000 39.3188 9.8203
42955.0000 39.2911 9.7899
42960.0000 39.3230 9.8229
42965.0000 39.3175 9.8268
42970.0000 39.3218 9.8243
42975.0000 39.3528 9.8261
42980.0000 39.2847 9.7859
42985.0000 39.2772 9.7886
42990.0000 39.2675 9.7663
42995.0000 39.2351 9.7669
43000.0000 39.1745 9.7120
43005.0000 39.1914 9.7235
43010.0000 39.1786 9.7268
43015.0000 39.1902 9.7282
43020.0000 39.1996 9.7283
43025.0000 39.2034 9.7256
43030.0000 39.1737 9.6862
43035.0000 39.1579 9.6516
43040.0000 39.1538 9.6511
43045.0000 39.2020 9.6862
43050.0000 39.1849 9.6885
43055.0000 39.1901 9.6956
43060.0000 39.1599 9.6564
43065.0000 39.1599 9.6564
43070.0000 39.1512 9.6589
43075.0000 39.2081 9.7195
43080.0000 39.2129 9.7171
43085.0000 39.2260 9.7413
43090.0000 39.0268 9.5409
43095.0000 39.0278 9.5429
43100.0000 38.9809 9.5224
43105.0000 38.8944 9.4855
43110.0000 38.9241 9.5242
43115.0000 38.9623 9.5341
43120.0000 38.9491 9.5338
43125.0000 38.9435 9.5363
43130.0000 38.9931 9.5623
43135.0000 38.9979 9.5630
43140.0000 39.0374 9.5758
43145.0000 39.0641 9.6028
43150.0000 39.0683 9.6113
43155.0000 39.0679 9.6186
43160.0000 39.1406 9.6807
43165.0000 39.1682 9.7090
43170.0000 39.1619 9.7039
43175.0000 39.1686 9.7018
43180.0000 39.1431 9.6720
43185.0000 39.1406 9.6654
43190.0000 39.1232 9.6278
43195.0000 39.1383 9.6236
43200.0000 39.1513 9.6194
