5.0000 0.0000 0.0000
10.0000 0.0000 0.0000
15.0000 0.0000 0.0000
20.0000 0.0000 0.0000
25.0000 0.0000 0.0000
30.0000 0.0000 0.0000
35.0000 0.0000 0.0000
40.0000 0.0000 0.0000
45.0000 0.0000 0.0000
50.0000 0.0000 0.0000
55.0000 0.0000 0.0000
60.0000 0.0000 0.0000
65.0000 0.0000 0.0000
70.0000 0.0000 0.0000
75.0000 0.0000 0.0000
80.0000 0.0000 0.0000
85.0000 0.0000 0.0000
90.0000 0.0000 0.0000
95.0000 0.0048 0.0000
100.0000 0.0117 0.0001
105.0000 0.0117 0.0001
110.0000 0.0207 0.0001
115.0000 0.0274 0.0001
120.0000 0.0274 0.0001
125.0000 0.0274 0.0001
130.0000 0.0274 0.0001
135.0000 0.0274 0.0001
140.0000 0.0274 0.0001
145.0000 0.0327 0.0002
150.0000 0.0327 0.0002
155.0000 0.0327 0.0002
160.0000 0.0327 0.0002
165.0000 0.0327 0.0002
170.0000 0.0327 0.0002
175.0000 0.0327 0.0002
180.0000 0.0327 0.0002
185.0000 0.0327 0.0002
190.0000 0.0372 0.0002
195.0000 0.0372 0.0002
200.0000 0.0372 0.0002
205.0000 0.0419 0.0002
210.0000 0.0487 0.0002
215.0000 0.0583 0.0003
220.0000 0.0583 0.0003
225.0000 0.0583 0.0003
230.0000 0.0583 0.0003
235.0000 0.0583 0.0003
240.0000 0.0583 0.0003
245.0000 0.0583 0.0003
250.0000 0.0583 0.0003
255.0000 0.0583 0.0003
260.0000 0.0583 0.0003
265.0000 0.0583 0.0003
270.0000 0.0583 0.0003
275.0000 0.0583 0.0003
280.0000 0.0583 0.0003
285.0000 0.0612 0.0003
290.0000 0.0612 0.0003
295.0000 0.0612 0.0003
300.0000 0.0612 0.0003
305.0000 0.0612 0.0003
310.0000 0.0683 0.0004
315.0000 0.0761 0.0004
320.0000 0.0761 0.0004
325.0000 0.0816 0.0004
330.0000 0.0907 0.0005
335.0000 0.0907 0.0005
340.0000 0.0907 0.0005
345.0000 0.0907 0.0005
350.0000 0.0907 0.0005
355.0000 0.0907 0.0005
360.0000 0.0907 0.0005
365.0000 0.0907 0.0005
370.0000 0.0907 0.0005
375.0000 0.0907 0.0005
380.0000 0.0907 0.0005
385.0000 0.0938 0.0005
390.0000 0.0938 0.0005
395.0000 0.0938 0.0005
400.0000 0.0938 0.0005
405.0000 0.0938 0.0005
410.0000 0.0984 0.0005
415.0000 0.0984 0.0005
420.0000 0.1414 0.0022
425.0000 0.1414 0.0022
430.0000 0.1489 0.0023
435.0000 0.1532 0.0023
440.0000 0.1597 0.0023
445.0000 0.1842 0.0023
450.0000 0.1842 0.0023
455.0000 0.1842 0.0023
460.0000 0.2297 0.0042
465.0000 0.2354 0.0042
470.0000 0.2354 0.0042
475.0000 0.2354 0.0042
480.0000 0.2784 0.0059
485.0000 0.2824 0.0059
490.0000 0.2824 0.0059
495.0000 0.2865 0.0058
500.0000 0.2928 0.0059
505.0000 0.2928 0.0059
510.0000 0.2928 0.0059
515.0000 0.3126 0.0060
520.0000 0.3126 0.0060
525.0000 0.3535 0.0074
530.0000 0.3562 0.0074
535.0000 0.3562 0.0074
540.0000 0.5072 0.0180
545.0000 0.5123 0.0180
550.0000 0.5205 0.0180
555.0000 0.5262 0.0180
560.0000 0.5319 0.0179
565.0000 0.5319 0.0179
570.0000 0.5365 0.0179
575.0000 0.5809 0.0218
580.0000 0.5856 0.0218
585.0000 0.5913 0.0218
590.0000 0.5955 0.0218
595.0000 0.5955 0.0218
600.0000 0.5955 0.0218
605.0000 0.6056 0.0217
610.0000 0.6530 0.0265
615.0000 0.6530 0.0265
620.0000 0.6530 0.0265
625.0000 0.6565 0.0265
630.0000 0.6565 0.0265
635.0000 0.6565 0.0265
640.0000 0.6912 0.0269
645.0000 0.7158 0.0270
650.0000 0.7209 0.0269
655.0000 0.7540 0.0306
660.0000 0.7591 0.0306
665.0000 0.7635 0.0306
670.0000 0.7635 0.0306
675.0000 0.7713 0.0305
680.0000 0.7778 0.0304
685.0000 0.7778 0.0304
690.0000 0.7819 0.0304
695.0000 0.8293 0.0319
700.0000 0.8569 0.0322
705.0000 0.8605 0.0322
710.0000 0.8971 0.0327
715.0000 0.8971 0.0327
720.0000 0.9038 0.0327
725.0000 0.9131 0.0327
730.0000 0.9592 0.0377
735.0000 0.9642 0.0376
740.0000 0.9642 0.0376
745.0000 1.0055 0.0458
750.0000 1.0055 0.0458
755.0000 1.0395 0.0460
760.0000 1.0440 0.0460
765.0000 1.0440 0.0460
770.0000 1.0440 0.0460
775.0000 1.0572 0.0460
780.0000 1.0662 0.0459
785.0000 1.0690 0.0459
790.0000 1.0832 0.0460
795.0000 1.1241 0.0491
800.0000 1.1279 0.0491
805.0000 1.1648 0.0546
810.0000 1.1680 0.0546
815.0000 1.1748 0.0545
820.0000 1.1748 0.0545
825.0000 1.2290 0.0616
830.0000 1.2290 0.0616
835.0000 1.2290 0.0616
840.0000 1.2290 0.0616
845.0000 1.2319 0.0615
850.0000 1.2465 0.0616
855.0000 1.2901 0.0689
860.0000 1.2936 0.0689
865.0000 1.3101 0.0689
870.0000 1.3633 0.0723
875.0000 1.3965 0.0723
880.0000 1.4170 0.0723
885.0000 1.4318 0.0723
890.0000 1.4713 0.0724
895.0000 1.5200 0.0724
900.0000 1.5490 0.0804
905.0000 1.5572 0.0805
910.0000 1.5715 0.0804
915.0000 1.5793 0.0803
920.0000 1.5793 0.0803
925.0000 1.5963 0.0802
930.0000 1.6489 0.0878
935.0000 1.6489 0.0878
940.0000 1.6955 0.0989
945.0000 1.6955 0.0989
950.0000 1.6955 0.0989
955.0000 1.7689 0.1087
960.0000 1.7689 0.1087
965.0000 1.7725 0.1086
970.0000 1.7725 0.1086
975.0000 1.7725 0.1086
980.0000 1.8244 0.1123
985.0000 1.8630 0.1175
990.0000 1.8630 0.1175
995.0000 1.8630 0.1175
1000.0000 1.8630 0.1175
1005.0000 1.8979 0.1234
1010.0000 1.8979 0.1234
1015.0000 1.8979 0.1234
1020.0000 1.9017 0.1233
1025.0000 1.9472 0.1263
1030.0000 1.9472 0.1263
1035.0000 2.0073 0.1324
1040.0000 2.0559 0.1324
1045.0000 2.0559 0.1324
1050.0000 2.0559 0.1324
1055.0000 2.0559 0.1324
1060.0000 2.0619 0.1322
1065.0000 2.0669 0.1321
1070.0000 2.0714 0.1321
1075.0000 2.0749 0.1321
1080.0000 2.0795 0.1321
1085.0000 2.1944 0.1673
1090.0000 2.2317 0.1667
1095.0000 2.2730 0.1839
1100.0000 2.2777 0.1839
1105.0000 2.2777 0.1839
1110.0000 2.2777 0.1839
1115.0000 2.2843 0.1838
1120.0000 2.3205 0.1955
1125.0000 2.3265 0.1954
1130.0000 2.3301 0.1952
1135.0000 2.3368 0.1949
1140.0000 2.3480 0.1947
1145.0000 2.3904 0.1939
1150.0000 2.3949 0.1938
1155.0000 2.4718 0.2271
1160.0000 2.4718 0.2271
1165.0000 2.5201 0.2363
1170.0000 2.5296 0.2359
1175.0000 2.5445 0.2356
1180.0000 2.5445 0.2356
1185.0000 2.5876 0.2433
1190.0000 2.5876 0.2433
1195.0000 2.5876 0.2433
1200.0000 2.6337 0.2540
1205.0000 2.6437 0.2538
1210.0000 2.6490 0.2537
1215.0000 2.6586 0.2536
1220.0000 2.7040 0.2711
1225.0000 2.7302 0.2710
1230.0000 2.7438 0.2708
1235.0000 2.7496 0.2707
1240.0000 2.7825 0.2704
1245.0000 2.7870 0.2704
1250.0000 2.8637 0.2931
1255.0000 2.8746 0.2930
1260.0000 2.8818 0.2930
1265.0000 2.8818 0.2930
1270.0000 2.8818 0.2930
1275.0000 2.9226 0.3084
1280.0000 2.9226 0.3084
1285.0000 2.9308 0.3081
1290.0000 2.9763 0.3337
1295.0000 3.0131 0.3504
1300.0000 3.0533 0.3592
1305.0000 3.0573 0.3592
1310.0000 3.0573 0.3592
1315.0000 3.0777 0.3586
1320.0000 3.0845 0.3585
1325.0000 3.0898 0.3583
1330.0000 3.1612 0.3615
1335.0000 3.2205 0.3658
1340.0000 3.2575 0.3693
1345.0000 3.2575 0.3693
1350.0000 3.2575 0.3693
1355.0000 3.2616 0.3692
1360.0000 3.2677 0.3692
1365.0000 3.3352 0.3818
1370.0000 3.3611 0.3811
1375.0000 3.4433 0.3858
1380.0000 3.4513 0.3857
1385.0000 3.4644 0.3858
1390.0000 3.4877 0.3858
1395.0000 3.4961 0.3859
1400.0000 3.4961 0.3859
1405.0000 3.5047 0.3854
1410.0000 3.5544 0.4000
1415.0000 3.5943 0.4122
1420.0000 3.5997 0.4119
1425.0000 3.6832 0.4244
1430.0000 3.6989 0.4240
1435.0000 3.7079 0.4238
1440.0000 3.7079 0.4238
1445.0000 3.7238 0.4235
1450.0000 3.7238 0.4235
1455.0000 3.7238 0.4235
1460.0000 3.7328 0.4232
1465.0000 3.7794 0.4278
1470.0000 3.7939 0.4272
1475.0000 3.7967 0.4271
1480.0000 3.8061 0.4267
1485.0000 3.8188 0.4266
1490.0000 3.8407 0.4260
1495.0000 3.8884 0.4358
1500.0000 3.8979 0.4356
1505.0000 3.9329 0.4516
1510.0000 3.9446 0.4515
1515.0000 3.9503 0.4514
1520.0000 3.9535 0.4512
1525.0000 3.9672 0.4514
1530.0000 3.9726 0.4513
1535.0000 3.9772 0.4511
1540.0000 3.9965 0.4508
1545.0000 4.0069 0.4504
1550.0000 4.0069 0.4504
1555.0000 4.0104 0.4502
1560.0000 4.0206 0.4500
1565.0000 4.0785 0.4586
1570.0000 4.1035 0.4677
1575.0000 4.1102 0.4676
1580.0000 4.1691 0.4669
1585.0000 4.1691 0.4669
1590.0000 4.1691 0.4669
1595.0000 4.1691 0.4669
1600.0000 4.2051 0.4671
1605.0000 4.2102 0.4670
1610.0000 4.2147 0.4668
1615.0000 4.2308 0.4663
1620.0000 4.2361 0.4661
1625.0000 4.2361 0.4661
1630.0000 4.2361 0.4661
1635.0000 4.2477 0.4654
1640.0000 4.2543 0.4649
1645.0000 4.2543 0.4649
1650.0000 4.2577 0.4649
1655.0000 4.2688 0.4647
1660.0000 4.3205 0.4656
1665.0000 4.3758 0.4935
1670.0000 4.4311 0.4943
1675.0000 4.4917 0.4957
1680.0000 4.4917 0.4957
1685.0000 4.5261 0.4960
1690.0000 4.5959 0.5024
1695.0000 4.6043 0.5019
1700.0000 4.6865 0.4991
1705.0000 4.7300 0.5052
1710.0000 4.7350 0.5049
1715.0000 4.7638 0.5030
1720.0000 4.7638 0.5030
1725.0000 4.7638 0.5030
1730.0000 4.7638 0.5030
1735.0000 4.8204 0.5216
1740.0000 4.8369 0.5212
1745.0000 4.8369 0.5212
1750.0000 4.8826 0.5231
1755.0000 4.9138 0.5224
1760.0000 4.9243 0.5221
1765.0000 4.9672 0.5321
1770.0000 4.9734 0.5318
1775.0000 4.9775 0.5315
1780.0000 5.0172 0.5434
1785.0000 5.0600 0.5433
1790.0000 5.2257 0.5798
1795.0000 5.2257 0.5798
1800.0000 5.2684 0.5892
1805.0000 5.2720 0.5891
1810.0000 5.2720 0.5891
1815.0000 5.3031 0.6004
1820.0000 5.3114 0.6005
1825.0000 5.3161 0.6001
1830.0000 5.3641 0.6304
1835.0000 5.3682 0.6303
1840.0000 5.4210 0.6339
1845.0000 5.4321 0.6332
1850.0000 5.5009 0.6395
1855.0000 5.5009 0.6395
1860.0000 5.5009 0.6395
1865.0000 5.5009 0.6395
1870.0000 5.5079 0.6389
1875.0000 5.5392 0.6501
1880.0000 5.5734 0.6614
1885.0000 5.6138 0.6729
1890.0000 5.7349 0.7324
1895.0000 5.7879 0.7403
1900.0000 5.7930 0.7400
1905.0000 5.7973 0.7397
1910.0000 5.8024 0.7397
1915.0000 5.8446 0.7502
1920.0000 5.8505 0.7499
1925.0000 5.8588 0.7494
1930.0000 5.8906 0.7531
1935.0000 5.9444 0.7493
1940.0000 6.0168 0.7521
1945.0000 6.0496 0.7562
1950.0000 6.1161 0.7685
1955.0000 6.2027 0.7904
1960.0000 6.2117 0.7895
1965.0000 6.2176 0.7890
1970.0000 6.2221 0.7885
1975.0000 6.2221 0.7885
1980.0000 6.2221 0.7885
1985.0000 6.2894 0.8103
1990.0000 6.3027 0.8094
1995.0000 6.3403 0.8215
2000.0000 6.3523 0.8205
2005.0000 6.3523 0.8205
2010.0000 6.3523 0.8205
2015.0000 6.3854 0.8330
2020.0000 6.4237 0.8448
2025.0000 6.5860 0.9065
2030.0000 6.5860 0.9065
2035.0000 6.5860 0.9065
2040.0000 6.6330 0.9226
2045.0000 6.6443 0.9218
2050.0000 6.6916 0.9177
2055.0000 6.6916 0.9177
2060.0000 6.7301 0.9230
2065.0000 6.7470 0.9221
2070.0000 6.7743 0.9202
2075.0000 6.8349 0.9186
2080.0000 6.8707 0.9362
2085.0000 6.8764 0.9363
2090.0000 6.8868 0.9361
2095.0000 6.9631 0.9683
2100.0000 6.9714 0.9682
2105.0000 7.0560 1.0205
2110.0000 7.0610 1.0203
2115.0000 7.0680 1.0202
2120.0000 7.0761 1.0198
2125.0000 7.1686 1.0650
2130.0000 7.1723 1.0649
2135.0000 7.1723 1.0649
2140.0000 7.1723 1.0649
2145.0000 7.1767 1.0649
2150.0000 7.2059 1.0713
2155.0000 7.2376 1.0864
2160.0000 7.2376 1.0864
2165.0000 7.2412 1.0863
2170.0000 7.3020 1.0972
2175.0000 7.3390 1.0981
2180.0000 7.3606 1.0967
2185.0000 7.3766 1.0958
2190.0000 7.3828 1.0956
2195.0000 7.3894 1.0952
2200.0000 7.4000 1.0945
2205.0000 7.4105 1.0942
2210.0000 7.4161 1.0941
2215.0000 7.4496 1.0958
2220.0000 7.4898 1.1017
2225.0000 7.4898 1.1017
2230.0000 7.4963 1.1011
2235.0000 7.5007 1.1007
2240.0000 7.5007 1.1007
2245.0000 7.5007 1.1007
2250.0000 7.5007 1.1007
2255.0000 7.5119 1.0994
2260.0000 7.5198 1.0986
2265.0000 7.6175 1.1373
2270.0000 7.6215 1.1369
2275.0000 7.6608 1.1476
2280.0000 7.6648 1.1476
2285.0000 7.6648 1.1476
2290.0000 7.7475 1.2052
2295.0000 7.8365 1.2902
2300.0000 7.8534 1.2892
2305.0000 7.8568 1.2891
2310.0000 7.8947 1.3084
2315.0000 7.9266 1.3094
2320.0000 7.9266 1.3094
2325.0000 7.9266 1.3094
2330.0000 7.9753 1.3083
2335.0000 7.9804 1.3076
2340.0000 7.9804 1.3076
2345.0000 7.9857 1.3071
2350.0000 8.0784 1.3500
2355.0000 8.1335 1.3642
2360.0000 8.1433 1.3635
2365.0000 8.1433 1.3635
2370.0000 8.1941 1.4101
2375.0000 8.2349 1.4614
2380.0000 8.2686 1.4635
2385.0000 8.2718 1.4632
2390.0000 8.2757 1.4626
2395.0000 8.2757 1.4626
2400.0000 8.2870 1.4618
2405.0000 8.3022 1.4611
2410.0000 8.3523 1.4798
2415.0000 8.4057 1.4825
2420.0000 8.4131 1.4816
2425.0000 8.4635 1.4800
2430.0000 8.5414 1.5746
2435.0000 8.6106 1.6196
2440.0000 8.6237 1.6190
2445.0000 8.6237 1.6190
2450.0000 8.6237 1.6190
2455.0000 8.6397 1.6187
2460.0000 8.6464 1.6177
2465.0000 8.6778 1.6165
2470.0000 8.6813 1.6160
2475.0000 8.6972 1.6149
2480.0000 8.7123 1.6144
2485.0000 8.7608 1.6399
2490.0000 8.7940 1.6432
2495.0000 8.7990 1.6425
2500.0000 8.8341 1.6628
2505.0000 8.8505 1.6613
2510.0000 8.8541 1.6611
2515.0000 8.8587 1.6606
2520.0000 8.8996 1.6752
2525.0000 8.8996 1.6752
2530.0000 8.9466 1.6807
2535.0000 8.9515 1.6804
2540.0000 8.9964 1.6805
2545.0000 9.0119 1.6793
2550.0000 9.0433 1.6771
2555.0000 9.0680 1.6750
2560.0000 9.0931 1.6725
2565.0000 9.1419 1.6747
2570.0000 9.1629 1.6724
2575.0000 9.1629 1.6724
2580.0000 9.1629 1.6724
2585.0000 9.1757 1.6710
2590.0000 9.2199 1.6921
2595.0000 9.2825 1.6985
2600.0000 9.3220 1.7057
2605.0000 9.3428 1.7036
2610.0000 9.3858 1.7101
2615.0000 9.4366 1.7216
2620.0000 9.4689 1.7313
2625.0000 9.5103 1.7466
2630.0000 9.5186 1.7457
2635.0000 9.5242 1.7457
2640.0000 9.5304 1.7457
2645.0000 9.5695 1.8047
2650.0000 9.6499 1.8513
2655.0000 9.7121 1.8716
2660.0000 9.7570 1.8844
2665.0000 9.7998 1.9020
2670.0000 9.8656 1.9399
2675.0000 9.9023 1.9515
2680.0000 9.9502 1.9513
2685.0000 9.9860 1.9508
2690.0000 10.0682 1.9609
2695.0000 10.0913 1.9585
2700.0000 10.1171 1.9567
2705.0000 10.1322 1.9556
2710.0000 10.1906 1.9709
2715.0000 10.2027 1.9706
2720.0000 10.2296 1.9697
2725.0000 10.2391 1.9691
2730.0000 10.2478 1.9677
2735.0000 10.3039 1.9921
2740.0000 10.3364 2.0075
2745.0000 10.3410 2.0073
2750.0000 10.3476 2.0063
2755.0000 10.3698 2.0050
2760.0000 10.4050 2.0078
2765.0000 10.4394 2.0126
2770.0000 10.4878 2.0209
2775.0000 10.5487 2.0985
2780.0000 10.6172 2.1426
2785.0000 10.6681 2.1756
2790.0000 10.6681 2.1756
2795.0000 10.6788 2.1744
2800.0000 10.6788 2.1744
2805.0000 10.6788 2.1744
2810.0000 10.6849 2.1738
2815.0000 10.7266 2.1760
2820.0000 10.7467 2.1749
2825.0000 10.7752 2.1743
2830.0000 10.8335 2.1985
2835.0000 10.8877 2.1991
2840.0000 10.8986 2.1989
2845.0000 10.9279 2.1973
2850.0000 10.9684 2.2223
2855.0000 11.0701 2.2839
2860.0000 11.1072 2.2906
2865.0000 11.2254 2.3541
2870.0000 11.2454 2.3532
2875.0000 11.2704 2.3526
2880.0000 11.3052 2.3524
2885.0000 11.3215 2.3521
2890.0000 11.3321 2.3512
2895.0000 11.3387 2.3506
2900.0000 11.3859 2.3754
2905.0000 11.4639 2.3998
2910.0000 11.4639 2.3998
2915.0000 11.5173 2.4292
2920.0000 11.5551 2.4421
2925.0000 11.5709 2.4406
2930.0000 11.6323 2.4664
2935.0000 11.6420 2.4658
2940.0000 11.7249 2.4949
2945.0000 11.7249 2.4949
2950.0000 11.7363 2.4941
2955.0000 11.7800 2.5179
2960.0000 11.8256 2.5168
2965.0000 11.8683 2.5197
2970.0000 11.8748 2.5189
2975.0000 11.8788 2.5188
2980.0000 11.8788 2.5188
2985.0000 11.9518 2.5566
2990.0000 11.9641 2.5551
2995.0000 12.0139 2.5845
3000.0000 12.0139 2.5845
3005.0000 12.0139 2.5845
3010.0000 12.0836 2.6017
3015.0000 12.1432 2.6202
3020.0000 12.2114 2.6556
3025.0000 12.2497 2.6514
3030.0000 12.2998 2.6635
3035.0000 12.3436 2.6797
3040.0000 12.3568 2.6775
3045.0000 12.4051 2.6920
3050.0000 12.4102 2.6918
3055.0000 12.4381 2.6922
3060.0000 12.5002 2.7285
3065.0000 12.5661 2.7327
3070.0000 12.6151 2.7396
3075.0000 12.6773 2.7560
3080.0000 12.7232 2.7690
3085.0000 12.7682 2.7877
3090.0000 12.8157 2.8111
3095.0000 12.9153 2.8679
3100.0000 13.0936 2.9000
3105.0000 13.1601 2.9001
3110.0000 13.1801 2.8981
3115.0000 13.1665 2.8657
3120.0000 13.2246 2.8915
3125.0000 13.2592 2.9088
3130.0000 13.2803 2.9090
3135.0000 13.2942 2.9097
3140.0000 13.3377 2.9137
3145.0000 13.4326 2.9411
3150.0000 13.5271 2.9832
3155.0000 13.5271 2.9832
3160.0000 13.5271 2.9832
3165.0000 13.5768 3.0262
3170.0000 13.5825 3.0260
3175.0000 13.5871 3.0250
3180.0000 13.6597 3.0337
3185.0000 13.7070 3.0429
3190.0000 13.7951 3.0750
3195.0000 13.8244 3.0891
3200.0000 13.9385 3.1469
3205.0000 14.0110 3.1990
3210.0000 14.0470 3.2288
3215.0000 14.1442 3.2913
3220.0000 14.1542 3.2908
3225.0000 14.1660 3.2889
3230.0000 14.1791 3.2877
3235.0000 14.2074 3.2856
3240.0000 14.2516 3.3279
3245.0000 14.3381 3.3983
3250.0000 14.4720 3.4968
3255.0000 14.5153 3.5225
3260.0000 14.5392 3.5191
3265.0000 14.6031 3.5514
3270.0000 14.6148 3.5510
3275.0000 14.6189 3.5505
3280.0000 14.6222 3.5503
3285.0000 14.6269 3.5500
3290.0000 14.6427 3.5479
3295.0000 14.6481 3.5477
3300.0000 14.7045 3.5820
3305.0000 14.7564 3.6053
3310.0000 14.7920 3.6033
3315.0000 14.8511 3.6259
3320.0000 14.9139 3.6485
3325.0000 14.9469 3.6458
3330.0000 14.9566 3.6444
3335.0000 14.9868 3.6427
3340.0000 15.0861 3.7488
3345.0000 15.1248 3.7887
3350.0000 15.1248 3.7887
3355.0000 15.1595 3.7886
3360.0000 15.1694 3.7882
3365.0000 15.1790 3.7876
3370.0000 15.2301 3.8183
3375.0000 15.2341 3.8172
3380.0000 15.2640 3.8184
3385.0000 15.2736 3.8184
3390.0000 15.3092 3.8300
3395.0000 15.3858 3.8913
3400.0000 15.3749 3.8673
3405.0000 15.3807 3.8674
3410.0000 15.4299 3.8834
3415.0000 15.5042 3.9361
3420.0000 15.5930 4.0229
3425.0000 15.6468 4.0380
3430.0000 15.7433 4.1146
3435.0000 15.8663 4.2314
3440.0000 15.8699 4.2311
3445.0000 15.9600 4.2715
3450.0000 15.9758 4.2699
3455.0000 15.9918 4.2681
3460.0000 16.0018 4.2680
3465.0000 16.0441 4.2819
3470.0000 16.0809 4.2891
3475.0000 16.0941 4.2863
3480.0000 16.1107 4.2826
3485.0000 16.1675 4.3102
3490.0000 16.2502 4.3588
3495.0000 16.2613 4.3564
3500.0000 16.2780 4.3542
3505.0000 16.3722 4.4268
3510.0000 16.4372 4.4856
3515.0000 16.5481 4.5069
3520.0000 16.5586 4.5056
3525.0000 16.5807 4.5047
3530.0000 16.5903 4.5039
3535.0000 16.7123 4.5988
3540.0000 16.7893 4.6619
3545.0000 16.8351 4.6990
3550.0000 16.9740 4.8004
3555.0000 17.0013 4.8412
3560.0000 17.0267 4.8517
3565.0000 17.0379 4.8504
3570.0000 17.0416 4.8500
3575.0000 17.0816 4.9115
3580.0000 17.1429 4.9442
3585.0000 17.2776 5.0655
3590.0000 17.3437 5.1640
3595.0000 17.3175 5.1103
3600.0000 17.3914 5.1988
3605.0000 17.3708 5.1501
3610.0000 17.4160 5.1541
3615.0000 17.4558 5.1597
3620.0000 17.5329 5.1521
3625.0000 17.6339 5.1551
3630.0000 17.7427 5.1660
3635.0000 17.8630 5.1872
3640.0000 17.9055 5.1940
3645.0000 17.9353 5.1906
3650.0000 17.9398 5.1900
3655.0000 17.9484 5.1881
3660.0000 17.9784 5.2073
3665.0000 18.0322 5.2484
3670.0000 18.0379 5.2477
3675.0000 18.1209 5.2835
3680.0000 18.1209 5.2835
3685.0000 18.1209 5.2835
3690.0000 18.1617 5.3399
3695.0000 18.2262 5.4022
3700.0000 18.2917 5.4459
3705.0000 18.3057 5.4457
3710.0000 18.3469 5.4547
3715.0000 18.3576 5.4545
3720.0000 18.3705 5.4548
3725.0000 18.3979 5.4538
3730.0000 18.4150 5.4528
3735.0000 18.4230 5.4521
3740.0000 18.3882 5.3838
3745.0000 18.3932 5.3836
3750.0000 18.4044 5.3827
3755.0000 18.4225 5.3816
3760.0000 18.4369 5.3784
3765.0000 18.5117 5.4094
3770.0000 18.5379 5.4113
3775.0000 18.5882 5.4412
3780.0000 18.6020 5.4382
3785.0000 18.6064 5.4370
3790.0000 18.6115 5.4377
3795.0000 18.6115 5.4377
3800.0000 18.6156 5.4372
3805.0000 18.6573 5.4340
3810.0000 18.6923 5.4302
3815.0000 18.7050 5.4287
3820.0000 18.7143 5.4274
3825.0000 18.7600 5.4371
3830.0000 18.7600 5.4371
3835.0000 18.7340 5.3976
3840.0000 18.7787 5.4663
3845.0000 18.8178 5.5250
3850.0000 18.8725 5.5890
3855.0000 18.8377 5.5228
3860.0000 18.8783 5.5851
3865.0000 18.9128 5.6081
3870.0000 18.9290 5.6080
3875.0000 19.0321 5.6149
3880.0000 19.0333 5.5540
3885.0000 19.1258 5.6206
3890.0000 19.1395 5.6180
3895.0000 19.1454 5.6164
3900.0000 19.1592 5.6255
3905.0000 19.1944 5.6599
3910.0000 19.1975 5.6591
3915.0000 19.1639 5.6069
3920.0000 19.1780 5.6128
3925.0000 19.2119 5.6112
3930.0000 19.2386 5.6058
3935.0000 19.2627 5.6437
3940.0000 19.2564 5.6257
3945.0000 19.2640 5.6252
3950.0000 19.3092 5.6942
3955.0000 19.3361 5.6911
3960.0000 19.3564 5.6874
3965.0000 19.3655 5.6852
3970.0000 19.3655 5.6852
3975.0000 19.4117 5.7200
3980.0000 19.4290 5.7165
3985.0000 19.4447 5.7154
3990.0000 19.5127 5.7516
3995.0000 19.5570 5.7628
4000.0000 19.5638 5.7263
4005.0000 19.5733 5.7238
4010.0000 19.5820 5.7238
4015.0000 19.6207 5.7413
4020.0000 19.6283 5.7414
4025.0000 19.6431 5.7397
4030.0000 19.6548 5.7384
4035.0000 19.7397 5.7842
4040.0000 19.7538 5.7811
4045.0000 19.7845 5.7532
4050.0000 19.8333 5.7643
4055.0000 19.8333 5.7643
4060.0000 19.8484 5.7592
4065.0000 19.8766 5.7585
4070.0000 19.9068 5.7599
4075.0000 19.9182 5.7612
4080.0000 19.9366 5.7594
4085.0000 19.9201 5.6973
4090.0000 19.9201 5.6973
4095.0000 19.9201 5.6973
4100.0000 19.9320 5.6978
4105.0000 19.9765 5.6974
4110.0000 19.9815 5.6968
4115.0000 20.0020 5.6958
4120.0000 20.0278 5.6960
4125.0000 20.0595 5.6945
4130.0000 20.0953 5.6935
4135.0000 20.1124 5.6904
4140.0000 20.1829 5.7119
4145.0000 20.1889 5.7120
4150.0000 20.2153 5.7129
4155.0000 20.2515 5.7123
4160.0000 20.2759 5.7100
4165.0000 20.2865 5.7112
4170.0000 20.3007 5.7100
4175.0000 20.3616 5.7791
4180.0000 20.3697 5.7781
4185.0000 20.3912 5.7737
4190.0000 20.4045 5.7716
4195.0000 20.4193 5.7687
4200.0000 20.4371 5.7658
4205.0000 20.4537 5.7670
4210.0000 20.4904 5.7978
4215.0000 20.4983 5.7952
4220.0000 20.5219 5.7946
4225.0000 20.5262 5.7933
4230.0000 20.5350 5.7933
4235.0000 20.5832 5.8043
4240.0000 20.5964 5.8031
4245.0000 20.6096 5.8021
4250.0000 20.6402 5.8014
4255.0000 20.6608 5.7987
4260.0000 20.6771 5.7965
4265.0000 20.6879 5.7959
4270.0000 20.7384 5.8125
4275.0000 20.7456 5.8107
4280.0000 20.7814 5.8377
4285.0000 20.7958 5.8354
4290.0000 20.8002 5.8347
4295.0000 20.8638 5.8406
4300.0000 20.8890 5.8431
4305.0000 20.8977 5.8437
4310.0000 20.9263 5.8565
4315.0000 20.9263 5.8565
4320.0000 20.9294 5.8554
4325.0000 20.9732 5.8679
4330.0000 20.9828 5.8645
4335.0000 20.9906 5.8620
4340.0000 21.0060 5.8599
4345.0000 21.0583 5.8890
4350.0000 21.0630 5.8888
4355.0000 21.0586 5.8823
4360.0000 21.0434 5.8448
4365.0000 21.0537 5.8432
4370.0000 21.0708 5.8379
4375.0000 21.0776 5.8356
4380.0000 21.0776 5.8356
4385.0000 21.0194 5.7471
4390.0000 21.0789 5.7739
4395.0000 21.0789 5.7739
4400.0000 21.1232 5.7925
4405.0000 21.1839 5.8595
4410.0000 21.1603 5.8144
4415.0000 21.2056 5.8377
4420.0000 21.1972 5.8256
4425.0000 21.2503 5.8515
4430.0000 21.2547 5.8516
4435.0000 21.2635 5.8504
4440.0000 21.2853 5.8491
4445.0000 21.2892 5.8490
4450.0000 21.3281 5.8713
4455.0000 21.3757 5.8973
4460.0000 21.3845 5.8970
4465.0000 21.3871 5.8940
4470.0000 21.3976 5.8933
4475.0000 21.4019 5.8917
4480.0000 21.4047 5.8909
4485.0000 21.4131 5.8891
4490.0000 21.4188 5.8885
4495.0000 21.4283 5.8947
4500.0000 21.4742 5.9245
4505.0000 21.5299 5.9294
4510.0000 21.5372 5.9294
4515.0000 21.5614 5.9430
4520.0000 21.5614 5.9430
4525.0000 21.5943 5.9699
4530.0000 21.5943 5.9699
4535.0000 21.6444 5.9782
4540.0000 21.6444 5.9782
4545.0000 21.6834 5.9871
4550.0000 21.7082 5.9862
4555.0000 21.7390 5.9825
4560.0000 21.8135 6.0051
4565.0000 21.8703 6.0420
4570.0000 21.8703 6.0420
4575.0000 21.8748 6.0419
4580.0000 21.8836 6.0404
4585.0000 21.9350 6.0770
4590.0000 21.9794 6.1152
4595.0000 22.0682 6.1960
4600.0000 22.1063 6.2294
4605.0000 22.1063 6.2294
4610.0000 22.1063 6.2294
4615.0000 22.1175 6.2258
4620.0000 22.1839 6.2507
4625.0000 22.2428 6.2610
4630.0000 22.3171 6.3373
4635.0000 22.3507 6.3797
4640.0000 22.3959 6.4298
4645.0000 22.4447 6.4599
4650.0000 22.5056 6.4555
4655.0000 22.5093 6.4555
4660.0000 22.5093 6.4555
4665.0000 22.5595 6.5051
4670.0000 22.5984 6.5529
4675.0000 22.5984 6.5529
4680.0000 22.6288 6.5689
4685.0000 22.6807 6.5930
4690.0000 22.6842 6.5917
4695.0000 22.6570 6.5367
4700.0000 22.6487 6.5250
4705.0000 22.6487 6.5250
4710.0000 22.6487 6.5250
4715.0000 22.6778 6.5676
4720.0000 22.7231 6.5840
4725.0000 22.8237 6.6113
4730.0000 22.8390 6.6033
4735.0000 22.8930 6.6540
4740.0000 22.9094 6.6363
4745.0000 22.9154 6.6362
4750.0000 22.9224 6.6332
4755.0000 22.9401 6.6313
4760.0000 22.9852 6.6468
4765.0000 23.0009 6.6469
4770.0000 23.0343 6.6550
4775.0000 23.1544 6.7114
4780.0000 23.1144 6.6531
4785.0000 23.0871 6.6071
4790.0000 23.0871 6.6071
4795.0000 23.0964 6.6045
4800.0000 23.1005 6.6039
4805.0000 23.2007 6.6167
4810.0000 23.2050 6.6160
4815.0000 23.2050 6.6160
4820.0000 23.2063 6.6179
4825.0000 23.2580 6.6793
4830.0000 23.3542 6.7226
4835.0000 23.3531 6.7055
4840.0000 23.4377 6.7995
4845.0000 23.4525 6.7945
4850.0000 23.4845 6.8216
4855.0000 23.5240 6.8619
4860.0000 23.4845 6.7664
4865.0000 23.4766 6.7472
4870.0000 23.4929 6.7443
4875.0000 23.5368 6.7628
4880.0000 23.5853 6.7701
4885.0000 23.5989 6.7665
4890.0000 23.6258 6.7918
4895.0000 23.6530 6.8060
4900.0000 23.6835 6.8317
4905.0000 23.6835 6.8317
4910.0000 23.7186 6.8340
4915.0000 23.7296 6.8405
4920.0000 23.7144 6.8058
4925.0000 23.7760 6.8448
4930.0000 23.7946 6.8415
4935.0000 23.8073 6.8392
4940.0000 23.8187 6.8362
4945.0000 23.8287 6.8348
4950.0000 23.9094 6.8619
4955.0000 23.9183 6.8587
4960.0000 23.9270 6.8571
4965.0000 23.9359 6.8539
4970.0000 23.9452 6.8525
4975.0000 24.0045 6.8913
4980.0000 24.0162 6.8881
4985.0000 24.0304 6.8854
4990.0000 24.1012 6.9238
4995.0000 24.1131 6.9212
5000.0000 24.1657 6.9256
5005.0000 24.2477 7.0014
5010.0000 24.2477 7.0014
5015.0000 24.2868 7.0131
5020.0000 24.2913 7.0118
5025.0000 24.2948 7.0105
5030.0000 24.3489 7.0279
5035.0000 24.3539 7.0260
5040.0000 24.4020 7.0465
5045.0000 24.4225 7.0412
5050.0000 24.4702 7.0588
5055.0000 24.4738 7.0585
5060.0000 24.5624 7.1071
5065.0000 24.5663 7.1069
5070.0000 24.5994 7.1410
5075.0000 24.6082 7.1391
5080.0000 24.6082 7.1391
5085.0000 24.6235 7.1370
5090.0000 24.6292 7.1368
5095.0000 24.6390 7.1366
5100.0000 24.6812 7.1799
5105.0000 24.6919 7.1800
5110.0000 24.7123 7.1766
5115.0000 24.7428 7.1712
5120.0000 24.7629 7.1654
5125.0000 24.7953 7.1587
5130.0000 24.8219 7.1529
5135.0000 24.8373 7.1529
5140.0000 24.8612 7.1504
5145.0000 24.8828 7.1507
5150.0000 24.9081 7.1490
5155.0000 24.9081 7.1490
5160.0000 24.9844 7.1777
5165.0000 25.0243 7.1958
5170.0000 25.0289 7.1944
5175.0000 25.0289 7.1944
5180.0000 25.0289 7.1944
5185.0000 25.0338 7.1942
5190.0000 25.0675 7.2183
5195.0000 25.0708 7.2169
5200.0000 25.1172 7.2220
5205.0000 25.1396 7.2161
5210.0000 25.1451 7.2151
5215.0000 25.1526 7.2139
5220.0000 25.1479 7.2073
5225.0000 25.1479 7.2073
5230.0000 25.1578 7.2028
5235.0000 25.1842 7.2164
5240.0000 25.2294 7.2354
5245.0000 25.3280 7.3296
5250.0000 25.3781 7.3694
5255.0000 25.4276 7.3943
5260.0000 25.4442 7.3931
5265.0000 25.5031 7.4157
5270.0000 25.5600 7.4371
5275.0000 25.6113 7.4890
5280.0000 25.6275 7.4882
5285.0000 25.6395 7.4861
5290.0000 25.6486 7.4836
5295.0000 25.6998 7.5139
5300.0000 25.7821 7.5809
5305.0000 25.8255 7.6216
5310.0000 25.9019 7.6528
5315.0000 25.9189 7.6469
5320.0000 25.9707 7.6739
5325.0000 26.0138 7.7126
5330.0000 26.0098 7.7073
5335.0000 26.0676 7.7715
5340.0000 26.0835 7.7679
5345.0000 26.0835 7.7679
5350.0000 26.0819 7.7586
5355.0000 26.0819 7.7586
5360.0000 26.0894 7.7558
5365.0000 26.1431 7.7830
5370.0000 26.2275 7.8470
5375.0000 26.2268 7.8264
5380.0000 26.2390 7.8246
5385.0000 26.2985 7.8660
5390.0000 26.3557 7.9292
5395.0000 26.3645 7.9290
5400.0000 26.3690 7.9289
5405.0000 26.4724 8.0410
5410.0000 26.5670 8.1303
5415.0000 26.6209 8.1824
5420.0000 26.6319 8.1818
5425.0000 26.6375 8.1748
5430.0000 26.6445 8.1719
5435.0000 26.6477 8.1705
5440.0000 26.6236 8.1287
5445.0000 26.6280 8.1268
5450.0000 26.6383 8.1272
5455.0000 26.6311 8.1066
5460.0000 26.6328 8.0931
5465.0000 26.6359 8.0923
5470.0000 26.6402 8.0908
5475.0000 26.6444 8.0851
5480.0000 26.6941 8.1025
5485.0000 26.7417 8.1322
5490.0000 26.7895 8.1807
5495.0000 26.8677 8.2422
5500.0000 26.9453 8.3139
5505.0000 26.9754 8.3155
5510.0000 27.1033 8.4415
5515.0000 27.1429 8.4713
5520.0000 27.2527 8.5971
5525.0000 27.3219 8.6342
5530.0000 27.3807 8.6708
5535.0000 27.4463 8.7364
5540.0000 27.5570 8.7965
5545.0000 27.6124 8.8107
5550.0000 27.6033 8.7615
5555.0000 27.6190 8.7562
5560.0000 27.6966 8.8351
5565.0000 27.7522 8.8574
5570.0000 27.7641 8.8553
5575.0000 27.7338 8.8036
5580.0000 27.7701 8.8377
5585.0000 27.7796 8.8353
5590.0000 27.7896 8.8337
5595.0000 27.8731 8.9217
5600.0000 27.9110 8.9469
5605.0000 27.9276 8.9502
5610.0000 27.9754 8.9825
5615.0000 28.0189 9.0096
5620.0000 28.0294 9.0076
5625.0000 28.1274 9.1051
5630.0000 28.1469 9.0974
5635.0000 28.1650 9.0916
5640.0000 28.1353 9.0152
5645.0000 28.1282 8.9913
5650.0000 28.1780 9.0302
5655.0000 28.1780 9.0302
5660.0000 28.2017 9.0248
5665.0000 28.2064 9.0238
5670.0000 28.2119 9.0217
5675.0000 28.2176 9.0193
5680.0000 28.2229 9.0172
5685.0000 28.2426 9.0126
5690.0000 28.2648 9.0087
5695.0000 28.3283 9.0500
5700.0000 28.3840 9.0525
5705.0000 28.4242 9.0926
5710.0000 28.4335 9.0897
5715.0000 28.4706 9.1258
5720.0000 28.4786 9.1231
5725.0000 28.5301 9.1811
5730.0000 28.5594 9.2207
5735.0000 28.5660 9.2191
5740.0000 28.5801 9.2192
5745.0000 28.5572 9.1744
5750.0000 28.6399 9.2385
5755.0000 28.6802 9.2904
5760.0000 28.6441 9.2421
5765.0000 28.6742 9.2710
5770.0000 28.7774 9.2761
5775.0000 28.7949 9.2722
5780.0000 28.8123 9.2657
5785.0000 28.8235 9.2625
5790.0000 28.9148 9.3512
5795.0000 28.9247 9.3495
5800.0000 28.9576 9.3813
5805.0000 28.9519 9.3650
5810.0000 28.9816 9.3976
5815.0000 28.9957 9.3837
5820.0000 29.0385 9.4222
5825.0000 29.0414 9.4212
5830.0000 29.0786 9.4447
5835.0000 29.0822 9.4427
5840.0000 29.0999 9.4364
5845.0000 29.1126 9.4321
5850.0000 29.1279 9.4298
5855.0000 29.1460 9.4326
5860.0000 29.2312 9.4970
5865.0000 29.2263 9.4429
5870.0000 29.2624 9.4894
5875.0000 29.2624 9.4894
5880.0000 29.2314 9.4498
5885.0000 29.2399 9.4461
5890.0000 29.3457 9.5253
5895.0000 29.4115 9.5577
5900.0000 29.4341 9.5508
5905.0000 29.4501 9.5465
5910.0000 29.4926 9.5901
5915.0000 29.5354 9.6278
5920.0000 29.5442 9.6262
5925.0000 29.5639 9.6224
5930.0000 29.5504 9.5821
5935.0000 29.5028 9.5028
5940.0000 29.5445 9.5515
5945.0000 29.6051 9.6058
5950.0000 29.6085 9.6049
5955.0000 29.6201 9.5965
5960.0000 29.7282 9.6796
5965.0000 29.8093 9.7482
5970.0000 29.8171 9.7392
5975.0000 29.8898 9.7755
5980.0000 29.9505 9.8119
5985.0000 29.9587 9.7788
5990.0000 30.0113 9.8075
5995.0000 29.9728 9.7413
6000.0000 29.9953 9.7326
6005.0000 30.0057 9.7297
6010.0000 30.0112 9.7293
6015.0000 30.0112 9.7293
6020.0000 30.1742 9.8656
6025.0000 30.1978 9.8478
6030.0000 30.2015 9.8467
6035.0000 30.2061 9.8455
6040.0000 30.2166 9.8419
6045.0000 30.2247 9.8386
6050.0000 30.2933 9.9098
6055.0000 30.2969 9.9094
6060.0000 30.2969 9.9094
6065.0000 30.3727 9.9763
6070.0000 30.4229 10.0180
6075.0000 30.4755 10.0484
6080.0000 30.5308 10.0998
6085.0000 30.5290 10.0936
6090.0000 30.5212 10.0839
6095.0000 30.5212 10.0839
6100.0000 30.5212 10.0839
6105.0000 30.4738 10.0220
6110.0000 30.4904 10.0167
6115.0000 30.4971 10.0153
6120.0000 30.5125 10.0122
6125.0000 30.5127 10.0029
6130.0000 30.5222 9.9997
6135.0000 30.5356 9.9974
6140.0000 30.5721 9.9918
6145.0000 30.6030 9.9870
6150.0000 30.6377 9.9838
6155.0000 30.6971 10.0254
6160.0000 30.7155 10.0306
6165.0000 30.7383 10.0252
6170.0000 30.7694 10.0157
6175.0000 30.7776 9.9899
6180.0000 30.8148 10.0132
6185.0000 30.8495 10.0467
6190.0000 30.8751 10.0811
6195.0000 30.8495 10.0411
6200.0000 30.8661 10.0375
6205.0000 30.8704 10.0364
6210.0000 30.8786 10.0325
6215.0000 30.8856 10.0310
6220.0000 30.9740 10.1034
6225.0000 30.9839 10.1002
6230.0000 30.9971 10.0973
6235.0000 30.9320 9.9900
6240.0000 30.9474 9.9861
6245.0000 30.9616 9.9850
6250.0000 30.9501 9.9664
6255.0000 30.9706 9.9638
6260.0000 30.9977 9.9802
6265.0000 31.0044 9.9773
6270.0000 31.0097 9.9751
6275.0000 31.0349 9.9667
6280.0000 31.0554 9.9600
6285.0000 31.1156 10.0143
6290.0000 31.1445 10.0531
6295.0000 31.1556 10.0523
6300.0000 31.1796 10.0536
6305.0000 31.1871 10.0533
6310.0000 31.0669 9.8993
6315.0000 31.1707 10.0297
6320.0000 31.1756 10.0301
6325.0000 31.1756 10.0301
6330.0000 31.1534 9.9976
6335.0000 31.1628 9.9937
6340.0000 31.1661 9.9922
6345.0000 31.2471 10.0541
6350.0000 31.2569 10.0517
6355.0000 31.2548 10.0404
6360.0000 31.2613 10.0437
6365.0000 31.2738 10.0409
6370.0000 31.2800 10.0397
6375.0000 31.3560 10.1037
6380.0000 31.4205 10.1626
6385.0000 31.4345 10.1499
6390.0000 31.4307 10.1209
6395.0000 31.4307 10.1209
6400.0000 31.3995 10.0731
6405.0000 31.4203 10.0781
6410.0000 31.4386 10.0768
6415.0000 31.4458 10.0631
6420.0000 31.4893 10.0758
6425.0000 31.5067 10.0755
6430.0000 31.4922 10.0363
6435.0000 31.5244 10.0354
6440.0000 31.5808 10.0854
6445.0000 31.5952 10.0847
6450.0000 31.6029 10.0827
6455.0000 31.5756 10.0267
6460.0000 31.6196 10.0529
6465.0000 31.6284 10.0362
6470.0000 31.7008 10.0853
6475.0000 31.7272 10.0778
6480.0000 31.7433 10.0748
6485.0000 31.7598 10.0745
6490.0000 31.9259 10.2263
6495.0000 31.9781 10.2880
6500.0000 32.0672 10.3911
6505.0000 32.0672 10.3911
6510.0000 32.0713 10.3888
6515.0000 32.0713 10.3888
6520.0000 32.0713 10.3888
6525.0000 32.0757 10.3881
6530.0000 32.0488 10.3384
6535.0000 32.0608 10.3375
6540.0000 32.1838 10.3709
6545.0000 32.2196 10.3793
6550.0000 32.2412 10.3734
6555.0000 32.2461 10.3711
6560.0000 32.3144 10.4223
6565.0000 32.3342 10.4190
6570.0000 32.3342 10.4190
6575.0000 32.3387 10.4172
6580.0000 32.3431 10.4155
6585.0000 32.3085 10.3610
6590.0000 32.3107 10.3587
6595.0000 32.2820 10.3164
6600.0000 32.2820 10.3164
6605.0000 32.2905 10.3082
6610.0000 32.3205 10.3031
6615.0000 32.3372 10.3000
6620.0000 32.3122 10.2466
6625.0000 32.3403 10.2550
6630.0000 32.3481 10.2532
6635.0000 32.3580 10.2479
6640.0000 32.3611 10.2411
6645.0000 32.3773 10.2413
6650.0000 32.4038 10.2403
6655.0000 32.4955 10.3184
6660.0000 32.5227 10.3171
6665.0000 32.5339 10.3180
6670.0000 32.5548 10.3349
6675.0000 32.5640 10.3342
6680.0000 32.6014 10.3692
6685.0000 32.6197 10.3625
6690.0000 32.6376 10.3556
6695.0000 32.6874 10.3635
6700.0000 32.7007 10.3633
6705.0000 32.7099 10.3612
6710.0000 32.7435 10.3502
6715.0000 32.7617 10.3414
6720.0000 32.9007 10.4744
6725.0000 32.8659 10.4122
6730.0000 32.9082 10.4003
6735.0000 32.9251 10.3939
6740.0000 32.9371 10.3881
6745.0000 32.9936 10.4160
6750.0000 33.0396 10.4439
6755.0000 33.0438 10.4437
6760.0000 33.0602 10.4431
6765.0000 33.0692 10.4418
6770.0000 33.0799 10.4392
6775.0000 33.0838 10.4389
6780.0000 33.1291 10.4763
6785.0000 33.1356 10.4742
6790.0000 33.1434 10.4726
6795.0000 33.1269 10.4420
6800.0000 33.1360 10.4361
6805.0000 33.1549 10.4461
6810.0000 33.1418 10.3972
6815.0000 33.1549 10.3967
6820.0000 33.1638 10.3948
6825.0000 33.1894 10.3866
6830.0000 33.1967 10.3845
6835.0000 33.2122 10.4001
6840.0000 33.2163 10.3979
6845.0000 33.2509 10.4265
6850.0000 33.2702 10.4218
6855.0000 33.2793 10.4197
6860.0000 33.2715 10.3872
6865.0000 33.2917 10.3839
6870.0000 33.3064 10.3814
6875.0000 33.3187 10.3758
6880.0000 33.3937 10.4284
6885.0000 33.4039 10.4270
6890.0000 33.4545 10.4415
6895.0000 33.4556 10.4259
6900.0000 33.5034 10.4418
6905.0000 33.5034 10.4418
6910.0000 33.5844 10.5050
6915.0000 33.6055 10.5001
6920.0000 33.6370 10.4910
6925.0000 33.6471 10.4869
6930.0000 33.6642 10.4785
6935.0000 33.6713 10.4757
6940.0000 33.6794 10.4730
6945.0000 33.6934 10.4690
6950.0000 33.6984 10.4450
6955.0000 33.7238 10.4397
6960.0000 33.7512 10.4316
6965.0000 33.7621 10.4317
6970.0000 33.7677 10.4321
6975.0000 33.7911 10.4468
6980.0000 33.7898 10.4405
6985.0000 33.7994 10.4410
6990.0000 33.8108 10.4387
6995.0000 33.8687 10.4780
7000.0000 33.9007 10.5072
7005.0000 33.9138 10.5069
7010.0000 33.9336 10.5066
7015.0000 33.9659 10.5391
7020.0000 33.9864 10.5389
7025.0000 34.0395 10.5985
7030.0000 34.0110 10.5630
7035.0000 34.0509 10.6129
7040.0000 34.0546 10.6129
7045.0000 34.0537 10.6040
7050.0000 34.0640 10.5991
7055.0000 34.0818 10.5956
7060.0000 34.0644 10.5636
7065.0000 34.0789 10.5543
7070.0000 34.2170 10.6992
7075.0000 34.1872 10.6352
7080.0000 34.2450 10.6736
7085.0000 34.2576 10.6608
7090.0000 34.2669 10.6357
7095.0000 34.2855 10.6380
7100.0000 34.3342 10.6889
7105.0000 34.3407 10.6853
7110.0000 34.3504 10.6800
7115.0000 34.3375 10.6638
7120.0000 34.3415 10.6620
7125.0000 34.3054 10.6169
7130.0000 34.3054 10.6169
7135.0000 34.3073 10.6192
7140.0000 34.3230 10.6178
7145.0000 34.3456 10.6183
7150.0000 34.3301 10.5599
7155.0000 34.3429 10.5596
7160.0000 34.3946 10.5949
7165.0000 34.4019 10.5954
7170.0000 34.4162 10.5910
7175.0000 34.4474 10.5857
7180.0000 34.4618 10.5830
7185.0000 34.4065 10.4980
7190.0000 34.4166 10.4998
7195.0000 34.4227 10.5007
7200.0000 34.4323 10.5134
7205.0000 34.4340 10.5154
7210.0000 34.4394 10.5162
7215.0000 34.4394 10.5162
7220.0000 34.4705 10.5389
7225.0000 34.5202 10.5943
7230.0000 34.5230 10.5931
7235.0000 34.5210 10.5906
7240.0000 34.5131 10.5812
7245.0000 34.5186 10.5787
7250.0000 34.5048 10.5361
7255.0000 34.5456 10.5855
7260.0000 34.5716 10.6173
7265.0000 34.6135 10.6283
7270.0000 34.6624 10.6802
7275.0000 34.6702 10.6795
7280.0000 34.6702 10.6795
7285.0000 34.6802 10.6746
7290.0000 34.6854 10.6727
7295.0000 34.7068 10.6840
7300.0000 34.7179 10.6794
7305.0000 34.6910 10.6244
7310.0000 34.7192 10.6180
7315.0000 34.7534 10.6534
7320.0000 34.7171 10.6045
7325.0000 34.7646 10.6354
7330.0000 34.7673 10.6102
7335.0000 34.8143 10.6664
7340.0000 34.8146 10.6668
7345.0000 34.8146 10.6668
7350.0000 34.8313 10.6723
7355.0000 34.8244 10.6642
7360.0000 34.8286 10.6643
7365.0000 34.7897 10.6028
7370.0000 34.7897 10.6028
7375.0000 34.8219 10.6171
7380.0000 34.8582 10.6316
7385.0000 34.8624 10.6293
7390.0000 34.8624 10.6293
7395.0000 34.8661 10.6278
7400.0000 34.8831 10.6227
7405.0000 34.8897 10.6220
7410.0000 34.9475 10.6520
7415.0000 34.9783 10.6515
7420.0000 34.9975 10.6484
7425.0000 35.0112 10.6481
7430.0000 35.0573 10.6869
7435.0000 35.0823 10.6839
7440.0000 35.0972 10.6787
7445.0000 35.1193 10.6847
7450.0000 35.1467 10.6860
7455.0000 35.1728 10.6765
7460.0000 35.1908 10.6691
7465.0000 35.1949 10.6669
7470.0000 35.2054 10.6666
7475.0000 35.1949 10.6304
7480.0000 35.2337 10.6762
7485.0000 35.2415 10.6853
7490.0000 35.1948 10.6122
7495.0000 35.1985 10.6167
7500.0000 35.2427 10.6614
7505.0000 35.2034 10.6156
7510.0000 35.2323 10.6407
7515.0000 35.2507 10.6457
7520.0000 35.2595 10.6430
7525.0000 35.3018 10.6631
7530.0000 35.3124 10.6618
7535.0000 35.3124 10.6618
7540.0000 35.3124 10.6618
7545.0000 35.3208 10.6574
7550.0000 35.3361 10.6524
7555.0000 35.3501 10.6513
7560.0000 35.3600 10.6523
7565.0000 35.4117 10.7064
7570.0000 35.4195 10.7056
7575.0000 35.4442 10.7171
7580.0000 35.4503 10.7180
7585.0000 35.4657 10.7141
7590.0000 35.4657 10.7141
7595.0000 35.4417 10.6642
7600.0000 35.4477 10.6539
7605.0000 35.4558 10.6516
7610.0000 35.4558 10.6516
7615.0000 35.4167 10.6053
7620.0000 35.4991 10.6847
7625.0000 35.4991 10.6847
7630.0000 35.4991 10.6847
7635.0000 35.4338 10.6072
7640.0000 35.4738 10.6536
7645.0000 35.5172 10.6740
7650.0000 35.5206 10.6724
7655.0000 35.5830 10.7479
7660.0000 35.5880 10.7479
7665.0000 35.5880 10.7479
7670.0000 35.6167 10.7818
7675.0000 35.6249 10.7783
7680.0000 35.6228 10.7571
7685.0000 35.6816 10.7922
7690.0000 35.6628 10.7400
7695.0000 35.6720 10.7382
7700.0000 35.7096 10.7705
7705.0000 35.7429 10.7801
7710.0000 35.7992 10.8141
7715.0000 35.7644 10.7729
7720.0000 35.7502 10.7560
7725.0000 35.7559 10.7626
7730.0000 35.7559 10.7626
7735.0000 35.8327 10.8448
7740.0000 35.8368 10.8497
7745.0000 35.8483 10.8502
7750.0000 35.8188 10.8007
7755.0000 35.8188 10.8007
7760.0000 35.7918 10.7691
7765.0000 35.8584 10.8290
7770.0000 35.8628 10.8266
7775.0000 35.8670 10.8243
7780.0000 35.8670 10.8243
7785.0000 35.8759 10.8234
7790.0000 35.8750 10.8191
7795.0000 35.8895 10.8188
7800.0000 35.9477 10.8740
7805.0000 35.9590 10.8721
7810.0000 35.9441 10.8317
7815.0000 35.9552 10.8295
7820.0000 35.9706 10.8295
7825.0000 35.9785 10.8307
7830.0000 36.0121 10.8647
7835.0000 35.9716 10.8100
7840.0000 35.9837 10.8074
7845.0000 35.9928 10.8055
7850.0000 36.0077 10.7976
7855.0000 36.0497 10.8208
7860.0000 36.1094 10.8676
7865.0000 36.1240 10.8648
7870.0000 36.1549 10.8792
7875.0000 36.2135 10.9108
7880.0000 36.2349 10.9047
7885.0000 36.2404 10.9031
7890.0000 36.2942 10.9482
7895.0000 36.3443 10.9819
7900.0000 36.3126 10.9444
7905.0000 36.3210 10.9425
7910.0000 36.3283 10.9426
7915.0000 36.3329 10.9427
7920.0000 36.3288 10.9249
7925.0000 36.3308 10.9004
7930.0000 36.3401 10.8958
7935.0000 36.4063 10.9565
7940.0000 36.4486 11.0063
7945.0000 36.4537 11.0123
7950.0000 36.4593 11.0124
7955.0000 36.4630 11.0108
7960.0000 36.4281 10.9645
7965.0000 36.4345 10.9515
7970.0000 36.4554 10.9515
7975.0000 36.4909 10.9491
7980.0000 36.5227 10.9460
7985.0000 36.5752 10.9941
7990.0000 36.5768 10.9799
7995.0000 36.5844 10.9776
8000.0000 36.5606 10.9219
8005.0000 36.5310 10.8675
8010.0000 36.5881 10.9151
8015.0000 36.5906 10.9153
8020.0000 36.5906 10.9153
8025.0000 36.5943 10.9132
8030.0000 36.6003 10.9126
8035.0000 36.6074 10.9087
8040.0000 36.6191 10.9031
8045.0000 36.6389 10.9266
8050.0000 36.6399 10.9178
8055.0000 36.6450 10.9159
8060.0000 36.6485 10.9147
8065.0000 36.6485 10.9147
8070.0000 36.6565 10.9159
8075.0000 36.6638 10.9122
8080.0000 36.6500 10.8728
8085.0000 36.7041 10.9190
8090.0000 36.7077 10.9167
8095.0000 36.7139 10.9166
8100.0000 36.7323 10.9131
8105.0000 36.7427 10.9074
8110.0000 36.7902 10.9556
8115.0000 36.8330 11.0024
8120.0000 36.8352 10.9978
8125.0000 36.8512 10.9933
8130.0000 36.8467 10.9882
8135.0000 36.8503 10.9886
8140.0000 36.8433 10.9665
8145.0000 36.8527 10.9641
8150.0000 36.8916 10.9929
8155.0000 36.8916 10.9929
8160.0000 36.8916 10.9929
8165.0000 36.8970 10.9907
8170.0000 36.9571 11.0379
8175.0000 36.9438 11.0027
8180.0000 36.9723 10.9959
8185.0000 36.9917 10.9881
8190.0000 37.0017 10.9810
8195.0000 36.9760 10.9133
8200.0000 37.0622 11.0060
8205.0000 37.0953 11.0373
8210.0000 37.0953 11.0373
8215.0000 37.1091 11.0462
8220.0000 37.1202 11.0426
8225.0000 37.1542 11.0697
8230.0000 37.1303 11.0375
8235.0000 37.1303 11.0375
8240.0000 37.1303 11.0375
8245.0000 37.1350 11.0375
8250.0000 37.1774 11.0666
8255.0000 37.1867 11.0597
8260.0000 37.1526 11.0144
8265.0000 37.1823 11.0304
8270.0000 37.2447 11.0813
8275.0000 37.2629 11.0799
8280.0000 37.2390 11.0409
8285.0000 37.2303 11.0075
8290.0000 37.2303 11.0075
8295.0000 37.2710 11.0554
8300.0000 37.2761 11.0529
8305.0000 37.2401 11.0102
8310.0000 37.2427 11.0105
8315.0000 37.2463 11.0085
8320.0000 37.2691 11.0225
8325.0000 37.2634 11.0160
8330.0000 37.2737 11.0141
8335.0000 37.2833 11.0154
8340.0000 37.2880 11.0161
8345.0000 37.2880 11.0161
8350.0000 37.3203 11.0482
8355.0000 37.3277 11.0566
8360.0000 37.2984 11.0141
8365.0000 37.3161 11.0116
8370.0000 37.3270 10.9937
8375.0000 37.4241 11.0555
8380.0000 37.4358 11.0547
8385.0000 37.4271 11.0413
8390.0000 37.5187 11.1025
8395.0000 37.5316 11.0860
8400.0000 37.5437 11.0651
8405.0000 37.5592 11.0676
8410.0000 37.6055 11.0999
8415.0000 37.6087 11.0915
8420.0000 37.5906 11.0287
8425.0000 37.6442 11.0512
8430.0000 37.6987 11.0882
8435.0000 37.7605 11.1385
8440.0000 37.7605 11.1385
8445.0000 37.7189 11.0912
8450.0000 37.6897 11.0518
8455.0000 37.6965 11.0498
8460.0000 37.6765 11.0041
8465.0000 37.7350 11.0341
8470.0000 37.7567 11.0385
8475.0000 37.8568 11.1326
8480.0000 37.8568 11.1326
8485.0000 37.8667 11.1296
8490.0000 37.8802 11.1383
8495.0000 37.8813 11.1327
8500.0000 37.8791 11.1087
8505.0000 37.8977 11.1167
8510.0000 37.9038 11.1129
8515.0000 37.9189 11.1043
8520.0000 37.9245 11.1010
8525.0000 37.9784 11.1267
8530.0000 37.9869 11.1223
8535.0000 37.9956 11.1198
8540.0000 37.9968 11.1148
8545.0000 37.9968 11.1148
8550.0000 37.9968 11.1148
8555.0000 37.9998 11.1137
8560.0000 37.9718 11.0771
8565.0000 37.9765 11.0756
8570.0000 37.9765 11.0756
8575.0000 37.9950 11.0720
8580.0000 38.0024 11.0701
8585.0000 38.0070 11.0690
8590.0000 38.0153 11.0671
8595.0000 38.0637 11.1184
8600.0000 38.0764 11.1152
8605.0000 38.1281 11.1573
8610.0000 38.1355 11.1559
8615.0000 38.1414 11.1527
8620.0000 38.1146 11.1041
8625.0000 38.1261 11.1005
8630.0000 38.1474 11.1011
8635.0000 38.1126 11.0406
8640.0000 38.2296 11.1450
8645.0000 38.2369 11.1425
8650.0000 38.1932 11.0708
8655.0000 38.2163 11.0800
8660.0000 38.1847 11.0294
8665.0000 38.2286 11.0539
8670.0000 38.2543 11.0430
8675.0000 38.2399 10.9999
8680.0000 38.3003 11.0447
8685.0000 38.2720 10.9868
8690.0000 38.2392 10.9399
8695.0000 38.2705 10.9674
8700.0000 38.2784 10.9656
8705.0000 38.2717 10.9580
8710.0000 38.3115 10.9952
8715.0000 38.4126 11.0556
8720.0000 38.4024 11.0393
8725.0000 38.4215 11.0404
8730.0000 38.4483 11.0394
8735.0000 38.4525 11.0225
8740.0000 38.4322 10.9680
8745.0000 38.4499 10.9542
8750.0000 38.4566 10.9365
8755.0000 38.4245 10.8868
8760.0000 38.4300 10.8843
8765.0000 38.4340 10.8772
8770.0000 38.4315 10.8745
8775.0000 38.4364 10.8718
8780.0000 38.4478 10.8687
8785.0000 38.4478 10.8687
8790.0000 38.4478 10.8687
8795.0000 38.4823 10.9008
8800.0000 38.4823 10.9008
8805.0000 38.4823 10.9008
8810.0000 38.4964 10.9161
8815.0000 38.4853 10.8809
8820.0000 38.4849 10.8529
8825.0000 38.5271 10.8791
8830.0000 38.5259 10.8737
8835.0000 38.5491 10.8825
8840.0000 38.5346 10.8502
8845.0000 38.5709 10.8618
8850.0000 38.5819 10.8530
8855.0000 38.6215 10.8821
8860.0000 38.6201 10.8673
8865.0000 38.6562 10.8911
8870.0000 38.6815 10.9068
8875.0000 38.6851 10.9075
8880.0000 38.7660 10.9834
8885.0000 38.7555 10.9665
8890.0000 38.7742 10.9645
8895.0000 38.7685 10.9444
8900.0000 38.8211 10.9652
8905.0000 38.8508 10.9662
8910.0000 38.9118 11.0115
8915.0000 38.9782 11.0763
8920.0000 38.9420 11.0250
8925.0000 38.9282 10.9932
8930.0000 38.9111 10.9619
8935.0000 38.9111 10.9619
8940.0000 38.9139 10.9561
8945.0000 38.9258 10.9498
8950.0000 38.9382 10.9434
8955.0000 38.9382 10.9434
8960.0000 38.9803 10.9899
8965.0000 39.0007 10.9987
8970.0000 39.0105 10.9949
8975.0000 38.9617 10.9408
8980.0000 38.9865 10.9356
8985.0000 39.0165 10.9690
8990.0000 39.0021 10.9530
8995.0000 39.0563 10.9778
9000.0000 39.0624 10.9745
9005.0000 39.0689 10.9743
9010.0000 39.0431 10.9328
9015.0000 39.0479 10.9302
9020.0000 39.0917 10.9579
9025.0000 39.1089 10.9566
9030.0000 39.1346 10.9519
9035.0000 39.1170 10.9183
9040.0000 39.1577 10.9650
9045.0000 39.2351 11.0167
9050.0000 39.1940 10.9589
9055.0000 39.1671 10.9184
9060.0000 39.1671 10.9184
9065.0000 39.1510 10.9008
9070.0000 39.1632 10.8964
9075.0000 39.1817 10.8853
9080.0000 39.1926 10.8729
9085.0000 39.1758 10.8394
9090.0000 39.2259 10.8491
9095.0000 39.2536 10.8468
9100.0000 39.2633 10.8482
9105.0000 39.3264 10.9062
9110.0000 39.3802 10.9420
9115.0000 39.3695 10.9105
9120.0000 39.3639 10.9003
9125.0000 39.3752 10.8946
9130.0000 39.4223 10.9039
9135.0000 39.4346 10.8992
9140.0000 39.4624 10.8912
9145.0000 39.4855 10.8889
9150.0000 39.5029 10.8772
9155.0000 39.4971 10.8626
9160.0000 39.5070 10.8619
9165.0000 39.5226 10.8605
9170.0000 39.5318 10.8455
9175.0000 39.5573 10.8433
9180.0000 39.6098 10.8732
9185.0000 39.6532 10.9199
9190.0000 39.6627 10.9184
9195.0000 39.6804 10.9129
9200.0000 39.6809 10.9046
9205.0000 39.6622 10.8510
9210.0000 39.6986 10.8490
9215.0000 39.7322 10.8428
9220.0000 39.7761 10.8768
9225.0000 39.7560 10.8245
9230.0000 39.8081 10.8628
9235.0000 39.8093 10.8640
9240.0000 39.8209 10.8641
9245.0000 39.8281 10.8643
9250.0000 39.8388 10.8658
9255.0000 39.8430 10.8663
9260.0000 39.8607 10.8684
9265.0000 39.8561 10.8309
9270.0000 39.8625 10.8213
9275.0000 39.9358 10.8943
9280.0000 39.9586 10.8976
9285.0000 39.9719 10.8973
9290.0000 39.9388 10.8520
9295.0000 39.9933 10.9012
9300.0000 40.0391 10.9447
9305.0000 40.0595 10.9470
9310.0000 40.0595 10.9470
9315.0000 40.0880 10.9778
9320.0000 40.0291 10.9121
9325.0000 40.0471 10.9073
9330.0000 40.0778 10.9390
9335.0000 40.0434 10.8976
9340.0000 40.0144 10.8478
9345.0000 40.0623 10.8954
9350.0000 40.0766 10.8902
9355.0000 40.0867 10.8872
9360.0000 40.0916 10.8880
9365.0000 40.1083 10.8908
9370.0000 40.1271 10.8858
9375.0000 40.2456 10.9614
9380.0000 40.2568 10.9602
9385.0000 40.2292 10.9250
9390.0000 40.2463 10.9226
9395.0000 40.2484 10.8778
9400.0000 40.2630 10.8753
9405.0000 40.2734 10.8352
9410.0000 40.3068 10.8291
9415.0000 40.3921 10.8806
9420.0000 40.4508 10.9257
9425.0000 40.4569 10.9268
9430.0000 40.4989 10.9686
9435.0000 40.5182 10.9693
9440.0000 40.5045 10.9269
9445.0000 40.4967 10.8905
9450.0000 40.4712 10.8508
9455.0000 40.4367 10.8052
9460.0000 40.4854 10.8489
9465.0000 40.5134 10.8799
9470.0000 40.5562 10.9266
9475.0000 40.5325 10.9012
9480.0000 40.5349 10.8931
9485.0000 40.4731 10.8246
9490.0000 40.5504 10.9102
9495.0000 40.5504 10.9102
9500.0000 40.5485 10.9082
9505.0000 40.5209 10.8771
9510.0000 40.5598 10.9075
9515.0000 40.5598 10.9075
9520.0000 40.5170 10.8606
9525.0000 40.5114 10.8547
9530.0000 40.4872 10.8108
9535.0000 40.5095 10.7942
9540.0000 40.5328 10.7873
9545.0000 40.5476 10.7861
9550.0000 40.5612 10.7799
9555.0000 40.5758 10.7755
9560.0000 40.5534 10.7281
9565.0000 40.5092 10.6742
9570.0000 40.5553 10.7183
9575.0000 40.6135 10.7657
9580.0000 40.6294 10.7696
9585.0000 40.6165 10.7208
9590.0000 40.6165 10.7050
9595.0000 40.6282 10.7030
9600.0000 40.6582 10.7270
9605.0000 40.7150 10.7677
9610.0000 40.8063 10.8413
9615.0000 40.8989 10.9022
9620.0000 40.9074 10.8897
9625.0000 40.9549 10.9294
9630.0000 40.9243 10.8758
9635.0000 40.9927 10.9407
9640.0000 41.0234 10.9701
9645.0000 41.0274 10.9690
9650.0000 41.0075 10.9464
9655.0000 41.0350 10.9762
9660.0000 41.0802 10.9951
9665.0000 41.1996 11.0854
9670.0000 41.2503 11.1081
9675.0000 41.2694 11.1111
9680.0000 41.2907 11.1134
9685.0000 41.3252 11.1173
9690.0000 41.3922 11.1572
9695.0000 41.3796 11.1146
9700.0000 41.3829 11.1094
9705.0000 41.4046 11.1028
9710.0000 41.4038 11.0923
9715.0000 41.4038 11.0923
9720.0000 41.4091 11.0865
9725.0000 41.4151 11.0854
9730.0000 41.3875 11.0551
9735.0000 41.3967 11.0565
9740.0000 41.3772 11.0364
9745.0000 41.4018 11.0642
9750.0000 41.3895 11.0449
9755.0000 41.4238 11.0678
9760.0000 41.4444 11.0701
9765.0000 41.4147 11.0280
9770.0000 41.4470 11.0369
9775.0000 41.4606 11.0436
9780.0000 41.4686 11.0326
9785.0000 41.4299 10.9577
9790.0000 41.5070 11.0117
9795.0000 41.5334 11.0253
9800.0000 41.5208 10.9941
9805.0000 41.5427 11.0109
9810.0000 41.6100 11.0833
9815.0000 41.6078 11.0669
9820.0000 41.6114 11.0582
9825.0000 41.5864 11.0161
9830.0000 41.5910 11.0061
9835.0000 41.6623 11.0783
9840.0000 41.6388 11.0476
9845.0000 41.6445 11.0455
9850.0000 41.6534 11.0421
9855.0000 41.6757 11.0572
9860.0000 41.6865 11.0660
9865.0000 41.6650 11.0382
9870.0000 41.6653 11.0174
9875.0000 41.7073 11.0448
9880.0000 41.7490 11.0740
9885.0000 41.7798 11.0767
9890.0000 41.7907 11.0774
9895.0000 41.8063 11.0787
9900.0000 41.8163 11.0796
9905.0000 41.7471 11.0067
9910.0000 41.7577 11.0069
9915.0000 41.7757 11.0069
9920.0000 41.7803 11.0061
9925.0000 41.8667 11.0622
9930.0000 41.8884 11.0737
9935.0000 41.8482 11.0188
9940.0000 41.8526 11.0172
9945.0000 41.8702 11.0104
9950.0000 41.8517 10.9706
9955.0000 41.9140 11.0108
9960.0000 41.9527 11.0450
9965.0000 42.0014 11.0923
9970.0000 42.0198 11.1054
9975.0000 42.0678 11.1561
9980.0000 42.0011 11.0819
9985.0000 41.9893 11.0702
9990.0000 41.9947 11.0625
9995.0000 42.0037 11.0652
10000.0000 42.0183 11.0694
10005.0000 42.0416 11.0776
10010.0000 42.0489 11.0552
10015.0000 42.0622 11.0521
10020.0000 42.0683 11.0518
10025.0000 42.0907 11.0442
10030.0000 42.1049 11.0409
10035.0000 42.1675 11.0724
10040.0000 42.1503 11.0227
10045.0000 42.2020 11.0613
10050.0000 42.2152 11.0590
10055.0000 42.2295 11.0502
10060.0000 42.2391 11.0449
10065.0000 42.2423 11.0430
10070.0000 42.2517 11.0399
10075.0000 42.2378 11.0095
10080.0000 42.2536 11.0006
10085.0000 42.2809 11.0128
10090.0000 42.3122 11.0333
10095.0000 42.3275 11.0350
10100.0000 42.3297 11.0280
10105.0000 42.3395 11.0275
10110.0000 42.3473 11.0274
10115.0000 42.3121 10.9906
10120.0000 42.2691 10.9466
10125.0000 42.2691 10.9466
10130.0000 42.3296 10.9812
10135.0000 42.3959 11.0260
10140.0000 42.4188 11.0215
10145.0000 42.4413 11.0203
10150.0000 42.4427 11.0059
10155.0000 42.4859 11.0323
10160.0000 42.4918 11.0284
10165.0000 42.5009 11.0221
10170.0000 42.5298 11.0235
10175.0000 42.5439 11.0256
10180.0000 42.5658 11.0184
10185.0000 42.6136 11.0477
10190.0000 42.6270 11.0440
10195.0000 42.6461 11.0409
10200.0000 42.6496 11.0416
10205.0000 42.6480 11.0307
10210.0000 42.6183 11.0005
10215.0000 42.6314 10.9953
10220.0000 42.6314 10.9953
10225.0000 42.6193 10.9831
10230.0000 42.6935 11.0538
10235.0000 42.7220 11.0844
10240.0000 42.7252 11.0765
10245.0000 42.7252 11.0765
10250.0000 42.7252 11.0765
10255.0000 42.7276 11.0791
10260.0000 42.7607 11.1156
10265.0000 42.7924 11.1478
10270.0000 42.7974 11.1459
10275.0000 42.7761 11.1240
10280.0000 42.7903 11.1216
10285.0000 42.8682 11.1868
10290.0000 42.8324 11.1381
10295.0000 42.8403 11.1360
10300.0000 42.8675 11.1586
10305.0000 42.9137 11.1921
10310.0000 42.9015 11.1611
10315.0000 42.9231 11.1574
10320.0000 42.8770 11.0758
10325.0000 42.8770 11.0758
10330.0000 42.8804 11.0752
10335.0000 42.8627 11.0485
10340.0000 42.8676 11.0490
10345.0000 42.8516 11.0081
10350.0000 42.9031 11.0438
10355.0000 42.9236 11.0536
10360.0000 42.9398 11.0554
10365.0000 42.9161 11.0265
10370.0000 42.8712 10.9716
10375.0000 42.8677 10.9583
10380.0000 42.8650 10.9274
10385.0000 42.8739 10.9241
10390.0000 42.9365 10.9708
10395.0000 42.9499 10.9734
10400.0000 42.9487 10.9665
10405.0000 42.9652 10.9701
10410.0000 42.9758 10.9727
10415.0000 42.9851 10.9752
10420.0000 42.9915 10.9771
10425.0000 42.9340 10.9103
10430.0000 42.9495 10.9146
10435.0000 42.9803 10.9128
10440.0000 43.0175 10.9195
10445.0000 43.0272 10.9136
10450.0000 43.0154 10.8985
10455.0000 43.0183 10.8985
10460.0000 43.0696 10.9431
10465.0000 43.0783 10.9415
10470.0000 43.0823 10.9386
10475.0000 43.0885 10.9406
10480.0000 43.0885 10.9406
10485.0000 43.0931 10.9380
10490.0000 43.0931 10.9380
10495.0000 43.1024 10.9348
10500.0000 43.1054 10.9339
10505.0000 43.1177 10.9314
10510.0000 43.1149 10.9052
10515.0000 43.1633 10.9485
10520.0000 43.1812 10.9625
10525.0000 43.1812 10.9625
10530.0000 43.1812 10.9625
10535.0000 43.1927 10.9649
10540.0000 43.2024 10.9672
10545.0000 43.2107 10.9667
10550.0000 43.2602 10.9859
10555.0000 43.2792 10.9688
10560.0000 43.3388 11.0122
10565.0000 43.3353 11.0086
10570.0000 43.2945 10.9651
10575.0000 43.2983 10.9624
10580.0000 43.2887 10.9510
10585.0000 43.3435 10.9975
10590.0000 43.2970 10.9420
10595.0000 43.3070 10.9413
10600.0000 43.3330 10.9677
10605.0000 43.3378 10.9725
10610.0000 43.3378 10.9725
10615.0000 43.3378 10.9725
10620.0000 43.3312 10.9563
10625.0000 43.3382 10.9534
10630.0000 43.3382 10.9534
10635.0000 43.3488 10.9491
10640.0000 43.3216 10.9159
10645.0000 43.3486 10.9159
10650.0000 43.3582 10.9157
10655.0000 43.3268 10.8675
10660.0000 43.3648 10.9000
10665.0000 43.3361 10.8547
10670.0000 43.3323 10.8432
10675.0000 43.3323 10.8432
10680.0000 43.3432 10.8377
10685.0000 43.3489 10.8358
10690.0000 43.3544 10.8344
10695.0000 43.4024 10.8862
10700.0000 43.4436 10.9186
10705.0000 43.3866 10.8510
10710.0000 43.4003 10.8610
10715.0000 43.3894 10.8412
10720.0000 43.4426 10.8874
10725.0000 43.4572 10.8861
10730.0000 43.4572 10.8861
10735.0000 43.4846 10.9136
10740.0000 43.4846 10.9136
10745.0000 43.4846 10.9136
10750.0000 43.4846 10.9136
10755.0000 43.4506 10.8784
10760.0000 43.4607 10.8790
10765.0000 43.4758 10.8815
10770.0000 43.4709 10.8766
10775.0000 43.4709 10.8766
10780.0000 43.4866 10.8751
10785.0000 43.4963 10.8706
10790.0000 43.4712 10.8388
10795.0000 43.4818 10.8336
10800.0000 43.4582 10.8066
10805.0000 43.4734 10.8216
10810.0000 43.4738 10.8220
10815.0000 43.4789 10.8230
10820.0000 43.5095 10.8279
10825.0000 43.5180 10.8276
10830.0000 43.5740 10.8611
10835.0000 43.5491 10.8111
10840.0000 43.5615 10.8154
10845.0000 43.5705 10.8179
10850.0000 43.5755 10.8193
10855.0000 43.5851 10.8222
10860.0000 43.6019 10.8390
10865.0000 43.5749 10.8100
10870.0000 43.5839 10.8103
10875.0000 43.6103 10.8135
10880.0000 43.6828 10.8663
10885.0000 43.7232 10.8815
10890.0000 43.7453 10.8838
10895.0000 43.7504 10.8822
10900.0000 43.7564 10.8833
10905.0000 43.8138 10.9293
10910.0000 43.8036 10.8801
10915.0000 43.8221 10.8749
10920.0000 43.8494 10.8675
10925.0000 43.8494 10.8675
10930.0000 43.8458 10.8544
10935.0000 43.8955 10.8860
10940.0000 43.9116 10.8893
10945.0000 43.9169 10.8905
10950.0000 43.9201 10.8913
10955.0000 43.9254 10.8931
10960.0000 43.9441 10.8942
10965.0000 43.9492 10.8960
10970.0000 43.9642 10.9113
10975.0000 44.0039 10.9539
10980.0000 44.0109 10.9517
10985.0000 44.0400 10.9539
10990.0000 44.0537 10.9539
10995.0000 43.9779 10.8701
11000.0000 43.9505 10.8421
11005.0000 43.9913 10.8847
11010.0000 43.9905 10.8834
11015.0000 44.0373 10.9252
11020.0000 44.0430 10.9218
11025.0000 44.0762 10.9562
11030.0000 44.1213 10.9986
11035.0000 44.0399 10.9124
11040.0000 44.0382 10.9031
11045.0000 44.0467 10.9019
11050.0000 44.0548 10.9001
11055.0000 44.1114 10.9375
11060.0000 44.1154 10.9362
11065.0000 44.1354 10.9394
11070.0000 44.1456 10.9184
11075.0000 44.1579 10.9196
11080.0000 44.2159 10.9740
11085.0000 44.2159 10.9740
11090.0000 44.2159 10.9740
11095.0000 44.2110 10.9544
11100.0000 44.2424 10.9727
11105.0000 44.2770 10.9924
11110.0000 44.2945 10.9918
11115.0000 44.3057 10.9903
11120.0000 44.3169 10.9910
11125.0000 44.3400 10.9898
11130.0000 44.3167 10.9498
11135.0000 44.3432 10.9484
11140.0000 44.3563 10.9522
11145.0000 44.3167 10.8860
11150.0000 44.3251 10.8869
11155.0000 44.3421 10.8875
11160.0000 44.3303 10.8564
11165.0000 44.3073 10.8157
11170.0000 44.3923 10.8917
11175.0000 44.4221 10.8895
11180.0000 44.4686 10.8939
11185.0000 44.4957 10.8956
11190.0000 44.4937 10.8867
11195.0000 44.5225 10.8961
11200.0000 44.5253 10.8794
11205.0000 44.5410 10.8779
11210.0000 44.5675 10.8776
11215.0000 44.5746 10.8797
11220.0000 44.5835 10.8797
11225.0000 44.6423 10.9293
11230.0000 44.6511 10.9285
11235.0000 44.6602 10.9306
11240.0000 44.7001 10.9712
11245.0000 44.7486 11.0168
11250.0000 44.7854 11.0315
11255.0000 44.7930 11.0313
11260.0000 44.8143 11.0361
11265.0000 44.8347 11.0442
11270.0000 44.8380 11.0285
11275.0000 44.8603 11.0256
11280.0000 44.8779 11.0316
11285.0000 44.8223 10.9740
11290.0000 44.7961 10.9464
11295.0000 44.7961 10.9334
11300.0000 44.8000 10.9322
11305.0000 44.8000 10.9322
11310.0000 44.8036 10.9298
11315.0000 44.7390 10.8600
11320.0000 44.7682 10.8596
11325.0000 44.7844 10.8545
11330.0000 44.8098 10.8455
11335.0000 44.7989 10.8205
11340.0000 44.7738 10.7761
11345.0000 44.7824 10.7784
11350.0000 44.7811 10.7771
11355.0000 44.8183 10.8131
11360.0000 44.8084 10.7878
11365.0000 44.8476 10.8079
11370.0000 44.8637 10.8081
11375.0000 44.9190 10.8437
11380.0000 44.9687 10.8706
11385.0000 44.9808 10.8721
11390.0000 44.9909 10.8692
11395.0000 45.0286 10.8978
11400.0000 45.0446 10.8926
11405.0000 45.0475 10.8905
11410.0000 45.0475 10.8905
11415.0000 44.9809 10.8186
11420.0000 45.0179 10.8546
11425.0000 44.9840 10.8164
11430.0000 44.9945 10.8171
11435.0000 45.0085 10.8184
11440.0000 45.0155 10.8164
11445.0000 45.0191 10.8151
11450.0000 45.0679 10.8655
11455.0000 45.0990 10.8917
11460.0000 45.1144 10.8918
11465.0000 45.0994 10.8537
11470.0000 45.1159 10.8565
11475.0000 45.1737 10.8803
11480.0000 45.2015 10.8860
11485.0000 45.2380 10.9035
11490.0000 45.1978 10.8477
11495.0000 45.2707 10.9055
11500.0000 45.2422 10.8669
11505.0000 45.2603 10.8676
11510.0000 45.2830 10.8662
11515.0000 45.3334 10.8969
11520.0000 45.3477 10.8956
11525.0000 45.3226 10.8482
11530.0000 45.3597 10.8727
11535.0000 45.3628 10.8513
11540.0000 45.4143 10.8671
11545.0000 45.4352 10.8644
11550.0000 45.4556 10.8553
11555.0000 45.4783 10.8566
11560.0000 45.4953 10.8624
11565.0000 45.5095 10.8612
11570.0000 45.5206 10.8466
11575.0000 45.5738 10.8762
11580.0000 45.5660 10.8398
11585.0000 45.5793 10.8339
11590.0000 45.6015 10.8460
11595.0000 45.6136 10.8507
11600.0000 45.6309 10.8526
11605.0000 45.6658 10.8845
11610.0000 45.6896 10.9007
11615.0000 45.6904 10.8995
11620.0000 45.6520 10.8588
11625.0000 45.6013 10.8034
11630.0000 45.6494 10.8504
11635.0000 45.6202 10.8115
11640.0000 45.6036 10.7934
11645.0000 45.6228 10.7897
11650.0000 45.6392 10.7909
11655.0000 45.6574 10.7927
11660.0000 45.6694 10.7958
11665.0000 45.6841 10.7977
11670.0000 45.6964 10.8000
11675.0000 45.6563 10.7569
11680.0000 45.6563 10.7569
11685.0000 45.6632 10.7583
11690.0000 45.6792 10.7593
11695.0000 45.7099 10.7570
11700.0000 45.7541 10.7700
11705.0000 45.8164 10.8226
11710.0000 45.8299 10.8283
11715.0000 45.8218 10.8030
11720.0000 45.8143 10.7928
11725.0000 45.8266 10.7850
11730.0000 45.8380 10.7774
11735.0000 45.8416 10.7748
11740.0000 45.8416 10.7748
11745.0000 45.8923 10.8169
11750.0000 45.8936 10.8207
11755.0000 45.9007 10.8208
11760.0000 45.9161 10.8215
11765.0000 45.9275 10.8283
11770.0000 45.9320 10.8301
11775.0000 45.9378 10.8281
11780.0000 45.9441 10.8267
11785.0000 45.9441 10.8267
11790.0000 45.9563 10.8288
11795.0000 45.9683 10.8320
11800.0000 45.9748 10.8337
11805.0000 45.9706 10.8297
11810.0000 45.9419 10.7962
11815.0000 46.0715 10.9153
11820.0000 46.0271 10.8723
11825.0000 46.0225 10.8629
11830.0000 46.1055 10.9426
11835.0000 46.1087 10.9444
11840.0000 46.0461 10.8745
11845.0000 46.0362 10.8606
11850.0000 46.0442 10.8620
11855.0000 46.0951 10.9078
11860.0000 46.0951 10.9078
11865.0000 46.1008 10.9083
11870.0000 46.1092 10.9058
11875.0000 46.0777 10.8652
11880.0000 46.0844 10.8670
11885.0000 46.0918 10.8708
11890.0000 46.1028 10.8759
11895.0000 46.0810 10.8269
11900.0000 46.1321 10.8555
11905.0000 46.1918 10.9032
11910.0000 46.1918 10.9032
11915.0000 46.2411 10.9507
11920.0000 46.2013 10.9119
11925.0000 46.2092 10.9106
11930.0000 46.1790 10.8715
11935.0000 46.1915 10.8746
11940.0000 46.2249 10.8753
11945.0000 46.2511 10.8715
11950.0000 46.2920 10.8768
11955.0000 46.2652 10.8411
11960.0000 46.3054 10.8718
11965.0000 46.3450 10.9101
11970.0000 46.3152 10.8702
11975.0000 46.4025 10.9394
11980.0000 46.4233 10.9352
11985.0000 46.3581 10.8595
11990.0000 46.4421 10.9117
11995.0000 46.4528 10.8800
12000.0000 46.4915 10.8779
12005.0000 46.5455 10.8965
12010.0000 46.5749 10.8967
12015.0000 46.6738 10.9385
12020.0000 46.6627 10.8944
12025.0000 46.6527 10.8762
12030.0000 46.6739 10.8763
12035.0000 46.7041 10.8930
12040.0000 46.7105 10.8934
12045.0000 46.7073 10.8799
12050.0000 46.7258 10.8838
12055.0000 46.7448 10.8830
12060.0000 46.6943 10.8510
12065.0000 46.0731 10.3774
12070.0000 45.7816 10.3880
12075.0000 45.5767 10.3736
12080.0000 45.5706 10.3859
12085.0000 45.5952 10.4107
12090.0000 45.5681 10.3590
12095.0000 45.6471 10.3964
12100.0000 45.6409 10.3551
12105.0000 45.6864 10.3927
12110.0000 45.7336 10.4304
12115.0000 45.7519 10.4306
12120.0000 45.7733 10.4249
12125.0000 45.8624 10.4687
12130.0000 45.8926 10.4673
12135.0000 45.8834 10.4609
12140.0000 45.8929 10.4607
12145.0000 45.9130 10.4603
12150.0000 45.9245 10.4572
12155.0000 45.9411 10.4545
12160.0000 45.9517 10.4529
12165.0000 45.9885 10.4777
12170.0000 45.9635 10.4534
12175.0000 45.9670 10.4505
12180.0000 45.9011 10.4026
12185.0000 44.9465 9.7150
12190.0000 44.7239 9.7226
12195.0000 44.6703 9.7702
12200.0000 44.6598 9.7696
12205.0000 44.6565 9.7628
12210.0000 44.6741 9.7644
12215.0000 44.6898 9.7688
12220.0000 44.7402 9.8108
12225.0000 44.7013 9.7599
12230.0000 44.7013 9.7599
12235.0000 44.7746 9.8285
12240.0000 44.8284 9.8663
12245.0000 44.7917 9.8420
12250.0000 44.7791 9.8672
12255.0000 44.7169 9.8739
12260.0000 44.7358 9.9111
12265.0000 44.7212 9.8909
12270.0000 44.7272 9.8900
12275.0000 44.7733 9.9252
12280.0000 44.8660 10.0021
12285.0000 44.8763 10.0013
12290.0000 44.9117 10.0278
12295.0000 44.9414 10.0192
12300.0000 44.8068 9.8769
12305.0000 44.2898 9.5508
12310.0000 44.0758 9.5131
12315.0000 43.9979 9.5058
12320.0000 43.9859 9.5048
12325.0000 44.0003 9.5041
12330.0000 44.0326 9.5249
12335.0000 44.0628 9.5540
12340.0000 44.1021 9.5931
12345.0000 44.1021 9.5931
12350.0000 44.0593 9.5506
12355.0000 44.1108 9.5900
12360.0000 44.1654 9.6423
12365.0000 43.8709 9.4578
12370.0000 43.6218 9.4175
12375.0000 43.4281 9.4091
12380.0000 43.3947 9.4145
12385.0000 43.3947 9.4145
12390.0000 43.4809 9.4638
12395.0000 43.5444 9.4990
12400.0000 43.6429 9.5808
12405.0000 43.7583 9.6779
12410.0000 43.7586 9.6526
12415.0000 43.7659 9.6511
12420.0000 43.6822 9.5745
12425.0000 43.0612 9.1326
12430.0000 42.7306 9.0501
12435.0000 42.6344 9.0410
12440.0000 42.6169 9.0423
12445.0000 42.6215 9.0439
12450.0000 42.6215 9.0439
12455.0000 42.6310 9.0460
12460.0000 42.6402 9.0492
12465.0000 42.6524 9.0544
12470.0000 42.6595 9.0570
12475.0000 42.6625 9.0551
12480.0000 42.6465 9.0633
12485.0000 42.2489 8.8200
12490.0000 42.0664 8.7831
12495.0000 41.9678 8.7887
12500.0000 41.9408 8.7854
12505.0000 41.9440 8.7838
12510.0000 41.9587 8.7799
12515.0000 41.9699 8.7752
12520.0000 41.9699 8.7752
12525.0000 41.9862 8.7655
12530.0000 42.0321 8.7908
12535.0000 42.0354 8.7892
12540.0000 42.0134 8.7932
12545.0000 41.5708 8.4989
12550.0000 41.3843 8.4618
12555.0000 41.3090 8.4632
12560.0000 41.2988 8.4625
12565.0000 41.3041 8.4643
12570.0000 41.3090 8.4620
12575.0000 41.3139 8.4600
12580.0000 41.3743 8.4931
12585.0000 41.3930 8.4952
12590.0000 41.4371 8.5125
12595.0000 41.4752 8.5415
12600.0000 41.4861 8.5447
12605.0000 41.2737 8.4143
12610.0000 41.1709 8.3944
12615.0000 41.1203 8.3862
12620.0000 41.1128 8.3789
12625.0000 41.1381 8.3751
12630.0000 41.1592 8.3759
12635.0000 41.2074 8.4000
12640.0000 41.3430 8.4981
12645.0000 41.4358 8.5871
12650.0000 41.4417 8.5860
12655.0000 41.4718 8.5824
12660.0000 41.4844 8.5806
12665.0000 41.1780 8.4018
12670.0000 41.1476 8.4009
12675.0000 41.1307 8.4239
12680.0000 41.1479 8.4299
12685.0000 41.1599 8.4312
12690.0000 41.1705 8.4340
12695.0000 41.1767 8.4357
12700.0000 41.1986 8.4380
12705.0000 41.2172 8.4382
12710.0000 41.2905 8.4729
12715.0000 41.3469 8.4997
12720.0000 41.2787 8.4059
12725.0000 40.8840 8.1647
12730.0000 40.7592 8.1842
12735.0000 40.6357 8.1949
12740.0000 40.5948 8.1894
12745.0000 40.5948 8.1894
12750.0000 40.5948 8.1894
12755.0000 40.5948 8.1894
12760.0000 40.6404 8.2371
12765.0000 40.6697 8.2457
12770.0000 40.6727 8.2439
12775.0000 40.6727 8.2439
12780.0000 40.6945 8.2679
12785.0000 40.6816 8.2614
12790.0000 40.6491 8.2953
12795.0000 40.5867 8.3217
12800.0000 40.5609 8.3210
12805.0000 40.5643 8.3246
12810.0000 40.5912 8.3443
12815.0000 40.6410 8.3820
12820.0000 40.6791 8.4089
12825.0000 40.7068 8.4033
12830.0000 40.7768 8.4713
12835.0000 40.7694 8.4538
12840.0000 40.7898 8.4738
12845.0000 40.1990 8.0972
12850.0000 39.8994 8.0041
12855.0000 39.7824 7.9978
12860.0000 39.8031 8.0420
12865.0000 39.8475 8.0892
12870.0000 39.8703 8.0939
12875.0000 39.9462 8.1645
12880.0000 39.9752 8.1758
12885.0000 40.1249 8.2990
12890.0000 40.1635 8.3226
12895.0000 40.1597 8.3185
12900.0000 40.1840 8.3379
12905.0000 40.1447 8.3071
12910.0000 40.0834 8.2829
12915.0000 40.0430 8.2832
12920.0000 40.0814 8.3316
12925.0000 40.1337 8.3640
12930.0000 40.1411 8.3669
12935.0000 40.1568 8.3742
12940.0000 40.2579 8.4531
12945.0000 40.2351 8.4229
12950.0000 40.2437 8.4318
12955.0000 40.2508 8.4337
12960.0000 40.2067 8.3928
12965.0000 39.4292 7.8481
12970.0000 39.3123 7.8312
12975.0000 39.2872 7.8788
12980.0000 39.2591 7.8820
12985.0000 39.2637 7.8828
12990.0000 39.2980 7.9177
12995.0000 39.3029 7.9145
13000.0000 39.3126 7.9113
13005.0000 39.3126 7.9113
13010.0000 39.3188 7.9137
13015.0000 39.3994 7.9925
13020.0000 39.4917 8.0690
13025.0000 39.4345 8.0367
13030.0000 39.4751 8.0750
13035.0000 39.4922 8.1007
13040.0000 39.5296 8.1262
13045.0000 39.7155 8.3044
13050.0000 39.7187 8.3038
13055.0000 39.7301 8.3052
13060.0000 39.7008 8.2653
13065.0000 39.7097 8.2754
13070.0000 39.7097 8.2754
13075.0000 39.7236 8.2838
13080.0000 39.7403 8.2942
13085.0000 39.0120 7.7677
13090.0000 38.8636 7.6945
13095.0000 38.7993 7.6933
13100.0000 38.7829 7.6896
13105.0000 38.7878 7.6908
13110.0000 38.7934 7.6920
13115.0000 38.8037 7.6945
13120.0000 38.8517 7.7397
13125.0000 38.8517 7.7397
13130.0000 38.8900 7.7751
13135.0000 38.8979 7.7706
13140.0000 38.9056 7.7694
13145.0000 38.8737 7.7651
13150.0000 38.8555 7.7626
13155.0000 38.8068 7.7535
13160.0000 38.8354 7.7870
13165.0000 38.8825 7.8227
13170.0000 38.8881 7.8206
13175.0000 38.8961 7.8177
13180.0000 38.9086 7.8136
13185.0000 38.9565 7.8399
13190.0000 38.9987 7.8695
13195.0000 39.0054 7.8676
13200.0000 38.9769 7.8146
13205.0000 38.5637 7.5524
13210.0000 38.4883 7.5093
13215.0000 38.4384 7.5045
13220.0000 38.4702 7.5251
13225.0000 38.4854 7.5243
13230.0000 38.4947 7.5205
13235.0000 38.5121 7.5134
13240.0000 38.5267 7.5114
13245.0000 38.5661 7.5413
13250.0000 38.5940 7.5390
13255.0000 38.6336 7.5635
13260.0000 38.5958 7.5160
13265.0000 38.2736 7.3619
13270.0000 38.1162 7.3483
13275.0000 37.9611 7.3495
13280.0000 37.9174 7.3988
13285.0000 37.9445 7.4260
13290.0000 37.9445 7.4260
13295.0000 37.9492 7.4261
13300.0000 38.0088 7.4569
13305.0000 38.0373 7.4743
13310.0000 38.0874 7.5013
13315.0000 38.0979 7.5021
13320.0000 38.0979 7.5021
13325.0000 38.1420 7.5326
13330.0000 38.1614 7.5653
13335.0000 38.2262 7.6410
13340.0000 38.2796 7.6823
13345.0000 38.3220 7.7256
13350.0000 38.3795 7.7497
13355.0000 38.4324 7.7654
13360.0000 38.4392 7.7659
13365.0000 38.4769 7.7831
13370.0000 38.5409 7.8176
13375.0000 38.6333 7.8621
13380.0000 38.7285 7.9371
13385.0000 38.2321 7.6378
13390.0000 38.0529 7.5765
13395.0000 38.0112 7.6244
13400.0000 37.9639 7.6272
13405.0000 37.9834 7.6293
13410.0000 38.0182 7.6636
13415.0000 38.0329 7.6608
13420.0000 38.0517 7.6589
13425.0000 38.0710 7.6586
13430.0000 38.0806 7.6582
13435.0000 38.0854 7.6563
13440.0000 38.0895 7.6547
13445.0000 38.0904 7.6519
13450.0000 38.1316 7.6709
13455.0000 38.1316 7.6709
13460.0000 38.1316 7.6709
13465.0000 38.1316 7.6709
13470.0000 38.1349 7.6714
13475.0000 38.1427 7.6726
13480.0000 38.1475 7.6734
13485.0000 38.1512 7.6740
13490.0000 38.2118 7.7306
13495.0000 38.2215 7.7331
13500.0000 38.2140 7.7413
13505.0000 37.6120 7.3021
13510.0000 37.4328 7.2365
13515.0000 37.2749 7.2329
13520.0000 37.2219 7.2303
13525.0000 37.2219 7.2303
13530.0000 37.2219 7.2303
13535.0000 37.2268 7.2312
13540.0000 37.2434 7.2335
13545.0000 37.2579 7.2342
13550.0000 37.2700 7.2368
13555.0000 37.2823 7.2354
13560.0000 37.2898 7.2360
13565.0000 37.3856 7.3253
13570.0000 37.4065 7.3294
13575.0000 37.3866 7.2980
13580.0000 37.4383 7.3623
13585.0000 37.4383 7.3623
13590.0000 37.4830 7.4076
13595.0000 37.4885 7.4098
13600.0000 37.5002 7.4147
13605.0000 37.5133 7.4108
13610.0000 37.5192 7.4079
13615.0000 37.5063 7.3794
13620.0000 37.5590 7.4092
13625.0000 36.9157 7.0095
13630.0000 36.6995 6.9321
13635.0000 36.5620 6.9267
13640.0000 36.5559 6.9206
13645.0000 36.5559 6.9206
13650.0000 36.5559 6.9206
13655.0000 36.5559 6.9206
13660.0000 36.5735 6.9208
13665.0000 36.6275 6.9664
13670.0000 36.6600 6.9856
13675.0000 36.6778 6.9840
13680.0000 36.6990 6.9808
13685.0000 36.4923 6.8457
13690.0000 36.4035 6.8317
13695.0000 36.3053 6.8238
13700.0000 36.2784 6.8179
13705.0000 36.3391 6.8590
13710.0000 36.3586 6.8564
13715.0000 36.4170 6.8700
13720.0000 36.4546 6.8606
13725.0000 36.4799 6.8575
13730.0000 36.5064 6.8551
13735.0000 36.5647 6.8930
13740.0000 36.5854 6.8966
13745.0000 36.5555 6.8986
13750.0000 36.5804 6.9428
13755.0000 36.5807 6.9426
13760.0000 36.6161 6.9431
13765.0000 36.6674 6.9399
13770.0000 36.6764 6.9370
13775.0000 36.6995 6.9353
13780.0000 36.7286 6.9317
13785.0000 36.7737 6.9503
13790.0000 36.7964 6.9540
13795.0000 36.8399 6.9690
13800.0000 36.8321 6.9471
13805.0000 36.3392 6.6544
13810.0000 36.1008 6.5561
13815.0000 35.9998 6.5892
13820.0000 35.9629 6.5901
13825.0000 35.9694 6.5903
13830.0000 35.9742 6.5912
13835.0000 35.9793 6.5922
13840.0000 35.9863 6.5937
13845.0000 35.9863 6.5937
13850.0000 35.9953 6.5942
13855.0000 36.0120 6.5947
13860.0000 36.0214 6.5927
13865.0000 35.9802 6.5738
13870.0000 36.0336 6.6099
13875.0000 36.0209 6.5854
13880.0000 36.0294 6.5830
13885.0000 36.0443 6.5853
13890.0000 36.0531 6.5859
13895.0000 36.0694 6.6050
13900.0000 36.0744 6.6034
13905.0000 36.1041 6.6286
13910.0000 36.1041 6.6286
13915.0000 36.1116 6.6265
13920.0000 36.1148 6.6256
13925.0000 35.5566 6.2599
13930.0000 35.4002 6.2019
13935.0000 35.2923 6.2009
13940.0000 35.2384 6.1999
13945.0000 35.2404 6.1993
13950.0000 35.2482 6.2014
13955.0000 35.2541 6.2019
13960.0000 35.2676 6.2012
13965.0000 35.3164 6.2498
13970.0000 35.3082 6.2242
13975.0000 35.3231 6.2222
13980.0000 35.3292 6.2218
13985.0000 35.3309 6.2241
13990.0000 35.3400 6.2220
13995.0000 35.3400 6.2220
14000.0000 35.3455 6.2218
14005.0000 35.3482 6.2203
14010.0000 35.3590 6.2219
14015.0000 35.4152 6.2405
14020.0000 35.4223 6.2421
14025.0000 35.4264 6.2431
14030.0000 35.4264 6.2431
14035.0000 35.4666 6.2694
14040.0000 35.4454 6.2455
14045.0000 34.7074 5.8980
14050.0000 34.5119 5.8525
14055.0000 34.3908 5.8406
14060.0000 34.3429 5.8424
14065.0000 34.3639 5.8719
14070.0000 34.3639 5.8719
14075.0000 34.3702 5.8711
14080.0000 34.4443 5.9319
14085.0000 34.4524 5.9313
14090.0000 34.4725 5.9315
14095.0000 34.4847 5.9316
14100.0000 34.5270 5.9527
14105.0000 34.5579 5.9608
14110.0000 34.6244 5.9821
14115.0000 34.6612 5.9837
14120.0000 34.6710 5.9804
14125.0000 34.6917 5.9737
14130.0000 34.7608 5.9998
14135.0000 34.7828 5.9990
14140.0000 34.8003 6.0008
14145.0000 34.8097 5.9983
14150.0000 34.8197 6.0007
14155.0000 34.8303 6.0037
14160.0000 34.9323 6.0649
14165.0000 34.8699 6.0613
14170.0000 34.8376 6.0618
14175.0000 34.6975 6.0438
14180.0000 34.6836 6.0363
14185.0000 34.6896 6.0374
14190.0000 34.6971 6.0389
14195.0000 34.7564 6.0866
14200.0000 34.8143 6.1401
14205.0000 34.8929 6.2002
14210.0000 34.9363 6.2143
14215.0000 34.9886 6.2406
14220.0000 35.0002 6.2399
14225.0000 34.9950 6.2407
14230.0000 34.9846 6.2391
14235.0000 34.9987 6.2350
14240.0000 34.9934 6.2366
14245.0000 34.9799 6.2360
14250.0000 34.9574 6.1988
14255.0000 34.9628 6.1996
14260.0000 34.9710 6.1991
14265.0000 35.0198 6.2089
14270.0000 35.0267 6.2103
14275.0000 35.0324 6.2115
14280.0000 34.9950 6.1609
14285.0000 34.4736 5.8040
14290.0000 34.3466 5.7873
14295.0000 34.2976 5.8225
14300.0000 34.2855 5.8153
14305.0000 34.2898 5.8136
14310.0000 34.2933 5.8120
14315.0000 34.3125 5.8092
14320.0000 34.3178 5.8091
14325.0000 34.3295 5.8100
14330.0000 34.3667 5.8413
14335.0000 34.3667 5.8413
14340.0000 34.3707 5.8395
14345.0000 34.1893 5.7585
14350.0000 34.1119 5.7482
14355.0000 34.0321 5.7563
14360.0000 34.0325 5.8036
14365.0000 34.0372 5.8021
14370.0000 34.0478 5.8040
14375.0000 34.0992 5.8255
14380.0000 34.1131 5.8262
14385.0000 34.1359 5.8311
14390.0000 34.2149 5.8906
14395.0000 34.2310 5.8935
14400.0000 34.2434 5.8962
14405.0000 34.2538 5.8981
14410.0000 34.2175 5.8613
14415.0000 34.2052 5.8592
14420.0000 34.2097 5.8602
14425.0000 34.2057 5.8451
14430.0000 34.2500 5.8891
14435.0000 34.2810 5.9241
14440.0000 34.2810 5.9241
14445.0000 34.3241 5.9502
14450.0000 34.3374 5.9484
14455.0000 34.3420 5.9468
14460.0000 34.3961 5.9703
14465.0000 34.2489 5.9144
14470.0000 34.2034 5.9201
14475.0000 34.1005 5.8739
14480.0000 34.0740 5.8729
14485.0000 34.0669 5.8711
14490.0000 34.0760 5.8696
14495.0000 34.1025 5.8876
14500.0000 34.1025 5.8876
14505.0000 34.1304 5.9081
14510.0000 34.1751 5.9369
14515.0000 34.1809 5.9347
14520.0000 34.1809 5.9347
14525.0000 34.1297 5.8898
14530.0000 34.1015 5.8939
14535.0000 34.0835 5.8911
14540.0000 34.0929 5.8859
14545.0000 34.1022 5.8831
14550.0000 34.1178 5.8805
14555.0000 34.1325 5.8810
14560.0000 34.1502 5.8812
14565.0000 34.1633 5.8805
14570.0000 34.1800 5.8962
14575.0000 34.1891 5.8966
14580.0000 34.2227 5.9236
14585.0000 33.9058 5.7963
14590.0000 33.7165 5.7348
14595.0000 33.6351 5.7425
14600.0000 33.6167 5.7348
14605.0000 33.6281 5.7362
14610.0000 33.6501 5.7360
14615.0000 33.7058 5.7437
14620.0000 33.6701 5.6948
14625.0000 33.6701 5.6948
14630.0000 33.6838 5.6893
14635.0000 33.7161 5.7281
14640.0000 33.7546 5.7743
14645.0000 33.7440 5.7776
14650.0000 33.5805 5.6753
14655.0000 33.5195 5.6624
14660.0000 33.5093 5.6624
14665.0000 33.5060 5.6574
14670.0000 33.5135 5.6584
14675.0000 33.5230 5.6602
14680.0000 33.5874 5.6844
14685.0000 33.6373 5.6974
14690.0000 33.6465 5.6968
14695.0000 33.6510 5.6985
14700.0000 33.6629 5.6918
14705.0000 33.1490 5.3891
14710.0000 33.1271 5.3864
14715.0000 33.1189 5.4234
14720.0000 33.1582 5.4303
14725.0000 33.1582 5.4303
14730.0000 33.1582 5.4303
14735.0000 33.1582 5.4303
14740.0000 33.1582 5.4303
14745.0000 33.1633 5.4279
14750.0000 33.1711 5.4291
14755.0000 33.1760 5.4276
14760.0000 33.1099 5.3701
14765.0000 32.5123 5.0226
14770.0000 32.4000 5.0050
14775.0000 32.2441 4.9967
14780.0000 32.2813 5.0429
14785.0000 32.3712 5.1072
14790.0000 32.3693 5.1048
14795.0000 32.4088 5.1185
14800.0000 32.4197 5.1208
14805.0000 32.4889 5.1546
14810.0000 32.5400 5.1776
14815.0000 32.5618 5.1802
14820.0000 32.5753 5.1787
14825.0000 32.4813 5.0961
14830.0000 32.5037 5.1222
14835.0000 32.4604 5.1298
14840.0000 32.4318 5.1354
14845.0000 32.4134 5.1345
14850.0000 32.4540 5.1416
14855.0000 32.4540 5.1416
14860.0000 32.4540 5.1416
14865.0000 32.4636 5.1439
14870.0000 32.4750 5.1458
14875.0000 32.4856 5.1463
14880.0000 32.4946 5.1449
14885.0000 32.4376 5.1372
14890.0000 32.4338 5.1347
14895.0000 32.3856 5.1279
14900.0000 32.3772 5.1260
14905.0000 32.3915 5.1200
14910.0000 32.4563 5.1339
14915.0000 32.5576 5.1615
14920.0000 32.6341 5.2119
14925.0000 32.6491 5.2074
14930.0000 32.6602 5.2043
14935.0000 32.6422 5.1654
14940.0000 32.6838 5.2142
14945.0000 32.6931 5.2215
14950.0000 32.6796 5.2300
14955.0000 32.6319 5.2552
14960.0000 32.6512 5.2729
14965.0000 32.6619 5.2800
14970.0000 32.6726 5.2744
14975.0000 32.7123 5.2849
14980.0000 32.7191 5.2859
14985.0000 32.7682 5.3095
14990.0000 32.7682 5.3095
14995.0000 32.8083 5.3354
15000.0000 32.8865 5.3795
15005.0000 32.6942 5.2438
15010.0000 32.7413 5.2902
15015.0000 32.7652 5.3101
15020.0000 32.7927 5.3397
15025.0000 32.8222 5.3475
15030.0000 32.8409 5.3455
15035.0000 32.8458 5.3456
15040.0000 32.8498 5.3442
15045.0000 32.8544 5.3426
15050.0000 32.8544 5.3426
15055.0000 32.8544 5.3426
15060.0000 32.9307 5.3964
15065.0000 32.4352 5.1215
15070.0000 32.3346 5.1023
15075.0000 32.2823 5.1040
15080.0000 32.2688 5.0996
15085.0000 32.2381 5.1010
15090.0000 32.2381 5.1010
15095.0000 32.2441 5.0990
15100.0000 32.2480 5.0977
15105.0000 32.2536 5.0960
15110.0000 32.2801 5.1267
15115.0000 32.3061 5.1471
15120.0000 32.3061 5.1471
15125.0000 32.1748 5.0468
15130.0000 32.1189 5.0375
15135.0000 32.1219 5.0605
15140.0000 32.1086 5.0617
15145.0000 32.1530 5.0813
15150.0000 32.1581 5.0792
15155.0000 32.2108 5.1219
15160.0000 32.2108 5.1219
15165.0000 32.2108 5.1219
15170.0000 32.2593 5.1609
15175.0000 32.2675 5.1628
15180.0000 32.2703 5.1614
15185.0000 31.8550 4.9307
15190.0000 31.7795 4.9377
15195.0000 31.6928 4.9344
15200.0000 31.6916 4.9508
15205.0000 31.6739 4.9526
15210.0000 31.6870 4.9557
15215.0000 31.6930 4.9573
15220.0000 31.7093 4.9593
15225.0000 31.7373 4.9619
15230.0000 31.7651 4.9605
15235.0000 31.7755 4.9613
15240.0000 31.8168 4.9925
15245.0000 31.7319 4.9578
15250.0000 31.6784 4.9593
15255.0000 31.6204 4.9568
15260.0000 31.5870 4.9583
15265.0000 31.5840 4.9576
15270.0000 31.5873 4.9566
15275.0000 31.6399 5.0037
15280.0000 31.6445 4.9797
15285.0000 31.6445 4.9797
15290.0000 31.6612 4.9811
15295.0000 31.6833 4.9828
15300.0000 31.6833 4.9828
15305.0000 31.7062 5.0029
15310.0000 31.7120 5.0327
15315.0000 31.7091 5.0571
15320.0000 31.6872 5.0560
15325.0000 31.6783 5.0565
15330.0000 31.7140 5.0924
15335.0000 31.7140 5.0924
15340.0000 31.7434 5.1282
15345.0000 31.7434 5.1282
15350.0000 31.7434 5.1282
15355.0000 31.7506 5.1291
15360.0000 31.7573 5.1301
15365.0000 31.6125 5.0446
15370.0000 31.6422 5.0760
15375.0000 31.6417 5.0788
15380.0000 31.6253 5.0760
15385.0000 31.7259 5.1973
15390.0000 31.7392 5.1969
15395.0000 31.7472 5.1972
15400.0000 31.8082 5.2196
15405.0000 31.8773 5.2514
15410.0000 31.9909 5.3240
15415.0000 32.0950 5.3994
15420.0000 32.1326 5.4379
15425.0000 32.0152 5.3673
15430.0000 32.0009 5.3654
15435.0000 31.9736 5.3628
15440.0000 31.9769 5.3632
15445.0000 31.9769 5.3632
15450.0000 32.0722 5.3964
15455.0000 32.1155 5.4175
15460.0000 32.1689 5.4571
15465.0000 32.1733 5.4559
15470.0000 32.1860 5.4552
15475.0000 32.1974 5.4545
15480.0000 32.2190 5.4529
15485.0000 31.8016 5.2321
15490.0000 31.7089 5.2216
15495.0000 31.6520 5.2202
15500.0000 31.6375 5.2185
15505.0000 31.7132 5.2400
15510.0000 31.7386 5.2426
15515.0000 31.7558 5.2465
15520.0000 31.8145 5.2900
15525.0000 31.8322 5.2922
15530.0000 31.8751 5.3244
15535.0000 31.8892 5.3261
15540.0000 31.9141 5.3280
15545.0000 31.9288 5.3293
15550.0000 31.9962 5.3807
15555.0000 32.0224 5.3747
15560.0000 32.0437 5.3756
15565.0000 32.1007 5.4188
15570.0000 32.1421 5.4249
15575.0000 32.1858 5.4283
15580.0000 32.2715 5.4768
15585.0000 32.3396 5.5303
15590.0000 32.2897 5.4608
15595.0000 32.3124 5.4609
15600.0000 32.3208 5.4617
15605.0000 32.2978 5.4585
15610.0000 32.2588 5.4539
15615.0000 32.2702 5.4542
15620.0000 32.2661 5.4532
15625.0000 32.3036 5.4950
15630.0000 32.3219 5.4930
15635.0000 32.3366 5.4901
15640.0000 32.3591 5.4849
15645.0000 32.3786 5.4797
15650.0000 32.3928 5.4787
15655.0000 32.4021 5.4807
15660.0000 32.4166 5.4823
15665.0000 32.4397 5.4811
15670.0000 32.4431 5.4812
15675.0000 32.4539 5.4817
15680.0000 32.4900 5.5008
15685.0000 32.4994 5.5004
15690.0000 32.5036 5.5007
15695.0000 32.5078 5.5016
15700.0000 32.5378 5.5393
15705.0000 32.5378 5.5393
15710.0000 32.5407 5.5378
15715.0000 32.5846 5.5655
15720.0000 32.5884 5.5637
15725.0000 32.4236 5.4783
15730.0000 32.4285 5.4971
15735.0000 32.3652 5.4969
15740.0000 32.3333 5.4928
15745.0000 32.3129 5.4958
15750.0000 32.3129 5.4958
15755.0000 32.3129 5.4958
15760.0000 32.3173 5.4970
15765.0000 32.3364 5.4974
15770.0000 32.3609 5.5005
15775.0000 32.3668 5.5020
15780.0000 32.3791 5.5035
15785.0000 32.3935 5.5093
15790.0000 32.4174 5.5139
15795.0000 32.4343 5.5426
15800.0000 32.4201 5.5393
15805.0000 32.4079 5.5435
15810.0000 32.4266 5.5449
15815.0000 32.4661 5.5713
15820.0000 32.4831 5.5739
15825.0000 32.5055 5.5790
15830.0000 32.5240 5.5815
15835.0000 32.5871 5.5999
15840.0000 32.5979 5.6008
15845.0000 32.2148 5.3675
15850.0000 32.1610 5.3478
15855.0000 32.1607 5.3695
15860.0000 32.1468 5.3660
15865.0000 32.1541 5.3624
15870.0000 32.1654 5.3611
15875.0000 32.1741 5.3588
15880.0000 32.1829 5.3566
15885.0000 32.1966 5.3570
15890.0000 32.1966 5.3570
15895.0000 32.2708 5.4248
15900.0000 32.2879 5.4264
15905.0000 32.2716 5.4292
15910.0000 32.2523 5.4332
15915.0000 32.2309 5.4363
15920.0000 32.2193 5.4327
15925.0000 32.2442 5.4566
15930.0000 32.2765 5.4945
15935.0000 32.2765 5.4945
15940.0000 32.2891 5.4955
15945.0000 32.3284 5.5113
15950.0000 32.3574 5.5287
15955.0000 32.4268 5.5844
15960.0000 32.4779 5.6268
15965.0000 32.5249 5.6742
15970.0000 32.5916 5.7575
15975.0000 32.6601 5.8391
15980.0000 32.6945 5.8520
15985.0000 32.7418 5.8767
15990.0000 32.7542 5.8757
15995.0000 32.7688 5.8722
16000.0000 32.7727 5.8713
16005.0000 32.7820 5.8691
16010.0000 32.7982 5.8698
16015.0000 32.8490 5.9039
16020.0000 32.9066 5.9488
16025.0000 32.3405 5.4759
16030.0000 32.2533 5.4644
16035.0000 32.1605 5.4630
16040.0000 32.1169 5.4592
16045.0000 32.1194 5.4613
16050.0000 32.1681 5.5040
16055.0000 32.2955 5.6024
16060.0000 32.3672 5.6225
16065.0000 32.3881 5.6186
16070.0000 32.4019 5.6168
16075.0000 32.4195 5.6164
16080.0000 32.4381 5.6172
16085.0000 32.4563 5.6203
16090.0000 32.4680 5.6197
16095.0000 32.4957 5.6333
16100.0000 32.5465 5.6565
16105.0000 32.5602 5.6573
16110.0000 32.5753 5.6545
16115.0000 32.5846 5.6527
16120.0000 32.6329 5.6884
16125.0000 32.6730 5.7010
16130.0000 32.6730 5.7010
16135.0000 32.6730 5.7010
16140.0000 32.6730 5.7010
16145.0000 32.3863 5.5388
16150.0000 32.3426 5.5302
16155.0000 32.2753 5.5316
16160.0000 32.2327 5.5291
16165.0000 32.2213 5.5297
16170.0000 32.2335 5.5293
16175.0000 32.2410 5.5329
16180.0000 32.2570 5.5396
16185.0000 32.2967 5.5452
16190.0000 32.3326 5.5518
16195.0000 32.3468 5.5572
16200.0000 32.3500 5.5641
16205.0000 32.3408 5.5673
16210.0000 32.3294 5.5661
16215.0000 32.3008 5.5732
16220.0000 32.2793 5.6002
16225.0000 32.2689 5.5979
16230.0000 32.2764 5.5958
16235.0000 32.3132 5.6125
16240.0000 32.3190 5.6131
16245.0000 32.3367 5.6122
16250.0000 32.3494 5.6099
16255.0000 32.4353 5.6529
16260.0000 32.4449 5.6497
16265.0000 32.1277 5.4827
16270.0000 31.9666 5.3880
16275.0000 31.9598 5.4187
16280.0000 32.0193 5.4439
16285.0000 32.0621 5.4649
16290.0000 32.0781 5.4625
16295.0000 32.0919 5.4627
16300.0000 32.1023 5.4639
16305.0000 32.1318 5.4714
16310.0000 32.1480 5.4727
16315.0000 32.1738 5.4731
16320.0000 32.1834 5.4738
16325.0000 32.2802 5.5785
16330.0000 32.2741 5.5806
16335.0000 32.2382 5.5798
16340.0000 32.2447 5.5732
16345.0000 32.2435 5.5734
16350.0000 32.3410 5.6347
16355.0000 32.3410 5.6347
16360.0000 32.3445 5.6329
16365.0000 32.3517 5.6296
16370.0000 32.3568 5.6293
16375.0000 32.4051 5.6506
16380.0000 32.4110 5.6503
16385.0000 32.3184 5.6441
16390.0000 32.2247 5.6402
16395.0000 32.2533 5.6843
16400.0000 32.2993 5.7054
16405.0000 32.3053 5.7059
16410.0000 32.3680 5.7174
16415.0000 32.3801 5.7155
16420.0000 32.3999 5.7097
16425.0000 32.4471 5.7251
16430.0000 32.5089 5.7564
16435.0000 32.5670 5.7847
16440.0000 32.5822 5.7799
16445.0000 32.2357 5.5221
16450.0000 32.1529 5.4771
16455.0000 32.1317 5.4916
16460.0000 32.1139 5.5093
16465.0000 32.0939 5.5109
16470.0000 32.0939 5.5109
16475.0000 32.1212 5.5273
16480.0000 32.1212 5.5273
16485.0000 32.1746 5.5608
16490.0000 32.2679 5.6436
16495.0000 32.2818 5.6402
16500.0000 32.3444 5.6792
16505.0000 32.1483 5.5083
16510.0000 32.1924 5.5560
16515.0000 32.2282 5.6005
16520.0000 32.2767 5.6641
16525.0000 32.3168 5.7157
16530.0000 32.3424 5.7202
16535.0000 32.3861 5.7193
16540.0000 32.4692 5.7484
16545.0000 32.4889 5.7402
16550.0000 32.5151 5.7393
16555.0000 32.5268 5.7414
16560.0000 32.5453 5.7450
16565.0000 32.1635 5.4191
16570.0000 32.0260 5.3701
16575.0000 31.9796 5.3738
16580.0000 31.9501 5.3845
16585.0000 31.9346 5.3857
16590.0000 32.0070 5.4192
16595.0000 32.1059 5.4643
16600.0000 32.2127 5.5080
16605.0000 32.2531 5.5211
16610.0000 32.2579 5.5193
16615.0000 32.3042 5.5322
16620.0000 32.3741 5.5850
16625.0000 32.2811 5.4935
16630.0000 32.3899 5.5970
16635.0000 32.4788 5.6901
16640.0000 32.4431 5.6811
16645.0000 32.4722 5.6999
16650.0000 32.5006 5.7109
16655.0000 32.5006 5.7109
16660.0000 32.5006 5.7109
16665.0000 32.5453 5.7326
16670.0000 32.6021 5.7742
16675.0000 32.6144 5.7724
16680.0000 32.6144 5.7724
16685.0000 32.4740 5.6793
16690.0000 32.4094 5.6529
16695.0000 32.3956 5.6924
16700.0000 32.4283 5.7367
16705.0000 32.4826 5.7849
16710.0000 32.4871 5.7843
16715.0000 32.4972 5.7823
16720.0000 32.6072 5.8562
16725.0000 32.6345 5.8686
16730.0000 32.6345 5.8686
16735.0000 32.6875 5.9081
16740.0000 32.7272 5.9525
16745.0000 32.4931 5.7977
16750.0000 32.3991 5.7424
16755.0000 32.3889 5.7388
16760.0000 32.3997 5.7616
16765.0000 32.3997 5.7616
16770.0000 32.3997 5.7616
16775.0000 32.4720 5.8153
16780.0000 32.5208 5.8522
16785.0000 32.5259 5.8516
16790.0000 32.5372 5.8498
16795.0000 32.5417 5.8482
16800.0000 32.5455 5.8459
16805.0000 32.0543 5.5969
16810.0000 32.0510 5.5931
16815.0000 32.0881 5.6374
16820.0000 32.0973 5.6657
16825.0000 32.2201 5.7840
16830.0000 32.2831 5.8643
16835.0000 32.3187 5.8944
16840.0000 32.3229 5.8924
16845.0000 32.3637 5.9044
16850.0000 32.3688 5.9042
16855.0000 32.4047 5.9047
16860.0000 32.4127 5.9020
16865.0000 32.0500 5.7362
16870.0000 31.8192 5.5611
16875.0000 31.7196 5.5626
16880.0000 31.6704 5.5622
16885.0000 31.6404 5.5626
16890.0000 31.6391 5.5627
16895.0000 31.6391 5.5627
16900.0000 31.6480 5.5647
16905.0000 31.6480 5.5647
16910.0000 31.6964 5.6045
16915.0000 31.7601 5.6567
16920.0000 31.7752 5.6573
16925.0000 31.5716 5.5281
16930.0000 31.6590 5.6068
16935.0000 31.6625 5.6088
16940.0000 31.6735 5.6120
16945.0000 31.7357 5.6359
16950.0000 31.7484 5.6358
16955.0000 31.7885 5.6412
16960.0000 31.8364 5.6558
16965.0000 31.8450 5.6547
16970.0000 31.8520 5.6540
16975.0000 31.8572 5.6530
16980.0000 31.9761 5.7206
16985.0000 31.9968 5.7441
16990.0000 32.0322 5.7878
16995.0000 32.0060 5.7861
17000.0000 31.9946 5.7791
17005.0000 32.0929 5.8768
17010.0000 32.1021 5.8740
17015.0000 32.1021 5.8740
17020.0000 32.1379 5.9045
17025.0000 32.1934 5.9525
17030.0000 32.2031 5.9525
17035.0000 32.2147 5.9539
17040.0000 32.2761 5.9672
17045.0000 32.2862 5.9643
17050.0000 32.3412 6.0096
17055.0000 32.3369 6.0105
17060.0000 32.3911 6.0610
17065.0000 32.4804 6.1092
17070.0000 32.5607 6.1725
17075.0000 32.6097 6.2177
17080.0000 32.6503 6.2572
17085.0000 32.7039 6.2987
17090.0000 32.7527 6.3075
17095.0000 32.7386 6.2627
17100.0000 32.7526 6.2637
17105.0000 32.7496 6.2811
17110.0000 32.7464 6.3090
17115.0000 32.7107 6.3130
17120.0000 32.6614 6.3051
17125.0000 32.6229 6.2811
17130.0000 32.6266 6.2825
17135.0000 32.6482 6.2800
17140.0000 32.6623 6.2792
17145.0000 32.6665 6.2434
17150.0000 32.7523 6.3028
17155.0000 32.8302 6.3763
17160.0000 32.8206 6.3537
17165.0000 32.8309 6.3527
17170.0000 32.8384 6.3502
17175.0000 32.8563 6.3527
17180.0000 32.8622 6.3563
17185.0000 32.9067 6.3936
17190.0000 32.9512 6.4362
17195.0000 32.9494 6.3983
17200.0000 32.9670 6.3969
17205.0000 32.9822 6.3989
17210.0000 32.9980 6.3987
17215.0000 33.0066 6.3996
17220.0000 33.0224 6.3966
17225.0000 32.9216 6.3594
17230.0000 32.8641 6.3228
17235.0000 32.8527 6.3469
17240.0000 32.8761 6.3693
17245.0000 32.8761 6.3693
17250.0000 32.8913 6.3704
17255.0000 32.8989 6.3740
17260.0000 32.8989 6.3740
17265.0000 32.8989 6.3740
17270.0000 32.9106 6.3757
17275.0000 32.8946 6.3497
17280.0000 32.9683 6.4148
17285.0000 32.6468 6.2084
17290.0000 32.5620 6.1228
17295.0000 32.6106 6.1526
17300.0000 32.5913 6.1558
17305.0000 32.6027 6.1553
17310.0000 32.6770 6.2386
17315.0000 32.6934 6.2381
17320.0000 32.7121 6.2403
17325.0000 32.7266 6.2458
17330.0000 32.7373 6.2464
17335.0000 32.7575 6.2498
17340.0000 32.8098 6.2604
17345.0000 32.8217 6.2644
17350.0000 32.8282 6.2649
17355.0000 32.8614 6.2821
17360.0000 32.8611 6.2819
17365.0000 32.8451 6.2443
17370.0000 32.8941 6.2987
17375.0000 32.9661 6.3156
17380.0000 32.9843 6.3180
17385.0000 32.9514 6.2697
17390.0000 32.9998 6.3155
17395.0000 33.0132 6.3182
17400.0000 33.0637 6.3462
17405.0000 32.9630 6.2442
17410.0000 32.8194 6.1450
17415.0000 32.7765 6.1814
17420.0000 32.7111 6.1784
17425.0000 32.6656 6.1715
17430.0000 32.7177 6.2006
17435.0000 32.7213 6.1988
17440.0000 32.7667 6.2118
17445.0000 32.7784 6.2095
17450.0000 32.7784 6.2095
17455.0000 32.8254 6.2335
17460.0000 32.8618 6.2471
17465.0000 32.9958 6.3480
17470.0000 32.9895 6.3477
17475.0000 33.0278 6.4023
17480.0000 33.0447 6.4115
17485.0000 33.0697 6.4245
17490.0000 33.1227 6.4617
17495.0000 33.1735 6.5123
17500.0000 33.2111 6.5533
17505.0000 33.2222 6.5523
17510.0000 33.2374 6.5526
17515.0000 33.2476 6.5594
17520.0000 33.2573 6.5607
17525.0000 33.1803 6.5124
17530.0000 33.1574 6.5122
17535.0000 33.2164 6.6384
17540.0000 33.1526 6.6331
17545.0000 33.1337 6.6220
17550.0000 33.1337 6.6220
17555.0000 33.2199 6.6800
17560.0000 33.2043 6.6464
17565.0000 33.2697 6.6905
17570.0000 33.2990 6.6892
17575.0000 33.3856 6.7661
17580.0000 33.4428 6.7719
17585.0000 33.3898 6.7006
17590.0000 33.4010 6.7139
17595.0000 33.4043 6.7143
17600.0000 33.3976 6.7112
17605.0000 33.4499 6.7967
17610.0000 33.4808 6.8281
17615.0000 33.5069 6.8516
17620.0000 33.5118 6.8511
17625.0000 33.5839 6.9039
17630.0000 33.6107 6.9146
17635.0000 33.6701 6.9485
17640.0000 33.7225 6.9910
17645.0000 33.3238 6.6826
17650.0000 33.2393 6.6624
17655.0000 33.1816 6.6649
17660.0000 33.0984 6.6134
17665.0000 33.1332 6.6486
17670.0000 33.1205 6.6159
17675.0000 33.1674 6.6496
17680.0000 33.1674 6.6496
17685.0000 33.2100 6.6900
17690.0000 33.2221 6.6869
17695.0000 33.2354 6.6835
17700.0000 33.2610 6.6833
17705.0000 33.2587 6.6590
17710.0000 33.2819 6.6924
17715.0000 33.1604 6.6269
17720.0000 33.1623 6.6644
17725.0000 33.1358 6.6630
17730.0000 33.1394 6.6626
17735.0000 33.1475 6.6620
17740.0000 33.1639 6.6561
17745.0000 33.1752 6.6533
17750.0000 33.1983 6.6765
17755.0000 33.2120 6.6753
17760.0000 33.2260 6.6718
17765.0000 32.9964 6.5046
17770.0000 32.9232 6.4315
17775.0000 32.9357 6.4347
17780.0000 32.9475 6.4304
17785.0000 33.0171 6.5119
17790.0000 33.1371 6.6336
17795.0000 33.1371 6.6336
17800.0000 33.1670 6.6413
17805.0000 33.1226 6.5821
17810.0000 33.1760 6.6068
17815.0000 33.2233 6.6246
17820.0000 33.2313 6.6277
17825.0000 33.1008 6.5304
17830.0000 33.0330 6.4492
17835.0000 33.1345 6.5884
17840.0000 33.1199 6.5897
17845.0000 33.1133 6.5928
17850.0000 33.1664 6.6364
17855.0000 33.1991 6.6348
17860.0000 33.2366 6.6326
17865.0000 33.2163 6.5631
17870.0000 33.3158 6.6437
17875.0000 33.3394 6.6420
17880.0000 33.3439 6.6244
17885.0000 33.4425 6.6822
17890.0000 33.4726 6.6969
17895.0000 33.4412 6.6988
17900.0000 33.4735 6.7248
17905.0000 33.4794 6.7272
17910.0000 33.4935 6.7310
17915.0000 33.5596 6.7983
17920.0000 33.6047 6.8277
17925.0000 33.5896 6.7881
17930.0000 33.6363 6.8048
17935.0000 33.6672 6.8040
17940.0000 33.6872 6.8026
17945.0000 33.4650 6.6403
17950.0000 33.2448 6.4485
17955.0000 33.1632 6.3976
17960.0000 33.1409 6.4357
17965.0000 33.1198 6.4376
17970.0000 33.1422 6.4436
17975.0000 33.1489 6.4445
17980.0000 33.1566 6.4455
17985.0000 33.1936 6.4731
17990.0000 33.2175 6.4713
17995.0000 33.2409 6.4766
18000.0000 33.2576 6.4755
18005.0000 33.3397 6.5331
18010.0000 33.3733 6.5612
18015.0000 33.3874 6.5564
18020.0000 33.3741 6.5542
18025.0000 33.3673 6.5514
18030.0000 33.3756 6.5517
18035.0000 33.3926 6.5520
18040.0000 33.4418 6.5791
18045.0000 33.4840 6.6142
18050.0000 33.5704 6.6976
18055.0000 33.7049 6.7459
18060.0000 33.7561 6.7923
18065.0000 33.5673 6.7026
18070.0000 33.5014 6.7205
18075.0000 33.4969 6.7759
18080.0000 33.5365 6.8674
18085.0000 33.5617 6.8899
18090.0000 33.5610 6.8932
18095.0000 33.5643 6.8932
18100.0000 33.5643 6.8932
18105.0000 33.5730 6.8943
18110.0000 33.6189 6.9357
18115.0000 33.6488 6.9351
18120.0000 33.6647 6.9348
18125.0000 33.6840 6.9349
18130.0000 33.6950 6.9349
18135.0000 33.7112 6.9400
18140.0000 33.7545 6.9334
18145.0000 33.7533 6.9321
18150.0000 33.7605 6.9333
18155.0000 33.7685 6.9314
18160.0000 33.8180 6.9262
18165.0000 33.8334 6.9248
18170.0000 33.8559 6.9243
18175.0000 33.9178 6.9459
18180.0000 33.9753 6.9673
18185.0000 33.8899 6.9277
18190.0000 33.9032 6.9213
18195.0000 33.9082 6.9182
18200.0000 33.9305 6.9289
18205.0000 33.9183 6.9226
18210.0000 33.9199 6.9197
18215.0000 33.9375 6.9170
18220.0000 34.0166 6.9393
18225.0000 34.0342 6.9342
18230.0000 34.0544 6.9298
18235.0000 34.1037 6.9123
18240.0000 34.1873 6.9505
18245.0000 34.1635 6.9354
18250.0000 34.1745 6.9297
18255.0000 34.2243 6.9656
18260.0000 34.2258 6.9573
18265.0000 34.2501 6.9563
18270.0000 34.2682 6.9782
18275.0000 34.2815 6.9766
18280.0000 34.3619 7.0263
18285.0000 34.3731 7.0292
18290.0000 34.4080 7.0661
18295.0000 34.4241 7.0662
18300.0000 34.4016 7.0157
18305.0000 34.3374 6.9265
18310.0000 34.1734 6.8006
18315.0000 34.1339 6.8319
18320.0000 34.1015 6.8313
18325.0000 34.0990 6.8311
18330.0000 34.0500 6.7869
18335.0000 34.0546 6.7880
18340.0000 34.1036 6.8122
18345.0000 34.1036 6.8122
18350.0000 34.1369 6.8528
18355.0000 34.1628 6.8782
18360.0000 34.1910 6.8998
18365.0000 33.9779 6.7009
18370.0000 33.8780 6.6607
18375.0000 33.8453 6.6623
18380.0000 33.8056 6.6985
18385.0000 33.8330 6.7485
18390.0000 33.8801 6.7360
18395.0000 34.0103 6.8272
18400.0000 34.0583 6.8540
18405.0000 34.0714 6.8322
18410.0000 34.0919 6.8298
18415.0000 34.2059 6.9235
18420.0000 34.2272 6.9235
18425.0000 34.2370 6.9227
18430.0000 34.1894 6.9252
18435.0000 34.2000 6.9301
18440.0000 34.1726 6.9284
18445.0000 34.1584 6.9279
18450.0000 34.1618 6.9481
18455.0000 34.1618 6.9481
18460.0000 34.2248 7.0236
18465.0000 34.2193 7.0167
18470.0000 34.1986 6.9826
18475.0000 34.2174 6.9869
18480.0000 34.2253 6.9708
18485.0000 33.8586 6.6752
18490.0000 33.7403 6.6647
18495.0000 33.7244 6.6634
18500.0000 33.7525 6.6962
18505.0000 33.7533 6.6959
18510.0000 33.7580 6.6951
18515.0000 33.7685 6.6928
18520.0000 33.7813 6.6889
18525.0000 33.7813 6.6889
18530.0000 33.8399 6.7546
18535.0000 33.8666 6.7867
18540.0000 33.8726 6.7952
18545.0000 33.9345 6.8468
18550.0000 33.9119 6.8451
18555.0000 33.8436 6.7993
18560.0000 33.8102 6.8024
18565.0000 33.7938 6.7996
18570.0000 33.8378 6.8544
18575.0000 33.8733 6.8840
18580.0000 33.9326 6.9011
18585.0000 33.9760 6.9331
18590.0000 34.1240 7.0523
18595.0000 34.1403 7.0610
18600.0000 34.1446 7.0595
18605.0000 33.7198 6.8131
18610.0000 33.6486 6.7820
18615.0000 33.6304 6.7847
18620.0000 33.6711 6.8336
18625.0000 33.6653 6.8317
18630.0000 33.6377 6.7962
18635.0000 33.7145 6.8669
18640.0000 33.7285 6.8660
18645.0000 33.7366 6.8626
18650.0000 33.7366 6.8626
18655.0000 33.7456 6.8597
18660.0000 33.7507 6.8585
18665.0000 33.7431 6.8712
18670.0000 33.8074 6.9441
18675.0000 33.8498 6.9650
18680.0000 33.8821 6.9585
18685.0000 33.9186 6.9784
18690.0000 33.9544 7.0083
18695.0000 33.9596 7.0089
18700.0000 33.9693 7.0092
18705.0000 33.9693 7.0092
18710.0000 34.0051 7.0402
18715.0000 33.9919 7.0244
18720.0000 34.0772 7.0736
18725.0000 34.0156 7.0117
18730.0000 34.0492 7.0408
18735.0000 34.0966 7.0600
18740.0000 34.1304 7.0962
18745.0000 34.1434 7.0539
18750.0000 34.1347 7.0433
18755.0000 34.1347 7.0433
18760.0000 34.1488 7.0605
18765.0000 34.1574 7.0597
18770.0000 34.1842 7.0767
18775.0000 34.2309 7.0499
18780.0000 34.3974 7.1934
18785.0000 33.8470 6.8935
18790.0000 33.7846 6.9148
18795.0000 33.7553 6.9156
18800.0000 33.7350 6.8927
18805.0000 33.7233 6.8923
18810.0000 33.7982 6.9617
18815.0000 33.8542 6.9644
18820.0000 33.8626 6.9666
18825.0000 33.9024 6.9901
18830.0000 33.9195 6.9910
18835.0000 33.9292 6.9895
18840.0000 33.9465 7.0007
18845.0000 33.9361 7.0022
18850.0000 33.9257 7.0027
18855.0000 33.9244 7.0014
18860.0000 33.9377 7.0019
18865.0000 33.9679 7.0289
18870.0000 33.9649 7.0084
18875.0000 33.9705 7.0063
18880.0000 33.9230 6.9484
18885.0000 33.9366 6.9551
18890.0000 33.9778 6.9797
18895.0000 33.9852 6.9790
18900.0000 33.9925 6.9784
18905.0000 33.6385 6.7152
18910.0000 33.5234 6.6341
18915.0000 33.6061 6.6435
18920.0000 33.5643 6.6444
18925.0000 33.6322 6.7008
18930.0000 33.7045 6.7819
18935.0000 33.7413 6.8068
18940.0000 33.7934 6.8559
18945.0000 33.7996 6.8557
18950.0000 33.8001 6.8563
18955.0000 33.7722 6.8232
18960.0000 33.8147 6.8743
18965.0000 33.8221 6.8831
18970.0000 33.8980 6.9390
18975.0000 33.9221 6.9731
18980.0000 33.9491 7.0086
18985.0000 34.0464 7.1023
18990.0000 34.0720 7.1285
18995.0000 34.0760 7.1266
19000.0000 34.1225 7.1458
19005.0000 34.1665 7.1690
19010.0000 34.2804 7.2393
19015.0000 34.2459 7.1741
19020.0000 34.2976 7.1640
19025.0000 34.2645 7.1279
19030.0000 34.3579 7.1525
19035.0000 34.3544 7.1918
19040.0000 34.3440 7.1910
19045.0000 34.3625 7.2198
19050.0000 34.3794 7.2228
19055.0000 34.4938 7.2579
19060.0000 34.4995 7.2576
19065.0000 34.5011 7.2595
19070.0000 34.5714 7.2393
19075.0000 34.6494 7.2374
19080.0000 34.7284 7.2316
19085.0000 34.6688 7.2119
19090.0000 34.6103 7.1696
19095.0000 34.5837 7.1612
19100.0000 34.6274 7.2259
19105.0000 34.6337 7.2196
19110.0000 34.7313 7.2734
19115.0000 34.7377 7.2565
19120.0000 34.7761 7.2798
19125.0000 34.7889 7.2769
19130.0000 34.7780 7.2568
19135.0000 34.8201 7.2987
19140.0000 34.8309 7.3045
19145.0000 34.6412 7.1655
19150.0000 34.6321 7.1644
19155.0000 34.5747 7.1217
19160.0000 34.5336 7.1120
19165.0000 34.5172 7.0936
19170.0000 34.5437 7.0970
19175.0000 34.6108 7.1065
19180.0000 34.6357 7.1038
19185.0000 34.6456 7.1035
19190.0000 34.6456 7.1035
19195.0000 34.6789 7.1325
19200.0000 34.7252 7.1517
19205.0000 34.6904 7.1642
19210.0000 34.6655 7.1862
19215.0000 34.6636 7.2197
19220.0000 34.5960 7.2258
19225.0000 34.5811 7.2203
19230.0000 34.6133 7.2523
19235.0000 34.6841 7.2999
19240.0000 34.6841 7.2999
19245.0000 34.7235 7.3098
19250.0000 34.7683 7.3275
19255.0000 34.7847 7.3288
19260.0000 34.8030 7.3264
19265.0000 34.7894 7.2940
19270.0000 34.8004 7.2909
19275.0000 34.7455 7.2972
19280.0000 34.6532 7.3052
19285.0000 34.6851 7.3121
19290.0000 34.7092 7.3120
19295.0000 34.7970 7.3552
19300.0000 34.8112 7.3497
19305.0000 34.8665 7.3740
19310.0000 34.9267 7.4004
19315.0000 34.9854 7.4228
19320.0000 35.0684 7.4228
19325.0000 34.9262 7.3081
19330.0000 34.9001 7.3367
19335.0000 34.8447 7.3128
19340.0000 34.8699 7.3497
19345.0000 34.8630 7.3447
19350.0000 34.8758 7.3341
19355.0000 34.8896 7.3276
19360.0000 34.8955 7.3258
19365.0000 34.9110 7.3200
19370.0000 35.0247 7.4150
19375.0000 35.0842 7.4762
19380.0000 35.0842 7.4762
19385.0000 35.0706 7.4431
19390.0000 35.1583 7.4905
19395.0000 35.2289 7.5723
19400.0000 35.2700 7.6208
19405.0000 35.2999 7.6535
19410.0000 35.3173 7.6761
19415.0000 35.3254 7.6752
19420.0000 35.3427 7.6571
19425.0000 35.4553 7.7614
19430.0000 35.4942 7.7894
19435.0000 35.5133 7.7959
19440.0000 35.5446 7.8252
19445.0000 35.3315 7.6862
19450.0000 35.2241 7.6232
19455.0000 35.1785 7.5913
19460.0000 35.1603 7.5941
19465.0000 35.1695 7.6200
19470.0000 35.2336 7.6393
19475.0000 35.2915 7.6862
19480.0000 35.3391 7.7234
19485.0000 35.3914 7.7733
19490.0000 35.4284 7.7903
19495.0000 35.4456 7.7898
19500.0000 35.4567 7.7933
19505.0000 35.2968 7.6671
19510.0000 35.2761 7.6746
19515.0000 35.2458 7.6819
19520.0000 35.1934 7.6616
19525.0000 35.2197 7.6660
19530.0000 35.2620 7.6603
19535.0000 35.2751 7.6586
19540.0000 35.3051 7.6563
19545.0000 35.3317 7.6551
19550.0000 35.3909 7.6663
19555.0000 35.4413 7.7095
19560.0000 35.4584 7.7077
19565.0000 35.2658 7.5550
19570.0000 35.1596 7.4942
19575.0000 35.1933 7.5508
19580.0000 35.1891 7.5963
19585.0000 35.1774 7.5918
19590.0000 35.2575 7.6354
19595.0000 35.2695 7.6338
19600.0000 35.2487 7.5938
19605.0000 35.2568 7.5585
19610.0000 35.2684 7.5578
19615.0000 35.3110 7.6032
19620.0000 35.3183 7.6048
19625.0000 35.0934 7.4961
19630.0000 35.0281 7.4713
19635.0000 34.9961 7.4435
19640.0000 34.9872 7.4436
19645.0000 35.0048 7.4951
19650.0000 35.0201 7.4960
19655.0000 35.0308 7.4975
19660.0000 35.0382 7.4981
19665.0000 35.0498 7.4992
19670.0000 35.1154 7.5505
19675.0000 35.1232 7.5516
19680.0000 35.1358 7.5510
19685.0000 34.9355 7.3573
19690.0000 34.8605 7.2969
19695.0000 34.8960 7.3160
19700.0000 34.9069 7.3565
19705.0000 34.8705 7.3067
19710.0000 34.8775 7.3048
19715.0000 34.8828 7.3045
19720.0000 34.9764 7.3530
19725.0000 34.9896 7.3606
19730.0000 35.0038 7.3590
19735.0000 35.0512 7.3918
19740.0000 35.1383 7.4562
19745.0000 35.0172 7.3239
19750.0000 34.9813 7.2883
19755.0000 34.9568 7.2874
19760.0000 35.0106 7.3894
19765.0000 35.0822 7.4055
19770.0000 35.1377 7.4387
19775.0000 35.2401 7.4904
19780.0000 35.3168 7.5430
19785.0000 35.3393 7.5392
19790.0000 35.3441 7.5388
19795.0000 35.3611 7.5390
19800.0000 35.3663 7.5387
19805.0000 35.0181 7.2122
19810.0000 35.0056 7.2255
19815.0000 34.9462 7.1818
19820.0000 34.9204 7.1864
19825.0000 34.9298 7.2024
19830.0000 34.9303 7.2024
19835.0000 34.9546 7.2300
19840.0000 34.9546 7.2300
19845.0000 35.0194 7.2971
19850.0000 35.0194 7.2971
19855.0000 35.0969 7.3356
19860.0000 35.1036 7.3378
19865.0000 34.6502 7.0138
19870.0000 34.4596 6.9263
19875.0000 34.3164 6.8661
19880.0000 34.3440 6.9555
19885.0000 34.3159 6.9507
19890.0000 34.3015 6.9525
19895.0000 34.4351 7.0573
19900.0000 34.5101 7.1091
19905.0000 34.5205 7.1172
19910.0000 34.5035 7.0896
19915.0000 34.4784 7.0210
19920.0000 34.5964 7.1239
19925.0000 34.6900 7.1783
19930.0000 34.7043 7.1789
19935.0000 34.7529 7.2042
19940.0000 34.7640 7.2082
19945.0000 34.7933 7.2392
19950.0000 34.8305 7.2609
19955.0000 34.8363 7.2606
19960.0000 34.8860 7.2628
19965.0000 34.9371 7.3189
19970.0000 34.9548 7.3189
19975.0000 34.9843 7.3210
19980.0000 35.0094 7.3202
19985.0000 34.7341 7.1050
19990.0000 34.6484 7.0406
19995.0000 34.5583 6.9460
20000.0000 34.5562 6.9420
20005.0000 34.5589 6.9377
20010.0000 34.5818 6.9296
20015.0000 34.5867 6.9281
20020.0000 34.5986 6.9269
20025.0000 34.6938 7.0230
20030.0000 34.7208 7.0401
20035.0000 34.7617 7.0909
20040.0000 34.7722 7.0890
20045.0000 34.5922 6.9322
20050.0000 34.5278 6.8893
20055.0000 34.5573 6.9708
20060.0000 34.5637 7.0195
20065.0000 34.5542 7.0211
20070.0000 34.5621 7.0238
20075.0000 34.5765 7.0184
20080.0000 34.6615 7.0626
20085.0000 34.6599 7.0541
20090.0000 34.7713 7.1002
20095.0000 34.8318 7.1165
20100.0000 34.9210 7.1561
20105.0000 34.9247 7.1548
20110.0000 34.9209 7.1516
20115.0000 34.9434 7.1845
20120.0000 34.9377 7.1834
20125.0000 35.1616 7.3877
20130.0000 35.2761 7.4853
20135.0000 35.3082 7.5206
20140.0000 35.3618 7.5835
20145.0000 35.3218 7.5319
20150.0000 35.3509 7.5522
20155.0000 35.4420 7.6134
20160.0000 35.4594 7.6119
20165.0000 35.4923 7.6234
20170.0000 35.5159 7.6239
20175.0000 35.5460 7.6441
20180.0000 35.5405 7.6472
20185.0000 35.5452 7.6589
20190.0000 35.5450 7.6597
20195.0000 35.5450 7.6597
20200.0000 35.5450 7.6597
20205.0000 35.5528 7.6692
20210.0000 35.5390 7.6527
20215.0000 35.5440 7.6505
20220.0000 35.5565 7.6488
20225.0000 35.1974 7.3567
20230.0000 35.0614 7.2399
20235.0000 35.0219 7.2901
20240.0000 35.0434 7.3366
20245.0000 35.0350 7.3638
20250.0000 35.0687 7.3870
20255.0000 35.0872 7.3789
20260.0000 35.1103 7.3687
20265.0000 35.1269 7.3621
20270.0000 35.2017 7.3900
20275.0000 35.2017 7.3900
20280.0000 35.2306 7.4164
20285.0000 35.1227 7.3419
20290.0000 35.0777 7.3118
20295.0000 35.0391 7.3169
20300.0000 35.0464 7.3395
20305.0000 35.0618 7.3689
20310.0000 35.1305 7.4280
20315.0000 35.2010 7.4908
20320.0000 35.2604 7.5214
20325.0000 35.2747 7.4745
20330.0000 35.2843 7.4728
20335.0000 35.3289 7.4863
20340.0000 35.3772 7.5425
20345.0000 35.3187 7.4989
20350.0000 35.2110 7.4503
20355.0000 35.1550 7.4625
20360.0000 35.1897 7.5060
20365.0000 35.2465 7.5863
20370.0000 35.3260 7.6878
20375.0000 35.3504 7.7077
20380.0000 35.3765 7.7263
20385.0000 35.4547 7.7941
20390.0000 35.4862 7.8103
20395.0000 35.4881 7.7938
20400.0000 35.4909 7.7970
20405.0000 35.1948 7.5150
20410.0000 35.1410 7.4514
20415.0000 35.0911 7.4110
20420.0000 35.0881 7.4114
20425.0000 35.1098 7.4475
20430.0000 35.1145 7.4482
20435.0000 35.1222 7.4459
20440.0000 35.1996 7.5044
20445.0000 35.2114 7.5013
20450.0000 35.2961 7.5549
20455.0000 35.3345 7.5788
20460.0000 35.3644 7.6141
20465.0000 35.4629 7.7077
20470.0000 35.4671 7.7077
20475.0000 35.4514 7.7105
20480.0000 35.4535 7.7089
20485.0000 35.4884 7.7439
20490.0000 35.5243 7.7547
20495.0000 35.5370 7.7506
20500.0000 35.6186 7.7612
20505.0000 35.7363 7.8555
20510.0000 35.7735 7.8825
20515.0000 35.8163 7.9176
20520.0000 35.8221 7.9173
20525.0000 35.6081 7.7078
20530.0000 35.6275 7.7613
20535.0000 35.6832 7.8186
20540.0000 35.7216 7.8439
20545.0000 35.7927 7.8998
20550.0000 35.7888 7.9000
20555.0000 35.7923 7.9009
20560.0000 35.8165 7.8957
20565.0000 35.8969 7.9611
20570.0000 35.9744 8.0447
20575.0000 35.9221 7.9786
20580.0000 36.0316 8.0556
20585.0000 35.9854 8.0190
20590.0000 35.9228 7.9759
20595.0000 35.8796 7.9827
20600.0000 35.8341 7.9820
20605.0000 35.7587 7.9275
20610.0000 35.7697 7.9457
20615.0000 35.7768 7.9538
20620.0000 35.7871 7.9514
20625.0000 35.7759 7.9384
20630.0000 35.7817 7.9383
20635.0000 35.7856 7.9383
20640.0000 35.7941 7.9370
20645.0000 35.5866 7.7998
20650.0000 35.5155 7.7033
20655.0000 35.5241 7.7047
20660.0000 35.5521 7.7254
20665.0000 35.5385 7.7231
20670.0000 35.5656 7.7764
20675.0000 35.6187 7.8414
20680.0000 35.6162 7.8093
20685.0000 35.6548 7.8348
20690.0000 35.6676 7.8315
20695.0000 35.7894 7.9377
20700.0000 35.7497 7.8779
20705.0000 35.6465 7.7911
20710.0000 35.5325 7.7625
20715.0000 35.4517 7.7750
20720.0000 35.3583 7.7790
20725.0000 35.3343 7.7757
20730.0000 35.3981 7.8433
20735.0000 35.4394 7.8551
20740.0000 35.4841 7.8907
20745.0000 35.5447 7.9480
20750.0000 35.5886 7.9971
20755.0000 35.6498 8.0612
20760.0000 35.6592 8.0413
20765.0000 35.7152 8.0718
20770.0000 35.7136 8.0732
20775.0000 35.7249 8.0715
20780.0000 35.7410 8.0694
20785.0000 35.7385 8.0686
20790.0000 35.7772 8.1002
20795.0000 35.7895 8.1038
20800.0000 35.7976 8.1050
20805.0000 35.8265 8.1286
20810.0000 35.9062 8.2008
20815.0000 35.9190 8.1984
20820.0000 35.9762 8.2539
20825.0000 35.8314 8.1084
20830.0000 35.8283 8.1131
20835.0000 35.7925 8.0968
20840.0000 35.7758 8.0847
20845.0000 35.7940 8.0983
20850.0000 35.8421 8.1293
20855.0000 35.8503 8.1272
20860.0000 35.8902 8.1638
20865.0000 35.9002 8.1614
20870.0000 35.9944 8.2390
20875.0000 36.0817 8.2990
20880.0000 36.0431 8.2549
20885.0000 36.0598 8.2736
20890.0000 35.9993 8.2051
20895.0000 36.0024 8.2050
20900.0000 36.0505 8.2688
20905.0000 36.0247 8.2715
20910.0000 36.0130 8.2735
20915.0000 36.0638 8.2987
20920.0000 36.0614 8.2756
20925.0000 36.1615 8.3573
20930.0000 36.2869 8.4836
20935.0000 36.3346 8.5100
20940.0000 36.3669 8.5433
20945.0000 36.1164 8.3256
20950.0000 36.0354 8.2635
20955.0000 36.0160 8.3038
20960.0000 35.9741 8.3057
20965.0000 36.0093 8.3492
20970.0000 36.0547 8.3903
20975.0000 36.0638 8.3909
20980.0000 36.0870 8.4121
20985.0000 36.0986 8.3945
20990.0000 36.1083 8.3912
20995.0000 36.1421 8.4074
21000.0000 36.1555 8.4030
21005.0000 36.1721 8.3972
21010.0000 36.1231 8.3537
21015.0000 36.0443 8.3368
21020.0000 35.9915 8.3484
21025.0000 35.9861 8.3896
21030.0000 36.0517 8.4846
21035.0000 36.0565 8.4865
21040.0000 36.0601 8.4862
21045.0000 36.0601 8.4862
21050.0000 36.0655 8.4871
21055.0000 36.0698 8.4846
21060.0000 36.0828 8.4796
21065.0000 35.6768 8.1799
21070.0000 35.4305 8.0099
21075.0000 35.3382 7.9606
21080.0000 35.4092 8.0986
21085.0000 35.3801 8.0988
21090.0000 35.4161 8.1452
21095.0000 35.4512 8.1831
21100.0000 35.4898 8.2275
21105.0000 35.5488 8.2789
21110.0000 35.5145 8.2385
21115.0000 35.5068 8.2213
21120.0000 35.5059 8.2148
21125.0000 35.5014 8.2160
21130.0000 35.3872 8.1579
21135.0000 35.3253 8.1379
21140.0000 35.2989 8.1430
21145.0000 35.2813 8.1378
21150.0000 35.2835 8.1404
21155.0000 35.3246 8.1790
21160.0000 35.3989 8.2576
21165.0000 35.3989 8.2576
21170.0000 35.4076 8.2679
21175.0000 35.4377 8.2980
21180.0000 35.4866 8.3245
21185.0000 35.2491 8.0203
21190.0000 35.2136 7.9778
21195.0000 35.1346 7.9487
21200.0000 35.1758 7.9725
21205.0000 35.2272 8.0033
21210.0000 35.3329 8.0978
21215.0000 35.3767 8.1325
21220.0000 35.3904 8.1298
21225.0000 35.3957 8.1277
21230.0000 35.4048 8.1250
21235.0000 35.4400 8.1572
21240.0000 35.4234 8.1208
21245.0000 35.1526 7.9073
21250.0000 35.0396 7.8432
21255.0000 35.0174 7.8490
21260.0000 34.9340 7.8528
21265.0000 34.8963 7.8597
21270.0000 34.9411 7.8729
21275.0000 34.9560 7.8711
21280.0000 34.9781 7.8728
21285.0000 34.9968 7.8752
21290.0000 35.0069 7.8763
21295.0000 35.0121 7.8769
21300.0000 35.0173 7.8776
21305.0000 35.0088 7.8684
21310.0000 34.9044 7.7861
21315.0000 34.9172 7.8337
21320.0000 34.9733 7.9202
21325.0000 34.9754 7.9199
21330.0000 34.9798 7.9184
21335.0000 34.9980 7.9146
21340.0000 35.0139 7.9120
21345.0000 35.0866 7.9484
21350.0000 35.1053 7.9433
21355.0000 35.1119 7.9343
21360.0000 35.1311 7.9301
21365.0000 35.0867 7.8961
21370.0000 35.0920 7.9159
21375.0000 35.0087 7.8461
21380.0000 34.9267 7.8174
21385.0000 35.0015 7.9223
21390.0000 34.9970 7.9237
21395.0000 35.0466 7.9586
21400.0000 35.0466 7.9586
21405.0000 35.0536 7.9589
21410.0000 35.0653 7.9582
21415.0000 35.0807 7.9570
21420.0000 35.1777 7.9951
21425.0000 35.2118 8.0344
21430.0000 35.1081 7.9622
21435.0000 35.0881 7.9634
21440.0000 35.0533 7.9684
21445.0000 35.0348 7.9726
21450.0000 35.0793 8.0025
21455.0000 35.0794 8.0031
21460.0000 35.1283 8.0193
21465.0000 35.1493 8.0159
21470.0000 35.1561 8.0150
21475.0000 35.1613 8.0144
21480.0000 35.1739 8.0117
21485.0000 35.1842 7.9947
21490.0000 35.2229 8.0589
21495.0000 35.2297 8.0554
21500.0000 35.2887 8.1103
21505.0000 35.2394 8.0579
21510.0000 35.2545 8.0670
21515.0000 35.2602 8.0635
21520.0000 35.2656 8.0527
21525.0000 35.2656 8.0527
21530.0000 35.2656 8.0527
21535.0000 35.2993 8.0773
21540.0000 35.2767 8.0419
21545.0000 35.2624 8.0090
21550.0000 35.2564 8.0187
21555.0000 35.2277 8.0041
21560.0000 35.3050 8.0966
21565.0000 35.3165 8.1197
21570.0000 35.3565 8.1439
21575.0000 35.3327 8.1015
21580.0000 35.3393 8.1022
21585.0000 35.3560 8.1016
21590.0000 35.3560 8.1016
21595.0000 35.3560 8.1016
21600.0000 35.3560 8.1016
21605.0000 35.3240 8.0651
21610.0000 35.3182 8.0679
21615.0000 35.3255 8.0692
21620.0000 35.3316 8.0701
21625.0000 35.3767 8.0898
21630.0000 35.3869 8.0869
21635.0000 35.4345 8.1325
21640.0000 35.4410 8.1343
21645.0000 35.4475 8.1338
21650.0000 35.5048 8.1906
21655.0000 35.6207 8.2989
21660.0000 35.6420 8.3016
21665.0000 35.5585 8.2102
21670.0000 35.5760 8.2463
21675.0000 35.5438 8.2582
21680.0000 35.4399 8.2057
21685.0000 35.3968 8.2095
21690.0000 35.4361 8.2495
21695.0000 35.4114 8.2188
21700.0000 35.4259 8.2290
21705.0000 35.4556 8.2560
21710.0000 35.4556 8.2560
21715.0000 35.4556 8.2560
21720.0000 35.4820 8.2785
21725.0000 35.4787 8.2803
21730.0000 35.4363 8.2888
21735.0000 35.3848 8.2785
21740.0000 35.4416 8.3587
21745.0000 35.4408 8.4110
21750.0000 35.4768 8.4632
21755.0000 35.5043 8.4841
21760.0000 35.5242 8.4840
21765.0000 35.5394 8.4765
21770.0000 35.5607 8.4684
21775.0000 35.5872 8.4586
21780.0000 35.6453 8.4635
21785.0000 35.2283 8.0524
21790.0000 35.1136 7.9901
21795.0000 35.0313 7.9427
21800.0000 34.9979 7.9400
21805.0000 34.9870 7.9496
21810.0000 34.9972 7.9467
21815.0000 35.0034 7.9454
21820.0000 35.0502 7.9849
21825.0000 34.9913 7.9065
21830.0000 35.0215 7.9354
21835.0000 35.0215 7.9354
21840.0000 35.0215 7.9354
21845.0000 35.0537 7.9712
21850.0000 34.9133 7.8684
21855.0000 34.8573 7.8876
21860.0000 34.8431 7.9180
21865.0000 34.8061 7.9239
21870.0000 34.8193 7.9191
21875.0000 34.8436 7.9143
21880.0000 34.8530 7.9091
21885.0000 34.8995 7.9448
21890.0000 34.9397 7.9903
21895.0000 34.9427 7.9938
21900.0000 34.9427 7.9938
21905.0000 34.9483 7.9937
21910.0000 34.9608 8.0247
21915.0000 34.9325 8.0348
21920.0000 34.9562 8.0465
21925.0000 34.9465 8.0437
21930.0000 34.9416 8.0448
21935.0000 34.9379 8.0461
21940.0000 34.9379 8.0461
21945.0000 34.9440 8.0467
21950.0000 34.9568 8.0452
21955.0000 34.9741 8.0446
21960.0000 34.9905 8.0438
21965.0000 34.9338 7.9759
21970.0000 34.9270 7.9611
21975.0000 34.8810 7.9391
21980.0000 34.8472 7.9405
21985.0000 34.8288 7.9374
21990.0000 34.8335 7.9366
21995.0000 34.8345 7.9370
22000.0000 34.8829 7.9916
22005.0000 34.8856 7.9902
22010.0000 34.8856 7.9902
22015.0000 34.8856 7.9902
22020.0000 34.9646 8.0760
22025.0000 34.8775 8.0092
22030.0000 34.8622 8.0140
22035.0000 34.8579 8.0144
22040.0000 34.9048 8.0425
22045.0000 34.9799 8.1012
22050.0000 35.0494 8.1651
22055.0000 35.0460 8.1664
22060.0000 35.0460 8.1664
22065.0000 35.0460 8.1664
22070.0000 35.1178 8.1963
22075.0000 35.1496 8.2079
22080.0000 35.1550 8.2052
22085.0000 35.1550 8.2052
22090.0000 35.2531 8.2843
22095.0000 35.2910 8.3134
22100.0000 35.3165 8.3532
22105.0000 35.3452 8.3932
22110.0000 35.4005 8.4140
22115.0000 35.4424 8.4346
22120.0000 35.4460 8.4327
22125.0000 35.4633 8.4452
22130.0000 35.4407 8.3964
22135.0000 35.4984 8.4265
22140.0000 35.5605 8.4546
22145.0000 35.4777 8.3753
22150.0000 35.4842 8.3800
22155.0000 35.5372 8.4114
22160.0000 35.5389 8.4148
22165.0000 35.5093 8.4070
22170.0000 35.5213 8.4068
22175.0000 35.5682 8.3988
22180.0000 35.6119 8.4307
22185.0000 35.6165 8.4284
22190.0000 35.6280 8.4277
22195.0000 35.6809 8.4872
22200.0000 35.6887 8.4840
22205.0000 35.0612 7.8915
22210.0000 34.9623 7.8848
22215.0000 34.8312 7.7822
22220.0000 34.8699 7.8357
22225.0000 34.9132 7.8583
22230.0000 34.9598 7.9081
22235.0000 35.0028 7.9519
22240.0000 35.0956 8.0500
22245.0000 35.1351 8.0813
22250.0000 35.1428 8.0786
22255.0000 35.1463 8.0794
22260.0000 35.1739 8.0848
22265.0000 35.1857 8.0835
22270.0000 35.1959 8.0797
22275.0000 35.2043 8.0783
22280.0000 35.2014 8.0777
22285.0000 35.2156 8.0730
22290.0000 35.3331 8.1722
22295.0000 35.3880 8.1969
22300.0000 35.4517 8.2105
22305.0000 35.5191 8.2424
22310.0000 35.6324 8.3261
22315.0000 35.6416 8.3040
22320.0000 35.7211 8.3266
22325.0000 35.7452 8.3186
22330.0000 35.7675 8.3130
22335.0000 35.7679 8.3102
22340.0000 35.8529 8.3823
22345.0000 35.8290 8.3684
22350.0000 35.8498 8.3772
22355.0000 35.8610 8.3749
22360.0000 35.8786 8.3696
22365.0000 35.8943 8.3667
22370.0000 35.9444 8.3870
22375.0000 36.0008 8.4202
22380.0000 36.0702 8.4322
22385.0000 36.0199 8.3622
22390.0000 36.0394 8.3722
22395.0000 36.0797 8.4010
22400.0000 36.0969 8.4004
22405.0000 36.1066 8.3992
22410.0000 36.1215 8.3986
22415.0000 36.1771 8.4215
22420.0000 36.2434 8.4645
22425.0000 36.2657 8.4632
22430.0000 36.3113 8.4952
22435.0000 36.3231 8.4934
22440.0000 36.3604 8.5197
22445.0000 36.3733 8.5089
22450.0000 36.4522 8.5883
22455.0000 36.4520 8.5904
22460.0000 36.4536 8.5868
22465.0000 36.4805 8.6171
22470.0000 36.4805 8.6171
22475.0000 36.4764 8.6185
22480.0000 36.5809 8.6859
22485.0000 36.6764 8.7801
22490.0000 36.6836 8.7778
22495.0000 36.6894 8.7761
22500.0000 36.6882 8.7542
22505.0000 36.3600 8.4408
22510.0000 36.1879 8.2997
22515.0000 36.1258 8.2729
22520.0000 36.0860 8.2723
22525.0000 36.1141 8.3542
22530.0000 36.1525 8.3923
22535.0000 36.1525 8.3923
22540.0000 36.2223 8.4658
22545.0000 36.2223 8.4658
22550.0000 36.2688 8.5202
22555.0000 36.3794 8.5925
22560.0000 36.4704 8.6836
22565.0000 36.3061 8.4639
22570.0000 36.2419 8.4328
22575.0000 36.2145 8.4082
22580.0000 36.2346 8.4536
22585.0000 36.1877 8.4611
22590.0000 36.2522 8.5390
22595.0000 36.2530 8.5410
22600.0000 36.2567 8.5391
22605.0000 36.2889 8.5654
22610.0000 36.3289 8.5809
22615.0000 36.3756 8.6026
22620.0000 36.3870 8.6015
22625.0000 36.3027 8.5170
22630.0000 36.2593 8.4813
22635.0000 36.3452 8.5776
22640.0000 36.3684 8.6257
22645.0000 36.4042 8.6427
22650.0000 36.4829 8.6985
22655.0000 36.5503 8.7194
22660.0000 36.6098 8.7522
22665.0000 36.7173 8.8029
22670.0000 36.7784 8.8401
22675.0000 36.8672 8.9073
22680.0000 36.8823 8.9238
22685.0000 36.9372 8.9695
22690.0000 36.9433 8.9762
22695.0000 36.9297 8.9695
22700.0000 36.9339 8.9697
22705.0000 36.9639 9.0085
22710.0000 37.0357 9.0705
22715.0000 37.0812 9.1050
22720.0000 37.1176 9.1322
22725.0000 37.1396 9.1491
22730.0000 37.1514 9.1451
22735.0000 37.1576 9.1466
22740.0000 37.1333 9.1133
22745.0000 37.1484 9.1125
22750.0000 37.1464 9.1144
22755.0000 37.1279 9.1194
22760.0000 37.1140 9.1168
22765.0000 37.0690 9.0839
22770.0000 37.1711 9.1738
22775.0000 37.1759 9.1711
22780.0000 37.2505 9.2388
22785.0000 37.3311 9.3112
22790.0000 37.3433 9.3076
22795.0000 37.3494 9.3055
22800.0000 37.4334 9.3830
22805.0000 36.7796 8.8123
22810.0000 36.5681 8.6161
22815.0000 36.5033 8.5920
22820.0000 36.4442 8.6046
22825.0000 36.3840 8.6112
22830.0000 36.3777 8.6174
22835.0000 36.4253 8.6780
22840.0000 36.4290 8.6772
22845.0000 36.4325 8.6762
22850.0000 36.4325 8.6762
22855.0000 36.4325 8.6762
22860.0000 36.4391 8.6756
22865.0000 36.4505 8.6736
22870.0000 36.3972 8.6143
22875.0000 36.4236 8.6648
22880.0000 36.5069 8.7379
22885.0000 36.5024 8.7401
22890.0000 36.6175 8.8294
22895.0000 36.6564 8.8584
22900.0000 36.6792 8.8551
22905.0000 36.6720 8.8196
22910.0000 36.6814 8.8174
22915.0000 36.6887 8.8154
22920.0000 36.7403 8.8462
22925.0000 36.6823 8.7711
22930.0000 36.6664 8.7436
22935.0000 36.6397 8.7156
22940.0000 36.6649 8.7292
22945.0000 36.6300 8.6805
22950.0000 36.6986 8.7519
22955.0000 36.7201 8.7629
22960.0000 36.7614 8.8029
22965.0000 36.7876 8.8013
22970.0000 36.7996 8.7974
22975.0000 36.8477 8.8206
22980.0000 36.8984 8.8447
22985.0000 36.8745 8.8041
22990.0000 36.9051 8.8186
22995.0000 36.8931 8.8188
23000.0000 36.9182 8.8563
23005.0000 36.9124 8.9089
23010.0000 36.9127 8.9187
23015.0000 36.9965 9.0133
23020.0000 36.9674 8.9708
23025.0000 36.9728 8.9681
23030.0000 36.9770 8.9660
23035.0000 36.9977 8.9628
23040.0000 37.0009 8.9614
23045.0000 36.9465 8.8797
23050.0000 36.8196 8.7664
23055.0000 36.8635 8.7979
23060.0000 36.8820 8.8407
23065.0000 36.8853 8.8666
23070.0000 36.9153 8.8639
23075.0000 36.9402 8.8564
23080.0000 36.9510 8.8518
23085.0000 36.9109 8.8067
23090.0000 36.9653 8.8616
23095.0000 36.9741 8.8574
23100.0000 36.9925 8.8707
23105.0000 36.9934 8.9119
23110.0000 36.8984 8.8222
23115.0000 36.8500 8.7904
23120.0000 36.8647 8.8066
23125.0000 36.8733 8.8039
23130.0000 36.8891 8.8016
23135.0000 36.9064 8.7940
23140.0000 37.0161 8.8944
23145.0000 37.0864 8.9404
23150.0000 37.1320 8.9589
23155.0000 37.1675 8.9910
23160.0000 37.2054 9.0216
23165.0000 37.2462 9.0723
23170.0000 37.2144 9.0426
23175.0000 37.1829 9.0437
23180.0000 37.1745 9.0362
23185.0000 37.2031 9.0810
23190.0000 37.1933 9.0846
23195.0000 37.1866 9.0871
23200.0000 37.2434 9.1376
23205.0000 37.2516 9.1341
23210.0000 37.2638 9.1334
23215.0000 37.2711 9.1350
23220.0000 37.2711 9.1350
23225.0000 37.2224 9.1016
23230.0000 37.2476 9.1229
23235.0000 37.2455 9.1245
23240.0000 37.2531 9.1346
23245.0000 37.2345 9.1329
23250.0000 37.2893 9.1680
23255.0000 37.2969 9.1643
23260.0000 37.3549 9.2092
23265.0000 37.3714 9.2009
23270.0000 37.4094 9.2161
23275.0000 37.4796 9.2383
23280.0000 37.4937 9.2355
23285.0000 37.5135 9.2426
23290.0000 37.4305 9.1628
23295.0000 37.4025 9.1707
23300.0000 37.3951 9.1682
23305.0000 37.3693 9.1694
23310.0000 37.3721 9.1723
23315.0000 37.3793 9.1733
23320.0000 37.3899 9.1679
23325.0000 37.3933 9.1662
23330.0000 37.4318 9.2006
23335.0000 37.4694 9.2358
23340.0000 37.4310 9.1780
23345.0000 37.3273 9.0849
23350.0000 37.1540 8.9401
23355.0000 37.0499 8.8532
23360.0000 37.0563 8.9199
23365.0000 37.0317 8.9460
23370.0000 37.0515 8.9853
23375.0000 37.1295 9.0544
23380.0000 37.1412 9.0569
23385.0000 37.1439 9.0492
23390.0000 37.2208 9.1233
23395.0000 37.2305 9.1228
23400.0000 37.2417 9.1212
23405.0000 37.2718 9.1440
23410.0000 37.3117 9.1922
23415.0000 37.3491 9.2294
23420.0000 37.3600 9.2619
23425.0000 37.3528 9.2623
23430.0000 37.3566 9.2615
23435.0000 37.3692 9.2581
23440.0000 37.3909 9.2597
23445.0000 37.3793 9.2223
23450.0000 37.3710 9.1991
23455.0000 37.3785 9.1987
23460.0000 37.4222 9.2355
23465.0000 37.2485 9.0725
23470.0000 37.1293 8.9624
23475.0000 37.0603 8.9398
23480.0000 37.0305 8.9462
23485.0000 36.9899 8.9486
23490.0000 36.9814 8.9494
23495.0000 36.9934 8.9533
23500.0000 37.0168 8.9716
23505.0000 37.0132 8.9674
23510.0000 37.0119 8.9659
23515.0000 37.0394 8.9939
23520.0000 37.0394 8.9939
23525.0000 36.8583 8.8190
23530.0000 36.8408 8.8205
23535.0000 36.8512 8.8754
23540.0000 36.8356 8.9129
23545.0000 36.7777 8.9200
23550.0000 36.7767 8.9188
23555.0000 36.8033 8.9496
23560.0000 36.8132 8.9455
23565.0000 36.8195 8.9435
23570.0000 36.8248 8.9372
23575.0000 36.7961 8.8961
23580.0000 36.8092 8.8919
23585.0000 36.7181 8.8330
23590.0000 36.6859 8.8001
23595.0000 36.6801 8.8433
23600.0000 36.6216 8.8021
23605.0000 36.6096 8.8054
23610.0000 36.6237 8.8030
23615.0000 36.6078 8.7786
23620.0000 36.6170 8.7784
23625.0000 36.6235 8.7641
23630.0000 36.6374 8.7591
23635.0000 36.7053 8.8146
23640.0000 36.7511 8.8301
23645.0000 36.5398 8.6991
23650.0000 36.3350 8.5380
23655.0000 36.2114 8.4668
23660.0000 36.2004 8.5000
23665.0000 36.2036 8.5367
23670.0000 36.2320 8.5807
23675.0000 36.2397 8.5808
23680.0000 36.3220 8.6552
23685.0000 36.3403 8.6501
23690.0000 36.3641 8.6453
23695.0000 36.4041 8.6374
23700.0000 36.4514 8.6687
23705.0000 36.4895 8.7031
23710.0000 36.5548 8.7567
23715.0000 36.5800 8.7617
23720.0000 36.7282 8.8677
23725.0000 36.7166 8.8551
23730.0000 36.7878 8.9438
23735.0000 36.7778 8.9480
23740.0000 36.7835 8.9467
23745.0000 36.7918 8.9467
23750.0000 36.7601 8.9095
23755.0000 36.7636 8.9069
23760.0000 36.7636 8.9069
23765.0000 36.1881 8.3549
23770.0000 35.8114 8.0714
23775.0000 35.7146 8.0296
23780.0000 35.6571 8.0345
23785.0000 35.6731 8.1098
23790.0000 35.6495 8.1157
23795.0000 35.6832 8.1374
23800.0000 35.7618 8.2175
23805.0000 35.7618 8.2175
23810.0000 35.7618 8.2175
23815.0000 35.7650 8.2212
23820.0000 35.7939 8.2482
23825.0000 35.7263 8.2113
23830.0000 35.8034 8.2841
23835.0000 35.8754 8.3723
23840.0000 35.8915 8.4070
23845.0000 35.9542 8.4869
23850.0000 36.0241 8.5411
23855.0000 36.0223 8.5259
23860.0000 36.0282 8.5238
23865.0000 36.0282 8.5238
23870.0000 36.0596 8.5600
23875.0000 36.0662 8.5576
23880.0000 36.0700 8.5555
23885.0000 36.1384 8.6190
23890.0000 36.0502 8.5235
23895.0000 36.0560 8.5275
23900.0000 36.0987 8.5852
23905.0000 36.0923 8.5847
23910.0000 36.0951 8.5826
23915.0000 36.1062 8.5779
23920.0000 36.1409 8.6107
23925.0000 36.1438 8.6094
23930.0000 36.1615 8.6072
23935.0000 36.1752 8.6058
23940.0000 36.1796 8.5969
23945.0000 35.7637 8.2579
23950.0000 35.6202 8.1575
23955.0000 35.5282 8.1224
23960.0000 35.4818 8.1307
23965.0000 35.4210 8.1388
23970.0000 35.4831 8.2459
23975.0000 35.4894 8.2489
23980.0000 35.4631 8.2107
23985.0000 35.5130 8.2659
23990.0000 35.5130 8.2659
23995.0000 35.5869 8.3099
24000.0000 35.6424 8.3490
24005.0000 35.6535 8.3470
24010.0000 35.7075 8.3861
24015.0000 35.6875 8.3916
24020.0000 35.6718 8.3993
24025.0000 35.6704 8.3997
24030.0000 35.6695 8.3982
24035.0000 35.6697 8.3986
24040.0000 35.7562 8.4697
24045.0000 35.8174 8.5202
24050.0000 35.8357 8.5350
24055.0000 35.9155 8.5827
24060.0000 35.9696 8.6167
24065.0000 35.7444 8.3894
24070.0000 35.2808 7.9870
24075.0000 35.1468 7.8964
24080.0000 35.1510 7.9373
24085.0000 35.1259 7.9661
24090.0000 35.1596 8.0275
24095.0000 35.2367 8.1122
24100.0000 35.2688 8.1415
24105.0000 35.2750 8.1389
24110.0000 35.2829 8.1484
24115.0000 35.2974 8.1540
24120.0000 35.3047 8.1533
24125.0000 35.3225 8.1609
24130.0000 35.2682 8.1158
24135.0000 35.3209 8.2097
24140.0000 35.3734 8.2990
24145.0000 35.3990 8.3576
24150.0000 35.3900 8.3623
24155.0000 35.3893 8.3600
24160.0000 35.3906 8.3471
24165.0000 35.4528 8.3964
24170.0000 35.4758 8.3915
24175.0000 35.4966 8.3870
24180.0000 35.5086 8.3850
24185.0000 35.2600 8.1622
24190.0000 35.0684 8.0279
24195.0000 34.9092 7.9225
24200.0000 34.9124 7.9580
24205.0000 34.8989 7.9596
24210.0000 34.9336 7.9972
24215.0000 34.9468 7.9969
24220.0000 35.0375 8.0835
24225.0000 35.0481 8.0788
24230.0000 35.0894 8.1053
24235.0000 35.1707 8.1886
24240.0000 35.2186 8.2299
24245.0000 35.2192 8.2313
24250.0000 35.2244 8.2314
24255.0000 35.2240 8.2338
24260.0000 35.2325 8.2325
24265.0000 35.2098 8.2373
24270.0000 35.1889 8.2429
24275.0000 35.2234 8.2783
24280.0000 35.3871 8.3918
24285.0000 35.4212 8.4026
24290.0000 35.5291 8.4866
24295.0000 35.5797 8.5097
24300.0000 35.6551 8.5895
24305.0000 35.5879 8.5038
24310.0000 35.4986 8.4134
24315.0000 35.4736 8.4193
24320.0000 35.5643 8.5634
24325.0000 35.6241 8.6094
24330.0000 35.6609 8.6348
24335.0000 35.6833 8.6320
24340.0000 35.6901 8.6311
24345.0000 35.7084 8.6288
24350.0000 35.7195 8.6275
24355.0000 35.7427 8.6230
24360.0000 35.7557 8.6204
24365.0000 35.8003 8.6567
24370.0000 35.8174 8.6531
24375.0000 35.8340 8.6979
24380.0000 35.7280 8.6184
24385.0000 35.7384 8.6160
24390.0000 35.7204 8.6179
24395.0000 35.7216 8.6189
24400.0000 35.7437 8.6171
24405.0000 35.7820 8.6555
24410.0000 35.7758 8.6319
24415.0000 35.7922 8.6268
24420.0000 35.7974 8.6262
24425.0000 35.7520 8.5460
24430.0000 35.7238 8.5229
24435.0000 35.6700 8.4900
24440.0000 35.7057 8.5220
24445.0000 35.7513 8.5675
24450.0000 35.7667 8.5661
24455.0000 35.7802 8.5655
24460.0000 35.8286 8.6036
24465.0000 35.8109 8.5771
24470.0000 35.8764 8.6179
24475.0000 35.8658 8.5795
24480.0000 35.8935 8.5854
24485.0000 35.9633 8.6414
24490.0000 35.8815 8.5773
24495.0000 35.8491 8.5840
24500.0000 35.8256 8.5881
24505.0000 35.8250 8.5864
24510.0000 35.8173 8.5858
24515.0000 35.8546 8.5812
24520.0000 35.8984 8.6252
24525.0000 35.9043 8.6260
24530.0000 35.9043 8.6260
24535.0000 35.9794 8.6551
24540.0000 36.0223 8.7282
24545.0000 35.5185 8.3112
24550.0000 35.1569 8.0188
24555.0000 35.1622 8.0844
24560.0000 35.1533 8.1725
24565.0000 35.0960 8.1825
24570.0000 35.1310 8.2973
24575.0000 35.1235 8.3001
24580.0000 35.1356 8.2981
24585.0000 35.1406 8.2965
24590.0000 35.1008 8.2500
24595.0000 35.1008 8.2500
24600.0000 35.1714 8.3197
24605.0000 35.0489 8.1825
24610.0000 34.9143 8.1185
24615.0000 34.8760 8.0942
24620.0000 34.8508 8.0940
24625.0000 34.8554 8.1411
24630.0000 34.9104 8.2195
24635.0000 34.9469 8.2634
24640.0000 34.9037 8.2025
24645.0000 34.9652 8.2737
24650.0000 35.0267 8.3252
24655.0000 35.1253 8.4424
24660.0000 35.1369 8.4380
24665.0000 35.2070 8.5026
24670.0000 35.2103 8.5063
24675.0000 35.1933 8.5007
24680.0000 35.1933 8.5007
24685.0000 35.1953 8.5134
24690.0000 35.1835 8.5188
24695.0000 35.1835 8.5188
24700.0000 35.2268 8.5613
24705.0000 35.2351 8.5625
24710.0000 35.2382 8.5613
24715.0000 35.2800 8.5987
24720.0000 35.2836 8.5974
24725.0000 35.3354 8.6296
24730.0000 35.3372 8.6198
24735.0000 35.3583 8.6205
24740.0000 35.3645 8.6171
24745.0000 35.3835 8.6565
24750.0000 35.4212 8.6992
24755.0000 35.4507 8.7370
24760.0000 35.4507 8.7370
24765.0000 35.4538 8.7370
24770.0000 35.4538 8.7370
24775.0000 35.4577 8.7354
24780.0000 35.4621 8.7335
24785.0000 35.0905 8.3905
24790.0000 34.6007 7.9677
24795.0000 34.5987 7.9937
24800.0000 34.6275 8.0502
24805.0000 34.6266 8.0952
24810.0000 34.6538 8.1701
24815.0000 34.7774 8.3064
24820.0000 34.7915 8.3259
24825.0000 34.8447 8.3689
24830.0000 34.8531 8.3716
24835.0000 34.9404 8.4512
24840.0000 35.0150 8.5267
24845.0000 34.9699 8.5072
24850.0000 34.9218 8.4880
24855.0000 34.9411 8.5350
24860.0000 34.9445 8.5514
24865.0000 34.9162 8.5711
24870.0000 34.9208 8.5926
24875.0000 34.9496 8.6260
24880.0000 34.9840 8.6543
24885.0000 34.9962 8.6496
24890.0000 35.0584 8.6909
24895.0000 35.1098 8.7263
24900.0000 35.1314 8.7391
24905.0000 35.1536 8.7173
24910.0000 35.1726 8.7270
24915.0000 35.0480 8.5969
24920.0000 35.0893 8.6190
24925.0000 35.0889 8.6282
24930.0000 35.1153 8.6636
24935.0000 35.0829 8.6081
24940.0000 35.0935 8.6080
24945.0000 35.1563 8.6738
24950.0000 35.1470 8.6636
24955.0000 35.1893 8.7141
24960.0000 35.1925 8.7179
24965.0000 35.1925 8.7179
24970.0000 35.1766 8.7214
24975.0000 35.2108 8.7485
24980.0000 35.2170 8.7445
24985.0000 35.2300 8.7530
24990.0000 35.1994 8.7116
24995.0000 35.3703 8.9017
25000.0000 35.3649 8.8760
25005.0000 35.3704 8.8739
25010.0000 35.3748 8.8719
25015.0000 35.4195 8.8761
25020.0000 35.3907 8.8265
25025.0000 35.4110 8.8256
25030.0000 35.3909 8.8155
25035.0000 35.3487 8.7761
25040.0000 35.3492 8.7647
25045.0000 35.3495 8.7596
25050.0000 35.3956 8.7994
25055.0000 35.4654 8.8237
25060.0000 35.4909 8.8154
25065.0000 35.5447 8.8477
25070.0000 35.5727 8.8399
25075.0000 35.6055 8.8329
25080.0000 35.7217 8.9169
25085.0000 35.6248 8.8159
25090.0000 35.4708 8.6383
25095.0000 35.5495 8.7493
25100.0000 35.5471 8.7484
25105.0000 35.5304 8.7533
25110.0000 35.5237 8.7525
25115.0000 35.5307 8.7513
25120.0000 35.5399 8.7499
25125.0000 35.5916 8.7991
25130.0000 35.5978 8.7983
25135.0000 35.6470 8.8271
25140.0000 35.6702 8.7992
25145.0000 35.6563 8.7804
25150.0000 35.6513 8.7814
25155.0000 35.6581 8.8193
25160.0000 35.6797 8.8593
25165.0000 35.6594 8.8646
25170.0000 35.6561 8.8622
25175.0000 35.6790 8.8553
25180.0000 35.7054 8.8667
25185.0000 35.7509 8.9174
25190.0000 35.7731 8.9229
25195.0000 35.7851 8.9313
25200.0000 35.7919 8.9199
25205.0000 35.6587 8.8306
25210.0000 35.4969 8.6573
25215.0000 35.5533 8.7326
25220.0000 35.5891 8.7653
25225.0000 35.6081 8.8059
25230.0000 35.6030 8.8088
25235.0000 35.6284 8.8367
25240.0000 35.6220 8.8392
25245.0000 35.7013 8.9060
25250.0000 35.7443 8.9212
25255.0000 35.7446 8.9215
25260.0000 35.7876 8.9706
25265.0000 35.7876 8.9706
25270.0000 35.7527 8.9387
25275.0000 35.7448 8.9378
25280.0000 35.7401 8.9368
25285.0000 35.7710 8.9837
25290.0000 35.8283 9.0329
25295.0000 35.8368 9.0286
25300.0000 35.7945 8.9774
25305.0000 35.8316 9.0130
25310.0000 35.8655 9.0531
25315.0000 35.8805 9.0700
25320.0000 35.8861 9.0682
25325.0000 35.7246 8.8977
25330.0000 35.7039 8.9010
25335.0000 35.6831 8.9130
25340.0000 35.6578 8.9191
25345.0000 35.6128 8.9199
25350.0000 35.6413 8.9719
25355.0000 35.5874 8.8997
25360.0000 35.5982 8.9044
25365.0000 35.6094 8.9115
25370.0000 35.6582 8.9501
25375.0000 35.6707 8.9455
25380.0000 35.6759 8.9435
25385.0000 35.7257 8.9925
25390.0000 35.6870 8.9593
25395.0000 35.6627 8.9655
25400.0000 35.6590 8.9724
25405.0000 35.6317 8.9629
25410.0000 35.5714 8.9088
25415.0000 35.6179 8.9378
25420.0000 35.5898 8.8972
25425.0000 35.6071 8.9178
25430.0000 35.6392 8.9505
25435.0000 35.6446 8.9509
25440.0000 35.6446 8.9509
25445.0000 35.5441 8.9199
25450.0000 35.5114 8.9097
25455.0000 35.4411 8.9257
25460.0000 35.4594 9.0271
25465.0000 35.4678 9.1455
25470.0000 35.4081 9.1598
25475.0000 35.4292 9.1833
25480.0000 35.4292 9.1833
25485.0000 35.4292 9.1833
25490.0000 35.4292 9.1833
25495.0000 35.4654 9.1926
25500.0000 35.5007 9.2341
25505.0000 35.3522 9.0663
25510.0000 35.0183 8.7397
25515.0000 34.9715 8.7055
25520.0000 34.9742 8.7030
25525.0000 34.9530 8.7060
25530.0000 34.9349 8.7099
25535.0000 34.9734 8.7477
25540.0000 34.9748 8.7482
25545.0000 35.0102 8.7851
25550.0000 35.0038 8.7724
25555.0000 35.0010 8.7583
25560.0000 35.0778 8.8149
25565.0000 35.0214 8.7392
25570.0000 35.0277 8.7363
25575.0000 35.0543 8.7676
25580.0000 35.0134 8.7299
25585.0000 35.0079 8.7297
25590.0000 35.0234 8.7426
25595.0000 34.9831 8.6854
25600.0000 34.9931 8.6840
25605.0000 34.9974 8.6838
25610.0000 35.0364 8.7230
25615.0000 35.0995 8.7630
25620.0000 35.1088 8.7692
25625.0000 35.0695 8.7468
25630.0000 35.0340 8.7214
25635.0000 35.0439 8.7505
25640.0000 35.0155 8.7400
25645.0000 35.0049 8.7420
25650.0000 35.0637 8.7927
25655.0000 35.0739 8.7893
25660.0000 35.1071 8.8142
25665.0000 35.1835 8.8917
25670.0000 35.2195 8.9173
25675.0000 35.2231 8.9174
25680.0000 35.2915 8.9891
25685.0000 35.2971 8.9890
25690.0000 35.3118 8.9848
25695.0000 35.3533 9.0290
25700.0000 35.3786 9.0495
25705.0000 35.4008 9.0485
25710.0000 35.4096 9.0523
25715.0000 35.4185 9.0466
25720.0000 35.4647 9.0905
25725.0000 35.4928 9.0973
25730.0000 35.5612 9.1428
25735.0000 35.5717 9.1420
25740.0000 35.5748 9.1306
25745.0000 35.5062 9.0463
25750.0000 35.6243 9.1578
25755.0000 35.5689 9.1165
25760.0000 35.5885 9.1414
25765.0000 35.6109 9.1583
25770.0000 35.6229 9.1553
25775.0000 35.6687 9.2063
25780.0000 35.7066 9.2408
25785.0000 35.7202 9.2409
25790.0000 35.7562 9.2554
25795.0000 35.7562 9.2554
25800.0000 35.7562 9.2554
25805.0000 35.7880 9.2742
25810.0000 35.7880 9.2742
25815.0000 35.7370 9.2146
25820.0000 35.7446 9.2187
25825.0000 35.7106 9.2296
25830.0000 35.6966 9.2496
25835.0000 35.7397 9.2762
25840.0000 35.7451 9.2745
25845.0000 35.6844 9.2027
25850.0000 35.7172 9.2370
25855.0000 35.7172 9.2370
25860.0000 35.7172 9.2370
25865.0000 35.6518 9.1445
25870.0000 35.4525 8.9712
25875.0000 35.3310 8.8855
25880.0000 35.3777 8.9752
25885.0000 35.3763 8.9764
25890.0000 35.3608 8.9701
25895.0000 35.3705 8.9686
25900.0000 35.3705 8.9686
25905.0000 35.4092 9.0145
25910.0000 35.4152 9.0141
25915.0000 35.4993 9.0790
25920.0000 35.5239 9.1001
25925.0000 35.5018 9.0819
25930.0000 35.5438 9.1277
25935.0000 35.5195 9.1408
25940.0000 35.5166 9.1443
25945.0000 35.4833 9.1536
25950.0000 35.4775 9.1519
25955.0000 35.4820 9.1505
25960.0000 35.4553 9.1023
25965.0000 35.4792 9.0954
25970.0000 35.4986 9.0896
25975.0000 35.5773 9.1381
25980.0000 35.5844 9.1351
25985.0000 35.5793 9.1155
25990.0000 35.5723 9.1194
25995.0000 35.5668 9.1213
26000.0000 35.6032 9.1665
26005.0000 35.5670 9.1293
26010.0000 35.5674 9.1289
26015.0000 35.5373 9.0934
26020.0000 35.5434 9.1004
26025.0000 35.5761 9.1198
26030.0000 35.5923 9.1162
26035.0000 35.6885 9.1825
26040.0000 35.7582 9.2135
26045.0000 35.8275 9.2717
26050.0000 35.8011 9.2557
26055.0000 35.7462 9.2790
26060.0000 35.7172 9.2831
26065.0000 35.7523 9.3815
26070.0000 35.7951 9.4658
26075.0000 35.9423 9.6131
26080.0000 35.9875 9.6599
26085.0000 35.9948 9.6696
26090.0000 36.0317 9.7059
26095.0000 36.0139 9.6846
26100.0000 36.0075 9.6567
26105.0000 35.7207 9.3690
26110.0000 35.4212 9.0607
26115.0000 35.4776 9.1591
26120.0000 35.4900 9.1836
26125.0000 35.4817 9.1965
26130.0000 35.4660 9.1774
26135.0000 35.4684 9.1755
26140.0000 35.4679 9.1758
26145.0000 35.4796 9.1721
26150.0000 35.5123 9.2053
26155.0000 35.5982 9.2869
26160.0000 35.6471 9.3379
26165.0000 35.6578 9.3370
26170.0000 35.6612 9.3355
26175.0000 35.7052 9.3803
26180.0000 35.6994 9.3803
26185.0000 35.6923 9.3825
26190.0000 35.7063 9.4149
26195.0000 35.7390 9.4535
26200.0000 35.7259 9.4377
26205.0000 35.7647 9.4781
26210.0000 35.8593 9.5646
26215.0000 35.8674 9.5738
26220.0000 35.8884 9.5935
26225.0000 35.7253 9.4151
26230.0000 35.6214 9.3477
26235.0000 35.5930 9.3549
26240.0000 35.5690 9.3587
26245.0000 35.6245 9.4151
26250.0000 35.6015 9.4187
26255.0000 35.6374 9.4445
26260.0000 35.6395 9.4447
26265.0000 35.6786 9.4650
26270.0000 35.7033 9.4599
26275.0000 35.7402 9.4516
26280.0000 35.7636 9.4438
26285.0000 35.7366 9.4137
26290.0000 35.6352 9.3018
26295.0000 35.6400 9.2999
26300.0000 35.6336 9.2982
26305.0000 35.6490 9.3109
26310.0000 35.6535 9.3092
26315.0000 35.6624 9.3070
26320.0000 35.6744 9.3019
26325.0000 35.6847 9.2983
26330.0000 35.6908 9.2963
26335.0000 35.6990 9.2936
26340.0000 35.7194 9.3123
26345.0000 35.7313 9.3187
26350.0000 35.6708 9.2806
26355.0000 35.6003 9.2313
26360.0000 35.5576 9.2269
26365.0000 35.5133 9.2154
26370.0000 35.5031 9.2157
26375.0000 35.5113 9.2120
26380.0000 35.5668 9.2466
26385.0000 35.5947 9.2412
26390.0000 35.6050 9.2368
26395.0000 35.6177 9.2313
26400.0000 35.6177 9.2313
26405.0000 35.5625 9.2016
26410.0000 35.4274 9.0891
26415.0000 35.4329 9.0912
26420.0000 35.4251 9.0922
26425.0000 35.4415 9.0953
26430.0000 35.4540 9.1101
26435.0000 35.4608 9.1085
26440.0000 35.4728 9.1172
26445.0000 35.4341 9.0645
26450.0000 35.4811 9.1019
26455.0000 35.4908 9.1005
26460.0000 35.4994 9.0989
26465.0000 35.4242 9.0291
26470.0000 35.3395 8.9657
26475.0000 35.1878 8.8541
26480.0000 35.1678 8.8536
26485.0000 35.1505 8.8911
26490.0000 35.1172 8.8975
26495.0000 35.1526 8.9213
26500.0000 35.1569 8.9211
26505.0000 35.1616 8.9210
26510.0000 35.1723 8.9191
26515.0000 35.1826 8.9158
26520.0000 35.1535 8.8640
26525.0000 35.0172 8.7077
26530.0000 34.8289 8.5022
26535.0000 34.8333 8.4989
26540.0000 34.8446 8.5017
26545.0000 34.8547 8.4971
26550.0000 34.8492 8.5413
26555.0000 34.8737 8.5383
26560.0000 34.8702 8.5124
26565.0000 34.9398 8.5416
26570.0000 34.9598 8.5397
26575.0000 35.0528 8.6133
26580.0000 35.0727 8.6058
26585.0000 35.0571 8.5517
26590.0000 34.8747 8.3435
26595.0000 34.8182 8.2738
26600.0000 34.8545 8.3115
26605.0000 34.8784 8.3221
26610.0000 34.9209 8.3764
26615.0000 35.0604 8.5227
26620.0000 35.0725 8.5187
26625.0000 35.0769 8.5176
26630.0000 35.1265 8.5503
26635.0000 35.2095 8.6249
26640.0000 35.2364 8.6558
26645.0000 34.8694 8.2999
26650.0000 34.7671 8.2197
26655.0000 34.7320 8.2259
26660.0000 34.7400 8.2536
26665.0000 34.7298 8.2530
26670.0000 34.7090 8.2497
26675.0000 34.7372 8.2392
26680.0000 34.8057 8.2679
26685.0000 34.8218 8.2637
26690.0000 34.8822 8.3077
26695.0000 34.9303 8.3264
26700.0000 35.0130 8.3618
26705.0000 34.9837 8.3132
26710.0000 34.9782 8.3040
26715.0000 34.8632 8.2219
26720.0000 34.8668 8.2763
26725.0000 34.8540 8.2861
26730.0000 34.8563 8.3100
26735.0000 34.8552 8.3104
26740.0000 34.8593 8.3088
26745.0000 34.9979 8.4008
26750.0000 35.0324 8.4265
26755.0000 35.0689 8.4458
26760.0000 35.0524 8.4128
26765.0000 35.0706 8.4060
26770.0000 35.0824 8.4023
26775.0000 35.0742 8.4066
26780.0000 35.0677 8.4050
26785.0000 35.0677 8.4050
26790.0000 35.0804 8.4034
26795.0000 35.0936 8.4016
26800.0000 35.1779 8.4671
26805.0000 35.2698 8.5311
26810.0000 35.3573 8.5822
26815.0000 35.3726 8.5783
26820.0000 35.3831 8.5746
26825.0000 35.1481 8.3171
26830.0000 34.7612 7.9503
26835.0000 34.5311 7.7943
26840.0000 34.4957 7.7971
26845.0000 34.5290 7.8402
26850.0000 34.5519 7.9214
26855.0000 34.5536 7.9245
26860.0000 34.5574 7.9268
26865.0000 34.5574 7.9268
26870.0000 34.5574 7.9268
26875.0000 34.5973 7.9717
26880.0000 34.6665 8.0265
26885.0000 34.8209 8.1745
26890.0000 34.8567 8.2068
26895.0000 34.8894 8.2576
26900.0000 34.8870 8.2918
26905.0000 34.8887 8.3031
26910.0000 34.9383 8.3901
26915.0000 35.0686 8.5119
26920.0000 35.0822 8.5264
26925.0000 35.1260 8.5646
26930.0000 35.1761 8.6149
26935.0000 35.1903 8.6129
26940.0000 35.2272 8.6428
26945.0000 35.0906 8.5037
26950.0000 34.9289 8.3554
26955.0000 34.7814 8.2856
26960.0000 34.7410 8.3020
26965.0000 34.7142 8.3121
26970.0000 34.6838 8.3157
26975.0000 34.7418 8.3795
26980.0000 34.7470 8.3776
26985.0000 34.7556 8.3745
26990.0000 34.7827 8.3689
26995.0000 34.7925 8.3697
27000.0000 34.8193 8.3752
27005.0000 34.8830 8.4260
27010.0000 34.9025 8.4263
27015.0000 34.9155 8.4257
27020.0000 34.9392 8.4251
27025.0000 34.9491 8.4310
27030.0000 35.0091 8.5443
27035.0000 34.9715 8.5038
27040.0000 34.9775 8.4993
27045.0000 34.9872 8.5107
27050.0000 34.9872 8.5107
27055.0000 34.9872 8.5107
27060.0000 34.9872 8.5107
27065.0000 34.9886 8.5106
27070.0000 34.9554 8.4650
27075.0000 34.9399 8.4659
27080.0000 34.9800 8.5020
27085.0000 34.9854 8.4822
27090.0000 35.0258 8.5103
27095.0000 35.0443 8.5068
27100.0000 35.1344 8.5745
27105.0000 35.1525 8.5696
27110.0000 35.1973 8.6004
27115.0000 35.1994 8.5950
27120.0000 35.2251 8.6192
27125.0000 35.0389 8.4427
27130.0000 34.9128 8.3252
27135.0000 34.8612 8.2952
27140.0000 34.8127 8.3049
27145.0000 34.8165 8.3513
27150.0000 34.8483 8.4210
27155.0000 34.9116 8.4955
27160.0000 34.8983 8.4798
27165.0000 34.9485 8.5302
27170.0000 35.0236 8.5990
27175.0000 35.0664 8.6269
27180.0000 35.0664 8.6269
27185.0000 34.8933 8.4942
27190.0000 34.8749 8.4684
27195.0000 34.9267 8.5271
27200.0000 34.9835 8.5819
27205.0000 35.0880 8.6956
27210.0000 35.0583 8.6498
27215.0000 35.0777 8.6558
27220.0000 35.1298 8.6968
27225.0000 35.1324 8.6999
27230.0000 35.1324 8.6999
27235.0000 35.1717 8.7425
27240.0000 35.1866 8.7447
27245.0000 35.1768 8.7279
27250.0000 35.2001 8.7219
27255.0000 35.1522 8.7341
27260.0000 35.1846 8.7808
27265.0000 35.2238 8.8438
27270.0000 35.2594 8.9082
27275.0000 35.2888 8.9567
27280.0000 35.2943 8.9562
27285.0000 35.3717 9.0158
27290.0000 35.3717 9.0158
27295.0000 35.4541 9.1128
27300.0000 35.5192 9.1426
27305.0000 35.5442 9.1389
27310.0000 35.5672 9.1438
27315.0000 35.4856 9.0881
27320.0000 35.5328 9.1350
27325.0000 35.5841 9.1786
27330.0000 35.5595 9.1469
27335.0000 35.5646 9.1309
27340.0000 35.5964 9.1288
27345.0000 35.6621 9.1785
27350.0000 35.6969 9.1700
27355.0000 35.7072 9.1694
27360.0000 35.7011 9.1540
27365.0000 35.7175 9.1512
27370.0000 35.7191 9.1535
27375.0000 35.7140 9.1561
27380.0000 35.7184 9.1568
27385.0000 35.7261 9.1546
27390.0000 35.7317 9.1522
27395.0000 35.7317 9.1522
27400.0000 35.7439 9.1666
27405.0000 35.7087 9.1086
27410.0000 35.7203 9.1035
27415.0000 35.7260 9.1038
27420.0000 35.7279 9.1065
27425.0000 35.7065 9.0942
27430.0000 35.6443 9.0212
27435.0000 35.6034 8.9945
27440.0000 35.6302 9.0492
27445.0000 35.6752 9.0724
27450.0000 35.6710 9.0914
27455.0000 35.7066 9.1100
27460.0000 35.7630 9.1192
27465.0000 35.8247 9.1666
27470.0000 35.8445 9.1601
27475.0000 35.8923 9.1760
27480.0000 35.8896 9.1597
27485.0000 35.9061 9.1555
27490.0000 35.9132 9.1536
27495.0000 35.9130 9.1678
27500.0000 35.9468 9.2039
27505.0000 35.9840 9.2342
27510.0000 35.8640 9.1486
27515.0000 35.8923 9.1859
27520.0000 35.9161 9.2219
27525.0000 35.9223 9.2197
27530.0000 35.9655 9.2648
27535.0000 35.9655 9.2648
27540.0000 36.0057 9.2922
27545.0000 35.8722 9.1377
27550.0000 35.6874 8.8944
27555.0000 35.5752 8.7454
27560.0000 35.6480 8.7482
27565.0000 35.6640 8.7613
27570.0000 35.6318 8.7669
27575.0000 35.6293 8.7698
27580.0000 35.6293 8.7698
27585.0000 35.7340 8.8578
27590.0000 35.7655 8.8820
27595.0000 35.7994 8.9019
27600.0000 35.7994 8.9019
27605.0000 35.8070 8.8905
27610.0000 35.6019 8.6920
27615.0000 35.5123 8.6801
27620.0000 35.4898 8.6809
27625.0000 35.4944 8.7171
27630.0000 35.4848 8.7562
27635.0000 35.4623 8.7606
27640.0000 35.5138 8.8075
27645.0000 35.5138 8.8075
27650.0000 35.5214 8.8093
27655.0000 35.5214 8.8093
27660.0000 35.5250 8.8088
27665.0000 35.4542 8.7345
27670.0000 35.4526 8.7268
27675.0000 35.4394 8.7306
27680.0000 35.4295 8.7299
27685.0000 35.4183 8.7341
27690.0000 35.4097 8.7329
27695.0000 35.4037 8.7340
27700.0000 35.4148 8.7380
27705.0000 35.4228 8.7402
27710.0000 35.4273 8.7383
27715.0000 35.4313 8.7363
27720.0000 35.4390 8.7340
27725.0000 35.3920 8.6968
27730.0000 35.3964 8.6943
27735.0000 35.4870 8.7527
27740.0000 35.5408 8.8129
27745.0000 35.5401 8.8068
27750.0000 35.5732 8.8262
27755.0000 35.5730 8.8266
27760.0000 35.5775 8.8259
27765.0000 35.6245 8.8626
27770.0000 35.6294 8.8609
27775.0000 35.6682 8.8851
27780.0000 35.6730 8.8835
27785.0000 35.7150 8.9030
27790.0000 35.7191 8.9018
27795.0000 35.7190 8.9261
27800.0000 35.7918 8.9981
27805.0000 35.8102 9.0339
27810.0000 35.8025 9.0329
27815.0000 35.8323 9.0515
27820.0000 35.8372 9.0456
27825.0000 35.8290 9.0210
27830.0000 35.8366 9.0170
27835.0000 35.8793 9.0513
27840.0000 35.9851 9.1442
27845.0000 36.0026 9.1360
27850.0000 36.1116 9.2191
27855.0000 36.0715 9.1749
27860.0000 36.0612 9.1779
27865.0000 36.0819 9.1731
27870.0000 36.0623 9.1717
27875.0000 36.1640 9.2630
27880.0000 36.2852 9.3760
27885.0000 36.2852 9.3760
27890.0000 36.2899 9.3746
27895.0000 36.2815 9.3540
27900.0000 36.2545 9.3080
27905.0000 36.2638 9.3109
27910.0000 36.2689 9.3087
27915.0000 36.2847 9.3126
27920.0000 36.2855 9.3135
27925.0000 36.2904 9.3118
27930.0000 36.4035 9.4027
27935.0000 36.4226 9.4135
27940.0000 36.5741 9.5485
27945.0000 36.6299 9.5994
27950.0000 36.6317 9.5915
27955.0000 36.5740 9.5175
27960.0000 36.5668 9.5009
27965.0000 36.5369 9.4617
27970.0000 36.6291 9.5114
27975.0000 36.6954 9.5710
27980.0000 36.7320 9.6188
27985.0000 36.7344 9.5913
27990.0000 36.7347 9.6280
27995.0000 36.7190 9.6182
28000.0000 36.7138 9.6128
28005.0000 36.7662 9.6482
28010.0000 36.8451 9.7177
28015.0000 36.8508 9.7174
28020.0000 36.8867 9.7606
28025.0000 36.8077 9.6756
28030.0000 36.7278 9.6071
28035.0000 36.6532 9.5743
28040.0000 36.6143 9.5845
28045.0000 36.6212 9.6159
28050.0000 36.6137 9.6193
28055.0000 36.6137 9.6193
28060.0000 36.5855 9.5860
28065.0000 36.6010 9.5991
28070.0000 36.6396 9.6135
28075.0000 36.6877 9.6540
28080.0000 36.6927 9.6522
28085.0000 36.6427 9.5850
28090.0000 36.6391 9.5647
28095.0000 36.5600 9.4995
28100.0000 36.5607 9.4982
28105.0000 36.5931 9.5220
28110.0000 36.6928 9.5461
28115.0000 36.6941 9.5266
28120.0000 36.6770 9.5023
28125.0000 36.6772 9.4955
28130.0000 36.6951 9.4915
28135.0000 36.7010 9.4884
28140.0000 36.7064 9.4868
28145.0000 36.3586 9.1823
28150.0000 36.0945 8.9447
28155.0000 35.9215 8.8277
28160.0000 35.8945 8.8331
28165.0000 35.9101 8.8704
28170.0000 35.9073 8.9201
28175.0000 35.9058 8.9212
28180.0000 35.9429 8.9623
28185.0000 35.9992 8.9915
28190.0000 36.0398 9.0260
28195.0000 36.0028 8.9749
28200.0000 36.0573 9.0295
28205.0000 36.0132 8.9929
28210.0000 36.0092 8.9748
28215.0000 36.0132 8.9792
28220.0000 36.0089 8.9807
28225.0000 36.0076 8.9828
28230.0000 36.0340 9.0249
28235.0000 36.0426 9.0242
28240.0000 36.0461 9.0244
28245.0000 36.0497 9.0223
28250.0000 36.0497 9.0223
28255.0000 36.0497 9.0223
28260.0000 36.0497 9.0223
28265.0000 35.8426 8.8772
28270.0000 35.7557 8.7778
28275.0000 35.7265 8.7670
28280.0000 35.7084 8.7745
28285.0000 35.7572 8.8308
28290.0000 35.7501 8.8287
28295.0000 35.8420 8.8710
28300.0000 35.8609 8.8675
28305.0000 35.8813 8.8650
28310.0000 35.9069 8.8724
28315.0000 35.9280 8.8722
28320.0000 35.9892 8.9136
28325.0000 36.0147 8.9082
28330.0000 36.0269 8.9029
28335.0000 35.9976 8.8699
28340.0000 36.0651 8.9328
28345.0000 36.0568 8.9349
28350.0000 36.0385 8.9389
28355.0000 36.0607 8.9684
28360.0000 36.0676 8.9672
28365.0000 36.0822 8.9654
28370.0000 36.0930 8.9618
28375.0000 36.1531 8.9733
28380.0000 36.1686 8.9703
28385.0000 35.8620 8.6385
28390.0000 35.5979 8.3656
28395.0000 35.3972 8.2062
28400.0000 35.3726 8.2074
28405.0000 35.3569 8.2136
28410.0000 35.3570 8.2116
28415.0000 35.3949 8.2504
28420.0000 35.5200 8.3589
28425.0000 35.6611 8.4921
28430.0000 35.6653 8.4911
28435.0000 35.6867 8.4847
28440.0000 35.7314 8.5179
28445.0000 35.8928 8.6632
28450.0000 35.9461 8.7079
28455.0000 35.9410 8.7200
28460.0000 35.9984 8.7597
28465.0000 35.9746 8.7195
28470.0000 35.9799 8.7228
28475.0000 35.9734 8.7253
28480.0000 35.9846 8.7262
28485.0000 36.0045 8.7247
28490.0000 36.0579 8.7620
28495.0000 36.0583 8.7550
28500.0000 36.0707 8.7498
28505.0000 35.8654 8.5926
28510.0000 35.7557 8.5131
28515.0000 35.6357 8.4184
28520.0000 35.7127 8.4969
28525.0000 35.7437 8.5238
28530.0000 35.7511 8.5692
28535.0000 35.7831 8.6089
28540.0000 35.7659 8.5874
28545.0000 35.7825 8.6070
28550.0000 35.8104 8.6397
28555.0000 35.8175 8.6481
28560.0000 35.8707 8.6999
28565.0000 35.8037 8.6192
28570.0000 35.4436 8.2848
28575.0000 35.2429 8.1060
28580.0000 35.2672 8.1411
28585.0000 35.2909 8.1721
28590.0000 35.2798 8.1718
28595.0000 35.2654 8.1758
28600.0000 35.3135 8.2218
28605.0000 35.3720 8.2638
28610.0000 35.3305 8.1904
28615.0000 35.3977 8.2268
28620.0000 35.4314 8.2198
28625.0000 35.3335 8.1145
28630.0000 35.4274 8.1852
28635.0000 35.4242 8.1890
28640.0000 35.4917 8.2254
28645.0000 35.5043 8.2244
28650.0000 35.5546 8.2673
28655.0000 35.6446 8.3392
28660.0000 35.7105 8.3823
28665.0000 35.8347 8.4911
28670.0000 35.8482 8.4878
28675.0000 35.9366 8.5303
28680.0000 35.9282 8.4841
28685.0000 35.9306 8.4833
28690.0000 35.9357 8.4817
28695.0000 35.9115 8.4514
28700.0000 35.9392 8.4985
28705.0000 36.0102 8.5442
28710.0000 36.0021 8.5441
28715.0000 36.0391 8.5817
28720.0000 36.0391 8.5817
28725.0000 36.0803 8.6243
28730.0000 36.0830 8.6232
28735.0000 36.1710 8.6974
28740.0000 36.2491 8.7616
28745.0000 36.3214 8.8244
28750.0000 36.2345 8.7284
28755.0000 36.1845 8.6742
28760.0000 36.1667 8.6761
28765.0000 36.2449 8.7443
28770.0000 36.3034 8.7821
28775.0000 36.2771 8.7692
28780.0000 36.2783 8.7711
28785.0000 36.3554 8.8309
28790.0000 36.3643 8.8279
28795.0000 36.3695 8.8258
28800.0000 36.3729 8.8244
28805.0000 36.1056 8.6045
28810.0000 36.0140 8.5160
28815.0000 35.9779 8.4864
28820.0000 35.9468 8.4642
28825.0000 35.9961 8.4985
28830.0000 35.9882 8.5016
28835.0000 35.9716 8.5025
28840.0000 35.9682 8.5040
28845.0000 35.9591 8.4935
28850.0000 35.9591 8.4935
28855.0000 36.0105 8.5402
28860.0000 35.9932 8.5203
28865.0000 35.9692 8.4839
28870.0000 35.9759 8.4866
28875.0000 35.9653 8.4960
28880.0000 35.9529 8.4959
28885.0000 35.9077 8.4459
28890.0000 35.9139 8.4432
28895.0000 35.9897 8.4985
28900.0000 36.0740 8.5662
28905.0000 36.0994 8.5743
28910.0000 36.1382 8.6198
28915.0000 36.1798 8.6628
28920.0000 36.2187 8.6959
28925.0000 36.2621 8.7369
28930.0000 36.2772 8.7235
28935.0000 36.3609 8.8127
28940.0000 36.3900 8.8444
28945.0000 36.4460 8.9058
28950.0000 36.4471 8.9038
28955.0000 36.4537 8.8994
28960.0000 36.4589 8.8993
28965.0000 36.5007 8.9361
28970.0000 36.5502 8.9657
28975.0000 36.5955 8.9834
28980.0000 36.7012 9.0857
28985.0000 36.7327 9.1178
28990.0000 36.7110 9.0727
28995.0000 36.5677 8.9593
29000.0000 36.6119 9.0086
29005.0000 36.6177 9.0107
29010.0000 36.6533 9.0293
29015.0000 36.6476 9.0227
29020.0000 36.6541 9.0005
29025.0000 36.7392 9.0658
29030.0000 36.7813 9.0955
29035.0000 36.7166 9.0032
29040.0000 36.7401 9.0190
29045.0000 36.7429 8.9986
29050.0000 36.7926 9.0469
29055.0000 36.7811 9.0288
29060.0000 36.7716 9.0319
29065.0000 36.7669 9.0334
29070.0000 36.7825 9.0695
29075.0000 36.7962 9.0647
29080.0000 36.8057 9.0683
29085.0000 36.8359 9.0718
29090.0000 36.8321 9.0532
29095.0000 36.8366 9.0518
29100.0000 36.8625 9.0791
29105.0000 36.7891 9.0209
29110.0000 36.6746 8.9153
29115.0000 36.5937 8.8373
29120.0000 36.5736 8.8279
29125.0000 36.6443 8.8917
29130.0000 36.6007 8.8650
29135.0000 36.6091 8.8614
29140.0000 36.6577 8.9052
29145.0000 36.7083 8.9519
29150.0000 36.7131 8.9505
29155.0000 36.7160 8.9498
29160.0000 36.7600 8.9703
29165.0000 36.7600 8.9703
29170.0000 36.7823 8.9990
29175.0000 36.7867 9.0198
29180.0000 36.8510 9.0857
29185.0000 36.8912 9.1082
29190.0000 36.9475 9.1517
29195.0000 37.0009 9.2069
29200.0000 37.0116 9.2024
29205.0000 37.0274 9.1985
29210.0000 36.9751 9.1237
29215.0000 37.1137 9.2515
29220.0000 37.1382 9.2456
29225.0000 37.2273 9.3068
29230.0000 37.2078 9.2744
29235.0000 37.2280 9.2724
29240.0000 37.1715 9.1850
29245.0000 37.1766 9.1841
29250.0000 37.2628 9.2611
29255.0000 37.2706 9.2678
29260.0000 37.3083 9.2892
29265.0000 37.4080 9.3412
29270.0000 37.4557 9.3767
29275.0000 37.4653 9.3471
29280.0000 37.4502 9.3205
29285.0000 37.4236 9.2795
29290.0000 37.4129 9.2523
29295.0000 37.4538 9.2929
29300.0000 37.4681 9.2864
29305.0000 37.5310 9.3630
29310.0000 37.5499 9.3773
29315.0000 37.4335 9.2636
29320.0000 37.4515 9.2826
29325.0000 37.4543 9.2827
29330.0000 37.4972 9.3030
29335.0000 37.5402 9.3496
29340.0000 37.5217 9.3126
29345.0000 37.3815 9.1463
29350.0000 37.2599 9.0282
29355.0000 37.2881 9.0356
29360.0000 37.2665 9.0196
29365.0000 37.2391 9.0007
29370.0000 37.2795 9.0231
29375.0000 37.3139 9.0633
29380.0000 37.3276 9.0687
29385.0000 37.2826 8.9935
29390.0000 37.3497 9.0321
29395.0000 37.4040 9.0751
29400.0000 37.4183 9.0712
29405.0000 37.5170 9.1256
29410.0000 37.6039 9.1930
29415.0000 37.6481 9.2316
29420.0000 37.6682 9.2564
29425.0000 37.7085 9.2973
29430.0000 37.6930 9.2590
29435.0000 37.6986 9.2454
29440.0000 37.7430 9.2731
29445.0000 37.7735 9.2922
29450.0000 37.7785 9.2924
29455.0000 37.7603 9.2662
29460.0000 37.7603 9.2662
29465.0000 37.7576 9.2708
29470.0000 37.7588 9.2721
29475.0000 37.7538 9.2734
29480.0000 37.7496 9.2804
29485.0000 37.7515 9.2820
29490.0000 37.7895 9.3268
29495.0000 37.7412 9.2863
29500.0000 37.7098 9.2516
29505.0000 37.7217 9.2617
29510.0000 37.7251 9.2510
29515.0000 37.7437 9.2626
29520.0000 37.7937 9.2972
29525.0000 37.6565 9.1520
29530.0000 37.5575 9.0778
29535.0000 37.4984 9.0286
29540.0000 37.5534 9.0992
29545.0000 37.6220 9.1711
29550.0000 37.6192 9.1724
29555.0000 37.6161 9.1727
29560.0000 37.6243 9.1821
29565.0000 37.7216 9.2863
29570.0000 37.6876 9.2458
29575.0000 37.7217 9.2847
29580.0000 37.6899 9.2484
29585.0000 37.5186 9.0914
29590.0000 37.4124 8.9877
29595.0000 37.2668 8.9193
29600.0000 37.1970 8.9343
29605.0000 37.1270 8.9685
29610.0000 37.0584 8.9851
29615.0000 37.0300 9.0003
29620.0000 37.1126 9.0739
29625.0000 37.1147 9.0744
29630.0000 37.1180 9.0618
29635.0000 37.1392 9.0429
29640.0000 37.1770 9.0782
29645.0000 37.1788 9.0666
29650.0000 37.1254 9.0307
29655.0000 37.1149 9.0154
29660.0000 37.1226 9.0163
29665.0000 37.1636 9.0371
29670.0000 37.2275 9.0977
29675.0000 37.2414 9.0929
29680.0000 37.2865 9.1300
29685.0000 37.2977 9.1380
29690.0000 37.3697 9.2210
29695.0000 37.4063 9.2611
29700.0000 37.4614 9.3240
29705.0000 37.4529 9.3244
29710.0000 37.4445 9.3039
29715.0000 37.2880 9.1669
29720.0000 37.2600 9.1721
29725.0000 37.2292 9.1777
29730.0000 37.2716 9.2308
29735.0000 37.2386 9.2028
29740.0000 37.3048 9.2601
29745.0000 37.3091 9.2597
29750.0000 37.3212 9.2586
29755.0000 37.3640 9.2796
29760.0000 37.3878 9.2816
29765.0000 37.2501 9.1377
29770.0000 37.1872 9.0721
29775.0000 37.1420 9.0083
29780.0000 37.2008 9.0350
29785.0000 37.2357 9.1047
29790.0000 37.2999 9.1648
29795.0000 37.3693 9.2306
29800.0000 37.4373 9.2609
29805.0000 37.4560 9.2588
29810.0000 37.5008 9.2838
29815.0000 37.5878 9.3294
29820.0000 37.6756 9.4019
29825.0000 37.4195 9.1514
29830.0000 37.0000 8.7798
29835.0000 36.8045 8.5947
29840.0000 36.7961 8.6416
29845.0000 36.8766 8.7171
29850.0000 36.8841 8.7206
29855.0000 36.9130 8.7637
29860.0000 36.9083 8.7586
29865.0000 36.9961 8.8428
29870.0000 37.0477 8.8873
29875.0000 37.0706 8.8983
29880.0000 37.1266 8.9416
29885.0000 37.0019 8.8050
29890.0000 37.0307 8.8379
29895.0000 37.0484 8.8722
29900.0000 37.0790 8.9032
29905.0000 37.1263 8.9330
29910.0000 37.1680 8.9478
29915.0000 37.2132 8.9708
29920.0000 37.3182 9.0284
29925.0000 37.3802 9.0652
29930.0000 37.4050 9.0700
29935.0000 37.4166 9.0729
29940.0000 37.4684 9.1197
29945.0000 37.5038 9.1388
29950.0000 37.5126 9.1371
29955.0000 37.5514 9.1691
29960.0000 37.6561 9.2687
29965.0000 37.6497 9.2717
29970.0000 37.6752 9.2632
29975.0000 37.7199 9.2798
29980.0000 37.7694 9.3226
29985.0000 37.8053 9.3551
29990.0000 37.7775 9.3233
29995.0000 37.8227 9.3716
30000.0000 37.8544 9.3796
30005.0000 37.8384 9.3638
30010.0000 37.8306 9.3618
30015.0000 37.8297 9.3402
30020.0000 37.8677 9.4134
30025.0000 37.8763 9.4393
30030.0000 37.8941 9.4727
30035.0000 37.8840 9.4779
30040.0000 37.8962 9.4825
30045.0000 37.9401 9.5252
30050.0000 37.9418 9.5271
30055.0000 37.9454 9.5267
30060.0000 37.9556 9.5236
30065.0000 38.0166 9.5880
30070.0000 38.0253 9.5844
30075.0000 38.2271 9.7683
30080.0000 38.2565 9.7780
30085.0000 38.3711 9.8880
30090.0000 38.4032 9.9101
30095.0000 38.4158 9.9116
30100.0000 38.4444 9.9189
30105.0000 38.5339 10.0151
30110.0000 38.4795 9.9405
30115.0000 38.5955 10.0549
30120.0000 38.6107 10.0381
30125.0000 38.6213 10.0385
30130.0000 38.6038 9.9988
30135.0000 38.5294 9.9331
30140.0000 38.5628 9.9569
30145.0000 38.6068 9.9959
30150.0000 38.6355 9.9916
30155.0000 38.6412 9.9861
30160.0000 38.6969 10.0047
30165.0000 38.6869 9.9664
30170.0000 38.7120 9.9656
30175.0000 38.7318 9.9665
30180.0000 38.7540 9.9643
30185.0000 38.8109 9.9921
30190.0000 38.7904 9.9513
30195.0000 38.8212 9.9749
30200.0000 38.8113 9.9582
30205.0000 38.8011 9.9696
30210.0000 38.8009 9.9791
30215.0000 38.8913 10.0790
30220.0000 38.8743 10.0617
30225.0000 38.8432 10.0229
30230.0000 38.8531 10.0339
30235.0000 38.7823 9.9221
30240.0000 38.8155 9.9268
30245.0000 38.7149 9.7966
30250.0000 38.7493 9.8093
30255.0000 38.7420 9.7967
30260.0000 38.8375 9.9128
30265.0000 38.8267 9.9281
30270.0000 38.8238 9.9352
30275.0000 38.8152 9.9254
30280.0000 38.8200 9.9224
30285.0000 38.8300 9.9262
30290.0000 38.7908 9.8759
30295.0000 38.8037 9.8693
30300.0000 38.8281 9.8792
30305.0000 38.8202 9.8576
30310.0000 38.8686 9.8990
30315.0000 38.8717 9.9003
30320.0000 38.9357 9.9881
30325.0000 38.9859 10.0382
30330.0000 38.9862 10.0608
30335.0000 38.9563 10.0716
30340.0000 38.9210 10.0303
30345.0000 38.9300 10.0449
30350.0000 38.9640 10.0729
30355.0000 38.9703 10.0697
30360.0000 38.9463 10.0379
30365.0000 38.9424 10.0337
30370.0000 38.8769 9.9563
30375.0000 38.8469 9.9110
30380.0000 38.8691 9.9310
30385.0000 38.8984 9.9625
30390.0000 38.9005 9.9620
30395.0000 38.8865 9.9286
30400.0000 38.8990 9.9271
30405.0000 38.9452 9.9615
30410.0000 38.9489 9.9603
30415.0000 38.9605 9.9555
30420.0000 38.9796 9.9538
30425.0000 38.9514 9.8930
30430.0000 38.9086 9.8514
30435.0000 38.8823 9.8175
30440.0000 38.8317 9.8193
30445.0000 38.8268 9.8770
30450.0000 38.8853 9.9469
30455.0000 38.9181 10.0225
30460.0000 38.9562 10.0538
30465.0000 38.9638 10.0560
30470.0000 38.9520 10.0279
30475.0000 39.0093 10.0862
30480.0000 39.0300 10.0824
30485.0000 38.8610 9.9037
30490.0000 38.7865 9.8323
30495.0000 38.7785 9.8084
30500.0000 38.7929 9.8236
30505.0000 38.7935 9.8236
30510.0000 38.7696 9.8262
30515.0000 38.8249 9.9067
30520.0000 38.8915 9.9898
30525.0000 38.9009 9.9791
30530.0000 38.9159 9.9759
30535.0000 38.9457 9.9909
30540.0000 39.0129 10.0595
30545.0000 39.0419 10.0729
30550.0000 39.0076 10.0371
30555.0000 39.0094 10.0488
30560.0000 38.9981 10.0691
30565.0000 38.9985 10.0991
30570.0000 39.0827 10.1715
30575.0000 39.0280 10.1103
30580.0000 39.1073 10.1605
30585.0000 39.1870 10.2286
30590.0000 39.1974 10.2299
30595.0000 39.3193 10.3277
30600.0000 39.3536 10.3567
30605.0000 39.3936 10.3957
30610.0000 39.3697 10.3565
30615.0000 39.3279 10.3014
30620.0000 39.2551 10.3108
30625.0000 39.2570 10.3192
30630.0000 39.2422 10.3085
30635.0000 39.2069 10.3192
30640.0000 39.2225 10.3367
30645.0000 39.2337 10.3326
30650.0000 39.2579 10.3336
30655.0000 39.2715 10.3336
30660.0000 39.3304 10.3847
30665.0000 39.3109 10.3537
30670.0000 39.2873 10.3647
30675.0000 39.2732 10.3431
30680.0000 39.2815 10.3431
30685.0000 39.3037 10.3508
30690.0000 39.3231 10.3611
30695.0000 39.3200 10.3504
30700.0000 39.4186 10.4475
30705.0000 39.3857 10.4029
30710.0000 39.3893 10.3890
30715.0000 39.4516 10.4481
30720.0000 39.4744 10.4689
30725.0000 39.4154 10.4112
30730.0000 39.2980 10.2936
30735.0000 39.3284 10.2934
30740.0000 39.3726 10.3530
30745.0000 39.3497 10.3856
30750.0000 39.4557 10.4912
30755.0000 39.4044 10.4412
30760.0000 39.4143 10.4482
30765.0000 39.3905 10.3979
30770.0000 39.4067 10.3935
30775.0000 39.4260 10.3843
30780.0000 39.4370 10.3817
30785.0000 39.4129 10.3271
30790.0000 39.3579 10.2419
30795.0000 39.3706 10.2392
30800.0000 39.3366 10.1775
30805.0000 39.3015 10.1255
30810.0000 39.3972 10.1991
30815.0000 39.3994 10.1954
30820.0000 39.3807 10.1686
30825.0000 39.4189 10.2003
30830.0000 39.4242 10.1998
30835.0000 39.4529 10.2074
30840.0000 39.4769 10.2049
30845.0000 39.4718 10.1799
30850.0000 39.4815 10.1703
30855.0000 39.5068 10.2102
30860.0000 39.4784 10.2070
30865.0000 39.4621 10.2140
30870.0000 39.4621 10.2140
30875.0000 39.3865 10.1522
30880.0000 39.4686 10.2428
30885.0000 39.4661 10.2401
30890.0000 39.4702 10.2402
30895.0000 39.4699 10.2229
30900.0000 39.4895 10.2297
30905.0000 39.3033 10.0241
30910.0000 39.1202 9.8624
30915.0000 39.1408 9.8634
30920.0000 39.0829 9.8097
30925.0000 39.0927 9.8112
30930.0000 39.1012 9.8057
30935.0000 39.0974 9.8071
30940.0000 39.1040 9.8097
30945.0000 39.1287 9.8136
30950.0000 39.1366 9.8117
30955.0000 39.2140 9.8906
30960.0000 39.2678 9.9460
30965.0000 39.1936 9.8650
30970.0000 39.1684 9.8480
30975.0000 39.1746 9.8479
30980.0000 39.1319 9.8089
30985.0000 39.1962 9.9051
30990.0000 39.1919 9.9005
30995.0000 39.1966 9.9019
31000.0000 39.2042 9.9042
31005.0000 39.2291 9.8999
31010.0000 39.2524 9.8942
31015.0000 39.2980 9.9274
31020.0000 39.2910 9.9109
31025.0000 39.3190 9.9224
31030.0000 39.3238 9.9211
31035.0000 39.3602 9.9463
31040.0000 39.3596 9.9483
31045.0000 39.3678 9.9413
31050.0000 39.4730 10.0289
31055.0000 39.4889 10.0436
31060.0000 39.5426 10.0936
31065.0000 39.5353 10.0719
31070.0000 39.5430 10.0716
31075.0000 39.5757 10.1077
31080.0000 39.5461 10.0738
31085.0000 39.5405 10.0762
31090.0000 39.4239 9.9471
31095.0000 39.4061 9.9484
31100.0000 39.3477 9.9495
31105.0000 39.3455 9.9573
31110.0000 39.3482 9.9577
31115.0000 39.3546 9.9632
31120.0000 39.3768 9.9634
31125.0000 39.4279 10.0007
31130.0000 39.5126 10.0854
31135.0000 39.4960 10.0446
31140.0000 39.4960 10.0446
31145.0000 39.4505 9.9837
31150.0000 39.3815 9.9274
31155.0000 39.3436 9.8891
31160.0000 39.2994 9.8568
31165.0000 39.2737 9.8563
31170.0000 39.2977 9.8706
31175.0000 39.3323 9.9169
31180.0000 39.3284 9.8838
31185.0000 39.3517 9.8933
31190.0000 39.3447 9.8735
31195.0000 39.3842 9.9052
31200.0000 39.4161 9.9001
31205.0000 39.2431 9.7112
31210.0000 39.1871 9.6528
31215.0000 39.1862 9.6502
31220.0000 39.1573 9.6284
31225.0000 39.1542 9.6293
31230.0000 39.1827 9.6577
31235.0000 39.2269 9.6923
31240.0000 39.1833 9.6328
31245.0000 39.1982 9.6282
31250.0000 39.2405 9.6736
31255.0000 39.2037 9.6328
31260.0000 39.2037 9.6328
31265.0000 39.2087 9.6317
31270.0000 39.1592 9.6144
31275.0000 39.1172 9.5745
31280.0000 39.0725 9.5632
31285.0000 39.0206 9.5818
31290.0000 38.9774 9.5497
31295.0000 39.0066 9.5919
31300.0000 39.0666 9.6576
31305.0000 39.1567 9.7100
31310.0000 39.1837 9.7102
31315.0000 39.2566 9.7512
31320.0000 39.3219 9.7932
31325.0000 39.2522 9.7220
31330.0000 39.1194 9.6331
31335.0000 39.1194 9.6331
31340.0000 39.2077 9.7200
31345.0000 39.1846 9.6636
31350.0000 39.2452 9.7124
31355.0000 39.2741 9.7428
31360.0000 39.3546 9.8257
31365.0000 39.4379 9.9087
31370.0000 39.4882 9.9525
31375.0000 39.5955 10.0490
31380.0000 39.6063 10.0447
31385.0000 39.4987 9.9253
31390.0000 39.4413 9.8665
31395.0000 39.4858 9.9186
31400.0000 39.4203 9.8843
31405.0000 39.4350 9.9088
31410.0000 39.4766 9.9393
31415.0000 39.4258 9.9049
31420.0000 39.3491 9.8084
31425.0000 39.3972 9.8345
31430.0000 39.3970 9.8042
31435.0000 39.4570 9.8412
31440.0000 39.4640 9.8186
31445.0000 39.3905 9.7122
31450.0000 39.3298 9.6452
31455.0000 39.2589 9.5577
31460.0000 39.2037 9.5010
31465.0000 39.1634 9.4728
31470.0000 39.2082 9.5332
31475.0000 39.2630 9.5839
31480.0000 39.2708 9.5741
31485.0000 39.3104 9.5991
31490.0000 39.3171 9.5957
31495.0000 39.3336 9.5843
31500.0000 39.3198 9.5378
31505.0000 39.3128 9.4889
31510.0000 39.2986 9.4340
31515.0000 39.3601 9.4599
31520.0000 39.3383 9.4278
31525.0000 39.3940 9.4819
31530.0000 39.4008 9.4779
31535.0000 39.4182 9.4599
31540.0000 39.4846 9.4947
31545.0000 39.5383 9.5413
31550.0000 39.5726 9.5439
31555.0000 39.5011 9.4572
31560.0000 39.5643 9.5193
31565.0000 39.5775 9.5193
31570.0000 39.6219 9.5529
31575.0000 39.6357 9.5453
31580.0000 39.5097 9.4792
31585.0000 39.4791 9.5413
31590.0000 39.5304 9.5907
31595.0000 39.5193 9.6393
31600.0000 39.4836 9.6116
31605.0000 39.5173 9.6327
31610.0000 39.4863 9.5856
31615.0000 39.5685 9.6697
31620.0000 39.5937 9.6971
31625.0000 39.5248 9.6324
31630.0000 39.4574 9.5843
31635.0000 39.4735 9.6202
31640.0000 39.3813 9.5264
31645.0000 39.4143 9.5484
31650.0000 39.3744 9.4991
31655.0000 39.4046 9.5148
31660.0000 39.4530 9.5516
31665.0000 39.4625 9.5570
31670.0000 39.4590 9.5585
31675.0000 39.4875 9.5825
31680.0000 39.4822 9.5765
31685.0000 39.4374 9.5332
31690.0000 39.3704 9.4815
31695.0000 39.3636 9.4802
31700.0000 39.2309 9.3923
31705.0000 39.2240 9.4263
31710.0000 39.2163 9.4235
31715.0000 39.2136 9.4280
31720.0000 39.2011 9.4117
31725.0000 39.2466 9.4547
31730.0000 39.2707 9.4680
31735.0000 39.3175 9.4991
31740.0000 39.3396 9.4945
31745.0000 39.3630 9.4884
31750.0000 39.3853 9.4832
31755.0000 39.4145 9.4789
31760.0000 39.4236 9.4279
31765.0000 39.4884 9.4779
31770.0000 39.4953 9.4666
31775.0000 39.4582 9.4205
31780.0000 39.5116 9.4487
31785.0000 39.5269 9.4444
31790.0000 39.5622 9.4459
31795.0000 39.6926 9.5766
31800.0000 39.7594 9.6422
31805.0000 39.6771 9.5539
31810.0000 39.6787 9.5578
31815.0000 39.6763 9.5735
31820.0000 39.6859 9.5896
31825.0000 39.6895 9.6153
31830.0000 39.6843 9.6153
31835.0000 39.6721 9.6176
31840.0000 39.6721 9.6171
31845.0000 39.6013 9.5264
31850.0000 39.5763 9.4925
31855.0000 39.6363 9.5462
31860.0000 39.6874 9.5821
31865.0000 39.6383 9.5410
31870.0000 39.3228 9.2401
31875.0000 39.4193 9.3153
31880.0000 39.2982 9.2126
31885.0000 39.3167 9.2301
31890.0000 39.3321 9.2286
31895.0000 39.3589 9.2513
31900.0000 39.3804 9.2479
31905.0000 39.4034 9.2493
31910.0000 39.4619 9.2842
31915.0000 39.5028 9.3123
31920.0000 39.5602 9.3451
31925.0000 39.5983 9.3820
31930.0000 39.5348 9.3016
31935.0000 39.5197 9.2615
31940.0000 39.4809 9.2279
31945.0000 39.4786 9.2256
31950.0000 39.4664 9.2265
31955.0000 39.4448 9.2597
31960.0000 39.4523 9.2557
31965.0000 39.5095 9.3054
31970.0000 39.5095 9.3054
31975.0000 39.5211 9.3023
31980.0000 39.5326 9.3011
31985.0000 39.4939 9.2358
31990.0000 39.3666 9.1001
31995.0000 39.3169 9.0643
32000.0000 39.2041 9.0030
32005.0000 39.1619 9.0082
32010.0000 39.1619 9.0082
32015.0000 39.1731 9.0143
32020.0000 39.1765 9.0236
32025.0000 39.1923 9.0315
32030.0000 39.2094 9.0417
32035.0000 39.2234 9.0481
32040.0000 39.3069 9.1250
32045.0000 39.2643 9.0792
32050.0000 39.2346 9.0346
32055.0000 39.2307 9.0250
32060.0000 39.2100 9.0426
32065.0000 39.1450 9.0024
32070.0000 39.1351 9.0064
32075.0000 39.1219 9.0096
32080.0000 39.1343 9.0195
32085.0000 39.1375 9.0182
32090.0000 39.1415 9.0164
32095.0000 39.1783 9.0401
32100.0000 39.1702 9.0314
32105.0000 39.2088 9.0691
32110.0000 39.1691 9.0251
32115.0000 39.1796 9.0239
32120.0000 39.2112 9.0386
32125.0000 39.2398 9.0482
32130.0000 39.2601 9.0618
32135.0000 39.2550 9.0629
32140.0000 39.2448 9.0652
32145.0000 39.2329 9.0518
32150.0000 39.2690 9.0672
32155.0000 39.2928 9.0868
32160.0000 39.3043 9.0996
32165.0000 39.2318 9.0350
32170.0000 39.1116 8.9487
32175.0000 39.1387 8.9619
32180.0000 39.0440 8.9240
32185.0000 39.0679 8.9651
32190.0000 39.0524 8.9788
32195.0000 39.0288 8.9750
32200.0000 39.0642 9.0282
32205.0000 39.0703 9.0290
32210.0000 39.1122 9.0566
32215.0000 39.1260 9.0590
32220.0000 39.1688 9.0884
32225.0000 39.1854 9.0968
32230.0000 39.2082 9.1070
32235.0000 39.1746 9.0672
32240.0000 39.1769 9.0658
32245.0000 39.2115 9.0939
32250.0000 39.2847 9.1429
32255.0000 39.2852 9.1384
32260.0000 39.3076 9.1343
32265.0000 39.3186 9.1290
32270.0000 39.2813 9.0741
32275.0000 39.3323 9.1014
32280.0000 39.3467 9.0974
32285.0000 39.3095 9.0503
32290.0000 39.2366 8.9854
32295.0000 39.2288 8.9837
32300.0000 39.1426 8.9455
32305.0000 39.1106 8.9521
32310.0000 39.0927 8.9594
32315.0000 39.1186 9.0113
32320.0000 39.1357 9.0384
32325.0000 39.1889 9.0887
32330.0000 39.2016 9.0868
32335.0000 39.2086 9.0891
32340.0000 39.2293 9.0900
32345.0000 39.2678 9.1242
32350.0000 39.3003 9.1541
32355.0000 39.2655 9.1078
32360.0000 39.3298 9.1699
32365.0000 39.3051 9.1811
32370.0000 39.3393 9.2209
32375.0000 39.3968 9.2911
32380.0000 39.4740 9.3513
32385.0000 39.5207 9.3834
32390.0000 39.5641 9.4191
32395.0000 39.5699 9.4157
32400.0000 39.6236 9.4653
32405.0000 39.4800 9.3408
32410.0000 39.1998 9.0780
32415.0000 39.1783 9.0564
32420.0000 39.0750 8.9779
32425.0000 39.0888 9.0245
32430.0000 39.0806 9.0285
32435.0000 39.1018 9.0227
32440.0000 39.1455 9.0754
32445.0000 39.1517 9.0746
32450.0000 39.1642 9.0678
32455.0000 39.3421 9.2535
32460.0000 39.3529 9.2424
32465.0000 39.3343 9.1886
32470.0000 39.4108 9.2319
32475.0000 39.4134 9.2311
32480.0000 39.4549 9.2932
32485.0000 39.4395 9.2953
32490.0000 39.4138 9.3068
32495.0000 39.3960 9.3112
32500.0000 39.3960 9.3112
32505.0000 39.3586 9.2765
32510.0000 39.4309 9.3317
32515.0000 39.4366 9.3290
32520.0000 39.4210 9.2944
32525.0000 39.3470 9.2486
32530.0000 39.3497 9.2474
32535.0000 39.3143 9.2082
32540.0000 39.2752 9.2048
32545.0000 39.2418 9.2093
32550.0000 39.2695 9.2419
32555.0000 39.2269 9.2398
32560.0000 39.2593 9.2691
32565.0000 39.2593 9.2691
32570.0000 39.2550 9.2710
32575.0000 39.2972 9.3081
32580.0000 39.3000 9.3064
32585.0000 39.3000 9.3064
32590.0000 39.2231 9.2217
32595.0000 39.2613 9.2186
32600.0000 39.3036 9.2571
32605.0000 39.3171 9.2892
32610.0000 39.3515 9.3374
32615.0000 39.3848 9.3803
32620.0000 39.3843 9.3786
32625.0000 39.4200 9.4117
32630.0000 39.4478 9.4338
32635.0000 39.4245 9.3914
32640.0000 39.4357 9.3858
32645.0000 39.4517 9.3781
32650.0000 39.4051 9.3300
32655.0000 39.4721 9.3900
32660.0000 39.4515 9.3587
32665.0000 39.4614 9.3543
32670.0000 39.4208 9.3091
32675.0000 39.4569 9.3434
32680.0000 39.4593 9.3413
32685.0000 39.4613 9.3393
32690.0000 39.4758 9.3352
32695.0000 39.4790 9.3180
32700.0000 39.5330 9.3616
32705.0000 39.5376 9.3600
32710.0000 39.5427 9.3618
32715.0000 39.5487 9.3592
32720.0000 39.5403 9.3557
32725.0000 39.5365 9.3553
32730.0000 39.5538 9.3990
32735.0000 39.5259 9.3572
32740.0000 39.5307 9.3572
32745.0000 39.5307 9.3529
32750.0000 39.6486 9.4525
32755.0000 39.6906 9.4886
32760.0000 39.7327 9.5159
32765.0000 39.7488 9.5132
32770.0000 39.7572 9.5118
32775.0000 39.7820 9.5148
32780.0000 39.7766 9.5149
32785.0000 39.7659 9.5174
32790.0000 39.7747 9.5168
32795.0000 39.7270 9.5125
32800.0000 39.7051 9.5207
32805.0000 39.7446 9.5451
32810.0000 39.7467 9.5304
32815.0000 39.7551 9.5283
32820.0000 39.7597 9.5266
32825.0000 39.7654 9.5205
32830.0000 39.7261 9.4838
32835.0000 39.7164 9.4686
32840.0000 39.6489 9.4591
32845.0000 39.5953 9.4573
32850.0000 39.5755 9.4620
32855.0000 39.5755 9.4620
32860.0000 39.5755 9.4620
32865.0000 39.5755 9.4620
32870.0000 39.6282 9.5101
32875.0000 39.6094 9.4670
32880.0000 39.5837 9.4090
32885.0000 39.5911 9.4065
32890.0000 39.5966 9.4059
32895.0000 39.5704 9.3610
32900.0000 39.5521 9.4095
32905.0000 39.5599 9.4795
32910.0000 39.5314 9.5201
32915.0000 39.4860 9.5535
32920.0000 39.4771 9.6288
32925.0000 39.5139 9.6709
32930.0000 39.5100 9.6727
32935.0000 39.5014 9.6421
32940.0000 39.5338 9.6673
32945.0000 39.2914 9.4322
32950.0000 38.7460 8.8877
32955.0000 38.6756 8.8056
32960.0000 38.6288 8.7530
32965.0000 38.6730 8.8506
32970.0000 38.6872 8.8498
32975.0000 38.6951 8.8472
32980.0000 38.6958 8.8238
32985.0000 38.7031 8.8213
32990.0000 38.7634 8.8551
32995.0000 38.7828 8.8523
33000.0000 38.7905 8.8500
33005.0000 38.6990 8.7683
33010.0000 38.6986 8.7771
33015.0000 38.6779 8.7389
33020.0000 38.4137 8.6173
33025.0000 38.4036 8.6828
33030.0000 38.4014 8.7736
33035.0000 38.3633 8.7727
33040.0000 38.3203 8.7886
33045.0000 38.3405 8.7845
33050.0000 38.3474 8.7833
33055.0000 38.3951 8.8147
33060.0000 38.4396 8.8468
33065.0000 38.4758 8.8695
33070.0000 38.4108 8.8226
33075.0000 38.4126 8.8246
33080.0000 38.4624 8.8583
33085.0000 38.4849 8.8882
33090.0000 38.5643 8.9778
33095.0000 38.5427 8.9785
33100.0000 38.5427 8.9802
33105.0000 38.5758 9.0064
33110.0000 38.5802 9.0059
33115.0000 38.5873 9.0093
33120.0000 38.5938 9.0126
33125.0000 38.6103 9.0162
33130.0000 38.4455 8.8665
33135.0000 38.4591 8.8840
33140.0000 38.4411 8.9224
33145.0000 38.4265 8.9217
33150.0000 38.4336 8.9208
33155.0000 38.4982 8.9606
33160.0000 38.5492 9.0117
33165.0000 38.5833 9.0434
33170.0000 38.5515 8.9952
33175.0000 38.6116 9.0426
33180.0000 38.6227 9.0420
33185.0000 38.6763 9.0790
33190.0000 38.6862 9.0788
33195.0000 38.7155 9.1041
33200.0000 38.7785 9.1768
33205.0000 38.7785 9.1768
33210.0000 38.7814 9.1570
33215.0000 38.7760 9.1373
33220.0000 38.8099 9.1675
33225.0000 38.7758 9.1278
33230.0000 38.8085 9.1551
33235.0000 38.8473 9.1857
33240.0000 38.9312 9.2657
33245.0000 38.9058 9.2440
33250.0000 38.8275 9.1719
33255.0000 38.8481 9.1948
33260.0000 38.8472 9.2133
33265.0000 38.8066 9.2050
33270.0000 38.8081 9.2043
33275.0000 38.8551 9.2481
33280.0000 38.8694 9.2463
33285.0000 38.8820 9.2437
33290.0000 38.9334 9.2793
33295.0000 38.9494 9.2783
33300.0000 38.9534 9.2644
33305.0000 38.7922 9.0883
33310.0000 38.7226 9.0162
33315.0000 38.6991 8.9807
33320.0000 38.6082 8.8794
33325.0000 38.6326 8.8968
33330.0000 38.6381 8.8953
33335.0000 38.7113 8.9606
33340.0000 38.6927 8.9665
33345.0000 38.8006 9.0752
33350.0000 38.8862 9.1672
33355.0000 38.8834 9.1603
33360.0000 38.8905 9.1573
33365.0000 38.9325 9.1900
33370.0000 38.9604 9.2202
33375.0000 39.0423 9.3132
33380.0000 39.0299 9.3155
33385.0000 39.0299 9.3155
33390.0000 39.0293 9.3078
33395.0000 39.0689 9.3329
33400.0000 39.1002 9.3648
33405.0000 39.1084 9.3640
33410.0000 39.1529 9.4026
33415.0000 39.1723 9.3964
33420.0000 39.1477 9.3429
33425.0000 39.0140 9.2228
33430.0000 38.9244 9.1256
33435.0000 38.9282 9.0938
33440.0000 38.8434 9.0088
33445.0000 38.8313 9.0028
33450.0000 38.8650 9.0284
33455.0000 38.8694 9.0452
33460.0000 38.8570 8.9928
33465.0000 38.9176 9.0247
33470.0000 38.9400 9.0216
33475.0000 38.9556 9.0219
33480.0000 38.9672 9.0298
33485.0000 38.9817 9.0278
33490.0000 39.0059 9.0394
33495.0000 39.0089 9.0375
33500.0000 39.0362 9.0856
33505.0000 39.0021 9.0818
33510.0000 38.9886 9.0628
33515.0000 39.0550 9.1462
33520.0000 39.1346 9.2300
33525.0000 39.1748 9.2491
33530.0000 39.1855 9.2443
33535.0000 39.2090 9.2379
33540.0000 39.1743 9.1772
33545.0000 39.1919 9.1769
33550.0000 38.9874 8.9695
33555.0000 39.0045 8.9536
33560.0000 39.0156 8.9439
33565.0000 39.0331 8.9888
33570.0000 39.0060 8.9471
33575.0000 39.0212 8.9726
33580.0000 39.0066 8.9539
33585.0000 39.0592 9.0002
33590.0000 39.0761 9.0017
33595.0000 39.0481 8.9585
33600.0000 39.1066 9.0001
33605.0000 39.0783 8.9911
33610.0000 38.7857 8.6964
33615.0000 38.7957 8.6908
33620.0000 38.6395 8.5707
33625.0000 38.6179 8.5722
33630.0000 38.6884 8.6394
33635.0000 38.6333 8.6051
33640.0000 38.6813 8.6816
33645.0000 38.7488 8.7568
33650.0000 38.7578 8.7603
33655.0000 38.7947 8.7953
33660.0000 38.7987 8.7924
33665.0000 38.8300 8.8197
33670.0000 38.8243 8.8134
33675.0000 38.8234 8.8172
33680.0000 38.7996 8.8186
33685.0000 38.7991 8.8829
33690.0000 38.8091 8.8828
33695.0000 38.7893 8.8460
33700.0000 38.7815 8.8482
33705.0000 38.8283 8.8835
33710.0000 38.8297 8.8716
33715.0000 38.8782 8.9047
33720.0000 38.8818 8.9033
33725.0000 38.7953 8.8295
33730.0000 38.3832 8.4402
33735.0000 38.3046 8.3646
33740.0000 38.1652 8.3113
33745.0000 38.1119 8.3187
33750.0000 38.1687 8.3936
33755.0000 38.1577 8.3925
33760.0000 38.1632 8.4423
33765.0000 38.2016 8.4690
33770.0000 38.2091 8.4728
33775.0000 38.2287 8.4712
33780.0000 38.2425 8.4717
33785.0000 38.2548 8.4730
33790.0000 38.1322 8.3357
33795.0000 38.1233 8.3127
33800.0000 38.1455 8.3478
33805.0000 38.1384 8.3492
33810.0000 38.1693 8.3647
33815.0000 38.2140 8.4126
33820.0000 38.2468 8.4685
33825.0000 38.2461 8.4654
33830.0000 38.2287 8.4648
33835.0000 38.2792 8.5016
33840.0000 38.2792 8.5016
33845.0000 38.1013 8.3730
33850.0000 37.8398 8.1490
33855.0000 37.7571 8.0774
33860.0000 37.5539 7.9417
33865.0000 37.5554 7.9485
33870.0000 37.5398 7.9476
33875.0000 37.5712 7.9846
33880.0000 37.5623 7.9835
33885.0000 37.5623 7.9835
33890.0000 37.5707 7.9759
33895.0000 37.5903 7.9712
33900.0000 37.5945 7.9712
33905.0000 37.6002 7.9715
33910.0000 37.6419 8.0210
33915.0000 37.6404 8.0193
33920.0000 37.6530 8.0433
33925.0000 37.6105 8.0441
33930.0000 37.6343 8.0918
33935.0000 37.6693 8.1394
33940.0000 37.6517 8.1378
33945.0000 37.6563 8.1354
33950.0000 37.6612 8.1329
33955.0000 37.6750 8.1351
33960.0000 37.7558 8.2102
33965.0000 37.7187 8.1989
33970.0000 37.5884 8.0765
33975.0000 37.6220 8.1087
33980.0000 37.6539 8.1587
33985.0000 37.6792 8.1771
33990.0000 37.7015 8.1796
33995.0000 37.7069 8.1812
34000.0000 37.7314 8.1926
34005.0000 37.7647 8.2072
34010.0000 37.7948 8.2330
34015.0000 37.8080 8.2359
34020.0000 37.8674 8.2770
34025.0000 37.8219 8.2282
34030.0000 37.7118 8.0917
34035.0000 37.7010 8.0863
34040.0000 37.5446 8.0014
34045.0000 37.5099 8.0188
34050.0000 37.4803 8.0310
34055.0000 37.4461 8.0178
34060.0000 37.4013 8.0229
34065.0000 37.4884 8.1060
34070.0000 37.5127 8.1466
34075.0000 37.5227 8.1597
34080.0000 37.5781 8.2100
34085.0000 37.6645 8.3063
34090.0000 37.4980 8.2113
34095.0000 37.4865 8.1981
34100.0000 37.5206 8.2152
34105.0000 37.4845 8.1678
34110.0000 37.4987 8.1834
34115.0000 37.5084 8.1803
34120.0000 37.5237 8.1915
34125.0000 37.5724 8.2291
34130.0000 37.6434 8.2916
34135.0000 37.6907 8.3199
34140.0000 37.7402 8.3575
34145.0000 37.6585 8.2601
34150.0000 37.4244 8.0383
34155.0000 37.4836 8.0853
34160.0000 37.4273 8.0520
34165.0000 37.4045 8.0557
34170.0000 37.4217 8.1020
34175.0000 37.3991 8.1001
34180.0000 37.4026 8.1296
34185.0000 37.4256 8.1245
34190.0000 37.4512 8.1175
34195.0000 37.4961 8.1506
34200.0000 37.5111 8.1482
34205.0000 37.5316 8.1320
34210.0000 37.5939 8.1804
34215.0000 37.7604 8.2740
34220.0000 37.7719 8.2711
34225.0000 37.7744 8.2699
34230.0000 37.7753 8.2703
34235.0000 37.7906 8.2654
34240.0000 37.7942 8.2639
34245.0000 37.8210 8.2592
34250.0000 37.8906 8.3190
34255.0000 37.8615 8.2854
34260.0000 37.8653 8.2841
34265.0000 37.8314 8.2418
34270.0000 37.8207 8.2288
34275.0000 37.8428 8.2773
34280.0000 37.8009 8.2478
34285.0000 37.7495 8.2028
34290.0000 37.8038 8.2744
34295.0000 37.8206 8.2689
34300.0000 37.8437 8.2672
34305.0000 37.8839 8.2936
34310.0000 37.9035 8.3046
34315.0000 37.9453 8.3279
34320.0000 37.9929 8.3585
34325.0000 38.0340 8.3902
34330.0000 38.0528 8.3931
34335.0000 38.0983 8.4466
34340.0000 38.0618 8.4234
34345.0000 38.1000 8.4890
34350.0000 38.1115 8.5027
34355.0000 38.1285 8.5017
34360.0000 38.1395 8.4953
34365.0000 38.2211 8.5478
34370.0000 38.2472 8.5674
34375.0000 38.2498 8.5571
34380.0000 38.2791 8.5864
34385.0000 38.1958 8.5192
34390.0000 38.1962 8.5019
34395.0000 38.1721 8.4592
34400.0000 38.1736 8.4565
34405.0000 38.1973 8.4914
34410.0000 38.1552 8.4647
34415.0000 38.1976 8.4949
34420.0000 38.2027 8.4949
34425.0000 38.1646 8.4523
34430.0000 38.1646 8.4523
34435.0000 38.2462 8.5440
34440.0000 38.2155 8.4964
34445.0000 38.2423 8.4986
34450.0000 38.1875 8.4507
34455.0000 38.2099 8.4542
34460.0000 38.2086 8.4573
34465.0000 38.2347 8.4585
34470.0000 38.2315 8.4606
34475.0000 38.2745 8.4913
34480.0000 38.2682 8.4924
34485.0000 38.3254 8.5388
34490.0000 38.2909 8.4937
34495.0000 38.3825 8.5896
34500.0000 38.3968 8.5863
34505.0000 38.4011 8.5855
34510.0000 38.3892 8.5493
34515.0000 38.4422 8.5711
34520.0000 38.4430 8.5669
34525.0000 38.4465 8.5686
34530.0000 38.4530 8.5678
34535.0000 38.4528 8.5595
34540.0000 38.4548 8.5594
34545.0000 38.4729 8.5587
34550.0000 38.5027 8.5630
34555.0000 38.5106 8.5616
34560.0000 38.4685 8.5123
34565.0000 38.5147 8.5460
34570.0000 38.4803 8.4935
34575.0000 38.5348 8.5322
34580.0000 38.5303 8.5215
34585.0000 38.5275 8.5183
34590.0000 38.4715 8.4946
34595.0000 38.4709 8.5105
34600.0000 38.5076 8.5516
34605.0000 38.5262 8.5681
34610.0000 38.5867 8.6150
34615.0000 38.6217 8.6508
34620.0000 38.6568 8.6729
34625.0000 38.7336 8.7374
34630.0000 38.7840 8.7876
34635.0000 38.7533 8.7438
34640.0000 38.7378 8.7391
34645.0000 38.7291 8.7413
34650.0000 38.7127 8.7444
34655.0000 38.7384 8.7795
34660.0000 38.7320 8.7797
34665.0000 38.7943 8.8261
34670.0000 38.8064 8.8249
34675.0000 38.8461 8.8528
34680.0000 38.9501 8.9461
34685.0000 38.9212 8.9148
34690.0000 38.7472 8.7465
34695.0000 38.6913 8.6731
34700.0000 38.6958 8.6757
34705.0000 38.6833 8.6825
34710.0000 38.7197 8.7359
34715.0000 38.6713 8.6819
34720.0000 38.6526 8.6857
34725.0000 38.6526 8.6857
34730.0000 38.6594 8.6854
34735.0000 38.6162 8.6270
34740.0000 38.6211 8.6248
34745.0000 38.6211 8.6241
34750.0000 38.6765 8.6599
34755.0000 38.7201 8.6685
34760.0000 38.8160 8.7169
34765.0000 38.8285 8.7119
34770.0000 38.8326 8.7118
34775.0000 38.8538 8.7102
34780.0000 38.8625 8.7134
34785.0000 38.8699 8.7109
34790.0000 38.8700 8.7144
34795.0000 38.8758 8.7208
34800.0000 38.9191 8.7571
34805.0000 38.8602 8.6819
34810.0000 38.6195 8.4819
34815.0000 38.5588 8.4278
34820.0000 38.4863 8.3963
34825.0000 38.4694 8.3982
34830.0000 38.4389 8.4057
34835.0000 38.4668 8.4574
34840.0000 38.4644 8.4840
34845.0000 38.4926 8.5178
34850.0000 38.4223 8.4364
34855.0000 38.4450 8.4523
34860.0000 38.4939 8.4979
34865.0000 38.5162 8.5076
34870.0000 38.5376 8.5023
34875.0000 38.5543 8.4973
34880.0000 38.5044 8.4624
34885.0000 38.5137 8.4629
34890.0000 38.5107 8.4660
34895.0000 38.4425 8.3903
34900.0000 38.5027 8.4530
34905.0000 38.4996 8.4544
34910.0000 38.4996 8.4544
34915.0000 38.5299 8.4700
34920.0000 38.5383 8.4794
34925.0000 38.5390 8.4794
34930.0000 38.5774 8.5217
34935.0000 38.5672 8.5103
34940.0000 38.5672 8.5103
34945.0000 38.6154 8.5549
34950.0000 38.6154 8.5549
34955.0000 38.6015 8.5519
34960.0000 38.5956 8.5512
34965.0000 38.5909 8.5530
34970.0000 38.5909 8.5530
34975.0000 38.6311 8.5880
34980.0000 38.6743 8.6379
34985.0000 38.7518 8.6929
34990.0000 38.7735 8.6963
34995.0000 38.7784 8.6943
35000.0000 38.7862 8.6894
35005.0000 38.7922 8.6874
35010.0000 38.7955 8.6821
35015.0000 38.7837 8.6672
35020.0000 38.7860 8.6685
35025.0000 38.7890 8.6683
35030.0000 38.7940 8.6681
35035.0000 38.7570 8.6139
35040.0000 38.7650 8.6124
35045.0000 38.7732 8.6092
35050.0000 38.8246 8.6526
35055.0000 38.8200 8.6419
35060.0000 38.7967 8.6206
35065.0000 38.8155 8.6412
35070.0000 38.8004 8.6457
35075.0000 38.7886 8.6478
35080.0000 38.7901 8.6478
35085.0000 38.7963 8.6489
35090.0000 38.7889 8.6425
35095.0000 38.7930 8.6437
35100.0000 38.7975 8.6451
35105.0000 38.8105 8.6476
35110.0000 38.8427 8.6764
35115.0000 38.8603 8.6779
35120.0000 38.7550 8.6014
35125.0000 38.7388 8.6014
35130.0000 38.7342 8.6004
35135.0000 38.7327 8.5974
35140.0000 38.7376 8.6151
35145.0000 38.7361 8.6000
35150.0000 38.7035 8.5607
35155.0000 38.7106 8.5620
35160.0000 38.7106 8.5620
35165.0000 38.6734 8.5236
35170.0000 38.7294 8.5857
35175.0000 38.6883 8.5422
35180.0000 38.6755 8.5408
35185.0000 38.6655 8.5688
35190.0000 38.6451 8.5763
35195.0000 38.6176 8.5795
35200.0000 38.6060 8.5846
35205.0000 38.6108 8.5856
35210.0000 38.6035 8.5732
35215.0000 38.6225 8.5657
35220.0000 38.6444 8.5633
35225.0000 38.5795 8.5057
35230.0000 38.4968 8.4563
35235.0000 38.5122 8.4616
35240.0000 38.5112 8.4543
35245.0000 38.5622 8.4957
35250.0000 38.5450 8.4985
35255.0000 38.5321 8.5055
35260.0000 38.5308 8.5602
35265.0000 38.5209 8.5645
35270.0000 38.5209 8.5645
35275.0000 38.5462 8.5670
35280.0000 38.5502 8.5670
35285.0000 38.5074 8.5193
35290.0000 38.5035 8.4912
35295.0000 38.4628 8.4334
35300.0000 38.4572 8.4281
35305.0000 38.4359 8.4228
35310.0000 38.4657 8.4556
35315.0000 38.4086 8.3987
35320.0000 38.4647 8.4389
35325.0000 38.4760 8.4565
35330.0000 38.5169 8.4980
35335.0000 38.5564 8.5376
35340.0000 38.5322 8.5044
35345.0000 38.5026 8.4797
35350.0000 38.4074 8.3756
35355.0000 38.3940 8.3702
35360.0000 38.3481 8.3301
35365.0000 38.3340 8.3426
35370.0000 38.3357 8.4103
35375.0000 38.3064 8.4135
35380.0000 38.2466 8.3927
35385.0000 38.2782 8.4246
35390.0000 38.3579 8.5132
35395.0000 38.4273 8.5466
35400.0000 38.3899 8.4987
35405.0000 38.4304 8.5388
35410.0000 38.3558 8.4809
35415.0000 38.3814 8.5100
35420.0000 38.4009 8.5622
35425.0000 38.3927 8.5682
35430.0000 38.3945 8.5875
35435.0000 38.4420 8.6407
35440.0000 38.4633 8.6556
35445.0000 38.4988 8.6582
35450.0000 38.5411 8.6580
35455.0000 38.5507 8.6560
35460.0000 38.6104 8.6838
35465.0000 38.5610 8.6273
35470.0000 38.5126 8.5859
35475.0000 38.5733 8.6370
35480.0000 38.6035 8.6317
35485.0000 38.5800 8.6318
35490.0000 38.5717 8.6372
35495.0000 38.5712 8.6353
35500.0000 38.5599 8.6357
35505.0000 38.6039 8.6667
35510.0000 38.5953 8.6697
35515.0000 38.5953 8.6697
35520.0000 38.6024 8.6701
35525.0000 38.6256 8.6668
35530.0000 38.6141 8.6194
35535.0000 38.6227 8.6181
35540.0000 38.6165 8.6111
35545.0000 38.6086 8.6198
35550.0000 38.6721 8.6877
35555.0000 38.6624 8.6841
35560.0000 38.6461 8.6871
35565.0000 38.6432 8.6764
35570.0000 38.6039 8.6384
35575.0000 38.6039 8.6384
35580.0000 38.6484 8.6649
35585.0000 38.6484 8.6649
35590.0000 38.6547 8.6718
35595.0000 38.6665 8.6694
35600.0000 38.6826 8.6855
35605.0000 38.7980 8.8078
35610.0000 38.7931 8.8101
35615.0000 38.8270 8.8392
35620.0000 38.8270 8.8392
35625.0000 38.8344 8.8394
35630.0000 38.8421 8.8341
35635.0000 38.8421 8.8341
35640.0000 38.8745 8.8554
35645.0000 38.7754 8.7867
35650.0000 38.6563 8.6775
35655.0000 38.6441 8.6727
35660.0000 38.5957 8.6386
35665.0000 38.6125 8.6538
35670.0000 38.6923 8.7289
35675.0000 38.7264 8.7784
35680.0000 38.6921 8.7716
35685.0000 38.7309 8.8023
35690.0000 38.7323 8.8007
35695.0000 38.7291 8.7906
35700.0000 38.7291 8.7906
35705.0000 38.6682 8.7233
35710.0000 38.6248 8.6665
35715.0000 38.5937 8.6292
35720.0000 38.5935 8.6185
35725.0000 38.5282 8.5959
35730.0000 38.5210 8.5989
35735.0000 38.5565 8.6581
35740.0000 38.5169 8.6658
35745.0000 38.5478 8.7039
35750.0000 38.5810 8.7355
35755.0000 38.6484 8.7736
35760.0000 38.6606 8.7733
35765.0000 38.6754 8.7610
35770.0000 38.5158 8.6127
35775.0000 38.4625 8.5533
35780.0000 38.3617 8.4542
35785.0000 38.3494 8.4548
35790.0000 38.3373 8.4562
35795.0000 38.3647 8.4909
35800.0000 38.3899 8.5104
35805.0000 38.3891 8.5109
35810.0000 38.3982 8.5066
35815.0000 38.4413 8.5567
35820.0000 38.4541 8.5567
35825.0000 38.5028 8.5879
35830.0000 38.4218 8.5252
35835.0000 38.4586 8.5686
35840.0000 38.4568 8.5658
35845.0000 38.4796 8.5606
35850.0000 38.5025 8.5590
35855.0000 38.5184 8.5586
35860.0000 38.5273 8.5549
35865.0000 38.5428 8.5491
35870.0000 38.5762 8.5630
35875.0000 38.5910 8.5693
35880.0000 38.6621 8.6297
35885.0000 38.6621 8.6297
35890.0000 38.6463 8.5893
35895.0000 38.6055 8.5474
35900.0000 38.5085 8.4917
35905.0000 38.4423 8.4523
35910.0000 38.5072 8.5277
35915.0000 38.4911 8.5284
35920.0000 38.4488 8.4949
35925.0000 38.4881 8.4964
35930.0000 38.4806 8.4983
35935.0000 38.5532 8.5232
35940.0000 38.5263 8.4849
35945.0000 38.4889 8.4376
35950.0000 38.3784 8.3634
35955.0000 38.3901 8.3570
35960.0000 38.4400 8.4038
35965.0000 38.4323 8.4048
35970.0000 38.4315 8.4039
35975.0000 38.4502 8.4165
35980.0000 38.5539 8.5147
35985.0000 38.5561 8.5140
35990.0000 38.6356 8.5996
35995.0000 38.6159 8.5650
36000.0000 38.5813 8.5159
36005.0000 38.5873 8.5157
36010.0000 38.5697 8.4687
36015.0000 38.5866 8.4687
36020.0000 38.5794 8.4517
36025.0000 38.5266 8.4247
36030.0000 38.4993 8.4200
36035.0000 38.4694 8.4232
36040.0000 38.4612 8.4158
36045.0000 38.4949 8.4411
36050.0000 38.4937 8.4438
36055.0000 38.4977 8.4432
36060.0000 38.5358 8.4796
36065.0000 38.5717 8.4855
36070.0000 38.4918 8.4244
36075.0000 38.5279 8.4234
36080.0000 38.6055 8.5109
36085.0000 38.6526 8.5652
36090.0000 38.6140 8.5382
36095.0000 38.6024 8.5396
36100.0000 38.5758 8.5004
36105.0000 38.6226 8.5033
36110.0000 38.6716 8.5343
36115.0000 38.6771 8.5321
36120.0000 38.7049 8.5200
36125.0000 38.7675 8.6098
36130.0000 38.6814 8.5269
36135.0000 38.6582 8.5007
36140.0000 38.6804 8.5395
36145.0000 38.6605 8.5454
36150.0000 38.6347 8.5458
36155.0000 38.6658 8.6299
36160.0000 38.5862 8.5690
36165.0000 38.5707 8.5517
36170.0000 38.5648 8.5538
36175.0000 38.5974 8.5804
36180.0000 38.6154 8.5818
36185.0000 38.7043 8.6196
36190.0000 38.7448 8.6537
36195.0000 38.7858 8.6821
36200.0000 38.7906 8.6801
36205.0000 38.8025 8.6915
36210.0000 38.7863 8.6901
36215.0000 38.8924 8.7675
36220.0000 38.8972 8.7679
36225.0000 38.8967 8.7693
36230.0000 38.8930 8.7705
36235.0000 38.8764 8.7476
36240.0000 38.8677 8.7381
36245.0000 38.8965 8.7821
36250.0000 38.5186 8.4186
36255.0000 38.4694 8.3938
36260.0000 38.3214 8.3160
36265.0000 38.3022 8.3618
36270.0000 38.2579 8.3697
36275.0000 38.3596 8.4484
36280.0000 38.3588 8.4696
36285.0000 38.4863 8.5680
36290.0000 38.5218 8.5785
36295.0000 38.4803 8.5243
36300.0000 38.4952 8.5245
36305.0000 38.3756 8.4012
36310.0000 38.4115 8.4416
36315.0000 38.4163 8.4391
36320.0000 38.4173 8.4361
36325.0000 38.4139 8.4221
36330.0000 38.4164 8.4210
36335.0000 38.4251 8.4168
36340.0000 38.4641 8.4509
36345.0000 38.5675 8.5272
36350.0000 38.5636 8.5284
36355.0000 38.5636 8.5284
36360.0000 38.5358 8.4970
36365.0000 38.5562 8.5365
36370.0000 38.2997 8.2890
36375.0000 38.2589 8.2879
36380.0000 38.1737 8.2522
36385.0000 38.1295 8.2561
36390.0000 38.1736 8.3327
36395.0000 38.1646 8.3337
36400.0000 38.1618 8.3349
36405.0000 38.1771 8.3314
36410.0000 38.2000 8.3307
36415.0000 38.2157 8.3323
36420.0000 38.2276 8.3339
36425.0000 38.2383 8.3288
36430.0000 38.1422 8.2267
36435.0000 38.1422 8.2267
36440.0000 38.0739 8.1899
36445.0000 38.0739 8.2329
36450.0000 38.1226 8.3289
36455.0000 38.1503 8.3812
36460.0000 38.1257 8.3903
36465.0000 38.1253 8.3917
36470.0000 38.1954 8.4373
36475.0000 38.2093 8.4418
36480.0000 38.2269 8.4305
36485.0000 38.2072 8.3946
36490.0000 38.2319 8.4182
36495.0000 38.2646 8.4437
36500.0000 38.3599 8.5582
36505.0000 38.3513 8.5589
36510.0000 38.3951 8.5852
36515.0000 38.4755 8.6699
36520.0000 38.4863 8.6707
36525.0000 38.5268 8.7125
36530.0000 38.5798 8.7286
36535.0000 38.5873 8.7276
36540.0000 38.6474 8.7810
36545.0000 38.6153 8.7398
36550.0000 38.6153 8.7398
36555.0000 38.6790 8.8068
36560.0000 38.7207 8.8081
36565.0000 38.7380 8.7949
36570.0000 38.7712 8.8405
36575.0000 38.8418 8.9148
36580.0000 38.9135 8.9748
36585.0000 38.9765 9.0356
36590.0000 38.9774 9.0262
36595.0000 39.0031 9.0313
36600.0000 39.0137 9.0104
36605.0000 38.9960 8.9857
36610.0000 39.0835 9.0719
36615.0000 39.0873 9.0707
36620.0000 39.0701 9.0727
36625.0000 39.0783 9.0954
36630.0000 39.0579 9.0541
36635.0000 39.0126 9.0200
36640.0000 38.9772 9.0026
36645.0000 38.9774 9.0028
36650.0000 39.0102 9.0328
36655.0000 39.0323 9.0496
36660.0000 39.0361 9.0481
36665.0000 39.0404 9.0469
36670.0000 38.9951 8.9912
36675.0000 39.0348 9.0275
36680.0000 38.9703 8.9470
36685.0000 38.9984 9.0444
36690.0000 38.9149 9.0255
36695.0000 38.8877 9.0276
36700.0000 38.8867 9.0592
36705.0000 38.9280 9.0502
36710.0000 38.9256 9.0508
36715.0000 38.9330 9.0346
36720.0000 38.9729 9.0668
36725.0000 38.9582 9.0367
36730.0000 38.7733 8.8240
36735.0000 38.8090 8.8301
36740.0000 38.7680 8.8059
36745.0000 38.7709 8.8258
36750.0000 38.8453 8.9541
36755.0000 38.8536 8.9880
36760.0000 38.8329 8.9897
36765.0000 38.9197 9.0495
36770.0000 38.9365 9.0528
36775.0000 39.0304 9.1340
36780.0000 39.0667 9.1367
36785.0000 39.1313 9.1837
36790.0000 39.0551 9.0901
36795.0000 39.1042 9.1289
36800.0000 39.1680 9.1851
36805.0000 39.2204 9.1928
36810.0000 39.2966 9.2263
36815.0000 39.3488 9.2490
36820.0000 39.4418 9.3213
36825.0000 39.5241 9.3922
36830.0000 39.6450 9.4946
36835.0000 39.7973 9.6500
36840.0000 39.8721 9.7193
36845.0000 39.8927 9.7303
36850.0000 39.8271 9.6607
36855.0000 39.7999 9.6189
36860.0000 39.7764 9.5777
36865.0000 39.8043 9.6248
36870.0000 39.8014 9.6271
36875.0000 39.8255 9.6512
36880.0000 39.7398 9.5865
36885.0000 39.7716 9.6276
36890.0000 39.7728 9.6344
36895.0000 39.8230 9.6790
36900.0000 39.8951 9.7460
36905.0000 40.0100 9.8599
36910.0000 39.8606 9.7087
36915.0000 39.8662 9.7071
36920.0000 39.8654 9.7250
36925.0000 39.7770 9.6399
36930.0000 39.8006 9.6906
36935.0000 39.7258 9.6351
36940.0000 39.7233 9.6320
36945.0000 39.6876 9.5973
36950.0000 39.7013 9.6171
36955.0000 39.7264 9.6456
36960.0000 39.7264 9.6456
36965.0000 39.7296 9.6438
36970.0000 39.7355 9.6272
36975.0000 39.7195 9.6025
36980.0000 39.6690 9.5749
36985.0000 39.6749 9.5927
36990.0000 39.6699 9.6505
36995.0000 39.6357 9.6453
37000.0000 39.5694 9.5951
37005.0000 39.5527 9.5983
37010.0000 39.5785 9.5942
37015.0000 39.6106 9.6105
37020.0000 39.5850 9.5708
37025.0000 39.5353 9.5180
37030.0000 39.3041 9.2868
37035.0000 39.2532 9.2466
37040.0000 39.1954 9.1864
37045.0000 39.2180 9.1877
37050.0000 39.2219 9.1874
37055.0000 39.2954 9.2610
37060.0000 39.2979 9.2599
37065.0000 39.2976 9.2609
37070.0000 39.2827 9.2395
37075.0000 39.3769 9.3076
37080.0000 39.3903 9.2996
37085.0000 39.3398 9.2351
37090.0000 39.2202 9.0963
37095.0000 39.2444 9.1398
37100.0000 39.1302 9.0685
37105.0000 39.1867 9.1572
37110.0000 39.1501 9.1976
37115.0000 39.2095 9.2804
37120.0000 39.2005 9.3068
37125.0000 39.2459 9.3476
37130.0000 39.3567 9.4762
37135.0000 39.4068 9.5158
37140.0000 39.5013 9.5967
37145.0000 39.5102 9.5923
37150.0000 39.4360 9.4888
37155.0000 39.3415 9.4246
37160.0000 39.3291 9.4279
37165.0000 39.2885 9.4100
37170.0000 39.2352 9.4209
37175.0000 39.2620 9.4668
37180.0000 39.2584 9.4669
37185.0000 39.2606 9.4288
37190.0000 39.3156 9.4771
37195.0000 39.3223 9.4775
37200.0000 39.4177 9.5488
37205.0000 39.4229 9.5465
37210.0000 39.3175 9.4443
37215.0000 39.3221 9.4448
37220.0000 39.3145 9.4471
37225.0000 39.3830 9.5179
37230.0000 39.3556 9.5067
37235.0000 39.3521 9.5012
37240.0000 39.3468 9.5023
37245.0000 39.3375 9.4859
37250.0000 39.3452 9.4813
37255.0000 39.3933 9.5218
37260.0000 39.5566 9.6860
37265.0000 39.6250 9.7469
37270.0000 39.5847 9.6986
37275.0000 39.5719 9.6847
37280.0000 39.5397 9.6429
37285.0000 39.5914 9.7146
37290.0000 39.5928 9.7368
37295.0000 39.6227 9.7930
37300.0000 39.6001 9.7966
37305.0000 39.6042 9.7949
37310.0000 39.6240 9.8300
37315.0000 39.6476 9.8551
37320.0000 39.6974 9.9074
37325.0000 39.6570 9.8677
37330.0000 39.6467 9.8652
37335.0000 39.6562 9.8758
37340.0000 39.6132 9.8419
37345.0000 39.6263 9.8558
37350.0000 39.6807 9.9156
37355.0000 39.6869 9.9121
37360.0000 39.6920 9.9058
37365.0000 39.7041 9.9055
37370.0000 39.6903 9.8931
37375.0000 39.6935 9.8917
37380.0000 39.6798 9.8766
37385.0000 39.5480 9.7186
37390.0000 39.2033 9.3675
37395.0000 39.1004 9.2712
37400.0000 38.9576 9.1321
37405.0000 38.9478 9.1255
37410.0000 38.9857 9.1659
37415.0000 39.0142 9.1912
37420.0000 39.0336 9.2058
37425.0000 39.0587 9.2375
37430.0000 39.0626 9.2356
37435.0000 39.1440 9.3221
37440.0000 39.2187 9.4044
37445.0000 39.2418 9.4040
37450.0000 39.1733 9.3091
37455.0000 39.2024 9.3017
37460.0000 39.2636 9.3457
37465.0000 39.3669 9.4177
37470.0000 39.3615 9.3881
37475.0000 39.4459 9.4489
37480.0000 39.4333 9.4175
37485.0000 39.4371 9.4168
37490.0000 39.4750 9.4478
37495.0000 39.5096 9.4379
37500.0000 39.5007 9.4046
37505.0000 39.3942 9.2890
37510.0000 39.0820 9.0060
37515.0000 39.0378 8.9498
37520.0000 38.9910 8.9077
37525.0000 38.9822 8.9610
37530.0000 38.9550 9.0171
37535.0000 38.9919 9.1006
37540.0000 38.9698 9.1072
37545.0000 39.0957 9.2210
37550.0000 39.1256 9.2576
37555.0000 39.1374 9.2579
37560.0000 39.1497 9.2508
37565.0000 39.1642 9.2461
37570.0000 39.2006 9.2799
37575.0000 39.1768 9.2525
37580.0000 39.1824 9.2533
37585.0000 39.2156 9.2877
37590.0000 39.2282 9.2894
37595.0000 39.2469 9.2854
37600.0000 39.2455 9.2877
37605.0000 39.3484 9.3474
37610.0000 39.4823 9.4783
37615.0000 39.4667 9.4268
37620.0000 39.4942 9.4241
37625.0000 39.5119 9.4158
37630.0000 39.5215 9.4113
37635.0000 39.5311 9.4049
37640.0000 39.5894 9.4699
37645.0000 39.5894 9.4678
37650.0000 39.5817 9.4668
37655.0000 39.6229 9.5015
37660.0000 39.6504 9.5122
37665.0000 39.6679 9.5047
37670.0000 39.6566 9.4726
37675.0000 39.7125 9.5077
37680.0000 39.8105 9.5850
37685.0000 39.8546 9.5970
37690.0000 39.8655 9.5932
37695.0000 39.8643 9.5660
37700.0000 39.9138 9.6081
37705.0000 39.9043 9.6023
37710.0000 39.9346 9.6499
37715.0000 40.0068 9.7172
37720.0000 40.0097 9.7250
37725.0000 40.0036 9.7076
37730.0000 40.0692 9.7808
37735.0000 40.0519 9.7415
37740.0000 40.0822 9.7505
37745.0000 39.9484 9.5974
37750.0000 39.7243 9.3898
37755.0000 39.6375 9.3284
37760.0000 39.5528 9.2569
37765.0000 39.5369 9.2615
37770.0000 39.5252 9.2579
37775.0000 39.5384 9.2580
37780.0000 39.5330 9.2605
37785.0000 39.5470 9.2585
37790.0000 39.5798 9.2837
37795.0000 39.6624 9.3384
37800.0000 39.6828 9.3472
37805.0000 39.5259 9.1655
37810.0000 39.0782 8.7306
37815.0000 39.0092 8.6884
37820.0000 38.8372 8.5023
37825.0000 38.8353 8.5254
37830.0000 38.8078 8.5497
37835.0000 38.8506 8.6505
37840.0000 38.8076 8.6625
37845.0000 38.8828 8.7253
37850.0000 38.8749 8.7288
37855.0000 38.9133 8.7556
37860.0000 38.9462 8.7830
37865.0000 39.0196 8.8355
37870.0000 38.8838 8.7213
37875.0000 38.9271 8.7289
37880.0000 38.9779 8.7531
37885.0000 39.0188 8.7949
37890.0000 39.1063 8.8871
37895.0000 39.2200 8.9517
37900.0000 39.2267 8.9225
37905.0000 39.3108 9.0024
37910.0000 39.3733 9.0498
37915.0000 39.4280 9.0830
37920.0000 39.4059 9.0294
37925.0000 39.4612 9.0567
37930.0000 39.4742 9.0512
37935.0000 39.4440 8.9894
37940.0000 39.4395 8.9704
37945.0000 39.4053 8.9373
37950.0000 39.5488 9.0511
37955.0000 39.5114 9.0386
37960.0000 39.5438 9.0754
37965.0000 39.5195 9.0580
37970.0000 39.5195 9.0580
37975.0000 39.5330 9.0578
37980.0000 39.5651 9.0621
37985.0000 39.5062 8.9955
37990.0000 39.4244 8.8793
37995.0000 39.3703 8.8343
38000.0000 39.3280 8.7999
38005.0000 39.3713 8.8598
38010.0000 39.4209 8.9038
38015.0000 39.4403 8.9015
38020.0000 39.5708 9.0195
38025.0000 39.6484 9.0812
38030.0000 39.6941 9.1223
38035.0000 39.8019 9.2163
38040.0000 39.8176 9.2213
38045.0000 39.7844 9.1921
38050.0000 39.7547 9.1855
38055.0000 39.7360 9.1931
38060.0000 39.6630 9.1163
38065.0000 39.6685 9.1230
38070.0000 39.6508 9.1216
38075.0000 39.7179 9.1947
38080.0000 39.7005 9.1982
38085.0000 39.6967 9.1998
38090.0000 39.7165 9.2306
38095.0000 39.7325 9.2337
38100.0000 39.7156 9.2078
38105.0000 39.7737 9.2536
38110.0000 39.6904 9.1697
38115.0000 39.6810 9.1522
38120.0000 39.5650 9.0180
38125.0000 39.5560 9.0192
38130.0000 39.5218 9.0206
38135.0000 39.4728 9.0362
38140.0000 39.4941 9.0887
38145.0000 39.4860 9.0930
38150.0000 39.4975 9.1099
38155.0000 39.5277 9.1536
38160.0000 39.5274 9.1530
38165.0000 39.4696 9.0884
38170.0000 39.2529 8.9210
38175.0000 39.1899 8.8751
38180.0000 39.2193 8.9080
38185.0000 39.2414 8.9452
38190.0000 39.2725 8.9947
38195.0000 39.3464 9.0614
38200.0000 39.3845 9.0965
38205.0000 39.4636 9.1763
38210.0000 39.4735 9.1722
38215.0000 39.5446 9.2446
38220.0000 39.5866 9.2907
38225.0000 39.5403 9.2490
38230.0000 39.3038 9.0788
38235.0000 39.3240 9.0769
38240.0000 39.4246 9.1655
38245.0000 39.4165 9.2078
38250.0000 39.4077 9.2117
38255.0000 39.3761 9.2216
38260.0000 39.4143 9.2816
38265.0000 39.4081 9.2856
38270.0000 39.4119 9.2984
38275.0000 39.4935 9.3858
38280.0000 39.5351 9.4285
38285.0000 39.5110 9.4028
38290.0000 39.3633 9.2488
38295.0000 39.3742 9.2488
38300.0000 39.4147 9.2823
38305.0000 39.5106 9.3827
38310.0000 39.5647 9.4307
38315.0000 39.5717 9.4366
38320.0000 39.5239 9.3904
38325.0000 39.5706 9.4319
38330.0000 39.5883 9.4244
38335.0000 39.6291 9.4422
38340.0000 39.6724 9.4705
38345.0000 39.6256 9.4098
38350.0000 39.6070 9.3758
38355.0000 39.6070 9.3758
38360.0000 39.6143 9.3736
38365.0000 39.5880 9.3248
38370.0000 39.5878 9.3236
38375.0000 39.5077 9.2348
38380.0000 39.5359 9.2505
38385.0000 39.5164 9.2300
38390.0000 39.5260 9.2252
38395.0000 39.5746 9.2500
38400.0000 39.5746 9.2500
38405.0000 39.5900 9.2450
38410.0000 39.6334 9.2850
38415.0000 39.5934 9.2611
38420.0000 39.5458 9.2086
38425.0000 39.5773 9.2560
38430.0000 39.5707 9.2532
38435.0000 39.5757 9.2501
38440.0000 39.5825 9.2557
38445.0000 39.6487 9.3093
38450.0000 39.6548 9.2948
38455.0000 39.6841 9.3193
38460.0000 39.6982 9.3151
38465.0000 39.5909 9.2046
38470.0000 39.4340 9.0223
38475.0000 39.4376 9.0206
38480.0000 39.3230 8.8729
38485.0000 39.3112 8.8692
38490.0000 39.3177 8.8670
38495.0000 39.3464 8.9039
38500.0000 39.3423 8.9046
38505.0000 39.3390 8.9050
38510.0000 39.3430 8.9030
38515.0000 39.3585 8.9000
38520.0000 39.3958 8.9403
38525.0000 39.4337 8.9710
38530.0000 39.4405 8.9679
38535.0000 39.4448 8.9662
38540.0000 39.4448 8.9662
38545.0000 39.4188 8.9402
38550.0000 39.4183 8.9634
38555.0000 39.4468 9.0237
38560.0000 39.5654 9.1323
38565.0000 39.5702 9.1214
38570.0000 39.5699 9.1222
38575.0000 39.5357 9.0589
38580.0000 39.5554 9.0602
38585.0000 39.5386 9.0071
38590.0000 39.5582 9.0089
38595.0000 39.6604 9.0977
38600.0000 39.6224 9.0459
38605.0000 39.6581 9.0956
38610.0000 39.7143 9.1043
38615.0000 39.7162 9.1094
38620.0000 39.7140 9.1110
38625.0000 39.7256 9.1074
38630.0000 39.7756 9.1326
38635.0000 39.7842 9.1301
38640.0000 39.7876 9.1291
38645.0000 39.7436 9.0786
38650.0000 39.7454 9.0665
38655.0000 39.7457 9.0623
38660.0000 39.7287 9.0491
38665.0000 39.6889 9.0511
38670.0000 39.6219 9.0418
38675.0000 39.5552 9.0585
38680.0000 39.5465 9.0881
38685.0000 39.5180 9.0956
38690.0000 39.5160 9.0960
38695.0000 39.5150 9.0957
38700.0000 39.5198 9.0961
38705.0000 39.4471 9.0283
38710.0000 39.2317 8.8413
38715.0000 39.1493 8.7789
38720.0000 39.0302 8.6589
38725.0000 39.0350 8.6674
38730.0000 39.0366 8.6636
38735.0000 39.0267 8.6634
38740.0000 39.0107 8.6471
38745.0000 39.0596 8.6828
38750.0000 39.0568 8.6847
38755.0000 39.0924 8.7115
38760.0000 39.1054 8.7103
38765.0000 39.1029 8.6849
38770.0000 38.9075 8.5283
38775.0000 38.8599 8.5141
38780.0000 38.8575 8.5291
38785.0000 38.8224 8.5277
38790.0000 38.7972 8.5200
38795.0000 38.7301 8.4791
38800.0000 38.7168 8.4841
38805.0000 38.7010 8.4884
38810.0000 38.6978 8.4894
38815.0000 38.6883 8.4787
38820.0000 38.7411 8.5204
38825.0000 38.7835 8.5637
38830.0000 38.8153 8.5758
38835.0000 38.8189 8.5744
38840.0000 38.7933 8.5524
38845.0000 38.8291 8.6049
38850.0000 38.8365 8.6352
38855.0000 38.7851 8.6292
38860.0000 38.7865 8.6600
38865.0000 38.7736 8.6507
38870.0000 38.7537 8.6439
38875.0000 38.8025 8.6715
38880.0000 38.8719 8.7108
38885.0000 38.7011 8.5463
38890.0000 38.3827 8.2468
38895.0000 38.3889 8.3022
38900.0000 38.3691 8.2544
38905.0000 38.4222 8.3245
38910.0000 38.3859 8.2790
38915.0000 38.4045 8.3042
38920.0000 38.4045 8.3042
38925.0000 38.5548 8.4528
38930.0000 38.5618 8.4498
38935.0000 38.5616 8.4503
38940.0000 38.5679 8.4462
38945.0000 38.5443 8.4150
38950.0000 38.3024 8.1902
38955.0000 38.2556 8.1591
38960.0000 38.2376 8.1473
38965.0000 38.2200 8.1781
38970.0000 38.2100 8.2122
38975.0000 38.1278 8.2339
38980.0000 38.1022 8.2440
38985.0000 38.1067 8.2788
38990.0000 38.0968 8.2841
38995.0000 38.1061 8.2793
39000.0000 38.1149 8.2750
39005.0000 38.0053 8.1799
39010.0000 37.9843 8.1635
39015.0000 37.9878 8.1623
39020.0000 37.9677 8.1303
39025.0000 37.9812 8.1265
39030.0000 37.9889 8.1245
39035.0000 37.9813 8.1258
39040.0000 38.0117 8.1589
39045.0000 38.0347 8.1565
39050.0000 38.0702 8.1491
39055.0000 38.1089 8.1925
39060.0000 38.1540 8.2298
39065.0000 38.1217 8.1764
39070.0000 37.8153 7.9426
39075.0000 37.7600 7.9025
39080.0000 37.7163 7.8373
39085.0000 37.5928 7.7503
39090.0000 37.6083 7.7968
39095.0000 37.5902 7.8024
39100.0000 37.6541 7.8758
39105.0000 37.6265 7.8531
39110.0000 37.6397 7.8492
39115.0000 37.7191 7.8970
39120.0000 37.7664 7.9114
39125.0000 37.7775 7.9105
39130.0000 37.7863 7.9071
39135.0000 37.7930 7.9048
39140.0000 37.8148 7.8971
39145.0000 37.8985 7.9842
39150.0000 37.9109 7.9763
39155.0000 37.9496 7.9987
39160.0000 37.9698 7.9917
39165.0000 38.0903 8.0497
39170.0000 38.1147 8.0369
39175.0000 38.1201 8.0283
39180.0000 38.1325 8.0287
39185.0000 38.1319 8.0297
39190.0000 38.1396 8.0294
39195.0000 38.1515 8.0200
39200.0000 38.1315 8.0049
39205.0000 38.1074 8.0050
39210.0000 38.1033 8.0039
39215.0000 38.1139 8.0336
39220.0000 38.1232 8.0695
39225.0000 38.0858 8.0177
39230.0000 38.1412 8.0702
39235.0000 38.1792 8.0983
39240.0000 38.1822 8.0985
39245.0000 38.2731 8.1845
39250.0000 38.2324 8.1497
39255.0000 38.2491 8.1520
39260.0000 38.2491 8.1520
39265.0000 38.2451 8.1514
39270.0000 38.1917 8.1097
39275.0000 38.1850 8.1202
39280.0000 38.2929 8.2318
39285.0000 38.2921 8.2320
39290.0000 38.2608 8.2004
39295.0000 38.2605 8.1957
39300.0000 38.2600 8.1769
39305.0000 38.2032 8.1448
39310.0000 38.0032 8.0039
39315.0000 37.9891 7.9882
39320.0000 37.9580 7.9516
39325.0000 37.9123 7.9559
39330.0000 37.8965 7.9576
39335.0000 37.8613 7.9598
39340.0000 37.8649 7.9571
39345.0000 37.8574 7.9517
39350.0000 37.9140 7.9850
39355.0000 37.8744 7.9452
39360.0000 37.8985 7.9581
39365.0000 37.9601 8.0029
39370.0000 37.9575 7.9943
39375.0000 37.9575 7.9943
39380.0000 37.9609 7.9930
39385.0000 37.9351 7.9829
39390.0000 37.9316 7.9780
39395.0000 37.9369 7.9748
39400.0000 37.9727 8.0033
39405.0000 37.9745 8.0229
39410.0000 37.9654 8.0130
39415.0000 38.0028 8.0349
39420.0000 37.9839 7.9975
39425.0000 38.0108 8.0156
39430.0000 37.9510 7.9629
39435.0000 37.9510 7.9629
39440.0000 37.9125 7.9161
39445.0000 37.9182 7.9145
39450.0000 37.9351 7.9137
39455.0000 37.9338 7.9155
39460.0000 37.9437 7.9197
39465.0000 37.9410 7.9207
39470.0000 37.9527 7.9208
39475.0000 37.9825 7.9187
39480.0000 37.9587 7.8675
39485.0000 37.9798 7.8638
39490.0000 37.9230 7.8118
39495.0000 37.9073 7.7814
39500.0000 37.9255 7.7774
39505.0000 37.9554 7.7707
39510.0000 37.9671 7.7636
39515.0000 38.0226 7.7959
39520.0000 38.0503 7.8230
39525.0000 38.0867 7.8442
39530.0000 38.1109 7.8438
39535.0000 38.1284 7.8438
39540.0000 38.1903 7.9003
39545.0000 38.1824 7.8927
39550.0000 38.1537 7.8606
39555.0000 38.1907 7.8971
39560.0000 38.2130 7.9231
39565.0000 38.2953 7.9851
39570.0000 38.3151 8.0043
39575.0000 38.3636 8.0358
39580.0000 38.3369 8.0088
39585.0000 38.3407 8.0092
39590.0000 38.3465 8.0079
39595.0000 38.3907 8.0464
39600.0000 38.4340 8.0839
39605.0000 38.4349 8.0851
39610.0000 38.4018 8.0589
39615.0000 38.3844 8.0251
39620.0000 38.3923 8.0269
39625.0000 38.3680 8.0234
39630.0000 38.3925 8.0501
39635.0000 38.3808 8.0504
39640.0000 38.3632 8.0489
39645.0000 38.3631 8.0515
39650.0000 38.3707 8.0527
39655.0000 38.3757 8.0539
39660.0000 38.3803 8.0533
39665.0000 38.4758 8.1218
39670.0000 38.5441 8.1354
39675.0000 38.5737 8.1310
39680.0000 38.6651 8.1699
39685.0000 38.6894 8.1639
39690.0000 38.7859 8.2305
39695.0000 38.7860 8.2264
39700.0000 38.8031 8.2240
39705.0000 38.8188 8.2244
39710.0000 38.8418 8.2228
39715.0000 38.8563 8.2219
39720.0000 38.8613 8.2194
39725.0000 38.8061 8.1757
39730.0000 38.5149 7.9347
39735.0000 38.4135 7.8581
39740.0000 38.4076 7.8596
39745.0000 38.3874 7.8573
39750.0000 38.3675 7.8545
39755.0000 38.3488 7.8709
39760.0000 38.3192 7.8793
39765.0000 38.3073 7.8808
39770.0000 38.2787 7.8584
39775.0000 38.3215 7.9071
39780.0000 38.3215 7.9071
39785.0000 38.3215 7.9071
39790.0000 38.3639 7.9373
39795.0000 38.3709 7.9347
39800.0000 38.4187 7.9510
39805.0000 38.3977 7.9540
39810.0000 38.3551 7.9537
39815.0000 38.3189 7.9599
39820.0000 38.3621 7.9738
39825.0000 38.4035 8.0248
39830.0000 38.4440 8.0411
39835.0000 38.4726 8.0714
39840.0000 38.5258 8.1130
39845.0000 38.4188 7.9951
39850.0000 38.2958 7.8689
39855.0000 38.2146 7.8262
39860.0000 38.1312 7.7347
39865.0000 38.0807 7.6848
39870.0000 38.0724 7.6857
39875.0000 38.0835 7.6979
39880.0000 38.0824 7.6999
39885.0000 38.0804 7.7020
39890.0000 38.0804 7.7020
39895.0000 38.0837 7.7008
39900.0000 38.0837 7.7008
39905.0000 38.0893 7.6985
39910.0000 38.1153 7.6917
39915.0000 38.1250 7.6990
39920.0000 38.1818 7.7320
39925.0000 38.1535 7.7339
39930.0000 38.1501 7.7341
39935.0000 38.1277 7.7373
39940.0000 38.1177 7.7411
39945.0000 38.1392 7.7586
39950.0000 38.1664 7.7846
39955.0000 38.1927 7.7976
39960.0000 38.2887 7.8538
39965.0000 38.2328 7.8167
39970.0000 38.1257 7.7322
39975.0000 38.1165 7.7053
39980.0000 38.1419 7.6909
39985.0000 38.1066 7.6591
39990.0000 38.1032 7.6584
39995.0000 38.1115 7.6559
40000.0000 38.0930 7.6351
40005.0000 38.0955 7.6417
40010.0000 38.0918 7.6376
40015.0000 38.0918 7.6376
40020.0000 38.1543 7.6946
40025.0000 38.1543 7.6946
40030.0000 38.2116 7.7341
40035.0000 38.2613 7.7788
40040.0000 38.2957 7.7964
40045.0000 38.3187 7.8354
40050.0000 38.4152 7.9388
40055.0000 38.4119 7.9387
40060.0000 38.4052 7.9399
40065.0000 38.4391 7.9647
40070.0000 38.4422 7.9637
40075.0000 38.4755 7.9853
40080.0000 38.4755 7.9853
40085.0000 38.4050 7.9134
40090.0000 38.4025 7.9106
40095.0000 38.4285 7.9196
40100.0000 38.4890 7.9592
40105.0000 38.4778 7.9630
40110.0000 38.5159 8.0110
40115.0000 38.5107 8.0087
40120.0000 38.5358 8.0367
40125.0000 38.5505 8.0318
40130.0000 38.6061 8.0640
40135.0000 38.6231 8.0759
40140.0000 38.6454 8.0879
40145.0000 38.7409 8.1626
40150.0000 38.6691 8.0675
40155.0000 38.6853 8.0696
40160.0000 38.7273 8.0928
40165.0000 38.6933 8.0982
40170.0000 38.6836 8.0982
40175.0000 38.6460 8.1053
40180.0000 38.6238 8.1168
40185.0000 38.6492 8.1583
40190.0000 38.6442 8.1558
40195.0000 38.6797 8.1866
40200.0000 38.7247 8.2237
40205.0000 38.7857 8.2860
40210.0000 38.7786 8.2592
40215.0000 38.7895 8.2565
40220.0000 38.7611 8.2135
40225.0000 38.7815 8.2073
40230.0000 38.7965 8.2062
40235.0000 38.7673 8.1698
40240.0000 38.7609 8.1712
40245.0000 38.7503 8.1724
40250.0000 38.8244 8.2403
40255.0000 38.8300 8.2398
40260.0000 38.8958 8.2874
40265.0000 38.8715 8.2652
40270.0000 38.8798 8.2576
40275.0000 38.9675 8.3265
40280.0000 38.9520 8.3031
40285.0000 38.9842 8.3175
40290.0000 38.9570 8.2999
40295.0000 38.9672 8.3033
40300.0000 38.9785 8.3022
40305.0000 38.9733 8.3065
40310.0000 38.9362 8.2676
40315.0000 38.9362 8.2676
40320.0000 38.9362 8.2676
40325.0000 38.9630 8.2977
40330.0000 38.9630 8.2977
40335.0000 38.9672 8.2978
40340.0000 38.9332 8.2688
40345.0000 38.8923 8.2209
40350.0000 38.9444 8.2970
40355.0000 38.9269 8.3065
40360.0000 38.9012 8.2887
40365.0000 38.9136 8.2965
40370.0000 38.9101 8.2771
40375.0000 38.9512 8.3153
40380.0000 38.9226 8.2750
40385.0000 38.9696 8.3214
40390.0000 39.0121 8.3790
40395.0000 39.0494 8.4062
40400.0000 39.0552 8.4056
40405.0000 39.0635 8.4349
40410.0000 39.0488 8.4323
40415.0000 39.0250 8.4273
40420.0000 38.9943 8.4055
40425.0000 38.9524 8.3639
40430.0000 38.9524 8.3639
40435.0000 38.9379 8.3479
40440.0000 38.9418 8.3523
40445.0000 38.9418 8.3523
40450.0000 39.0035 8.3878
40455.0000 39.0276 8.4029
40460.0000 39.0276 8.4029
40465.0000 39.0092 8.4004
40470.0000 39.0138 8.4010
40475.0000 39.0089 8.3987
40480.0000 39.0414 8.4491
40485.0000 39.0951 8.4819
40490.0000 39.1072 8.4814
40495.0000 39.1166 8.4806
40500.0000 39.1692 8.5113
40505.0000 39.1428 8.4754
40510.0000 39.1482 8.4756
40515.0000 39.1162 8.4397
40520.0000 39.0674 8.3776
40525.0000 39.0546 8.3765
40530.0000 39.1340 8.4642
40535.0000 39.1666 8.5339
40540.0000 39.1782 8.5310
40545.0000 39.1500 8.5054
40550.0000 39.1557 8.5029
40555.0000 39.1552 8.5029
40560.0000 39.1592 8.5004
40565.0000 39.1398 8.4770
40570.0000 39.1443 8.4765
40575.0000 39.1642 8.4903
40580.0000 39.1642 8.4903
40585.0000 39.1439 8.4909
40590.0000 39.1340 8.4913
40595.0000 39.0871 8.4884
40600.0000 39.0805 8.4908
40605.0000 39.1654 8.5525
40610.0000 39.1495 8.5581
40615.0000 39.1448 8.5462
40620.0000 39.1491 8.5443
40625.0000 39.1153 8.5032
40630.0000 38.9947 8.3679
40635.0000 39.0306 8.3968
40640.0000 38.9968 8.3559
40645.0000 39.0079 8.3485
40650.0000 39.0195 8.3463
40655.0000 39.0381 8.3414
40660.0000 39.0465 8.3375
40665.0000 39.0579 8.3740
40670.0000 39.0304 8.3439
40675.0000 39.0304 8.3439
40680.0000 39.0368 8.3429
40685.0000 39.0419 8.3408
40690.0000 38.9478 8.2498
40695.0000 39.0165 8.2978
40700.0000 39.0761 8.3488
40705.0000 39.1065 8.3803
40710.0000 39.1028 8.3807
40715.0000 39.0932 8.3821
40720.0000 39.0822 8.3861
40725.0000 39.0936 8.3791
40730.0000 39.1010 8.3747
40735.0000 39.1079 8.3714
40740.0000 39.1645 8.4188
40745.0000 39.2137 8.4607
40750.0000 39.2220 8.4599
40755.0000 39.2213 8.4609
40760.0000 39.2281 8.4605
40765.0000 39.2268 8.4663
40770.0000 39.2226 8.4728
40775.0000 39.2425 8.4943
40780.0000 39.2463 8.5205
40785.0000 39.2084 8.4838
40790.0000 39.2040 8.4856
40795.0000 39.2151 8.4870
40800.0000 39.2241 8.4858
40805.0000 39.2413 8.4832
40810.0000 39.2364 8.4685
40815.0000 39.2252 8.4426
40820.0000 39.2265 8.4323
40825.0000 39.2869 8.4859
40830.0000 39.2913 8.4822
40835.0000 39.3930 8.5712
40840.0000 39.4018 8.5687
40845.0000 39.3760 8.5433
40850.0000 39.3740 8.5433
40855.0000 39.4096 8.5868
40860.0000 39.4853 8.6376
40865.0000 39.4257 8.5614
40870.0000 39.2662 8.4109
40875.0000 39.2135 8.3671
40880.0000 39.2273 8.3654
40885.0000 39.1677 8.2978
40890.0000 39.1870 8.3473
40895.0000 39.1809 8.3978
40900.0000 39.2124 8.4379
40905.0000 39.2196 8.4386
40910.0000 39.2364 8.4394
40915.0000 39.2916 8.4717
40920.0000 39.3108 8.4707
40925.0000 39.3929 8.4959
40930.0000 38.9973 8.1674
40935.0000 38.9697 8.1590
40940.0000 38.9097 8.0701
40945.0000 38.8796 8.0551
40950.0000 38.9426 8.1322
40955.0000 38.9002 8.1193
40960.0000 38.8865 8.1207
40965.0000 38.8819 8.1177
40970.0000 38.8757 8.1175
40975.0000 38.8793 8.1155
40980.0000 38.8765 8.1165
40985.0000 38.7607 8.0174
40990.0000 38.5506 7.8365
40995.0000 38.5521 7.8672
41000.0000 38.5748 7.8961
41005.0000 38.5679 7.8950
41010.0000 38.5771 7.8923
41015.0000 38.5861 7.8913
41020.0000 38.6434 7.9354
41025.0000 38.6527 7.9346
41030.0000 38.6597 7.9376
41035.0000 38.6686 7.9354
41040.0000 38.7779 8.0168
41045.0000 38.7937 8.0173
41050.0000 38.6856 7.9443
41055.0000 38.6925 7.9605
41060.0000 38.6549 7.9264
41065.0000 38.5984 7.9253
41070.0000 38.5464 7.9279
41075.0000 38.4652 7.9314
41080.0000 38.4308 7.9670
41085.0000 38.4460 8.0140
41090.0000 38.5078 8.0637
41095.0000 38.6133 8.1285
41100.0000 38.7212 8.1787
41105.0000 38.7687 8.1748
41110.0000 38.8452 8.2232
41115.0000 38.8545 8.2219
41120.0000 38.8592 8.2203
41125.0000 38.8696 8.2168
41130.0000 38.8796 8.2132
41135.0000 38.8955 8.2079
41140.0000 38.9320 8.2379
41145.0000 38.9258 8.2369
41150.0000 38.9424 8.2313
41155.0000 38.9544 8.2262
41160.0000 39.0305 8.2720
41165.0000 38.9750 8.2142
41170.0000 38.7913 8.0778
41175.0000 38.7290 8.0489
41180.0000 38.6829 8.0090
41185.0000 38.6608 8.0050
41190.0000 38.6327 8.0075
41195.0000 38.6321 8.0225
41200.0000 38.6161 8.0281
41205.0000 38.5672 7.9908
41210.0000 38.6080 8.0399
41215.0000 38.6080 8.0399
41220.0000 38.6080 8.0399
41225.0000 38.6459 8.0633
41230.0000 38.6607 8.0720
41235.0000 38.7279 8.1436
41240.0000 38.7279 8.1436
41245.0000 38.7209 8.1445
41250.0000 38.7138 8.1457
41255.0000 38.7068 8.1462
41260.0000 38.6492 8.0969
41265.0000 38.6509 8.0980
41270.0000 38.6369 8.1021
41275.0000 38.6709 8.1179
41280.0000 38.6706 8.1082
41285.0000 38.7175 8.1621
41290.0000 38.6450 8.1115
41295.0000 38.6202 8.1184
41300.0000 38.6530 8.1551
41305.0000 38.6648 8.2035
41310.0000 38.7183 8.2685
41315.0000 38.7158 8.2880
41320.0000 38.6941 8.2569
41325.0000 38.7677 8.3051
41330.0000 38.7808 8.3028
41335.0000 38.8176 8.3178
41340.0000 38.8218 8.3173
41345.0000 38.7404 8.2400
41350.0000 38.7298 8.2497
41355.0000 38.6116 8.1572
41360.0000 38.6654 8.2049
41365.0000 38.6027 8.1547
41370.0000 38.5868 8.1522
41375.0000 38.5992 8.1963
41380.0000 38.5445 8.1723
41385.0000 38.5205 8.1746
41390.0000 38.4834 8.1849
41395.0000 38.5526 8.2607
41400.0000 38.5972 8.2978
41405.0000 38.5908 8.2837
41410.0000 38.4899 8.1538
41415.0000 38.5478 8.1995
41420.0000 38.5320 8.1623
41425.0000 38.5303 8.1639
41430.0000 38.5784 8.2192
41435.0000 38.5784 8.2192
41440.0000 38.6002 8.2578
41445.0000 38.6027 8.2546
41450.0000 38.6558 8.3209
41455.0000 38.6405 8.3091
41460.0000 38.7282 8.3947
41465.0000 38.5596 8.2242
41470.0000 38.4517 8.1490
41475.0000 38.5020 8.2136
41480.0000 38.4887 8.1657
41485.0000 38.5210 8.2134
41490.0000 38.4972 8.2122
41495.0000 38.4867 8.2442
41500.0000 38.4754 8.2483
41505.0000 38.4636 8.2525
41510.0000 38.4739 8.2519
41515.0000 38.4739 8.2519
41520.0000 38.4823 8.2514
41525.0000 38.4929 8.2509
41530.0000 38.4571 8.1896
41535.0000 38.3666 8.1112
41540.0000 38.3204 8.0463
41545.0000 38.3621 8.0737
41550.0000 38.3806 8.0699
41555.0000 38.3775 8.0668
41560.0000 38.3757 8.0690
41565.0000 38.3724 8.0689
41570.0000 38.3851 8.0681
41575.0000 38.3378 8.0043
41580.0000 38.3491 8.0038
41585.0000 38.2429 7.8906
41590.0000 37.8962 7.5901
41595.0000 37.8998 7.5908
41600.0000 37.9464 7.6192
41605.0000 37.8558 7.5837
41610.0000 37.8013 7.5885
41615.0000 37.7439 7.6354
41620.0000 37.7056 7.6536
41625.0000 37.6752 7.6620
41630.0000 37.6862 7.7083
41635.0000 37.6989 7.7202
41640.0000 37.7290 7.7356
41645.0000 37.6833 7.6878
41650.0000 37.4979 7.5070
41655.0000 37.5121 7.5091
41660.0000 37.4212 7.4131
41665.0000 37.3615 7.3628
41670.0000 37.3824 7.3754
41675.0000 37.3888 7.4223
41680.0000 37.3758 7.4266
41685.0000 37.3244 7.3922
41690.0000 37.4018 7.4607
41695.0000 37.4018 7.4607
41700.0000 37.3974 7.4623
41705.0000 37.4355 7.5010
41710.0000 37.1685 7.2604
41715.0000 37.2069 7.2938
41720.0000 37.1577 7.2302
41725.0000 37.0670 7.2003
41730.0000 37.0207 7.2033
41735.0000 36.9873 7.2046
41740.0000 36.9698 7.2132
41745.0000 36.9965 7.2618
41750.0000 37.0443 7.3147
41755.0000 37.0577 7.3088
41760.0000 37.0598 7.3095
41765.0000 36.9805 7.2221
41770.0000 36.7470 7.0668
41775.0000 36.7136 7.0502
41780.0000 36.5985 6.9156
41785.0000 36.5299 6.8872
41790.0000 36.5226 6.8952
41795.0000 36.5073 6.9372
41800.0000 36.5806 7.0329
41805.0000 36.5542 7.0372
41810.0000 36.5542 7.0477
41815.0000 36.5607 7.0539
41820.0000 36.5721 7.0555
41825.0000 36.5775 7.0551
41830.0000 36.6272 7.1350
41835.0000 36.6892 7.1735
41840.0000 36.7607 7.2501
41845.0000 36.7592 7.2766
41850.0000 36.7619 7.2761
41855.0000 36.8123 7.3307
41860.0000 36.8130 7.3340
41865.0000 36.8216 7.3311
41870.0000 36.8530 7.3578
41875.0000 36.8560 7.3587
41880.0000 36.8995 7.3846
41885.0000 36.9428 7.4108
41890.0000 36.8618 7.3394
41895.0000 36.9029 7.3785
41900.0000 36.8493 7.3247
41905.0000 36.7770 7.2586
41910.0000 36.7644 7.2607
41915.0000 36.7188 7.2619
41920.0000 36.7169 7.2645
41925.0000 36.7028 7.2853
41930.0000 36.7453 7.3005
41935.0000 36.7943 7.3464
41940.0000 36.7976 7.3453
41945.0000 36.8469 7.3909
41950.0000 36.7565 7.2954
41955.0000 36.7169 7.2733
41960.0000 36.7027 7.2367
41965.0000 36.7113 7.2686
41970.0000 36.7184 7.2616
41975.0000 36.7025 7.2564
41980.0000 36.6979 7.2583
41985.0000 36.7289 7.3152
41990.0000 36.8081 7.3909
41995.0000 36.8139 7.3730
42000.0000 36.8209 7.3705
42005.0000 36.8856 7.4111
42010.0000 36.9384 7.4394
42015.0000 36.9415 7.4383
42020.0000 36.9638 7.4574
42025.0000 36.9966 7.4801
42030.0000 37.0167 7.5090
42035.0000 36.9828 7.5107
42040.0000 36.9572 7.5207
42045.0000 36.9058 7.5314
42050.0000 36.8909 7.5369
42055.0000 36.8957 7.5405
42060.0000 36.8929 7.5416
42065.0000 36.7114 7.3868
42070.0000 36.1548 6.9737
42075.0000 36.1313 6.9639
42080.0000 35.9516 6.7761
42085.0000 35.8347 6.7200
42090.0000 35.8075 6.7210
42095.0000 35.7698 6.7249
42100.0000 35.8165 6.7786
42105.0000 35.8212 6.7776
42110.0000 35.8597 6.7949
42115.0000 35.8723 6.7938
42120.0000 35.8903 6.7905
42125.0000 35.8944 6.7894
42130.0000 35.9129 6.7831
42135.0000 35.9260 6.7794
42140.0000 35.9390 6.7758
42145.0000 35.9224 6.7776
42150.0000 35.9091 6.7790
42155.0000 35.9020 6.7763
42160.0000 35.9012 6.7797
42165.0000 35.9259 6.7974
42170.0000 35.9289 6.7964
42175.0000 35.9252 6.7977
42180.0000 35.9252 6.7977
42185.0000 35.9252 6.7977
42190.0000 35.8933 6.7799
42195.0000 35.9046 6.7772
42200.0000 35.9092 6.7762
42205.0000 35.8711 6.7367
42210.0000 35.9013 6.7820
42215.0000 35.9133 6.8109
42220.0000 35.9572 6.8372
42225.0000 35.9674 6.8335
42230.0000 35.9939 6.8494
42235.0000 36.0309 6.8756
42240.0000 36.0381 6.8728
42245.0000 36.0589 6.8681
42250.0000 36.0279 6.8487
42255.0000 36.1016 6.9099
42260.0000 36.0020 6.8016
42265.0000 35.9902 6.8020
42270.0000 35.9849 6.8023
42275.0000 36.0714 6.8912
42280.0000 36.0813 6.8941
42285.0000 36.0975 6.8952
42290.0000 36.1031 6.8955
42295.0000 36.1788 6.9500
42300.0000 36.1788 6.9500
42305.0000 36.1591 6.9338
42310.0000 35.9993 6.8341
42315.0000 35.9404 6.8024
42320.0000 35.9851 6.8375
42325.0000 35.9709 6.8357
42330.0000 35.9315 6.8414
42335.0000 35.9357 6.8898
42340.0000 35.9919 6.9552
42345.0000 36.0324 7.0213
42350.0000 36.0361 7.0267
42355.0000 36.0467 7.0275
42360.0000 36.0911 7.0444
42365.0000 35.9990 6.9446
42370.0000 35.9147 6.8852
42375.0000 35.8730 6.8678
42380.0000 35.9096 6.8850
42385.0000 35.8773 6.8917
42390.0000 35.8922 6.8991
42395.0000 35.8664 6.8987
42400.0000 35.8586 6.9013
42405.0000 35.8528 6.9036
42410.0000 35.9317 6.9448
42415.0000 35.9415 6.9438
42420.0000 35.9783 6.9668
42425.0000 36.0074 6.9939
42430.0000 36.0383 6.9939
42435.0000 36.0445 6.9923
42440.0000 36.0566 6.9853
42445.0000 36.1136 7.0904
42450.0000 36.1330 7.1273
42455.0000 36.0886 7.1338
42460.0000 36.0771 7.1388
42465.0000 36.0885 7.1712
42470.0000 36.0816 7.1752
42475.0000 36.1239 7.1976
42480.0000 36.1318 7.1965
42485.0000 36.0614 7.1216
42490.0000 35.9205 7.0341
42495.0000 35.8793 7.0002
42500.0000 35.8833 6.9987
42505.0000 35.8988 6.9970
42510.0000 35.9023 6.9961
42515.0000 35.9491 7.0078
42520.0000 36.0433 7.0954
42525.0000 36.0437 7.0974
42530.0000 36.0495 7.0977
42535.0000 36.0997 7.1423
42540.0000 36.1000 7.1316
42545.0000 36.1033 7.1325
42550.0000 36.0138 7.0362
42555.0000 36.0138 7.0362
42560.0000 35.9400 6.9476
42565.0000 35.9541 6.9698
42570.0000 35.9843 6.9970
42575.0000 35.9360 6.9540
42580.0000 35.9780 7.0093
42585.0000 35.9579 7.0112
42590.0000 35.9618 7.0126
42595.0000 35.9826 7.0318
42600.0000 35.9868 7.0303
42605.0000 35.9520 6.9874
42610.0000 35.8863 6.9389
42615.0000 35.9396 6.9562
42620.0000 35.9520 6.9425
42625.0000 35.8398 6.8666
42630.0000 35.8559 6.8966
42635.0000 35.8177 6.9006
42640.0000 35.8159 6.9037
42645.0000 35.7880 6.9056
42650.0000 35.7978 6.9370
42655.0000 35.8468 6.9916
42660.0000 35.8468 6.9916
42665.0000 35.8111 6.9521
42670.0000 35.7459 6.8879
42675.0000 35.7545 6.8863
42680.0000 35.8213 6.8962
42685.0000 35.7661 6.8487
42690.0000 35.7594 6.8469
42695.0000 35.7692 6.8747
42700.0000 35.7763 6.8769
42705.0000 35.7733 6.8820
42710.0000 35.7820 6.8838
42715.0000 35.7882 6.8851
42720.0000 35.8060 6.8873
42725.0000 35.8584 6.9237
42730.0000 35.9030 6.9545
42735.0000 35.9030 6.9545
42740.0000 35.9376 6.9930
42745.0000 35.9628 7.0274
42750.0000 35.9921 7.0732
42755.0000 35.9818 7.0739
42760.0000 35.9778 7.0755
42765.0000 35.9500 7.0816
42770.0000 35.9450 7.1009
42775.0000 35.9345 7.1043
42780.0000 35.9259 7.1074
42785.0000 35.9259 7.1074
42790.0000 35.3690 6.6792
42795.0000 35.2969 6.6144
42800.0000 35.2200 6.5233
42805.0000 35.1171 6.4666
42810.0000 35.1012 6.4843
42815.0000 35.0318 6.4863
42820.0000 34.9902 6.5021
42825.0000 34.9872 6.5492
42830.0000 34.9838 6.5543
42835.0000 35.0207 6.5611
42840.0000 35.0576 6.5779
42845.0000 35.0663 6.5800
42850.0000 35.0742 6.5809
42855.0000 35.0107 6.5382
42860.0000 34.9752 6.5033
42865.0000 34.8303 6.3917
42870.0000 34.8306 6.4112
42875.0000 34.7811 6.4106
42880.0000 34.8042 6.4329
42885.0000 34.7551 6.4411
42890.0000 34.7376 6.4483
42895.0000 34.8070 6.5019
42900.0000 34.9214 6.5683
42905.0000 34.9046 6.5422
42910.0000 34.8225 6.4845
42915.0000 34.8536 6.5035
42920.0000 34.9069 6.5289
42925.0000 34.9442 6.5387
42930.0000 35.0022 6.5629
42935.0000 35.0534 6.5936
42940.0000 35.0996 6.6319
42945.0000 35.1757 6.6693
42950.0000 35.2194 6.7173
42955.0000 35.2150 6.7191
42960.0000 35.2150 6.7191
42965.0000 35.2150 6.7191
42970.0000 35.2030 6.7167
42975.0000 35.2079 6.7177
42980.0000 35.2955 6.7945
42985.0000 35.3558 6.8791
42990.0000 35.3942 6.9065
42995.0000 35.3621 6.9107
43000.0000 35.3439 6.9150
43005.0000 35.3225 6.9189
43010.0000 35.3173 6.9203
43015.0000 35.2804 6.8680
43020.0000 35.2788 6.8686
43025.0000 35.2860 6.8637
43030.0000 35.1645 6.8105
43035.0000 35.1378 6.7873
43040.0000 35.0922 6.7322
43045.0000 35.0958 6.7318
43050.0000 35.0958 6.7318
43055.0000 35.0858 6.7328
43060.0000 35.1130 6.7508
43065.0000 35.1168 6.7583
43070.0000 35.2129 6.8689
43075.0000 35.3020 6.9500
43080.0000 35.3068 6.9475
43085.0000 35.3844 7.0060
43090.0000 35.2371 6.8696
43095.0000 35.2004 6.8283
43100.0000 35.1584 6.7930
43105.0000 35.0655 6.6939
43110.0000 35.0992 6.7363
43115.0000 35.0745 6.7340
43120.0000 35.1110 6.7624
43125.0000 35.0919 6.7696
43130.0000 35.0866 6.7738
43135.0000 35.1288 6.8151
43140.0000 35.1387 6.8147
43145.0000 34.9885 6.6783
43150.0000 34.6641 6.5034
43155.0000 34.6708 6.5049
43160.0000 34.6785 6.5066
43165.0000 34.6753 6.5026
43170.0000 34.6652 6.5009
43175.0000 34.6346 6.5002
43180.0000 34.6306 6.5015
43185.0000 34.6169 6.5035
43190.0000 34.5924 6.4517
43195.0000 34.7057 6.5070
43200.0000 34.7819 6.5565
