5.0000 0.0000 0.0000
10.0000 0.0000 0.0000
15.0000 0.0274 0.0001
20.0000 0.0318 0.0002
25.0000 0.0574 0.0003
30.0000 0.0640 0.0004
35.0000 0.0695 0.0005
40.0000 0.0886 0.0006
45.0000 0.0886 0.0006
50.0000 0.1131 0.0007
55.0000 0.1131 0.0007
60.0000 0.1395 0.0008
65.0000 0.1395 0.0008
70.0000 0.1792 0.0017
75.0000 0.1964 0.0017
80.0000 0.1964 0.0017
85.0000 0.2556 0.0030
90.0000 0.2556 0.0030
95.0000 0.2790 0.0032
100.0000 0.2790 0.0032
105.0000 0.2924 0.0032
110.0000 0.3075 0.0033
115.0000 0.3511 0.0043
120.0000 0.3650 0.0044
125.0000 0.4104 0.0061
130.0000 0.4533 0.0063
135.0000 0.5005 0.0077
140.0000 0.5213 0.0078
145.0000 0.5434 0.0080
150.0000 0.5561 0.0081
155.0000 0.5753 0.0083
160.0000 0.5840 0.0084
165.0000 0.6046 0.0087
170.0000 0.6254 0.0086
175.0000 0.6401 0.0088
180.0000 0.6823 0.0132
185.0000 0.6915 0.0132
190.0000 0.7077 0.0132
195.0000 0.7121 0.0132
200.0000 0.7232 0.0133
205.0000 0.7384 0.0136
210.0000 0.7514 0.0138
215.0000 0.7594 0.0139
220.0000 0.7931 0.0140
225.0000 0.8058 0.0140
230.0000 0.8687 0.0183
235.0000 0.8829 0.0182
240.0000 0.8870 0.0182
245.0000 0.9085 0.0185
250.0000 0.9085 0.0185
255.0000 0.9425 0.0187
260.0000 0.9862 0.0193
265.0000 1.0040 0.0198
270.0000 1.0244 0.0199
275.0000 1.0317 0.0199
280.0000 1.0967 0.0212
285.0000 1.0967 0.0212
290.0000 1.1222 0.0215
295.0000 1.1268 0.0214
300.0000 1.1451 0.0217
305.0000 1.1512 0.0217
310.0000 1.1631 0.0220
315.0000 1.1849 0.0224
320.0000 1.2083 0.0231
325.0000 1.2408 0.0237
330.0000 1.2408 0.0237
335.0000 1.2608 0.0240
340.0000 1.2642 0.0241
345.0000 1.2835 0.0241
350.0000 1.3029 0.0246
355.0000 1.3111 0.0245
360.0000 1.3766 0.0289
365.0000 1.4071 0.0333
370.0000 1.4671 0.0402
375.0000 1.4872 0.0400
380.0000 1.5757 0.0407
385.0000 1.5790 0.0406
390.0000 1.5986 0.0406
395.0000 1.6174 0.0411
400.0000 1.6251 0.0409
405.0000 1.6450 0.0412
410.0000 1.6450 0.0412
415.0000 1.6715 0.0418
420.0000 1.6715 0.0418
425.0000 1.6838 0.0421
430.0000 1.7011 0.0422
435.0000 1.7235 0.0426
440.0000 1.8319 0.0438
445.0000 1.8369 0.0440
450.0000 1.8489 0.0440
455.0000 1.9147 0.0444
460.0000 1.9888 0.0461
465.0000 1.9976 0.0460
470.0000 2.0152 0.0465
475.0000 2.1033 0.0500
480.0000 2.1495 0.0563
485.0000 2.1588 0.0562
490.0000 2.2007 0.0558
495.0000 2.2395 0.0556
500.0000 2.2518 0.0555
505.0000 2.2791 0.0555
510.0000 2.2917 0.0553
515.0000 2.3314 0.0567
520.0000 2.3495 0.0570
525.0000 2.3581 0.0570
530.0000 2.3746 0.0573
535.0000 2.3812 0.0574
540.0000 2.3930 0.0579
545.0000 2.4659 0.0567
550.0000 2.4709 0.0572
555.0000 2.5178 0.0580
560.0000 2.5784 0.0632
565.0000 2.5911 0.0633
570.0000 2.6023 0.0635
575.0000 2.6102 0.0636
580.0000 2.6994 0.0694
585.0000 2.7290 0.0695
590.0000 2.8171 0.0739
595.0000 2.8409 0.0741
600.0000 2.8600 0.0741
605.0000 2.9744 0.0889
610.0000 2.9972 0.0894
615.0000 3.0055 0.0895
620.0000 3.0625 0.0939
625.0000 3.1031 0.0994
630.0000 3.1721 0.1048
635.0000 3.1945 0.1045
640.0000 3.2574 0.1117
645.0000 3.3067 0.1124
650.0000 3.3793 0.1292
655.0000 3.4727 0.1483
660.0000 3.4862 0.1480
665.0000 3.5635 0.1666
670.0000 3.5718 0.1665
675.0000 3.6323 0.1800
680.0000 3.6522 0.1803
685.0000 3.7215 0.1944
690.0000 3.7294 0.1943
695.0000 3.7361 0.1943
700.0000 3.7607 0.1944
705.0000 3.7671 0.1943
710.0000 3.7991 0.1942
715.0000 3.8356 0.1928
720.0000 3.8563 0.1933
725.0000 3.8906 0.2027
730.0000 3.9757 0.2062
735.0000 4.1063 0.2355
740.0000 4.1063 0.2355
745.0000 4.1594 0.2450
750.0000 4.2370 0.2718
755.0000 4.2633 0.2718
760.0000 4.3248 0.2734
765.0000 4.3728 0.2845
770.0000 4.3776 0.2846
775.0000 4.3967 0.2845
780.0000 4.4395 0.2848
785.0000 4.4629 0.2849
790.0000 4.5123 0.2884
795.0000 4.5225 0.2881
800.0000 4.5838 0.2854
805.0000 4.6662 0.2857
810.0000 4.7556 0.2834
815.0000 4.7789 0.2845
820.0000 4.8058 0.2836
825.0000 4.8284 0.2835
830.0000 4.8411 0.2833
835.0000 4.8662 0.2827
840.0000 4.9057 0.2946
845.0000 4.9467 0.3068
850.0000 4.9998 0.3185
855.0000 5.0333 0.3305
860.0000 5.0438 0.3306
865.0000 5.0935 0.3444
870.0000 5.1434 0.3639
875.0000 5.2368 0.3884
880.0000 5.2791 0.3877
885.0000 5.2851 0.3875
890.0000 5.3053 0.3874
895.0000 5.3342 0.3868
900.0000 5.3621 0.3861
905.0000 5.3664 0.3857
910.0000 5.3928 0.3852
915.0000 5.4044 0.3849
920.0000 5.4150 0.3848
925.0000 5.4225 0.3847
930.0000 5.4595 0.3884
935.0000 5.4789 0.3884
940.0000 5.5334 0.3852
945.0000 5.6004 0.3899
950.0000 5.6652 0.3965
955.0000 5.7603 0.4095
960.0000 5.7776 0.4090
965.0000 5.7993 0.4094
970.0000 5.8318 0.4147
975.0000 5.9133 0.4348
980.0000 5.9424 0.4342
985.0000 6.0142 0.4426
990.0000 6.0285 0.4421
995.0000 6.0577 0.4426
1000.0000 6.0748 0.4429
1005.0000 6.1499 0.4431
1010.0000 6.1790 0.4428
1015.0000 6.1948 0.4422
1020.0000 6.2084 0.4424
1025.0000 6.2237 0.4422
1030.0000 6.2281 0.4421
1035.0000 6.2870 0.4437
1040.0000 6.3047 0.4431
1045.0000 6.3159 0.4431
1050.0000 6.3280 0.4432
1055.0000 6.3367 0.4430
1060.0000 6.3462 0.4426
1065.0000 6.4936 0.4925
1070.0000 6.5345 0.5124
1075.0000 6.6040 0.5518
1080.0000 6.6107 0.5516
1085.0000 6.6803 0.5526
1090.0000 6.7331 0.5574
1095.0000 6.7633 0.5544
1100.0000 6.7787 0.5549
1105.0000 6.7884 0.5548
1110.0000 6.8022 0.5547
1115.0000 6.8711 0.5648
1120.0000 6.8781 0.5645
1125.0000 6.9185 0.5642
1130.0000 6.9292 0.5641
1135.0000 6.9553 0.5645
1140.0000 6.9579 0.5644
1145.0000 7.0323 0.5785
1150.0000 7.0541 0.5774
1155.0000 7.0752 0.5770
1160.0000 7.1140 0.5771
1165.0000 7.1343 0.5773
1170.0000 7.1603 0.5780
1175.0000 7.1759 0.5767
1180.0000 7.2015 0.5750
1185.0000 7.2358 0.5730
1190.0000 7.2561 0.5728
1195.0000 7.3052 0.5725
1200.0000 7.3164 0.5726
1205.0000 7.3510 0.5718
1210.0000 7.4624 0.5997
1215.0000 7.5301 0.6147
1220.0000 7.5990 0.6143
1225.0000 7.6501 0.6231
1230.0000 7.6692 0.6219
1235.0000 7.6973 0.6212
1240.0000 7.7417 0.6320
1245.0000 7.8449 0.6521
1250.0000 7.9281 0.6987
1255.0000 7.9426 0.6989
1260.0000 7.9608 0.6984
1265.0000 7.9899 0.6981
1270.0000 8.0391 0.7111
1275.0000 8.0939 0.7478
1280.0000 8.1178 0.7473
1285.0000 8.1559 0.7447
1290.0000 8.2033 0.7924
1295.0000 8.2319 0.7914
1300.0000 8.2360 0.7911
1305.0000 8.2491 0.7910
1310.0000 8.2727 0.7898
1315.0000 8.3755 0.7992
1320.0000 8.4393 0.8068
1325.0000 8.4446 0.8067
1330.0000 8.4484 0.8065
1335.0000 8.4706 0.8045
1340.0000 8.5232 0.8043
1345.0000 8.5356 0.8042
1350.0000 8.5859 0.8523
1355.0000 8.6115 0.8516
1360.0000 8.6209 0.8522
1365.0000 8.6670 0.8507
1370.0000 8.6840 0.8509
1375.0000 8.7313 0.8574
1380.0000 8.7459 0.8572
1385.0000 8.8074 0.8549
1390.0000 8.8385 0.8548
1395.0000 8.8784 0.8537
1400.0000 8.9314 0.8501
1405.0000 9.0316 0.8485
1410.0000 9.0832 0.8541
1415.0000 9.1933 0.8594
1420.0000 9.2845 0.8910
1425.0000 9.3871 0.9130
1430.0000 9.4423 0.9310
1435.0000 9.5049 0.9302
1440.0000 9.5381 0.9294
1445.0000 9.6141 0.9419
1450.0000 9.6340 0.9417
1455.0000 9.6475 0.9415
1460.0000 9.6745 0.9412
1465.0000 9.6902 0.9403
1470.0000 9.7478 0.9411
1475.0000 9.7671 0.9415
1480.0000 9.7919 0.9409
1485.0000 9.8125 0.9420
1490.0000 9.8719 0.9433
1495.0000 9.9077 0.9421
1500.0000 9.9309 0.9415
1505.0000 9.9614 0.9407
1510.0000 9.9797 0.9399
1515.0000 10.0076 0.9390
1520.0000 10.0358 0.9384
1525.0000 10.0589 0.9387
1530.0000 10.1188 0.9339
1535.0000 10.1557 0.9356
1540.0000 10.1875 0.9375
1545.0000 10.2549 0.9385
1550.0000 10.3043 0.9394
1555.0000 10.3265 0.9396
1560.0000 10.3443 0.9389
1565.0000 10.3741 0.9380
1570.0000 10.3885 0.9370
1575.0000 10.4165 0.9358
1580.0000 10.4270 0.9356
1585.0000 10.4424 0.9351
1590.0000 10.5057 0.9780
1595.0000 10.5151 0.9781
1600.0000 10.5359 0.9779
1605.0000 10.5359 0.9779
1610.0000 10.5880 0.9746
1615.0000 10.6048 0.9735
1620.0000 10.6467 0.9721
1625.0000 10.6594 0.9723
1630.0000 10.7278 0.9736
1635.0000 10.7669 0.9769
1640.0000 10.7908 0.9766
1645.0000 10.8110 0.9776
1650.0000 10.8976 0.9739
1655.0000 11.0076 0.9747
1660.0000 11.0416 0.9735
1665.0000 11.0592 0.9731
1670.0000 11.0789 0.9723
1675.0000 11.1608 0.9703
1680.0000 11.2563 0.9882
1685.0000 11.3676 1.0490
1690.0000 11.4533 1.0776
1695.0000 11.5491 1.1446
1700.0000 11.5710 1.1440
1705.0000 11.6331 1.1492
1710.0000 11.6649 1.1483
1715.0000 11.6912 1.1476
1720.0000 11.7112 1.1475
1725.0000 11.7565 1.1437
1730.0000 11.8326 1.1479
1735.0000 11.8845 1.1529
1740.0000 11.9015 1.1518
1745.0000 11.9238 1.1524
1750.0000 11.9492 1.1508
1755.0000 12.0113 1.1882
1760.0000 12.0256 1.1875
1765.0000 12.0696 1.1875
1770.0000 12.1319 1.1932
1775.0000 12.1863 1.1930
1780.0000 12.2607 1.1974
1785.0000 12.3051 1.1952
1790.0000 12.3789 1.1985
1795.0000 12.4147 1.2013
1800.0000 12.4525 1.2037
1805.0000 12.5222 1.2152
1810.0000 12.5355 1.2172
1815.0000 12.5649 1.2180
1820.0000 12.5751 1.2188
1825.0000 12.6059 1.2200
1830.0000 12.6171 1.2195
1835.0000 12.6436 1.2184
1840.0000 12.6625 1.2183
1845.0000 12.6837 1.2190
1850.0000 12.7841 1.2456
1855.0000 12.8964 1.2752
1860.0000 13.0358 1.3516
1865.0000 13.0635 1.3504
1870.0000 13.0998 1.3519
1875.0000 13.1279 1.3514
1880.0000 13.2425 1.3551
1885.0000 13.2860 1.3545
1890.0000 13.3298 1.3535
1895.0000 13.3936 1.3546
1900.0000 13.4494 1.3553
1905.0000 13.4938 1.3572
1910.0000 13.5917 1.3536
1915.0000 13.6555 1.3662
1920.0000 13.6894 1.3663
1925.0000 13.7435 1.3632
1930.0000 13.7733 1.3636
1935.0000 13.8353 1.3756
1940.0000 13.8691 1.3768
1945.0000 13.9690 1.3928
1950.0000 14.0127 1.3964
1955.0000 14.0234 1.3979
1960.0000 14.0267 1.3973
1965.0000 14.0769 1.4006
1970.0000 14.1287 1.4054
1975.0000 14.1571 1.4044
1980.0000 14.1725 1.4029
1985.0000 14.1863 1.4021
1990.0000 14.2103 1.4024
1995.0000 14.2147 1.4023
2000.0000 14.2429 1.4023
2005.0000 14.2510 1.4017
2010.0000 14.2773 1.4008
2015.0000 14.3213 1.4017
2020.0000 14.3548 1.3989
2025.0000 14.3710 1.3982
2030.0000 14.3934 1.3980
2035.0000 14.4218 1.3967
2040.0000 14.4409 1.3964
2045.0000 14.4827 1.3951
2050.0000 14.5132 1.3920
2055.0000 14.5500 1.3892
2060.0000 14.5791 1.3861
2065.0000 14.6914 1.4397
2070.0000 14.7885 1.4584
2075.0000 14.9085 1.4808
2080.0000 14.9426 1.4774
2085.0000 14.9745 1.4778
2090.0000 15.0194 1.4842
2095.0000 15.0447 1.4833
2100.0000 15.0929 1.4933
2105.0000 15.1737 1.5005
2110.0000 15.2802 1.5165
2115.0000 15.3585 1.5328
2120.0000 15.4258 1.5508
2125.0000 15.4339 1.5497
2130.0000 15.4569 1.5498
2135.0000 15.4775 1.5495
2140.0000 15.5458 1.5586
2145.0000 15.6254 1.5786
2150.0000 15.7294 1.6019
2155.0000 15.7433 1.6019
2160.0000 15.7867 1.6175
2165.0000 15.8057 1.6177
2170.0000 15.8747 1.6244
2175.0000 15.8953 1.6242
2180.0000 15.9470 1.6330
2185.0000 15.9619 1.6335
2190.0000 16.0282 1.6500
2195.0000 16.0480 1.6518
2200.0000 16.0748 1.6515
2205.0000 16.1409 1.6516
2210.0000 16.1871 1.6510
2215.0000 16.2101 1.6538
2220.0000 16.2954 1.6358
2225.0000 16.3116 1.6361
2230.0000 16.3209 1.6367
2235.0000 16.3518 1.6372
2240.0000 16.3738 1.6397
2245.0000 16.4042 1.6396
2250.0000 16.4313 1.6376
2255.0000 16.4573 1.6361
2260.0000 16.5179 1.6457
2265.0000 16.5353 1.6435
2270.0000 16.5543 1.6446
2275.0000 16.5664 1.6446
2280.0000 16.6271 1.6877
2285.0000 16.6665 1.7216
2290.0000 16.7668 1.7464
2295.0000 16.8217 1.7607
2300.0000 16.9356 1.8068
2305.0000 17.0000 1.8297
2310.0000 17.0160 1.8290
2315.0000 17.0491 1.8286
2320.0000 17.0711 1.8314
2325.0000 17.0884 1.8302
2330.0000 17.1735 1.8630
2335.0000 17.2542 1.8966
2340.0000 17.2977 1.9159
2345.0000 17.3454 1.9091
2350.0000 17.3703 1.9085
2355.0000 17.3942 1.9091
2360.0000 17.4201 1.9076
2365.0000 17.5260 1.9052
2370.0000 17.5870 1.9063
2375.0000 17.6063 1.9060
2380.0000 17.6683 1.9198
2385.0000 17.6814 1.9195
2390.0000 17.7009 1.9222
2395.0000 17.7205 1.9225
2400.0000 17.7643 1.9245
2405.0000 17.7824 1.9241
2410.0000 17.8310 1.9283
2415.0000 17.8904 1.9263
2420.0000 18.0564 1.9413
2425.0000 18.1088 1.9429
2430.0000 18.2239 1.9594
2435.0000 18.2988 1.9687
2440.0000 18.3719 1.9863
2445.0000 18.4469 1.9873
2450.0000 18.5030 2.0001
2455.0000 18.5291 2.0019
2460.0000 18.5462 2.0038
2465.0000 18.5575 2.0028
2470.0000 18.5946 2.0038
2475.0000 18.6342 2.0244
2480.0000 18.6967 2.0451
2485.0000 18.7107 2.0460
2490.0000 18.7513 2.0483
2495.0000 18.7656 2.0471
2500.0000 18.7864 2.0477
2505.0000 18.8405 2.0533
2510.0000 18.8776 2.0878
2515.0000 18.8776 2.0878
2520.0000 18.9910 2.1179
2525.0000 19.0248 2.1121
2530.0000 19.0443 2.1112
2535.0000 19.0816 2.1155
2540.0000 19.0927 2.1145
2545.0000 19.1352 2.1289
2550.0000 19.1352 2.1289
2555.0000 19.1914 2.1440
2560.0000 19.1914 2.1440
2565.0000 19.2530 2.1429
2570.0000 19.2694 2.1420
2575.0000 19.3356 2.1450
2580.0000 19.3635 2.1426
2585.0000 19.3731 2.1425
2590.0000 19.4332 2.1824
2595.0000 19.4548 2.1822
2600.0000 19.4792 2.1811
2605.0000 19.5666 2.2342
2610.0000 19.6418 2.2784
2615.0000 19.6596 2.2796
2620.0000 19.6897 2.2823
2625.0000 19.7197 2.2799
2630.0000 19.7670 2.2965
2635.0000 19.8360 2.3024
2640.0000 19.8667 2.3020
2645.0000 19.9137 2.3142
2650.0000 19.9958 2.3247
2655.0000 20.0567 2.3140
2660.0000 20.1139 2.3193
2665.0000 20.1956 2.3328
2670.0000 20.2193 2.3309
2675.0000 20.2278 2.3296
2680.0000 20.2424 2.3312
2685.0000 20.2780 2.3450
2690.0000 20.2864 2.3439
2695.0000 20.3018 2.3430
2700.0000 20.3231 2.3413
2705.0000 20.3656 2.3400
2710.0000 20.4273 2.3590
2715.0000 20.4479 2.3566
2720.0000 20.4755 2.3539
2725.0000 20.4942 2.3524
2730.0000 20.5793 2.3696
2735.0000 20.7019 2.4160
2740.0000 20.7114 2.4154
2745.0000 20.7293 2.4135
2750.0000 20.7529 2.4137
2755.0000 20.8673 2.4202
2760.0000 20.9568 2.4406
2765.0000 20.9734 2.4383
2770.0000 20.9881 2.4372
2775.0000 20.9970 2.4377
2780.0000 21.0090 2.4362
2785.0000 21.0724 2.4664
2790.0000 21.0925 2.4656
2795.0000 21.1759 2.5028
2800.0000 21.1978 2.5029
2805.0000 21.2122 2.5027
2810.0000 21.2322 2.5010
2815.0000 21.2514 2.5043
2820.0000 21.2679 2.5032
2825.0000 21.2861 2.5021
2830.0000 21.3678 2.5287
2835.0000 21.3830 2.5266
2840.0000 21.3937 2.5266
2845.0000 21.4239 2.5221
2850.0000 21.4292 2.5219
2855.0000 21.4485 2.5209
2860.0000 21.4935 2.5701
2865.0000 21.6148 2.6171
2870.0000 21.6745 2.6461
2875.0000 21.6917 2.6473
2880.0000 21.7352 2.6502
2885.0000 21.7480 2.6479
2890.0000 21.7685 2.6465
2895.0000 21.7780 2.6454
2900.0000 21.7888 2.6469
2905.0000 21.8614 2.6523
2910.0000 21.9040 2.6513
2915.0000 21.9201 2.6502
2920.0000 21.9359 2.6489
2925.0000 21.9691 2.6505
2930.0000 22.0238 2.6498
2935.0000 22.0424 2.6482
2940.0000 22.1264 2.6551
2945.0000 22.2163 2.6450
2950.0000 22.2636 2.6650
2955.0000 22.2772 2.6631
2960.0000 22.3287 2.6662
2965.0000 22.3465 2.6624
2970.0000 22.3680 2.6595
2975.0000 22.4161 2.6596
2980.0000 22.4341 2.6577
2985.0000 22.4341 2.6577
2990.0000 22.4572 2.6549
2995.0000 22.5469 2.6686
3000.0000 22.5963 2.6727
3005.0000 22.6602 2.6804
3010.0000 22.6849 2.6844
3015.0000 22.7090 2.6843
3020.0000 22.7339 2.6915
3025.0000 22.7709 2.6932
3030.0000 22.7802 2.6954
3035.0000 22.8404 2.7074
3040.0000 22.8848 2.7196
3045.0000 22.9106 2.7222
3050.0000 22.9394 2.7202
3055.0000 22.9994 2.7318
3060.0000 23.0268 2.7316
3065.0000 23.0760 2.7452
3070.0000 23.0992 2.7450
3075.0000 23.1159 2.7420
3080.0000 23.1759 2.7460
3085.0000 23.2053 2.7410
3090.0000 23.2209 2.7417
3095.0000 23.2420 2.7391
3100.0000 23.2569 2.7379
3105.0000 23.4125 2.7904
3110.0000 23.4310 2.7887
3115.0000 23.4447 2.7870
3120.0000 23.4599 2.7856
3125.0000 23.4703 2.7851
3130.0000 23.5227 2.7911
3135.0000 23.5601 2.7976
3140.0000 23.6015 2.8062
3145.0000 23.6530 2.8155
3150.0000 23.6567 2.8145
3155.0000 23.6867 2.8124
3160.0000 23.6979 2.8117
3165.0000 23.7091 2.8101
3170.0000 23.7245 2.8076
3175.0000 23.7611 2.8329
3180.0000 23.7702 2.8311
3185.0000 23.7799 2.8313
3190.0000 23.7993 2.8281
3195.0000 23.8994 2.8803
3200.0000 23.9049 2.8795
3205.0000 23.9529 2.8937
3210.0000 23.9647 2.8933
3215.0000 24.0414 2.9161
3220.0000 24.1143 2.9480
3225.0000 24.1553 2.9686
3230.0000 24.1723 2.9689
3235.0000 24.1863 2.9692
3240.0000 24.2886 2.9942
3245.0000 24.3073 2.9962
3250.0000 24.3778 2.9877
3255.0000 24.3940 2.9919
3260.0000 24.4784 2.9957
3265.0000 24.5075 2.9987
3270.0000 24.5655 3.0137
3275.0000 24.6139 3.0183
3280.0000 24.6443 3.0251
3285.0000 24.6870 3.0281
3290.0000 24.7160 3.0321
3295.0000 24.7875 3.0543
3300.0000 24.9098 3.0964
3305.0000 24.9600 3.1099
3310.0000 24.9637 3.1095
3315.0000 24.9758 3.1074
3320.0000 25.0737 3.1319
3325.0000 25.0890 3.1309
3330.0000 25.2077 3.1924
3335.0000 25.2245 3.1925
3340.0000 25.2429 3.1924
3345.0000 25.3440 3.1875
3350.0000 25.3506 3.1861
3355.0000 25.3630 3.1856
3360.0000 25.3765 3.1843
3365.0000 25.4164 3.1966
3370.0000 25.5097 3.2327
3375.0000 25.5234 3.2303
3380.0000 25.5485 3.2262
3385.0000 25.5618 3.2247
3390.0000 25.5728 3.2230
3395.0000 25.6186 3.2403
3400.0000 25.6731 3.2571
3405.0000 25.7954 3.2848
3410.0000 25.8333 3.3031
3415.0000 25.8704 3.3125
3420.0000 25.8833 3.3097
3425.0000 25.8885 3.3091
3430.0000 25.9671 3.3235
3435.0000 26.0015 3.3464
3440.0000 26.0477 3.3463
3445.0000 26.0835 3.3579
3450.0000 26.0964 3.3558
3455.0000 26.1672 3.3795
3460.0000 26.1803 3.3816
3465.0000 26.2463 3.3808
3470.0000 26.2561 3.3799
3475.0000 26.2972 3.3892
3480.0000 26.3617 3.4089
3485.0000 26.4392 3.4117
3490.0000 26.5240 3.4446
3495.0000 26.6469 3.4874
3500.0000 26.7368 3.5241
3505.0000 26.8071 3.5541
3510.0000 26.8951 3.6001
3515.0000 26.9416 3.6267
3520.0000 26.9785 3.6464
3525.0000 27.0069 3.6471
3530.0000 27.0628 3.6895
3535.0000 27.1525 3.7535
3540.0000 27.1716 3.7552
3545.0000 27.2053 3.7581
3550.0000 27.2243 3.7630
3555.0000 27.2413 3.7673
3560.0000 27.2592 3.7675
3565.0000 27.2944 3.7727
3570.0000 27.3150 3.7684
3575.0000 27.3251 3.7668
3580.0000 27.3522 3.7614
3585.0000 27.3568 3.7598
3590.0000 27.3859 3.7571
3595.0000 27.4013 3.7534
3600.0000 27.4481 3.7679
3605.0000 27.4914 3.7650
3610.0000 27.5025 3.7643
3615.0000 27.5101 3.7632
3620.0000 27.5320 3.7635
3625.0000 27.6138 3.8009
3630.0000 27.6671 3.8116
3635.0000 27.6809 3.8115
3640.0000 27.7045 3.8076
3645.0000 27.7230 3.8095
3650.0000 27.7484 3.8074
3655.0000 27.7883 3.8024
3660.0000 27.8160 3.7986
3665.0000 27.9485 3.8199
3670.0000 28.0018 3.8419
3675.0000 28.0479 3.8403
3680.0000 28.0689 3.8402
3685.0000 28.1123 3.8401
3690.0000 28.2033 3.8634
3695.0000 28.2487 3.8833
3700.0000 28.2697 3.8808
3705.0000 28.3301 3.8798
3710.0000 28.3586 3.8772
3715.0000 28.3942 3.8751
3720.0000 28.4109 3.8780
3725.0000 28.4330 3.8763
3730.0000 28.4728 3.9010
3735.0000 28.4888 3.8997
3740.0000 28.5130 3.8944
3745.0000 28.5444 3.8932
3750.0000 28.6424 3.9387
3755.0000 28.7027 3.9632
3760.0000 28.7291 3.9570
3765.0000 28.7605 3.9520
3770.0000 28.8156 3.9701
3775.0000 28.8430 3.9659
3780.0000 28.8698 3.9594
3785.0000 28.9090 3.9688
3790.0000 28.9382 3.9650
3795.0000 28.9562 3.9644
3800.0000 28.9799 3.9613
3805.0000 28.9877 3.9603
3810.0000 29.0498 3.9675
3815.0000 29.0595 3.9663
3820.0000 29.0987 3.9942
3825.0000 29.1521 4.0259
3830.0000 29.2064 4.0552
3835.0000 29.2245 4.0524
3840.0000 29.2476 4.0518
3845.0000 29.3396 4.1158
3850.0000 29.3486 4.1140
3855.0000 29.4014 4.1342
3860.0000 29.4076 4.1327
3865.0000 29.4283 4.1319
3870.0000 29.4436 4.1287
3875.0000 29.4652 4.1283
3880.0000 29.5547 4.1786
3885.0000 29.5720 4.1775
3890.0000 29.6361 4.2259
3895.0000 29.6568 4.2229
3900.0000 29.7087 4.2577
3905.0000 29.7590 4.2746
3910.0000 29.8252 4.3104
3915.0000 29.9271 4.3630
3920.0000 29.9884 4.4049
3925.0000 30.1275 4.4961
3930.0000 30.2135 4.5071
3935.0000 30.3519 4.6225
3940.0000 30.5037 4.7025
3945.0000 30.5853 4.7438
3950.0000 30.6044 4.7414
3955.0000 30.6168 4.7404
3960.0000 30.6343 4.7408
3965.0000 30.6700 4.7365
3970.0000 30.7066 4.7344
3975.0000 30.7175 4.7329
3980.0000 30.7901 4.7479
3985.0000 30.8100 4.7426
3990.0000 30.8367 4.7390
3995.0000 30.8857 4.7786
4000.0000 30.9467 4.7962
4005.0000 30.9652 4.7952
4010.0000 30.9892 4.7872
4015.0000 31.0872 4.8406
4020.0000 31.1185 4.8399
4025.0000 31.1280 4.8400
4030.0000 31.1478 4.8371
4035.0000 31.1633 4.8514
4040.0000 31.1673 4.8503
4045.0000 31.2467 4.8686
4050.0000 31.3070 4.8983
4055.0000 31.3979 4.9291
4060.0000 31.4644 4.9682
4065.0000 31.5239 4.9615
4070.0000 31.5837 4.9965
4075.0000 31.6043 4.9943
4080.0000 31.6360 4.9930
4085.0000 31.6488 4.9923
4090.0000 31.6737 4.9899
4095.0000 31.6881 4.9892
4100.0000 31.7069 4.9888
4105.0000 31.7340 4.9864
4110.0000 31.7513 4.9835
4115.0000 31.8247 4.9906
4120.0000 31.8785 5.0029
4125.0000 31.8827 4.9639
4130.0000 31.9515 4.9883
4135.0000 32.0608 5.0669
4140.0000 32.1160 5.0837
4145.0000 32.1248 5.0841
4150.0000 32.1534 5.0840
4155.0000 32.2040 5.1096
4160.0000 32.2431 5.1076
4165.0000 32.2641 5.1043
4170.0000 32.2882 5.1020
4175.0000 32.2839 5.0693
4180.0000 32.3312 5.1204
4185.0000 32.4009 5.1420
4190.0000 32.4541 5.2033
4195.0000 32.5107 5.2069
4200.0000 32.5192 5.2091
4205.0000 32.6043 5.2452
4210.0000 32.6264 5.2429
4215.0000 32.6400 5.2411
4220.0000 32.6625 5.2411
4225.0000 32.7578 5.3228
4230.0000 32.7943 5.3199
4235.0000 32.7787 5.2892
4240.0000 32.8367 5.3023
4245.0000 32.8243 5.2693
4250.0000 32.8855 5.2844
4255.0000 32.8985 5.2820
4260.0000 32.9168 5.2789
4265.0000 32.9938 5.3351
4270.0000 33.0241 5.3317
4275.0000 33.0818 5.3261
4280.0000 33.1407 5.3448
4285.0000 33.1840 5.3491
4290.0000 33.2369 5.3575
4295.0000 33.2512 5.3572
4300.0000 33.2077 5.2829
4305.0000 33.2189 5.2852
4310.0000 33.3084 5.3411
4315.0000 33.4037 5.3759
4320.0000 33.4228 5.3755
4325.0000 33.4431 5.3738
4330.0000 33.4952 5.4034
4335.0000 33.5181 5.4005
4340.0000 33.5827 5.4512
4345.0000 33.6386 5.5079
4350.0000 33.5795 5.4132
4355.0000 33.6900 5.4907
4360.0000 33.7806 5.5439
4365.0000 33.7985 5.5420
4370.0000 33.8169 5.5387
4375.0000 33.8354 5.5385
4380.0000 33.8877 5.5796
4385.0000 33.9140 5.5788
4390.0000 33.9679 5.6151
4395.0000 33.9839 5.6125
4400.0000 34.0647 5.6793
4405.0000 34.1660 5.6840
4410.0000 34.1241 5.5963
4415.0000 34.1593 5.5949
4420.0000 34.1736 5.5972
4425.0000 34.1740 5.5842
4430.0000 34.2029 5.5869
4435.0000 34.2166 5.5896
4440.0000 34.2499 5.5923
4445.0000 34.2635 5.5962
4450.0000 34.2850 5.5953
4455.0000 34.3306 5.6235
4460.0000 34.3487 5.6237
4465.0000 34.5081 5.6853
4470.0000 34.5803 5.7265
4475.0000 34.6872 5.7520
4480.0000 34.7470 5.7739
4485.0000 34.8037 5.7976
4490.0000 34.8369 5.8114
4495.0000 34.8628 5.8144
4500.0000 34.9693 5.8960
4505.0000 34.9934 5.8975
4510.0000 35.0346 5.9040
4515.0000 35.0138 5.8524
4520.0000 35.0460 5.8568
4525.0000 35.0829 5.8784
4530.0000 35.1156 5.8773
4535.0000 35.1769 5.8895
4540.0000 35.2083 5.8847
4545.0000 35.2252 5.8792
4550.0000 35.2410 5.8344
4555.0000 35.2842 5.8163
4560.0000 35.3049 5.8119
4565.0000 35.3837 5.8438
4570.0000 35.4312 5.8193
4575.0000 35.5232 5.8664
4580.0000 35.5391 5.8629
4585.0000 35.5593 5.8607
4590.0000 35.5977 5.8706
4595.0000 35.6167 5.8676
4600.0000 35.6413 5.8636
4605.0000 35.7540 5.9319
4610.0000 35.8204 5.9830
4615.0000 35.8722 6.0199
4620.0000 35.8877 6.0184
4625.0000 35.9539 6.0391
4630.0000 35.9663 6.0402
4635.0000 35.9819 6.0362
4640.0000 36.0160 6.0786
4645.0000 36.0346 6.0786
4650.0000 36.0433 6.0762
4655.0000 36.1119 6.0924
4660.0000 36.1335 6.0930
4665.0000 36.1367 6.0920
4670.0000 36.0950 6.0130
4675.0000 36.1563 6.0570
4680.0000 36.2827 6.1661
4685.0000 36.2591 6.1238
4690.0000 36.2760 6.1204
4695.0000 36.3414 6.1733
4700.0000 36.3965 6.1970
4705.0000 36.4264 6.1948
4710.0000 36.4365 6.1924
4715.0000 36.5140 6.1843
4720.0000 36.6276 6.2446
4725.0000 36.6492 6.2343
4730.0000 36.6260 6.1954
4735.0000 36.7095 6.2207
4740.0000 36.6586 6.1466
4745.0000 36.6962 6.1762
4750.0000 36.7133 6.1809
4755.0000 36.7418 6.1868
4760.0000 36.8217 6.2364
4765.0000 36.8315 6.2341
4770.0000 36.8952 6.2370
4775.0000 36.9376 6.2411
4780.0000 36.9557 6.2398
4785.0000 36.9818 6.2396
4790.0000 37.0090 6.2370
4795.0000 37.0328 6.2377
4800.0000 37.0574 6.2358
4805.0000 37.0681 6.2349
4810.0000 37.0853 6.2275
4815.0000 37.0978 6.2258
4820.0000 37.0986 6.2000
4825.0000 37.1067 6.1990
4830.0000 37.1128 6.1992
4835.0000 37.1218 6.1977
4840.0000 37.1428 6.1988
4845.0000 37.1913 6.2450
4850.0000 37.2041 6.2412
4855.0000 37.2930 6.2891
4860.0000 37.3156 6.2804
4865.0000 37.3395 6.2769
4870.0000 37.3686 6.2719
4875.0000 37.4104 6.2845
4880.0000 37.4337 6.2873
4885.0000 37.4654 6.2923
4890.0000 37.4980 6.3182
4895.0000 37.4904 6.2880
4900.0000 37.5082 6.2925
4905.0000 37.5849 6.3395
4910.0000 37.5925 6.3101
4915.0000 37.6211 6.3098
4920.0000 37.6615 6.3159
4925.0000 37.6942 6.3145
4930.0000 37.7253 6.3196
4935.0000 37.7734 6.3285
4940.0000 37.8287 6.3354
4945.0000 37.8975 6.3587
4950.0000 37.9450 6.3637
4955.0000 37.9792 6.3595
4960.0000 38.0117 6.3586
4965.0000 38.1381 6.4135
4970.0000 38.1702 6.4099
4975.0000 38.1932 6.4046
4980.0000 38.2448 6.4009
4985.0000 38.2863 6.3947
4990.0000 38.3514 6.4279
4995.0000 38.3789 6.4267
5000.0000 38.3885 6.4254
5005.0000 38.4001 6.3856
5010.0000 38.4127 6.3845
5015.0000 38.4214 6.3830
5020.0000 38.5201 6.4337
5025.0000 38.5334 6.4321
5030.0000 38.5742 6.4456
5035.0000 38.6133 6.4476
5040.0000 38.6446 6.4440
5045.0000 38.6621 6.4513
5050.0000 38.7378 6.4710
5055.0000 38.8070 6.4788
5060.0000 38.8197 6.4770
5065.0000 38.9084 6.4928
5070.0000 38.9703 6.5186
5075.0000 38.9950 6.5157
5080.0000 39.0001 6.5160
5085.0000 39.0194 6.5126
5090.0000 39.0275 6.5122
5095.0000 39.0434 6.5094
5100.0000 39.0610 6.5091
5105.0000 39.0709 6.5060
5110.0000 39.1077 6.4981
5115.0000 39.1582 6.5158
5120.0000 39.2256 6.5280
5125.0000 39.2337 6.5277
5130.0000 39.2547 6.5267
5135.0000 39.2737 6.5237
5140.0000 39.2646 6.4828
5145.0000 39.2774 6.4819
5150.0000 39.2926 6.4830
5155.0000 39.3925 6.5299
5160.0000 39.5100 6.6085
5165.0000 39.5684 6.6514
5170.0000 39.5816 6.6528
5175.0000 39.6317 6.6594
5180.0000 39.6858 6.6829
5185.0000 39.7613 6.7129
5190.0000 39.8500 6.7393
5195.0000 39.9257 6.7767
5200.0000 39.9759 6.7936
5205.0000 40.0537 6.8425
5210.0000 40.1086 6.8761
5215.0000 40.1086 6.8761
5220.0000 40.1431 6.8750
5225.0000 40.1528 6.8763
5230.0000 40.1780 6.8752
5235.0000 40.2070 6.8681
5240.0000 40.2324 6.8654
5245.0000 40.2450 6.8627
5250.0000 40.2612 6.8615
5255.0000 40.2686 6.8529
5260.0000 40.2901 6.8591
5265.0000 40.3145 6.8512
5270.0000 40.3241 6.8484
5275.0000 40.3408 6.8500
5280.0000 40.3855 6.8849
5285.0000 40.4489 6.9100
5290.0000 40.4879 6.9367
5295.0000 40.5142 6.9304
5300.0000 40.5330 6.9260
5305.0000 40.5092 6.8931
5310.0000 40.5437 6.8887
5315.0000 40.5868 6.9062
5320.0000 40.6323 6.8982
5325.0000 40.6530 6.8940
5330.0000 40.6833 6.8888
5335.0000 40.7729 6.9176
5340.0000 40.8017 6.9140
5345.0000 40.8320 6.9117
5350.0000 40.8573 6.9078
5355.0000 40.9045 6.9244
5360.0000 40.9740 6.9617
5365.0000 41.0063 6.9594
5370.0000 41.0424 6.9569
5375.0000 41.0788 6.9503
5380.0000 41.0673 6.8794
5385.0000 41.1450 6.9174
5390.0000 41.1886 6.9205
5395.0000 41.2982 6.9817
5400.0000 41.3277 6.9794
5405.0000 41.3879 6.9736
5410.0000 41.3537 6.9121
5415.0000 41.4435 6.9516
5420.0000 41.4847 6.9478
5425.0000 41.5107 6.9461
5430.0000 41.5306 6.9446
5435.0000 41.5553 6.9424
5440.0000 41.5975 6.9390
5445.0000 41.7158 6.9822
5450.0000 41.8016 6.9948
5455.0000 41.8832 7.0415
5460.0000 41.9517 7.0722
5465.0000 41.9648 7.0717
5470.0000 41.9862 7.0700
5475.0000 42.0355 7.0826
5480.0000 42.1001 7.1172
5485.0000 42.1104 7.1161
5490.0000 42.1827 7.1671
5495.0000 42.2112 7.1629
5500.0000 42.2212 7.1653
5505.0000 42.2363 7.1450
5510.0000 42.2487 7.1446
5515.0000 42.2743 7.1452
5520.0000 42.3267 7.1644
5525.0000 42.4389 7.2413
5530.0000 42.5451 7.3093
5535.0000 42.5665 7.2990
5540.0000 42.5775 7.2962
5545.0000 42.6898 7.3743
5550.0000 42.7013 7.3791
5555.0000 42.7157 7.3784
5560.0000 42.7268 7.3766
5565.0000 42.7571 7.3690
5570.0000 42.7699 7.3696
5575.0000 42.7912 7.3639
5580.0000 42.8205 7.3653
5585.0000 42.8389 7.3480
5590.0000 42.9254 7.4130
5595.0000 42.9520 7.4092
5600.0000 42.9529 7.3772
5605.0000 42.9844 7.3826
5610.0000 43.0184 7.3935
5615.0000 43.0623 7.4249
5620.0000 43.1300 7.4460
5625.0000 43.1708 7.4713
5630.0000 43.1942 7.4725
5635.0000 43.2315 7.4742
5640.0000 43.2665 7.4767
5645.0000 43.2809 7.4508
5650.0000 43.3073 7.4541
5655.0000 43.3019 7.4178
5660.0000 43.3364 7.4321
5665.0000 43.3996 7.4530
5670.0000 43.4518 7.4882
5675.0000 43.4636 7.4868
5680.0000 43.4821 7.4844
5685.0000 43.4956 7.4812
5690.0000 43.5476 7.4960
5695.0000 43.6055 7.5065
5700.0000 43.7107 7.5394
5705.0000 43.7130 7.5036
5710.0000 43.7919 7.5341
5715.0000 43.8726 7.5717
5720.0000 43.9357 7.5855
5725.0000 43.9568 7.5853
5730.0000 44.0400 7.6189
5735.0000 44.0793 7.6372
5740.0000 44.1456 7.6658
5745.0000 44.1845 7.6714
5750.0000 44.2278 7.6874
5755.0000 44.2426 7.6782
5760.0000 44.3689 7.7748
5765.0000 44.4048 7.7654
5770.0000 44.4861 7.8197
5775.0000 44.5201 7.8207
5780.0000 44.5389 7.8085
5785.0000 44.5984 7.8387
5790.0000 44.7084 7.8981
5795.0000 44.7124 7.8987
5800.0000 44.7463 7.8823
5805.0000 44.7625 7.8830
5810.0000 44.7942 7.8835
5815.0000 44.8143 7.8806
5820.0000 44.8351 7.8812
5825.0000 44.8511 7.8625
5830.0000 44.8220 7.8144
5835.0000 44.8756 7.8374
5840.0000 44.8955 7.8380
5845.0000 44.9363 7.8394
5850.0000 44.9607 7.8440
5855.0000 45.0230 7.8759
5860.0000 45.0873 7.8882
5865.0000 45.1597 7.9320
5870.0000 45.1886 7.9368
5875.0000 45.2221 7.9383
5880.0000 45.2418 7.9425
5885.0000 45.2741 7.9433
5890.0000 45.2924 7.9489
5895.0000 45.3252 7.9506
5900.0000 45.3469 7.9579
5905.0000 45.3785 7.9613
5910.0000 45.4413 7.9941
5915.0000 45.4416 7.9696
5920.0000 45.5387 8.0206
5925.0000 45.5557 8.0227
5930.0000 45.5816 8.0194
5935.0000 45.6051 8.0206
5940.0000 45.6514 8.0389
5945.0000 45.6966 8.0675
5950.0000 45.7301 8.0745
5955.0000 45.7331 8.0737
5960.0000 45.8600 8.1202
5965.0000 45.8741 8.1192
5970.0000 45.8961 8.1193
5975.0000 45.9201 8.1217
5980.0000 45.9293 8.1230
5985.0000 46.0044 8.1346
5990.0000 46.0239 8.1248
5995.0000 46.0782 8.1504
6000.0000 46.1222 8.1771
6005.0000 46.1568 8.1933
6010.0000 46.1739 8.1896
6015.0000 46.1803 8.1900
6020.0000 46.1991 8.1705
6025.0000 46.3042 8.2445
6030.0000 46.3364 8.2460
6035.0000 46.3585 8.2409
6040.0000 46.3608 8.2244
6045.0000 46.4309 8.2552
6050.0000 46.4592 8.2586
6055.0000 46.4907 8.2495
6060.0000 46.5078 8.2381
6065.0000 46.5956 8.2698
6070.0000 46.6142 8.2751
6075.0000 46.6692 8.3169
6080.0000 46.6841 8.3181
6085.0000 46.7067 8.3149
6090.0000 46.7355 8.3140
6095.0000 46.7266 8.2890
6100.0000 46.7858 8.3099
6105.0000 46.8343 8.3239
6110.0000 46.8732 8.3261
6115.0000 46.8841 8.3230
6120.0000 46.8417 8.2514
6125.0000 46.8449 8.2400
6130.0000 46.8929 8.2490
6135.0000 46.9083 8.2491
6140.0000 46.9283 8.2443
6145.0000 46.9141 8.2044
6150.0000 46.8976 8.1732
6155.0000 46.9366 8.1810
6160.0000 46.9711 8.1944
6165.0000 46.9978 8.1904
6170.0000 47.0120 8.1940
6175.0000 46.9847 8.1572
6180.0000 47.0141 8.1711
6185.0000 47.0342 8.1613
6190.0000 47.0607 8.1536
6195.0000 47.0731 8.1516
6200.0000 47.1019 8.1532
6205.0000 47.1115 8.1543
6210.0000 47.1442 8.1579
6215.0000 47.1242 8.1354
6220.0000 47.1542 8.1342
6225.0000 47.2027 8.1478
6230.0000 47.2209 8.1447
6235.0000 47.2463 8.1435
6240.0000 47.2283 8.1118
6245.0000 47.2752 8.1167
6250.0000 47.2805 8.1179
6255.0000 47.3266 8.1222
6260.0000 47.3594 8.1392
6265.0000 47.4028 8.1343
6270.0000 47.4830 8.1754
6275.0000 47.5172 8.1754
6280.0000 47.5396 8.1743
6285.0000 47.6235 8.2301
6290.0000 47.6221 8.1687
6295.0000 47.6450 8.1649
6300.0000 47.6981 8.1618
6305.0000 47.8204 8.2492
6310.0000 47.8767 8.2426
6315.0000 47.8897 8.2188
6320.0000 47.9277 8.2046
6325.0000 47.9518 8.1944
6330.0000 47.9672 8.1685
6335.0000 48.0256 8.1958
6340.0000 48.1114 8.2410
6345.0000 48.1310 8.2501
6350.0000 48.1395 8.2408
6355.0000 48.1262 8.2156
6360.0000 48.1459 8.2125
6365.0000 48.1635 8.2202
6370.0000 48.1920 8.2266
6375.0000 48.2708 8.2770
6380.0000 48.3024 8.2639
6385.0000 48.3338 8.2548
6390.0000 48.3652 8.2519
6395.0000 48.4066 8.2683
6400.0000 48.3972 8.2306
6405.0000 48.4117 8.2207
6410.0000 48.4970 8.2530
6415.0000 48.6095 8.2854
6420.0000 48.6296 8.2735
6425.0000 48.6808 8.2793
6430.0000 48.7111 8.2709
6435.0000 48.7499 8.2638
6440.0000 48.7742 8.2461
6445.0000 48.7981 8.2447
6450.0000 48.8092 8.2418
6455.0000 48.8236 8.2392
6460.0000 48.8309 8.2332
6465.0000 48.8470 8.2320
6470.0000 48.9058 8.2752
6475.0000 48.8632 8.2145
6480.0000 48.8329 8.1731
6485.0000 48.8788 8.2018
6490.0000 48.9094 8.2027
6495.0000 48.9467 8.2253
6500.0000 48.9926 8.2423
6505.0000 49.0020 8.2403
6510.0000 49.0294 8.2389
6515.0000 49.0889 8.2554
6520.0000 49.1245 8.2485
6525.0000 49.1520 8.2499
6530.0000 49.1696 8.2506
6535.0000 49.2077 8.2442
6540.0000 49.2386 8.2416
6545.0000 49.2342 8.2203
6550.0000 49.2130 8.1886
6555.0000 49.2250 8.1870
6560.0000 49.2333 8.1874
6565.0000 49.2571 8.1893
6570.0000 49.2873 8.1917
6575.0000 49.3230 8.1942
6580.0000 49.3627 8.2020
6585.0000 49.3753 8.2046
6590.0000 49.3961 8.2104
6595.0000 49.4088 8.2128
6600.0000 49.4595 8.2318
6605.0000 49.4850 8.2281
6610.0000 49.5327 8.2634
6615.0000 49.5501 8.2625
6620.0000 49.5579 8.2633
6625.0000 49.5677 8.2453
6630.0000 49.6072 8.2665
6635.0000 49.6415 8.2690
6640.0000 49.6666 8.2748
6645.0000 49.6862 8.2730
6650.0000 49.7340 8.2914
6655.0000 49.7966 8.3316
6660.0000 49.8271 8.3329
6665.0000 49.8784 8.3613
6670.0000 49.8393 8.3189
6675.0000 49.8703 8.3206
6680.0000 49.9141 8.3502
6685.0000 49.9661 8.3756
6690.0000 50.0047 8.3869
6695.0000 50.0457 8.3899
6700.0000 50.0725 8.3879
6705.0000 50.0944 8.3830
6710.0000 50.1141 8.3760
6715.0000 50.0972 8.3155
6720.0000 50.0908 8.2854
6725.0000 50.1104 8.2803
6730.0000 50.1433 8.2817
6735.0000 50.1971 8.2805
6740.0000 50.2143 8.2797
6745.0000 50.2450 8.2757
6750.0000 50.2607 8.2750
6755.0000 50.2801 8.2852
6760.0000 50.3087 8.2907
6765.0000 50.3314 8.3003
6770.0000 50.4191 8.3601
6775.0000 50.4412 8.3661
6780.0000 50.4821 8.3716
6785.0000 50.4497 8.3321
6790.0000 50.4880 8.3352
6795.0000 50.5054 8.3340
6800.0000 50.5403 8.3320
6805.0000 50.5459 8.3265
6810.0000 50.5703 8.3279
6815.0000 50.5889 8.3303
6820.0000 50.6594 8.3628
6825.0000 50.6766 8.3700
6830.0000 50.6714 8.3542
6835.0000 50.6971 8.3531
6840.0000 50.7189 8.3547
6845.0000 50.7583 8.3715
6850.0000 50.7628 8.3731
6855.0000 50.7866 8.3682
6860.0000 50.8075 8.3643
6865.0000 50.8429 8.3692
6870.0000 50.8605 8.3685
6875.0000 50.8792 8.3720
6880.0000 50.9219 8.3746
6885.0000 50.9456 8.3719
6890.0000 50.9890 8.3651
6895.0000 50.9688 8.3372
6900.0000 51.0053 8.3422
6905.0000 51.0262 8.3479
6910.0000 51.0398 8.3500
6915.0000 51.0648 8.3496
6920.0000 51.0886 8.3615
6925.0000 51.1182 8.3637
6930.0000 51.1683 8.3877
6935.0000 51.2606 8.4068
6940.0000 51.2839 8.4083
6945.0000 51.3195 8.4203
6950.0000 51.3723 8.4321
6955.0000 51.3725 8.4147
6960.0000 51.4173 8.4243
6965.0000 51.4263 8.4260
6970.0000 51.4507 8.4285
6975.0000 51.4633 8.4287
6980.0000 51.4894 8.4346
6985.0000 51.5191 8.4556
6990.0000 51.5687 8.4825
6995.0000 51.5976 8.4796
7000.0000 51.6211 8.4789
7005.0000 51.6514 8.4824
7010.0000 51.7123 8.4896
7015.0000 51.7612 8.5219
7020.0000 51.7655 8.5125
7025.0000 51.8091 8.5230
7030.0000 51.8596 8.5611
7035.0000 51.8992 8.5687
7040.0000 51.9132 8.5747
7045.0000 51.9801 8.6165
7050.0000 51.9565 8.5787
7055.0000 51.9538 8.5637
7060.0000 51.9893 8.5660
7065.0000 51.9688 8.5327
7070.0000 51.9865 8.5322
7075.0000 52.0430 8.5659
7080.0000 52.0462 8.5572
7085.0000 52.0460 8.5421
7090.0000 52.1021 8.5832
7095.0000 52.1263 8.5857
7100.0000 52.2077 8.6441
7105.0000 52.2428 8.6514
7110.0000 52.2363 8.6388
7115.0000 52.2655 8.6449
7120.0000 52.2776 8.6514
7125.0000 52.3409 8.6918
7130.0000 52.3645 8.7006
7135.0000 52.3814 8.6998
7140.0000 52.4015 8.7037
7145.0000 52.4389 8.7170
7150.0000 52.4113 8.6805
7155.0000 52.4325 8.6729
7160.0000 52.4708 8.6759
7165.0000 52.5330 8.7120
7170.0000 52.5388 8.7026
7175.0000 52.6069 8.7476
7180.0000 52.6221 8.7518
7185.0000 52.6175 8.7318
7190.0000 52.6394 8.7324
7195.0000 52.6661 8.7311
7200.0000 52.6785 8.7261
7205.0000 52.6772 8.7034
7210.0000 52.6472 8.6671
7215.0000 52.6546 8.6636
7220.0000 52.6646 8.6673
7225.0000 52.6844 8.6655
7230.0000 52.6955 8.6657
7235.0000 52.7620 8.7013
7240.0000 52.7769 8.7017
7245.0000 52.7934 8.7012
7250.0000 52.7939 8.6850
7255.0000 52.8772 8.7018
7260.0000 52.8945 8.7057
7265.0000 52.9124 8.6997
7270.0000 52.9275 8.6981
7275.0000 52.9485 8.6950
7280.0000 52.9921 8.7121
7285.0000 52.9996 8.7103
7290.0000 53.0232 8.7020
7295.0000 53.0404 8.7033
7300.0000 53.0633 8.6979
7305.0000 53.0910 8.6988
7310.0000 53.1104 8.6910
7315.0000 53.1285 8.6849
7320.0000 53.1436 8.6820
7325.0000 53.1052 8.6318
7330.0000 53.1163 8.6330
7335.0000 53.1394 8.6332
7340.0000 53.1614 8.6278
7345.0000 53.1830 8.6217
7350.0000 53.2035 8.6212
7355.0000 53.2357 8.6129
7360.0000 53.2761 8.6128
7365.0000 53.3373 8.6476
7370.0000 53.3596 8.6436
7375.0000 53.3927 8.6363
7380.0000 53.3878 8.6009
7385.0000 53.4488 8.6224
7390.0000 53.4987 8.6454
7395.0000 53.5086 8.6216
7400.0000 53.4975 8.5986
7405.0000 53.5299 8.6073
7410.0000 53.5663 8.6242
7415.0000 53.5724 8.6232
7420.0000 53.6186 8.6576
7425.0000 53.6373 8.6540
7430.0000 53.6305 8.6279
7435.0000 53.6464 8.6238
7440.0000 53.6646 8.6244
7445.0000 53.6798 8.6163
7450.0000 53.6928 8.6197
7455.0000 53.7050 8.6041
7460.0000 53.7305 8.6076
7465.0000 53.7547 8.6153
7470.0000 53.8110 8.6443
7475.0000 53.8379 8.6393
7480.0000 53.8839 8.6446
7485.0000 53.9075 8.6425
7490.0000 53.9327 8.6414
7495.0000 53.9158 8.6157
7500.0000 53.8912 8.5772
7505.0000 53.9115 8.5817
7510.0000 53.9219 8.5801
7515.0000 53.9453 8.5791
7520.0000 53.9973 8.6083
7525.0000 53.9766 8.5708
7530.0000 53.9962 8.5711
7535.0000 53.9823 8.5396
7540.0000 53.9867 8.5306
7545.0000 53.9987 8.5195
7550.0000 54.0332 8.5114
7555.0000 54.0107 8.4893
7560.0000 54.0413 8.4944
7565.0000 54.0528 8.4933
7570.0000 54.0590 8.4970
7575.0000 54.0838 8.5050
7580.0000 54.1414 8.5443
7585.0000 54.1601 8.5379
7590.0000 54.2141 8.5688
7595.0000 54.2223 8.5603
7600.0000 54.2477 8.5535
7605.0000 54.2436 8.5301
7610.0000 54.2832 8.5384
7615.0000 54.2982 8.5335
7620.0000 54.3509 8.5688
7625.0000 54.3730 8.5678
7630.0000 54.3799 8.5693
7635.0000 54.4809 8.6395
7640.0000 54.4581 8.6090
7645.0000 54.4829 8.6156
7650.0000 54.5049 8.6201
7655.0000 54.5308 8.6290
7660.0000 54.5991 8.6460
7665.0000 54.6356 8.6502
7670.0000 54.6581 8.6355
7675.0000 54.7261 8.6475
7680.0000 54.7365 8.6480
7685.0000 54.8377 8.6937
7690.0000 54.8468 8.6832
7695.0000 54.9802 8.7321
7700.0000 54.8681 8.6316
7705.0000 54.9010 8.6403
7710.0000 54.9876 8.6942
7715.0000 55.0029 8.6946
7720.0000 55.0237 8.6900
7725.0000 55.0751 8.7233
7730.0000 55.0882 8.7196
7735.0000 55.0929 8.7194
7740.0000 55.1115 8.7212
7745.0000 55.1396 8.7312
7750.0000 55.1518 8.7367
7755.0000 55.1822 8.7271
7760.0000 55.2309 8.7502
7765.0000 55.2970 8.7670
7770.0000 55.3201 8.7728
7775.0000 55.2836 8.7265
7780.0000 55.2922 8.7233
7785.0000 55.3124 8.7307
7790.0000 55.3260 8.7164
7795.0000 55.3455 8.7226
7800.0000 55.3661 8.7288
7805.0000 55.3882 8.7409
7810.0000 55.4023 8.7407
7815.0000 55.3964 8.7139
7820.0000 55.4446 8.7453
7825.0000 55.4368 8.7189
7830.0000 55.4908 8.7581
7835.0000 55.5618 8.8113
7840.0000 55.5631 8.8090
7845.0000 55.5794 8.8108
7850.0000 55.5974 8.8123
7855.0000 55.6028 8.8112
7860.0000 55.5352 8.7513
7865.0000 55.6014 8.7953
7870.0000 55.5815 8.7646
7875.0000 55.6349 8.7970
7880.0000 55.6430 8.7987
7885.0000 55.6455 8.7521
7890.0000 55.7027 8.7745
7895.0000 55.7274 8.7718
7900.0000 55.7034 8.7466
7905.0000 55.7522 8.7448
7910.0000 55.7553 8.7424
7915.0000 55.7506 8.7344
7920.0000 55.7894 8.7535
7925.0000 55.7930 8.7528
7930.0000 55.8218 8.7484
7935.0000 55.8314 8.7438
7940.0000 55.8574 8.7373
7945.0000 55.8294 8.6906
7950.0000 55.8235 8.6826
7955.0000 55.8831 8.7202
7960.0000 55.8976 8.7165
7965.0000 55.9556 8.7370
7970.0000 56.0602 8.7923
7975.0000 56.0773 8.7910
7980.0000 56.1236 8.8173
7985.0000 56.1138 8.8001
7990.0000 56.0557 8.7449
7995.0000 56.1032 8.7782
8000.0000 56.1122 8.7780
8005.0000 56.1267 8.7764
8010.0000 56.1406 8.7716
8015.0000 56.1560 8.7660
8020.0000 56.1767 8.7626
8025.0000 56.1575 8.7385
8030.0000 56.2022 8.7505
8035.0000 56.2208 8.7482
8040.0000 56.2489 8.7452
8045.0000 56.2987 8.7724
8050.0000 56.3194 8.7593
8055.0000 56.3790 8.7652
8060.0000 56.4279 8.7904
8065.0000 56.5258 8.8483
8070.0000 56.5406 8.8502
8075.0000 56.4932 8.8080
8080.0000 56.5199 8.8085
8085.0000 56.5250 8.8014
8090.0000 56.5385 8.8025
8095.0000 56.5516 8.7999
8100.0000 56.5603 8.7987
8105.0000 56.5804 8.7955
8110.0000 56.6217 8.8204
8115.0000 56.6400 8.8180
8120.0000 56.6237 8.7931
8125.0000 56.6507 8.7872
8130.0000 56.6275 8.7603
8135.0000 56.6926 8.7926
8140.0000 56.7232 8.8077
8145.0000 56.7448 8.8040
8150.0000 56.7958 8.8256
8155.0000 56.8120 8.8213
8160.0000 56.8303 8.8216
8165.0000 56.8127 8.7825
8170.0000 56.7988 8.7695
8175.0000 56.8310 8.7899
8180.0000 56.8122 8.7626
8185.0000 56.8794 8.7844
8190.0000 56.9044 8.7869
8195.0000 56.9063 8.7850
8200.0000 56.9186 8.7885
8205.0000 56.9353 8.7920
8210.0000 56.9571 8.7962
8215.0000 56.9372 8.7695
8220.0000 56.9438 8.7684
8225.0000 56.9585 8.7688
8230.0000 56.9785 8.7697
8235.0000 56.9946 8.7724
8240.0000 57.0799 8.7932
8245.0000 57.1105 8.7811
8250.0000 57.1302 8.7836
8255.0000 57.1309 8.7605
8260.0000 57.1922 8.7924
8265.0000 57.2258 8.7892
8270.0000 57.2050 8.7564
8275.0000 57.2172 8.7508
8280.0000 57.2485 8.7544
8285.0000 57.2478 8.7461
8290.0000 57.2853 8.7417
8295.0000 57.3089 8.7429
8300.0000 57.3710 8.7656
8305.0000 57.4039 8.7674
8310.0000 57.4172 8.7717
8315.0000 57.4408 8.7722
8320.0000 57.4542 8.7608
8325.0000 57.4844 8.7581
8330.0000 57.5276 8.7782
8335.0000 57.5580 8.7851
8340.0000 57.5352 8.7538
8345.0000 57.5565 8.7580
8350.0000 57.5705 8.7631
8355.0000 57.5851 8.7610
8360.0000 57.6568 8.8074
8365.0000 57.6460 8.7834
8370.0000 57.6626 8.7847
8375.0000 57.6806 8.7858
8380.0000 57.7119 8.7928
8385.0000 57.7400 8.7990
8390.0000 57.7683 8.8052
8395.0000 57.7896 8.8077
8400.0000 57.8262 8.8150
8405.0000 57.8741 8.8461
8410.0000 57.8805 8.8461
8415.0000 57.9022 8.8450
8420.0000 57.9213 8.8439
8425.0000 57.9317 8.8364
8430.0000 57.9495 8.8361
8435.0000 58.0308 8.8712
8440.0000 58.0330 8.8659
8445.0000 58.0263 8.8531
8450.0000 58.0860 8.8706
8455.0000 58.1249 8.8771
8460.0000 58.1470 8.8717
8465.0000 58.1385 8.8560
8470.0000 58.1577 8.8559
8475.0000 58.1710 8.8499
8480.0000 58.1814 8.8479
8485.0000 58.1852 8.8423
8490.0000 58.2430 8.8807
8495.0000 58.2599 8.8821
8500.0000 58.2639 8.8823
8505.0000 58.2739 8.8788
8510.0000 58.2371 8.8422
8515.0000 58.2477 8.8397
8520.0000 58.2675 8.8447
8525.0000 58.2676 8.8254
8530.0000 58.3230 8.8492
8535.0000 58.3604 8.8771
8540.0000 58.3211 8.8422
8545.0000 58.3339 8.8419
8550.0000 58.3441 8.8413
8555.0000 58.3383 8.8157
8560.0000 58.3844 8.8353
8565.0000 58.4321 8.8533
8570.0000 58.4321 8.8533
8575.0000 58.4531 8.8504
8580.0000 58.4531 8.8504
8585.0000 58.4766 8.8544
8590.0000 58.4589 8.8345
8595.0000 58.4815 8.8311
8600.0000 58.4903 8.8320
8605.0000 58.5078 8.8330
8610.0000 58.5129 8.8317
8615.0000 58.5143 8.8329
8620.0000 58.5798 8.8660
8625.0000 58.5384 8.8326
8630.0000 58.5523 8.8307
8635.0000 58.5863 8.8534
8640.0000 58.6095 8.8584
8645.0000 58.6231 8.8619
8650.0000 58.6271 8.8552
8655.0000 58.6416 8.8499
8660.0000 58.6349 8.8444
8665.0000 58.6827 8.8631
8670.0000 58.6825 8.8626
8675.0000 58.6534 8.8360
8680.0000 58.7097 8.8698
8685.0000 58.7169 8.8685
8690.0000 58.7338 8.8641
8695.0000 58.7460 8.8652
8700.0000 58.8039 8.8857
8705.0000 58.7954 8.8632
8710.0000 58.8055 8.8598
8715.0000 58.8274 8.8586
8720.0000 58.8486 8.8585
8725.0000 58.8317 8.8267
8730.0000 58.8518 8.8209
8735.0000 58.8669 8.8230
8740.0000 58.8883 8.8217
8745.0000 58.9184 8.8301
8750.0000 58.9464 8.8301
8755.0000 58.9864 8.8357
8760.0000 58.9988 8.8316
8765.0000 59.0285 8.8282
8770.0000 59.0536 8.8355
8775.0000 59.0701 8.8328
8780.0000 59.0827 8.8324
8785.0000 59.0947 8.8265
8790.0000 59.1184 8.8364
8795.0000 59.1357 8.8386
8800.0000 59.1433 8.8411
8805.0000 59.1487 8.8428
8810.0000 59.1656 8.8414
8815.0000 59.1827 8.8402
8820.0000 59.1973 8.8411
8825.0000 59.2230 8.8465
8830.0000 59.2333 8.8445
8835.0000 59.2071 8.8187
8840.0000 59.2429 8.8379
8845.0000 59.2306 8.8214
8850.0000 59.2476 8.8227
8855.0000 59.2888 8.8468
8860.0000 59.2589 8.8179
8865.0000 59.2833 8.8265
8870.0000 59.2796 8.8112
8875.0000 59.3014 8.8084
8880.0000 59.3235 8.8083
8885.0000 59.3431 8.8009
8890.0000 59.3648 8.7965
8895.0000 59.3968 8.7949
8900.0000 59.4390 8.8110
8905.0000 59.4198 8.7904
8910.0000 59.4457 8.7823
8915.0000 59.4680 8.7818
8920.0000 59.5149 8.7872
8925.0000 59.5453 8.7779
8930.0000 59.5605 8.7744
8935.0000 59.5559 8.7572
8940.0000 59.5603 8.7576
8945.0000 59.5743 8.7453
8950.0000 59.5959 8.7430
8955.0000 59.6200 8.7477
8960.0000 59.6426 8.7477
8965.0000 59.6660 8.7456
8970.0000 59.7153 8.7643
8975.0000 59.7441 8.7684
8980.0000 59.7680 8.7687
8985.0000 59.7982 8.7649
8990.0000 59.8193 8.7583
8995.0000 59.8631 8.7776
9000.0000 59.8681 8.7770
9005.0000 59.8799 8.7740
9010.0000 59.8501 8.7510
9015.0000 59.9035 8.7766
9020.0000 59.9194 8.7795
9025.0000 59.9466 8.7747
9030.0000 59.9733 8.7676
9035.0000 59.9492 8.7259
9040.0000 60.0388 8.7552
9045.0000 60.0532 8.7587
9050.0000 60.0755 8.7596
9055.0000 60.1066 8.7680
9060.0000 60.1544 8.7846
9065.0000 60.2111 8.8171
9070.0000 60.2363 8.8229
9075.0000 60.2516 8.8233
9080.0000 60.3004 8.8500
9085.0000 60.2773 8.8259
9090.0000 60.2922 8.8284
9095.0000 60.3193 8.8391
9100.0000 60.3138 8.8278
9105.0000 60.3260 8.8325
9110.0000 60.2679 8.7753
9115.0000 60.2971 8.7906
9120.0000 60.3055 8.7825
9125.0000 60.3673 8.8209
9130.0000 60.3691 8.8149
9135.0000 60.4301 8.8496
9140.0000 60.4247 8.8358
9145.0000 60.4356 8.8319
9150.0000 60.4624 8.8402
9155.0000 60.4584 8.8269
9160.0000 60.4944 8.8373
9165.0000 60.5339 8.8354
9170.0000 60.5390 8.8345
9175.0000 60.5674 8.8334
9180.0000 60.6076 8.8524
9185.0000 60.6232 8.8476
9190.0000 60.6331 8.8433
9195.0000 60.6530 8.8394
9200.0000 60.6692 8.8356
9205.0000 60.6818 8.8351
9210.0000 60.5650 8.7509
9215.0000 60.5614 8.7366
9220.0000 60.5741 8.7364
9225.0000 60.5782 8.7333
9230.0000 60.5910 8.7345
9235.0000 60.6609 8.7683
9240.0000 60.7072 8.7821
9245.0000 60.7363 8.7735
9250.0000 60.7368 8.7510
9255.0000 60.7644 8.7462
9260.0000 60.7982 8.7429
9265.0000 60.8089 8.7391
9270.0000 60.8252 8.7368
9275.0000 60.8425 8.7383
9280.0000 60.8721 8.7332
9285.0000 60.9193 8.7368
9290.0000 60.9316 8.7345
9295.0000 60.9475 8.7344
9300.0000 60.9682 8.7391
9305.0000 60.9705 8.7289
9310.0000 60.9760 8.7290
9315.0000 61.0059 8.7307
9320.0000 61.0268 8.7265
9325.0000 61.0461 8.7168
9330.0000 61.0772 8.7074
9335.0000 61.1134 8.7022
9340.0000 61.1484 8.6952
9345.0000 61.1879 8.6909
9350.0000 61.2151 8.6859
9355.0000 61.2453 8.6821
9360.0000 61.2750 8.6789
9365.0000 61.2994 8.6852
9370.0000 61.3143 8.6755
9375.0000 61.3232 8.6623
9380.0000 61.4067 8.7136
9385.0000 61.3865 8.6854
9390.0000 61.4144 8.6917
9395.0000 61.4829 8.6953
9400.0000 61.5426 8.7268
9405.0000 61.5727 8.7300
9410.0000 61.6296 8.7529
9415.0000 61.6394 8.7495
9420.0000 61.6672 8.7551
9425.0000 61.6623 8.7412
9430.0000 61.7036 8.7572
9435.0000 61.7093 8.7471
9440.0000 61.7269 8.7491
9445.0000 61.7549 8.7464
9450.0000 61.7744 8.7484
9455.0000 61.8166 8.7501
9460.0000 61.8341 8.7465
9465.0000 61.8683 8.7548
9470.0000 61.9005 8.7528
9475.0000 61.9003 8.7381
9480.0000 61.9647 8.7623
9485.0000 61.9924 8.7653
9490.0000 62.0214 8.7636
9495.0000 62.0402 8.7607
9500.0000 62.0747 8.7618
9505.0000 62.0929 8.7592
9510.0000 62.1183 8.7583
9515.0000 62.1420 8.7608
9520.0000 62.1556 8.7664
9525.0000 62.1762 8.7711
9530.0000 62.1903 8.7715
9535.0000 62.1899 8.7657
9540.0000 62.1662 8.7449
9545.0000 62.2146 8.7676
9550.0000 62.2341 8.7722
9555.0000 62.2490 8.7733
9560.0000 62.2640 8.7747
9565.0000 62.2350 8.7500
9570.0000 62.2491 8.7545
9575.0000 62.3046 8.7736
9580.0000 62.3009 8.7679
9585.0000 62.3157 8.7708
9590.0000 62.3604 8.7936
9595.0000 62.3746 8.7967
9600.0000 62.3918 8.7960
9605.0000 62.4044 8.7978
9610.0000 62.4158 8.7965
9615.0000 62.4193 8.7962
9620.0000 62.4871 8.8185
9625.0000 62.4701 8.8028
9630.0000 62.4876 8.7952
9635.0000 62.5119 8.8023
9640.0000 62.5255 8.8025
9645.0000 62.5340 8.8026
9650.0000 62.5394 8.8022
9655.0000 62.5445 8.7980
9660.0000 62.4976 8.7686
9665.0000 62.5137 8.7723
9670.0000 62.5354 8.7834
9675.0000 62.5614 8.7826
9680.0000 62.5851 8.7861
9685.0000 62.6121 8.7852
9690.0000 62.6283 8.7880
9695.0000 62.6125 8.7670
9700.0000 62.6125 8.7670
9705.0000 62.6292 8.7668
9710.0000 62.6076 8.7493
9715.0000 62.6388 8.7596
9720.0000 62.6405 8.7574
9725.0000 62.6545 8.7521
9730.0000 62.6716 8.7578
9735.0000 62.6880 8.7550
9740.0000 62.7052 8.7585
9745.0000 62.7349 8.7670
9750.0000 62.7430 8.7677
9755.0000 62.7554 8.7553
9760.0000 62.7532 8.7301
9765.0000 62.7990 8.7487
9770.0000 62.8163 8.7511
9775.0000 62.8217 8.7507
9780.0000 62.8716 8.7756
9785.0000 62.8468 8.7576
9790.0000 62.8703 8.7569
9795.0000 62.8415 8.7219
9800.0000 62.8666 8.7230
9805.0000 62.8867 8.7218
9810.0000 62.8991 8.7175
9815.0000 62.9678 8.7391
9820.0000 62.9941 8.7367
9825.0000 63.0202 8.7292
9830.0000 63.0402 8.7255
9835.0000 63.0781 8.7236
9840.0000 63.1433 8.7191
9845.0000 63.1745 8.7196
9850.0000 63.1686 8.6948
9855.0000 63.1927 8.6952
9860.0000 63.2605 8.7240
9865.0000 63.2698 8.7236
9870.0000 63.2831 8.7237
9875.0000 63.2834 8.7228
9880.0000 63.3232 8.7375
9885.0000 63.3958 8.7824
9890.0000 63.3706 8.7583
9895.0000 63.3847 8.7596
9900.0000 63.3955 8.7448
9905.0000 63.4317 8.7620
9910.0000 63.4911 8.7916
9915.0000 63.5048 8.7954
9920.0000 63.5439 8.8126
9925.0000 63.5646 8.8193
9930.0000 63.5947 8.8235
9935.0000 63.6364 8.8358
9940.0000 63.6537 8.8320
9945.0000 63.6301 8.8040
9950.0000 63.6423 8.8040
9955.0000 63.6493 8.8069
9960.0000 63.7169 8.8454
9965.0000 63.6771 8.8099
9970.0000 63.7044 8.8239
9975.0000 63.7214 8.8290
9980.0000 63.7085 8.8202
9985.0000 63.7415 8.8226
9990.0000 63.7544 8.8191
9995.0000 63.7635 8.8197
10000.0000 63.7794 8.8210
10005.0000 63.7838 8.8196
10010.0000 63.8140 8.8282
10015.0000 63.7894 8.8007
10020.0000 63.8467 8.8235
10025.0000 63.8681 8.8176
10030.0000 63.8850 8.8125
10035.0000 63.8994 8.8130
10040.0000 63.9130 8.8148
10045.0000 63.9419 8.8220
10050.0000 63.9482 8.8249
10055.0000 63.9755 8.8292
10060.0000 63.9788 8.8308
10065.0000 63.9609 8.8110
10070.0000 63.9716 8.8128
10075.0000 63.9909 8.8157
10080.0000 64.0169 8.8208
10085.0000 64.0296 8.8226
10090.0000 64.0463 8.8291
10095.0000 64.0587 8.8310
10100.0000 64.0732 8.8288
10105.0000 64.0826 8.8323
10110.0000 64.1097 8.8356
10115.0000 64.1500 8.8552
10120.0000 64.1555 8.8531
10125.0000 64.1557 8.8513
10130.0000 64.1775 8.8525
10135.0000 64.1793 8.8487
10140.0000 64.1850 8.8484
10145.0000 64.1886 8.8476
10150.0000 64.2072 8.8592
10155.0000 64.2345 8.8616
10160.0000 64.2496 8.8601
10165.0000 64.2708 8.8652
10170.0000 64.2760 8.8671
10175.0000 64.2984 8.8690
10180.0000 64.3015 8.8676
10185.0000 64.3125 8.8690
10190.0000 64.3274 8.8668
10195.0000 64.3376 8.8687
10200.0000 64.3458 8.8695
10205.0000 64.3664 8.8765
10210.0000 64.3848 8.8704
10215.0000 64.3972 8.8692
10220.0000 64.4440 8.8860
10225.0000 64.4512 8.8866
10230.0000 64.4577 8.8834
10235.0000 64.5123 8.9163
10240.0000 64.5329 8.9262
10245.0000 64.5719 8.9413
10250.0000 64.6983 8.9760
10255.0000 64.7598 8.9906
10260.0000 64.7732 8.9961
10265.0000 64.8146 9.0121
10270.0000 64.8621 9.0335
10275.0000 64.8578 9.0302
10280.0000 64.8390 9.0083
10285.0000 64.8055 8.9847
10290.0000 64.7656 8.9589
10295.0000 64.7869 8.9664
10300.0000 64.7869 8.9664
10305.0000 64.8044 8.9659
10310.0000 64.8080 8.9648
10315.0000 64.8223 8.9674
10320.0000 64.8444 8.9767
10325.0000 64.8822 8.9896
10330.0000 64.8959 8.9919
10335.0000 64.9124 8.9911
10340.0000 64.9095 8.9891
10345.0000 64.9202 8.9863
10350.0000 64.9015 8.9652
10355.0000 64.9169 8.9568
10360.0000 64.9451 8.9579
10365.0000 64.9974 8.9803
10370.0000 65.0122 8.9839
10375.0000 65.0021 8.9669
10380.0000 65.0275 8.9741
10385.0000 65.0466 8.9718
10390.0000 65.0167 8.9399
10395.0000 65.0300 8.9363
10400.0000 65.0372 8.9370
10405.0000 65.0486 8.9358
10410.0000 65.0632 8.9357
10415.0000 65.0800 8.9319
10420.0000 65.0488 8.8996
10425.0000 65.0826 8.9071
10430.0000 65.0943 8.9097
10435.0000 65.0590 8.8838
10440.0000 65.0772 8.8882
10445.0000 65.0881 8.8856
10450.0000 65.1399 8.9079
10455.0000 65.1284 8.8965
10460.0000 65.1435 8.8986
10465.0000 65.1431 8.8984
10470.0000 65.1576 8.8965
10475.0000 65.1430 8.8783
10480.0000 65.1577 8.8703
10485.0000 65.2220 8.9041
10490.0000 65.2665 8.9257
10495.0000 65.2899 8.9152
10500.0000 65.2996 8.9144
10505.0000 65.2659 8.8878
10510.0000 65.2773 8.8894
10515.0000 65.2608 8.8713
10520.0000 65.3140 8.8998
10525.0000 65.2910 8.8843
10530.0000 65.3106 8.8850
10535.0000 65.3594 8.9045
10540.0000 65.3726 8.9019
10545.0000 65.3858 8.9040
10550.0000 65.3962 8.9063
10555.0000 65.4459 8.9206
10560.0000 65.4550 8.9222
10565.0000 65.4592 8.9200
10570.0000 65.4690 8.9179
10575.0000 65.4437 8.8965
10580.0000 65.4944 8.9226
10585.0000 65.5138 8.9271
10590.0000 65.5339 8.9340
10595.0000 65.5623 8.9409
10600.0000 65.5696 8.9418
10605.0000 65.5616 8.9292
10610.0000 65.5787 8.9382
10615.0000 65.5957 8.9381
10620.0000 65.5821 8.9195
10625.0000 65.6036 8.9241
10630.0000 65.6275 8.9291
10635.0000 65.6604 8.9257
10640.0000 65.6861 8.9258
10645.0000 65.7467 8.9567
10650.0000 65.7431 8.9408
10655.0000 65.7883 8.9483
10660.0000 65.8016 8.9428
10665.0000 65.8439 8.9628
10670.0000 65.8675 8.9723
10675.0000 65.9024 8.9753
10680.0000 65.9254 8.9754
10685.0000 65.9691 8.9879
10690.0000 65.9634 8.9719
10695.0000 66.0147 9.0009
10700.0000 66.0444 9.0095
10705.0000 66.0810 9.0228
10710.0000 66.0988 9.0224
10715.0000 66.1478 9.0402
10720.0000 66.1692 9.0491
10725.0000 66.2054 9.0569
10730.0000 66.2011 9.0455
10735.0000 66.2170 9.0447
10740.0000 66.2293 9.0434
10745.0000 66.2323 9.0413
10750.0000 66.2445 9.0389
10755.0000 66.2423 9.0305
10760.0000 66.2465 9.0177
10765.0000 66.2602 9.0149
10770.0000 66.2821 9.0192
10775.0000 66.3333 9.0455
10780.0000 66.2696 9.0069
10785.0000 66.2450 8.9711
10790.0000 66.2521 8.9701
10795.0000 66.2421 8.9582
10800.0000 66.2851 8.9800
10805.0000 66.2863 8.9745
10810.0000 66.3126 8.9790
10815.0000 66.3285 8.9772
10820.0000 66.3461 8.9740
10825.0000 66.3734 8.9795
10830.0000 66.3960 8.9772
10835.0000 66.4195 8.9740
10840.0000 66.4357 8.9726
10845.0000 66.4507 8.9722
10850.0000 66.4803 8.9836
10855.0000 66.5497 9.0211
10860.0000 66.5630 9.0237
10865.0000 66.5729 9.0241
10870.0000 66.5743 9.0223
10875.0000 66.5911 9.0195
10880.0000 66.6114 9.0140
10885.0000 66.6595 9.0313
10890.0000 66.6031 8.9928
10895.0000 66.5968 8.9773
10900.0000 66.6135 8.9788
10905.0000 66.6324 8.9815
10910.0000 66.6591 8.9888
10915.0000 66.7170 9.0035
10920.0000 66.7393 9.0016
10925.0000 66.7227 8.9790
10930.0000 66.7268 8.9727
10935.0000 66.7489 8.9756
10940.0000 66.7523 8.9700
10945.0000 66.7803 8.9717
10950.0000 66.7966 8.9744
10955.0000 66.8149 8.9746
10960.0000 66.9159 9.0216
10965.0000 66.9214 9.0115
10970.0000 66.9991 9.0432
10975.0000 67.0043 9.0381
10980.0000 67.0202 9.0400
10985.0000 67.0363 9.0412
10990.0000 67.0550 9.0485
10995.0000 67.0715 9.0501
11000.0000 67.1216 9.0739
11005.0000 67.0905 9.0504
11010.0000 67.1222 9.0634
11015.0000 67.1423 9.0624
11020.0000 67.1260 9.0477
11025.0000 67.1959 9.0789
11030.0000 67.2099 9.0781
11035.0000 67.2272 9.0824
11040.0000 67.2814 9.1004
11045.0000 67.3430 9.1229
11050.0000 67.3221 9.1021
11055.0000 67.3421 9.1025
11060.0000 67.3544 9.1070
11065.0000 67.3709 9.1061
11070.0000 67.3939 9.1117
11075.0000 67.3506 9.0884
11080.0000 67.3370 9.0753
11085.0000 67.3504 9.0744
11090.0000 67.3021 9.0364
11095.0000 67.3135 9.0384
11100.0000 67.3135 9.0384
11105.0000 67.3260 9.0409
11110.0000 67.3331 9.0399
11115.0000 67.3051 9.0164
11120.0000 67.3112 9.0157
11125.0000 67.3136 9.0164
11130.0000 67.3138 9.0145
11135.0000 67.3151 9.0128
11140.0000 67.2368 8.9632
11145.0000 67.2471 8.9656
11150.0000 67.2579 8.9650
11155.0000 67.2869 8.9608
11160.0000 67.3041 8.9551
11165.0000 67.3313 8.9520
11170.0000 67.3527 8.9501
11175.0000 67.3708 8.9456
11180.0000 67.4231 8.9611
11185.0000 67.4825 8.9872
11190.0000 67.4800 8.9779
11195.0000 67.4831 8.9803
11200.0000 67.5429 9.0101
11205.0000 67.5590 9.0190
11210.0000 67.5860 9.0262
11215.0000 67.5902 9.0288
11220.0000 67.6031 9.0318
11225.0000 67.5926 9.0229
11230.0000 67.5946 9.0219
11235.0000 67.5989 9.0215
11240.0000 67.6167 9.0139
11245.0000 67.5962 8.9969
11250.0000 67.6037 8.9978
11255.0000 67.6181 8.9998
11260.0000 67.6244 9.0020
11265.0000 67.6387 9.0050
11270.0000 67.6205 8.9901
11275.0000 67.5822 8.9656
11280.0000 67.5952 8.9716
11285.0000 67.5978 8.9702
11290.0000 67.6031 8.9737
11295.0000 67.6116 8.9715
11300.0000 67.6464 8.9843
11305.0000 67.6488 8.9842
11310.0000 67.6621 8.9836
11315.0000 67.6820 8.9935
11320.0000 67.7360 9.0122
11325.0000 67.7702 9.0315
11330.0000 67.7547 9.0161
11335.0000 67.7852 9.0309
11340.0000 67.8253 9.0494
11345.0000 67.7888 9.0218
11350.0000 67.8041 9.0285
11355.0000 67.8550 9.0531
11360.0000 67.8911 9.0696
11365.0000 67.9455 9.0900
11370.0000 67.9572 9.0916
11375.0000 67.9830 9.0968
11380.0000 68.0322 9.1133
11385.0000 68.0151 9.0864
11390.0000 67.9822 9.0506
11395.0000 68.0007 9.0536
11400.0000 67.9994 9.0506
11405.0000 68.0164 9.0575
11410.0000 68.0285 9.0570
11415.0000 68.0396 9.0590
11420.0000 68.0673 9.0709
11425.0000 67.9947 9.0303
11430.0000 68.0686 9.0538
11435.0000 68.1155 9.0643
11440.0000 68.1385 9.0696
11445.0000 68.1640 9.0722
11450.0000 68.1915 9.0749
11455.0000 68.2475 9.0894
11460.0000 68.2672 9.0900
11465.0000 68.2860 9.0888
11470.0000 68.2970 9.0870
11475.0000 68.2660 9.0656
11480.0000 68.2722 9.0464
11485.0000 68.3512 9.0758
11490.0000 68.3432 9.0662
11495.0000 68.2940 9.0357
11500.0000 68.3417 9.0494
11505.0000 68.3109 9.0258
11510.0000 68.3272 9.0253
11515.0000 68.3414 9.0223
11520.0000 68.3093 8.9977
11525.0000 68.2914 8.9832
11530.0000 68.3048 8.9862
11535.0000 68.3078 8.9875
11540.0000 68.3152 8.9861
11545.0000 68.3252 8.9846
11550.0000 68.3301 8.9843
11555.0000 68.2970 8.9620
11560.0000 68.3009 8.9617
11565.0000 68.3028 8.9600
11570.0000 68.3545 8.9856
11575.0000 68.4044 8.9960
11580.0000 68.4213 8.9966
11585.0000 68.4292 8.9950
11590.0000 68.4436 8.9962
11595.0000 68.4478 8.9956
11600.0000 68.4695 8.9922
11605.0000 68.4827 8.9946
11610.0000 68.4902 8.9889
11615.0000 68.4995 8.9812
11620.0000 68.5637 8.9942
11625.0000 68.5789 8.9950
11630.0000 68.5902 9.0009
11635.0000 68.5595 8.9765
11640.0000 68.5672 8.9793
11645.0000 68.5786 8.9808
11650.0000 68.5838 8.9809
11655.0000 68.5837 8.9760
11660.0000 68.6386 9.0016
11665.0000 68.6467 9.0016
11670.0000 68.6621 9.0013
11675.0000 68.6648 8.9860
11680.0000 68.6854 8.9782
11685.0000 68.7157 8.9838
11690.0000 68.7425 8.9870
11695.0000 68.7693 8.9902
11700.0000 68.7536 8.9825
11705.0000 68.7682 8.9873
11710.0000 68.7867 8.9931
11715.0000 68.8019 8.9950
11720.0000 68.8104 8.9921
11725.0000 68.8456 9.0065
11730.0000 68.8632 9.0071
11735.0000 68.8713 9.0113
11740.0000 68.9125 9.0254
11745.0000 68.9311 9.0264
11750.0000 68.9528 9.0312
11755.0000 68.9594 9.0223
11760.0000 68.9862 9.0194
11765.0000 68.9850 9.0082
11770.0000 69.0468 9.0348
11775.0000 69.0692 9.0399
11780.0000 69.1215 9.0603
11785.0000 69.1262 9.0593
11790.0000 69.1322 9.0558
11795.0000 69.1306 9.0536
11800.0000 69.1235 9.0409
11805.0000 69.1401 9.0432
11810.0000 69.1401 9.0410
11815.0000 69.1570 9.0387
11820.0000 69.1848 9.0423
11825.0000 69.1984 9.0405
11830.0000 69.1382 9.0031
11835.0000 69.1650 9.0133
11840.0000 69.2129 9.0228
11845.0000 69.2610 9.0332
11850.0000 69.2845 9.0300
11855.0000 69.2953 9.0338
11860.0000 69.3073 9.0335
11865.0000 69.3242 9.0364
11870.0000 69.3177 9.0305
11875.0000 69.3473 9.0351
11880.0000 69.3778 9.0442
11885.0000 69.4035 9.0443
11890.0000 69.4295 9.0527
11895.0000 69.4281 9.0389
11900.0000 69.4430 9.0424
11905.0000 69.4494 9.0442
11910.0000 69.4684 9.0479
11915.0000 69.4761 9.0481
11920.0000 69.5023 9.0420
11925.0000 69.5190 9.0414
11930.0000 69.5585 9.0373
11935.0000 69.5773 9.0409
11940.0000 69.6647 9.0711
11945.0000 69.6677 9.0706
11950.0000 69.6317 9.0487
11955.0000 69.6795 9.0654
11960.0000 69.6976 9.0680
11965.0000 69.7063 9.0631
11970.0000 69.7087 9.0637
11975.0000 69.7235 9.0685
11980.0000 69.6922 9.0532
11985.0000 69.7250 9.0583
11990.0000 69.7718 9.0764
11995.0000 69.7645 9.0704
12000.0000 69.6555 9.0166
12005.0000 69.0620 8.8730
12010.0000 68.9120 8.8733
12015.0000 68.7431 8.8667
12020.0000 68.6794 8.8474
12025.0000 68.7063 8.8527
12030.0000 68.7053 8.8517
12035.0000 68.6906 8.8398
12040.0000 68.7097 8.8452
12045.0000 68.6717 8.8236
12050.0000 68.7039 8.8214
12055.0000 68.7147 8.8206
12060.0000 68.7430 8.8214
12065.0000 68.0083 8.6672
12070.0000 67.7866 8.6338
12075.0000 67.6112 8.6196
12080.0000 67.4949 8.5581
12085.0000 67.5474 8.5591
12090.0000 67.6013 8.5796
12095.0000 67.6697 8.6042
12100.0000 67.7054 8.6224
12105.0000 67.7208 8.6283
12110.0000 67.7318 8.6278
12115.0000 67.7532 8.6399
12120.0000 67.6349 8.5916
12125.0000 66.9757 8.4174
12130.0000 66.8208 8.4133
12135.0000 66.7217 8.4094
12140.0000 66.6535 8.3873
12145.0000 66.6662 8.3922
12150.0000 66.6799 8.3982
12155.0000 66.6932 8.3978
12160.0000 66.7093 8.4012
12165.0000 66.7230 8.4032
12170.0000 66.7475 8.3997
12175.0000 66.7923 8.4134
12180.0000 66.8426 8.4250
12185.0000 66.2558 8.2679
12190.0000 66.0097 8.2172
12195.0000 65.8341 8.2037
12200.0000 65.7891 8.1876
12205.0000 65.7861 8.1792
12210.0000 65.7715 8.1763
12215.0000 65.7953 8.1757
12220.0000 65.8040 8.1711
12225.0000 65.8269 8.1683
12230.0000 65.8470 8.1663
12235.0000 65.8789 8.1648
12240.0000 65.8593 8.1547
12245.0000 65.2225 8.0409
12250.0000 65.1108 8.0431
12255.0000 65.0323 8.0637
12260.0000 64.9379 8.0060
12265.0000 65.0183 8.0352
12270.0000 64.9940 8.0223
12275.0000 65.0058 8.0257
12280.0000 65.0140 8.0294
12285.0000 65.1060 8.0375
12290.0000 65.1458 8.0543
12295.0000 65.1695 8.0664
12300.0000 65.1800 8.0672
12305.0000 64.8439 8.0425
12310.0000 64.7420 8.0413
12315.0000 64.6193 8.0605
12320.0000 64.6405 8.0645
12325.0000 64.6284 8.0570
12330.0000 64.6756 8.0782
12335.0000 64.6849 8.0836
12340.0000 64.6660 8.0666
12345.0000 64.8126 8.1401
12350.0000 64.8132 8.1385
12355.0000 64.8437 8.1455
12360.0000 64.8513 8.1566
12365.0000 64.3573 8.1047
12370.0000 64.2119 8.1062
12375.0000 64.0633 8.1059
12380.0000 64.0206 8.0918
12385.0000 63.9842 8.0643
12390.0000 64.0523 8.0769
12395.0000 64.0863 8.0932
12400.0000 64.0571 8.0703
12405.0000 64.1286 8.1069
12410.0000 64.1750 8.1321
12415.0000 64.1532 8.1091
12420.0000 64.1686 8.1133
12425.0000 63.8938 8.0574
12430.0000 63.8170 8.0592
12435.0000 63.7404 8.0553
12440.0000 63.7397 8.0431
12445.0000 63.7568 8.0500
12450.0000 63.7137 8.0164
12455.0000 63.7303 8.0220
12460.0000 63.7356 8.0206
12465.0000 63.6988 7.9926
12470.0000 63.7063 7.9949
12475.0000 63.7127 7.9964
12480.0000 63.7273 7.9992
12485.0000 62.9818 7.8123
12490.0000 62.8903 7.8256
12495.0000 62.7315 7.8345
12500.0000 62.6859 7.8118
12505.0000 62.6755 7.7990
12510.0000 62.7083 7.8159
12515.0000 62.7221 7.8171
12520.0000 62.7473 7.8205
12525.0000 62.7742 7.8196
12530.0000 62.7914 7.8213
12535.0000 62.8343 7.8278
12540.0000 62.8554 7.8404
12545.0000 62.6566 7.8200
12550.0000 62.5505 7.7897
12555.0000 62.5226 7.8086
12560.0000 62.5120 7.7898
12565.0000 62.5145 7.7773
12570.0000 62.5692 7.7851
12575.0000 62.6293 7.7754
12580.0000 62.6547 7.7699
12585.0000 62.6863 7.7722
12590.0000 62.6971 7.7718
12595.0000 62.7888 7.8111
12600.0000 62.8152 7.8145
12605.0000 62.7254 7.8408
12610.0000 62.6306 7.8333
12615.0000 62.5867 7.8535
12620.0000 62.5522 7.8467
12625.0000 62.5220 7.8223
12630.0000 62.5451 7.8343
12635.0000 62.5639 7.8371
12640.0000 62.6275 7.8639
12645.0000 62.6384 7.8635
12650.0000 62.7999 7.9146
12655.0000 62.8383 7.9307
12660.0000 62.9347 7.9789
12665.0000 62.3595 7.8642
12670.0000 62.2985 7.8850
12675.0000 62.2524 7.9048
12680.0000 62.1997 7.8777
12685.0000 62.2315 7.8774
12690.0000 62.2857 7.9008
12695.0000 62.3384 7.9314
12700.0000 62.4152 7.9598
12705.0000 62.4559 7.9791
12710.0000 62.4763 7.9844
12715.0000 62.4821 7.9838
12720.0000 62.5364 8.0004
12725.0000 62.2915 7.9333
12730.0000 62.1915 7.9280
12735.0000 62.0852 7.9217
12740.0000 62.0403 7.9083
12745.0000 62.0383 7.9062
12750.0000 62.0765 7.9187
12755.0000 62.0730 7.9101
12760.0000 62.1240 7.9415
12765.0000 62.1327 7.9416
12770.0000 62.1535 7.9450
12775.0000 62.1618 7.9455
12780.0000 62.2581 7.9652
12785.0000 61.7554 7.8439
12790.0000 61.5598 7.8548
12795.0000 61.4850 7.8914
12800.0000 61.3897 7.8526
12805.0000 61.4110 7.8327
12810.0000 61.4547 7.8441
12815.0000 61.5052 7.8637
12820.0000 61.5374 7.8644
12825.0000 61.6692 7.9386
12830.0000 61.7163 7.9580
12835.0000 61.7626 7.9698
12840.0000 61.6513 7.9375
12845.0000 60.8102 7.8160
12850.0000 60.6491 7.8219
12855.0000 60.4992 7.8436
12860.0000 60.4577 7.8239
12865.0000 60.4539 7.8298
12870.0000 60.4040 7.7929
12875.0000 60.5257 7.8266
12880.0000 60.5287 7.8282
12885.0000 60.6123 7.8480
12890.0000 60.6219 7.8352
12895.0000 60.6325 7.8359
12900.0000 60.6522 7.8442
12905.0000 60.5225 7.7988
12910.0000 60.4219 7.8069
12915.0000 60.2982 7.8289
12920.0000 60.2485 7.8158
12925.0000 60.2887 7.8287
12930.0000 60.3327 7.8538
12935.0000 60.3783 7.8776
12940.0000 60.3971 7.8832
12945.0000 60.4009 7.8827
12950.0000 60.4104 7.8828
12955.0000 60.4257 7.8556
12960.0000 60.4754 7.8499
12965.0000 60.2057 7.7601
12970.0000 60.1352 7.7687
12975.0000 60.0749 7.7792
12980.0000 60.0619 7.7651
12985.0000 60.1158 7.7637
12990.0000 60.0877 7.7412
12995.0000 60.1048 7.7449
13000.0000 60.1271 7.7518
13005.0000 60.1384 7.7544
13010.0000 60.1573 7.7588
13015.0000 60.1668 7.7609
13020.0000 60.2436 7.7800
13025.0000 59.9923 7.7904
13030.0000 59.8385 7.7892
13035.0000 59.7523 7.8073
13040.0000 59.6468 7.7572
13045.0000 59.6523 7.7509
13050.0000 59.6684 7.7518
13055.0000 59.7192 7.7758
13060.0000 59.8713 7.8277
13065.0000 59.9746 7.8580
13070.0000 59.9973 7.8562
13075.0000 60.0800 7.8793
13080.0000 60.0441 7.8384
13085.0000 59.2392 7.5792
13090.0000 59.1494 7.5811
13095.0000 59.0690 7.5813
13100.0000 59.0271 7.5661
13105.0000 59.1304 7.5951
13110.0000 59.1357 7.5953
13115.0000 59.1794 7.5931
13120.0000 59.1880 7.5936
13125.0000 59.2638 7.6020
13130.0000 59.2701 7.6020
13135.0000 59.2909 7.6074
13140.0000 59.3113 7.6143
13145.0000 59.2411 7.5711
13150.0000 59.1585 7.5804
13155.0000 59.1422 7.5938
13160.0000 59.1392 7.5976
13165.0000 59.1351 7.5910
13170.0000 59.1364 7.5825
13175.0000 59.2595 7.6116
13180.0000 59.4200 7.6841
13185.0000 59.4537 7.7029
13190.0000 59.4689 7.7044
13195.0000 59.4878 7.7029
13200.0000 59.4802 7.7152
13205.0000 59.2665 7.6800
13210.0000 59.1894 7.6591
13215.0000 59.1931 7.6650
13220.0000 59.2195 7.6812
13225.0000 59.2089 7.6689
13230.0000 59.2359 7.6688
13235.0000 59.2855 7.6841
13240.0000 59.3189 7.6892
13245.0000 59.3395 7.6881
13250.0000 59.3641 7.6947
13255.0000 59.3926 7.6970
13260.0000 59.4885 7.7409
13265.0000 59.3986 7.6967
13270.0000 59.3395 7.7268
13275.0000 59.2854 7.7738
13280.0000 59.2155 7.7571
13285.0000 59.2319 7.7611
13290.0000 59.3062 7.7790
13295.0000 59.4004 7.7808
13300.0000 59.5089 7.8341
13305.0000 59.5577 7.8529
13310.0000 59.5993 7.8648
13315.0000 59.6861 7.8989
13320.0000 59.6463 7.8823
13325.0000 59.3920 7.8204
13330.0000 59.3090 7.8243
13335.0000 59.2931 7.8459
13340.0000 59.2441 7.8311
13345.0000 59.2280 7.8176
13350.0000 59.2195 7.8105
13355.0000 59.2445 7.8193
13360.0000 59.2549 7.8202
13365.0000 59.2808 7.8322
13370.0000 59.2896 7.8329
13375.0000 59.3147 7.8318
13380.0000 59.3359 7.8462
13385.0000 59.3077 7.8422
13390.0000 59.1887 7.8512
13395.0000 59.1321 7.8554
13400.0000 59.0763 7.8331
13405.0000 59.0618 7.8229
13410.0000 59.0855 7.8135
13415.0000 59.1538 7.8435
13420.0000 59.1587 7.8435
13425.0000 59.1768 7.8475
13430.0000 59.1961 7.8561
13435.0000 59.2523 7.8407
13440.0000 59.2426 7.8330
13445.0000 58.9355 7.6952
13450.0000 58.7336 7.7118
13455.0000 58.6766 7.7399
13460.0000 58.6396 7.7328
13465.0000 58.6354 7.7217
13470.0000 58.6247 7.7156
13475.0000 58.7083 7.7249
13480.0000 58.7237 7.7263
13485.0000 58.7461 7.7295
13490.0000 58.7575 7.7312
13495.0000 58.7792 7.7381
13500.0000 58.8325 7.7287
13505.0000 58.8139 7.7301
13510.0000 58.7471 7.7144
13515.0000 58.7838 7.7017
13520.0000 58.7706 7.7007
13525.0000 58.7719 7.7016
13530.0000 58.7763 7.7002
13535.0000 58.8093 7.7207
13540.0000 58.8339 7.7284
13545.0000 58.8660 7.7408
13550.0000 58.8964 7.7553
13555.0000 58.9244 7.7695
13560.0000 58.9116 7.7552
13565.0000 58.9065 7.7552
13570.0000 58.8696 7.7801
13575.0000 58.8903 7.8149
13580.0000 58.8680 7.8054
13585.0000 58.8389 7.7886
13590.0000 58.8943 7.8100
13595.0000 58.9443 7.8368
13600.0000 58.9940 7.8642
13605.0000 59.0249 7.8739
13610.0000 59.1107 7.9030
13615.0000 59.1421 7.9136
13620.0000 59.2015 7.9125
13625.0000 59.1421 7.8978
13630.0000 59.0920 7.9033
13635.0000 59.0509 7.9110
13640.0000 58.9830 7.8837
13645.0000 59.0115 7.8888
13650.0000 59.0165 7.8852
13655.0000 59.0409 7.8898
13660.0000 59.0646 7.8968
13665.0000 59.0822 7.8988
13670.0000 59.1065 7.9096
13675.0000 59.1214 7.9142
13680.0000 59.1312 7.9124
13685.0000 59.0235 7.9226
13690.0000 58.9607 7.9617
13695.0000 58.9817 7.9725
13700.0000 58.9720 7.9694
13705.0000 59.0076 7.9844
13710.0000 59.0018 7.9776
13715.0000 59.0242 7.9858
13720.0000 59.0380 7.9909
13725.0000 59.0731 7.9991
13730.0000 59.1008 8.0090
13735.0000 59.1249 8.0157
13740.0000 59.1116 8.0050
13745.0000 58.9173 7.9355
13750.0000 58.7794 7.9619
13755.0000 58.6971 7.9782
13760.0000 58.6586 7.9690
13765.0000 58.6922 7.9712
13770.0000 58.6958 7.9648
13775.0000 58.7385 7.9789
13780.0000 58.7664 7.9905
13785.0000 58.8076 8.0138
13790.0000 58.8281 8.0241
13795.0000 58.8560 8.0279
13800.0000 58.8730 8.0413
13805.0000 58.8056 8.0413
13810.0000 58.7734 8.0776
13815.0000 58.8045 8.1381
13820.0000 58.7547 8.1228
13825.0000 58.7775 8.1361
13830.0000 58.8062 8.1458
13835.0000 58.8326 8.1639
13840.0000 58.8611 8.1788
13845.0000 58.8810 8.1910
13850.0000 58.8989 8.2016
13855.0000 58.9279 8.2113
13860.0000 58.9577 8.2053
13865.0000 58.6189 8.0978
13870.0000 58.5245 8.1252
13875.0000 58.4913 8.1487
13880.0000 58.4527 8.1379
13885.0000 58.4551 8.1385
13890.0000 58.4662 8.1414
13895.0000 58.4788 8.1445
13900.0000 58.5218 8.1695
13905.0000 58.5454 8.1780
13910.0000 58.5955 8.2018
13915.0000 58.6076 8.2065
13920.0000 58.6174 8.2105
13925.0000 58.4903 8.1874
13930.0000 58.3875 8.1857
13935.0000 58.3523 8.1953
13940.0000 58.3231 8.1819
13945.0000 58.2862 8.1635
13950.0000 58.3303 8.1624
13955.0000 58.3013 8.1358
13960.0000 58.3417 8.1505
13965.0000 58.3780 8.1583
13970.0000 58.3899 8.1488
13975.0000 58.4471 8.1560
13980.0000 58.4148 8.1285
13985.0000 58.3504 8.1678
13990.0000 58.3225 8.1765
13995.0000 58.3462 8.2105
14000.0000 58.2431 8.1494
14005.0000 58.2199 8.1368
14010.0000 58.2847 8.1336
14015.0000 58.2905 8.1272
14020.0000 58.3690 8.1181
14025.0000 58.3846 8.1166
14030.0000 58.4397 8.1297
14035.0000 58.4983 8.1386
14040.0000 58.5085 8.1410
14045.0000 57.8860 8.0053
14050.0000 57.7035 8.0533
14055.0000 57.6386 8.0692
14060.0000 57.5929 8.0462
14065.0000 57.5468 8.0159
14070.0000 57.5532 8.0115
14075.0000 57.6023 8.0233
14080.0000 57.6613 8.0548
14085.0000 57.6609 8.0493
14090.0000 57.7063 8.0475
14095.0000 57.7039 8.0458
14100.0000 57.6930 8.0515
14105.0000 57.2192 7.9623
14110.0000 57.0727 7.9649
14115.0000 56.9897 7.9618
14120.0000 56.8899 7.9111
14125.0000 56.8762 7.9073
14130.0000 56.8850 7.9010
14135.0000 56.9355 7.9117
14140.0000 56.9485 7.9170
14145.0000 57.0387 7.9262
14150.0000 57.1442 7.9643
14155.0000 57.1633 7.9709
14160.0000 57.1404 7.9818
14165.0000 56.9825 7.9875
14170.0000 56.8494 7.9705
14175.0000 56.8282 7.9860
14180.0000 56.7829 7.9798
14185.0000 56.8265 8.0048
14190.0000 56.8248 7.9981
14195.0000 56.8309 7.9954
14200.0000 56.9143 8.0454
14205.0000 56.9192 8.0494
14210.0000 56.9431 8.0576
14215.0000 56.9431 8.0576
14220.0000 56.9817 8.0451
14225.0000 56.6943 7.9881
14230.0000 56.6048 7.9942
14235.0000 56.5597 8.0182
14240.0000 56.5122 8.0087
14245.0000 56.5058 8.0044
14250.0000 56.4926 7.9996
14255.0000 56.5139 8.0024
14260.0000 56.5139 8.0024
14265.0000 56.5490 8.0078
14270.0000 56.6197 8.0425
14275.0000 56.6197 8.0425
14280.0000 56.6140 8.0368
14285.0000 56.5718 8.0139
14290.0000 56.5051 8.0242
14295.0000 56.4868 8.0373
14300.0000 56.4092 8.0057
14305.0000 56.4405 8.0253
14310.0000 56.4255 8.0143
14315.0000 56.4497 8.0231
14320.0000 56.4541 8.0227
14325.0000 56.4709 8.0265
14330.0000 56.4899 8.0365
14335.0000 56.4982 8.0368
14340.0000 56.5859 8.0755
14345.0000 56.4099 8.0282
14350.0000 56.2219 8.0211
14355.0000 56.1821 8.0400
14360.0000 56.1272 8.0197
14365.0000 56.1681 8.0210
14370.0000 56.1546 8.0121
14375.0000 56.1602 8.0122
14380.0000 56.1635 8.0130
14385.0000 56.2463 8.0441
14390.0000 56.2927 8.0319
14395.0000 56.2974 8.0352
14400.0000 56.2040 8.0367
14405.0000 56.0256 7.9988
14410.0000 55.9059 8.0138
14415.0000 55.9294 8.0075
14420.0000 55.9087 7.9703
14425.0000 55.9968 7.9464
14430.0000 56.0553 7.9443
14435.0000 56.1369 7.9368
14440.0000 56.1563 7.9469
14445.0000 56.1779 7.9611
14450.0000 56.2018 7.9729
14455.0000 56.2097 7.9794
14460.0000 56.2395 7.9948
14465.0000 56.2101 8.0181
14470.0000 56.1667 8.0071
14475.0000 56.1581 8.0093
14480.0000 56.1167 7.9941
14485.0000 56.1157 7.9868
14490.0000 56.1399 8.0052
14495.0000 56.1564 8.0125
14500.0000 56.1688 8.0167
14505.0000 56.1906 8.0265
14510.0000 56.2069 8.0298
14515.0000 56.2212 8.0356
14520.0000 56.1745 8.0308
14525.0000 55.9623 8.0085
14530.0000 55.7768 8.0246
14535.0000 55.7838 8.0143
14540.0000 55.7600 8.0064
14545.0000 55.7879 8.0185
14550.0000 55.8244 8.0065
14555.0000 55.8657 8.0324
14560.0000 55.8812 8.0380
14565.0000 55.8912 8.0396
14570.0000 55.9100 8.0461
14575.0000 55.9292 8.0543
14580.0000 55.9064 8.0844
14585.0000 55.8728 8.1204
14590.0000 55.8116 8.1251
14595.0000 55.8185 8.1465
14600.0000 55.7861 8.1395
14605.0000 55.7979 8.1529
14610.0000 55.8690 8.1550
14615.0000 55.9335 8.1569
14620.0000 55.9556 8.1671
14625.0000 55.9877 8.1854
14630.0000 56.0388 8.2156
14635.0000 56.0804 8.2181
14640.0000 56.1234 8.2253
14645.0000 55.9420 8.1823
14650.0000 55.9064 8.1475
14655.0000 55.8976 8.1631
14660.0000 56.0254 8.2700
14665.0000 56.0090 8.2576
14670.0000 56.0015 8.2503
14675.0000 56.0332 8.2565
14680.0000 56.0869 8.2771
14685.0000 56.1363 8.3088
14690.0000 56.1519 8.3163
14695.0000 56.1571 8.3182
14700.0000 56.1713 8.3253
14705.0000 55.7279 8.2746
14710.0000 55.5646 8.2447
14715.0000 55.5572 8.2790
14720.0000 55.4982 8.2659
14725.0000 55.4779 8.2420
14730.0000 55.4747 8.2329
14735.0000 55.4871 8.2296
14740.0000 55.4998 8.2293
14745.0000 55.5377 8.2306
14750.0000 55.5665 8.2434
14755.0000 55.5955 8.2467
14760.0000 55.6740 8.2890
14765.0000 55.5489 8.2672
14770.0000 55.4837 8.2638
14775.0000 55.4809 8.2676
14780.0000 55.4274 8.2276
14785.0000 55.4219 8.2125
14790.0000 55.4156 8.2004
14795.0000 55.4940 8.2058
14800.0000 55.4968 8.2042
14805.0000 55.5891 8.2198
14810.0000 55.5928 8.2178
14815.0000 55.7262 8.2614
14820.0000 55.7065 8.2442
14825.0000 55.4050 8.1551
14830.0000 55.2858 8.1327
14835.0000 55.3165 8.1668
14840.0000 55.3318 8.1559
14845.0000 55.3668 8.1578
14850.0000 55.3954 8.1757
14855.0000 55.4071 8.1626
14860.0000 55.4438 8.1683
14865.0000 55.4748 8.1588
14870.0000 55.4992 8.1556
14875.0000 55.5393 8.1593
14880.0000 55.5050 8.1358
14885.0000 55.4329 8.1099
14890.0000 55.2774 8.1570
14895.0000 55.3192 8.2067
14900.0000 55.2921 8.1986
14905.0000 55.2607 8.1795
14910.0000 55.3127 8.1729
14915.0000 55.3669 8.1696
14920.0000 55.3841 8.1808
14925.0000 55.4278 8.1914
14930.0000 55.4856 8.2301
14935.0000 55.5006 8.2367
14940.0000 55.5106 8.2224
14945.0000 55.4992 8.2213
14950.0000 55.4406 8.2478
14955.0000 55.4311 8.2605
14960.0000 55.4890 8.2826
14965.0000 55.5489 8.3147
14970.0000 55.5366 8.3055
14975.0000 55.5289 8.2973
14980.0000 55.5329 8.3006
14985.0000 55.5663 8.3060
14990.0000 55.5797 8.3171
14995.0000 55.5810 8.3006
15000.0000 55.5760 8.3273
15005.0000 55.3987 8.2877
15010.0000 55.4208 8.2944
15015.0000 55.4105 8.2969
15020.0000 55.3841 8.2599
15025.0000 55.3495 8.2281
15030.0000 55.3545 8.2162
15035.0000 55.4026 8.2330
15040.0000 55.4313 8.2305
15045.0000 55.4483 8.2407
15050.0000 55.5695 8.3001
15055.0000 55.5870 8.3007
15060.0000 55.6073 8.3096
15065.0000 55.5822 8.3068
15070.0000 55.5594 8.2945
15075.0000 55.5645 8.3019
15080.0000 55.5622 8.3131
15085.0000 55.6135 8.2815
15090.0000 55.5977 8.2780
15095.0000 55.6169 8.2861
15100.0000 55.6349 8.2989
15105.0000 55.6531 8.3060
15110.0000 55.6764 8.3136
15115.0000 55.6850 8.3172
15120.0000 55.7329 8.3244
15125.0000 55.7255 8.3022
15130.0000 55.6769 8.2913
15135.0000 55.6496 8.3150
15140.0000 55.6222 8.3063
15145.0000 55.6179 8.3018
15150.0000 55.6393 8.3124
15155.0000 55.6935 8.3391
15160.0000 55.7219 8.3448
15165.0000 55.7551 8.3511
15170.0000 55.7948 8.3590
15175.0000 55.8038 8.3562
15180.0000 55.8709 8.3741
15185.0000 55.8080 8.3681
15190.0000 55.7615 8.3488
15195.0000 55.7601 8.3553
15200.0000 55.7023 8.3315
15205.0000 55.7513 8.3479
15210.0000 55.7437 8.3393
15215.0000 55.7768 8.3613
15220.0000 55.8257 8.3899
15225.0000 55.8983 8.3922
15230.0000 55.9265 8.4030
15235.0000 55.9051 8.3842
15240.0000 55.8566 8.3521
15245.0000 55.7411 8.3739
15250.0000 55.6673 8.3556
15255.0000 55.6280 8.3623
15260.0000 55.6127 8.3482
15265.0000 55.6896 8.3474
15270.0000 55.7009 8.3278
15275.0000 55.7116 8.3298
15280.0000 55.7227 8.3347
15285.0000 55.7315 8.3368
15290.0000 55.7900 8.3499
15295.0000 55.8595 8.3745
15300.0000 55.9054 8.3568
15305.0000 55.9430 8.3399
15310.0000 55.9658 8.3264
15315.0000 55.9355 8.3026
15320.0000 55.9136 8.2922
15325.0000 55.9076 8.2921
15330.0000 55.9087 8.2900
15335.0000 55.9539 8.3108
15340.0000 55.9744 8.3162
15345.0000 56.0154 8.3279
15350.0000 56.0542 8.3157
15355.0000 56.1017 8.3350
15360.0000 56.0404 8.3189
15365.0000 55.5299 8.2591
15370.0000 55.3028 8.2966
15375.0000 55.2234 8.3335
15380.0000 55.1952 8.3340
15385.0000 55.2701 8.3056
15390.0000 55.2901 8.3110
15395.0000 55.3019 8.3080
15400.0000 55.3347 8.3111
15405.0000 55.3886 8.3392
15410.0000 55.4054 8.3419
15415.0000 55.4376 8.3197
15420.0000 55.4322 8.3108
15425.0000 55.4510 8.3401
15430.0000 55.4638 8.3673
15435.0000 55.4572 8.3711
15440.0000 55.4667 8.3608
15445.0000 55.4853 8.3644
15450.0000 55.5365 8.3780
15455.0000 55.5433 8.3811
15460.0000 55.5789 8.3851
15465.0000 55.5934 8.3851
15470.0000 55.6108 8.3943
15475.0000 55.6282 8.3993
15480.0000 55.6857 8.3787
15485.0000 55.7319 8.3462
15490.0000 55.6940 8.3487
15495.0000 55.6718 8.3542
15500.0000 55.6119 8.3295
15505.0000 55.6134 8.3248
15510.0000 55.7011 8.3408
15515.0000 55.7754 8.3577
15520.0000 55.7893 8.3630
15525.0000 55.8542 8.3977
15530.0000 55.9524 8.4140
15535.0000 55.9826 8.4207
15540.0000 56.0306 8.4268
15545.0000 56.0360 8.4367
15550.0000 56.0101 8.4454
15555.0000 55.9903 8.4621
15560.0000 55.9703 8.4548
15565.0000 55.9637 8.4575
15570.0000 55.9478 8.4487
15575.0000 55.9825 8.4690
15580.0000 55.9968 8.4740
15585.0000 56.0260 8.4867
15590.0000 56.0498 8.5024
15595.0000 56.0675 8.5102
15600.0000 56.0793 8.5168
15605.0000 55.8593 8.5355
15610.0000 55.7199 8.5167
15615.0000 55.6788 8.5319
15620.0000 55.6790 8.5066
15625.0000 55.6546 8.4938
15630.0000 55.6933 8.4746
15635.0000 55.7003 8.4796
15640.0000 55.7154 8.4838
15645.0000 55.7154 8.4838
15650.0000 55.7031 8.4688
15655.0000 55.7249 8.4699
15660.0000 55.6941 8.4387
15665.0000 55.4456 8.3869
15670.0000 55.4368 8.3864
15675.0000 55.4412 8.4149
15680.0000 55.3865 8.3824
15685.0000 55.4461 8.4263
15690.0000 55.4445 8.4212
15695.0000 55.4634 8.4327
15700.0000 55.4647 8.4301
15705.0000 55.5473 8.4608
15710.0000 55.5692 8.4725
15715.0000 55.6046 8.4916
15720.0000 55.6645 8.5087
15725.0000 55.6394 8.4830
15730.0000 55.6210 8.4909
15735.0000 55.6710 8.5109
15740.0000 55.6633 8.5089
15745.0000 55.6278 8.4901
15750.0000 55.6220 8.4911
15755.0000 55.6451 8.5030
15760.0000 55.6641 8.5098
15765.0000 55.6836 8.5190
15770.0000 55.7369 8.5535
15775.0000 55.8078 8.5962
15780.0000 55.8299 8.6051
15785.0000 55.8072 8.6210
15790.0000 55.8020 8.6295
15795.0000 55.7358 8.6140
15800.0000 55.7281 8.6057
15805.0000 55.7587 8.6080
15810.0000 55.8108 8.6242
15815.0000 55.8235 8.6300
15820.0000 55.8337 8.6267
15825.0000 55.8649 8.6244
15830.0000 55.9087 8.6413
15835.0000 55.9080 8.6284
15840.0000 55.9179 8.6256
15845.0000 55.7658 8.5822
15850.0000 55.7369 8.5887
15855.0000 55.7308 8.5913
15860.0000 55.7708 8.6064
15865.0000 55.7411 8.5874
15870.0000 55.7290 8.5890
15875.0000 55.7472 8.5962
15880.0000 55.7553 8.5910
15885.0000 55.8213 8.6050
15890.0000 55.8436 8.6033
15895.0000 55.8628 8.5977
15900.0000 55.8856 8.6061
15905.0000 55.3063 8.4764
15910.0000 55.2097 8.4196
15915.0000 55.2016 8.4242
15920.0000 55.1388 8.4021
15925.0000 55.1468 8.4055
15930.0000 55.1347 8.3882
15935.0000 55.1984 8.3824
15940.0000 55.2038 8.3816
15945.0000 55.2113 8.3806
15950.0000 55.2709 8.3815
15955.0000 55.2800 8.3770
15960.0000 55.3232 8.4019
15965.0000 55.3313 8.3994
15970.0000 55.3297 8.4229
15975.0000 55.3567 8.4209
15980.0000 55.3866 8.4267
15985.0000 55.4261 8.3897
15990.0000 55.4124 8.3747
15995.0000 55.4690 8.4001
16000.0000 55.4846 8.4034
16005.0000 55.5253 8.4228
16010.0000 55.5966 8.4462
16015.0000 55.6143 8.4518
16020.0000 55.5958 8.4241
16025.0000 55.2891 8.3264
16030.0000 55.2296 8.2919
16035.0000 55.1808 8.3078
16040.0000 55.1664 8.3127
16045.0000 55.1257 8.2762
16050.0000 55.1240 8.2671
16055.0000 55.1288 8.2696
16060.0000 55.1350 8.2716
16065.0000 55.1467 8.2785
16070.0000 55.1320 8.2671
16075.0000 55.1540 8.2773
16080.0000 55.2387 8.3320
16085.0000 55.1698 8.3310
16090.0000 55.1298 8.3116
16095.0000 55.1089 8.3132
16100.0000 55.0816 8.2976
16105.0000 55.1138 8.3011
16110.0000 55.1053 8.2958
16115.0000 55.1096 8.2979
16120.0000 55.1220 8.3018
16125.0000 55.1281 8.3042
16130.0000 55.1805 8.3404
16135.0000 55.2234 8.3411
16140.0000 55.2213 8.3345
16145.0000 55.1538 8.3224
16150.0000 55.1159 8.3134
16155.0000 55.0969 8.3118
16160.0000 55.0808 8.3023
16165.0000 55.0614 8.2857
16170.0000 55.1551 8.3051
16175.0000 55.2431 8.2913
16180.0000 55.2608 8.3010
16185.0000 55.2667 8.3062
16190.0000 55.2870 8.3179
16195.0000 55.2870 8.3179
16200.0000 55.3370 8.3204
16205.0000 55.3346 8.3190
16210.0000 55.3256 8.3270
16215.0000 55.3368 8.3488
16220.0000 55.3279 8.3477
16225.0000 55.3338 8.3430
16230.0000 55.3201 8.3328
16235.0000 55.3422 8.3378
16240.0000 55.3566 8.3365
16245.0000 55.4113 8.3482
16250.0000 55.4727 8.3377
16255.0000 55.4861 8.3367
16260.0000 55.5108 8.3449
16265.0000 55.3931 8.3498
16270.0000 55.3168 8.3554
16275.0000 55.2944 8.3534
16280.0000 55.2780 8.3458
16285.0000 55.2532 8.3281
16290.0000 55.2118 8.3086
16295.0000 55.2200 8.3125
16300.0000 55.2721 8.3424
16305.0000 55.2786 8.3411
16310.0000 55.3297 8.3427
16315.0000 55.3401 8.3468
16320.0000 55.3477 8.3502
16325.0000 55.3456 8.3592
16330.0000 55.3411 8.3559
16335.0000 55.3117 8.3503
16340.0000 55.3035 8.3353
16345.0000 55.3247 8.3212
16350.0000 55.3125 8.3112
16355.0000 55.3591 8.3350
16360.0000 55.3743 8.3398
16365.0000 55.4006 8.3525
16370.0000 55.4263 8.3649
16375.0000 55.4575 8.3800
16380.0000 55.3839 8.3455
16385.0000 55.2953 8.3508
16390.0000 55.2614 8.3640
16395.0000 55.2286 8.3808
16400.0000 55.2323 8.3830
16405.0000 55.2381 8.3826
16410.0000 55.2079 8.3713
16415.0000 55.2468 8.3951
16420.0000 55.2501 8.3969
16425.0000 55.2573 8.3992
16430.0000 55.2700 8.4056
16435.0000 55.2787 8.4096
16440.0000 55.3464 8.4026
16445.0000 55.3884 8.4060
16450.0000 55.3201 8.3803
16455.0000 55.2865 8.3707
16460.0000 55.2649 8.3599
16465.0000 55.2959 8.3817
16470.0000 55.2821 8.3703
16475.0000 55.3065 8.3720
16480.0000 55.3534 8.3760
16485.0000 55.3626 8.3784
16490.0000 55.3772 8.3831
16495.0000 55.4126 8.3807
16500.0000 55.4723 8.3882
16505.0000 55.5029 8.4054
16510.0000 55.4923 8.3965
16515.0000 55.4564 8.3706
16520.0000 55.4795 8.3981
16525.0000 55.4809 8.3978
16530.0000 55.4494 8.3840
16535.0000 55.4700 8.3974
16540.0000 55.4884 8.4081
16545.0000 55.5063 8.4146
16550.0000 55.5240 8.4259
16555.0000 55.6192 8.3713
16560.0000 55.7414 8.3542
16565.0000 55.7867 8.3662
16570.0000 55.7984 8.3484
16575.0000 55.8044 8.3415
16580.0000 55.8982 8.3350
16585.0000 55.9191 8.3396
16590.0000 55.9423 8.3381
16595.0000 55.9494 8.3414
16600.0000 56.0031 8.3635
16605.0000 56.0031 8.3635
16610.0000 56.0178 8.3684
16615.0000 56.0682 8.3717
16620.0000 55.9510 8.2948
16625.0000 55.5473 8.2081
16630.0000 55.4205 8.1913
16635.0000 55.3714 8.2085
16640.0000 55.3386 8.2121
16645.0000 55.3141 8.1967
16650.0000 55.2866 8.1574
16655.0000 55.2945 8.1569
16660.0000 55.3111 8.1581
16665.0000 55.3600 8.1707
16670.0000 55.3796 8.1811
16675.0000 55.3893 8.1858
16680.0000 55.4496 8.2152
16685.0000 55.3670 8.1974
16690.0000 55.3549 8.1938
16695.0000 55.3527 8.1966
16700.0000 55.3626 8.1978
16705.0000 55.4111 8.2058
16710.0000 55.4152 8.2185
16715.0000 55.4803 8.2351
16720.0000 55.5290 8.2258
16725.0000 55.5939 8.2682
16730.0000 55.6364 8.2806
16735.0000 55.6626 8.2917
16740.0000 55.6760 8.2996
16745.0000 55.7125 8.3142
16750.0000 55.7219 8.3020
16755.0000 55.7466 8.3072
16760.0000 55.7598 8.3192
16765.0000 55.8039 8.3243
16770.0000 55.8669 8.3119
16775.0000 55.9281 8.3464
16780.0000 55.9451 8.3565
16785.0000 56.0000 8.3508
16790.0000 56.0542 8.3521
16795.0000 56.0754 8.3650
16800.0000 56.1016 8.3805
16805.0000 56.1339 8.4030
16810.0000 56.1378 8.4036
16815.0000 56.1884 8.4204
16820.0000 56.1805 8.4124
16825.0000 56.2713 8.3773
16830.0000 56.2647 8.3802
16835.0000 56.2850 8.3628
16840.0000 56.2967 8.3707
16845.0000 56.3189 8.3809
16850.0000 56.3672 8.4092
16855.0000 56.4184 8.4199
16860.0000 56.4020 8.4057
16865.0000 56.2773 8.3936
16870.0000 56.2541 8.4133
16875.0000 56.2141 8.4075
16880.0000 56.2199 8.4189
16885.0000 56.2132 8.4109
16890.0000 56.1782 8.3894
16895.0000 56.1966 8.3987
16900.0000 56.2236 8.4154
16905.0000 56.2535 8.4294
16910.0000 56.2502 8.4266
16915.0000 56.2652 8.4330
16920.0000 56.2387 8.4026
16925.0000 55.5202 8.2855
16930.0000 55.2130 8.3132
16935.0000 55.1858 8.2917
16940.0000 55.1476 8.2884
16945.0000 55.1302 8.2738
16950.0000 55.1185 8.2670
16955.0000 55.2067 8.3011
16960.0000 55.2923 8.3437
16965.0000 55.3078 8.3487
16970.0000 55.3435 8.3696
16975.0000 55.3570 8.3765
16980.0000 55.3666 8.3810
16985.0000 55.3641 8.3667
16990.0000 55.3585 8.3463
16995.0000 55.3438 8.3480
17000.0000 55.3388 8.3450
17005.0000 55.3775 8.3287
17010.0000 55.3756 8.3298
17015.0000 55.3952 8.3380
17020.0000 55.4525 8.3461
17025.0000 55.5711 8.3809
17030.0000 55.6477 8.4156
17035.0000 55.8033 8.4373
17040.0000 55.8538 8.4565
17045.0000 55.9178 8.5094
17050.0000 55.9225 8.5122
17055.0000 55.8925 8.5086
17060.0000 55.9108 8.5280
17065.0000 55.8761 8.5028
17070.0000 55.8503 8.4874
17075.0000 55.8486 8.4861
17080.0000 55.8601 8.4948
17085.0000 55.9162 8.5274
17090.0000 56.0108 8.5688
17095.0000 56.1195 8.6028
17100.0000 56.2548 8.6716
17105.0000 55.9325 8.6986
17110.0000 55.9234 8.7603
17115.0000 55.8161 8.7171
17120.0000 55.8021 8.7046
17125.0000 55.8024 8.6960
17130.0000 55.7500 8.6730
17135.0000 55.7518 8.6719
17140.0000 55.7582 8.6757
17145.0000 55.7967 8.6993
17150.0000 55.8495 8.7358
17155.0000 55.8495 8.7358
17160.0000 55.8739 8.7315
17165.0000 55.7527 8.6505
17170.0000 55.6184 8.5710
17175.0000 55.5991 8.5893
17180.0000 55.6190 8.5966
17185.0000 55.6096 8.5926
17190.0000 55.5737 8.5801
17195.0000 55.5841 8.5765
17200.0000 55.6353 8.5988
17205.0000 55.6628 8.6123
17210.0000 55.6847 8.6109
17215.0000 55.7008 8.6172
17220.0000 55.7183 8.6270
17225.0000 55.7227 8.6212
17230.0000 55.7042 8.6117
17235.0000 55.6545 8.6174
17240.0000 55.6818 8.6270
17245.0000 55.7084 8.6237
17250.0000 55.6961 8.6200
17255.0000 55.7106 8.6280
17260.0000 55.7330 8.6447
17265.0000 55.7564 8.6518
17270.0000 55.7766 8.6524
17275.0000 55.7826 8.6534
17280.0000 55.8021 8.6632
17285.0000 55.8253 8.6744
17290.0000 55.9553 8.7204
17295.0000 56.0354 8.7554
17300.0000 56.0273 8.7526
17305.0000 56.0101 8.7432
17310.0000 56.0640 8.7784
17315.0000 56.1300 8.8041
17320.0000 56.1631 8.8231
17325.0000 56.2028 8.8277
17330.0000 56.2597 8.8089
17335.0000 56.2621 8.8061
17340.0000 56.2903 8.8155
17345.0000 56.1980 8.8046
17350.0000 56.1869 8.7961
17355.0000 56.1953 8.7912
17360.0000 56.3074 8.7918
17365.0000 56.3446 8.8014
17370.0000 56.4154 8.8246
17375.0000 56.4948 8.8410
17380.0000 56.6574 8.9351
17385.0000 56.6615 8.9343
17390.0000 56.6777 8.9368
17395.0000 56.7050 8.9369
17400.0000 56.6904 8.9562
17405.0000 56.2989 8.8643
17410.0000 56.1922 8.8397
17415.0000 56.1807 8.8320
17420.0000 56.1584 8.8041
17425.0000 56.1556 8.7844
17430.0000 56.1469 8.7722
17435.0000 56.1957 8.7993
17440.0000 56.2006 8.8008
17445.0000 56.1705 8.7758
17450.0000 56.1839 8.7797
17455.0000 56.2032 8.7886
17460.0000 56.2190 8.7957
17465.0000 56.2212 8.7943
17470.0000 56.2162 8.7928
17475.0000 56.1677 8.8095
17480.0000 56.1405 8.8226
17485.0000 56.1481 8.8215
17490.0000 56.2118 8.8372
17495.0000 56.2258 8.8340
17500.0000 56.2182 8.8243
17505.0000 56.2252 8.8181
17510.0000 56.2285 8.8188
17515.0000 56.2557 8.8334
17520.0000 56.2889 8.8247
17525.0000 56.2408 8.8275
17530.0000 56.2525 8.8160
17535.0000 56.2807 8.8313
17540.0000 56.2764 8.8340
17545.0000 56.2969 8.8228
17550.0000 56.2963 8.8222
17555.0000 56.2869 8.8170
17560.0000 56.3075 8.8232
17565.0000 56.3385 8.8275
17570.0000 56.3587 8.8373
17575.0000 56.4261 8.8745
17580.0000 56.4767 8.8692
17585.0000 56.4582 8.8736
17590.0000 56.4164 8.8656
17595.0000 56.4468 8.9111
17600.0000 56.4138 8.9107
17605.0000 56.3975 8.9011
17610.0000 56.4816 8.9232
17615.0000 56.5317 8.9425
17620.0000 56.5385 8.9398
17625.0000 56.5567 8.9422
17630.0000 56.5805 8.9548
17635.0000 56.6484 8.9470
17640.0000 56.6888 8.9220
17645.0000 56.6925 8.9278
17650.0000 56.6531 8.9141
17655.0000 56.6448 8.9010
17660.0000 56.6797 8.9305
17665.0000 56.6642 8.9196
17670.0000 56.6566 8.9160
17675.0000 56.6552 8.9154
17680.0000 56.6657 8.9222
17685.0000 56.6874 8.9271
17690.0000 56.7485 8.9542
17695.0000 56.8682 8.9546
17700.0000 56.8898 8.9637
17705.0000 56.6728 8.8580
17710.0000 56.5785 8.8152
17715.0000 56.5279 8.7878
17720.0000 56.5007 8.7881
17725.0000 56.5320 8.7613
17730.0000 56.4737 8.7364
17735.0000 56.4782 8.7376
17740.0000 56.4789 8.7378
17745.0000 56.4928 8.7352
17750.0000 56.5256 8.7359
17755.0000 56.6068 8.7384
17760.0000 56.5913 8.7512
17765.0000 56.4976 8.7258
17770.0000 56.4918 8.7842
17775.0000 56.4609 8.7866
17780.0000 56.3954 8.7464
17785.0000 56.4297 8.7728
17790.0000 56.4296 8.7721
17795.0000 56.4371 8.7742
17800.0000 56.4903 8.8037
17805.0000 56.5440 8.8095
17810.0000 56.5672 8.8214
17815.0000 56.6175 8.8531
17820.0000 56.6413 8.8610
17825.0000 56.6387 8.8613
17830.0000 56.6240 8.8735
17835.0000 56.6055 8.8828
17840.0000 56.6108 8.8535
17845.0000 56.5573 8.8084
17850.0000 56.6344 8.8325
17855.0000 56.6614 8.8415
17860.0000 56.7020 8.8261
17865.0000 56.7367 8.8453
17870.0000 56.7411 8.8473
17875.0000 56.8039 8.8594
17880.0000 56.8279 8.8722
17885.0000 56.7894 8.8467
17890.0000 56.8026 8.8541
17895.0000 56.8438 8.8534
17900.0000 56.8576 8.8479
17905.0000 56.9105 8.8733
17910.0000 56.8910 8.8663
17915.0000 56.9197 8.8821
17920.0000 56.9597 8.9051
17925.0000 57.0223 8.9456
17930.0000 57.0413 8.9580
17935.0000 57.0679 8.9689
17940.0000 57.0966 8.9787
17945.0000 57.1138 8.9557
17950.0000 57.1394 8.9717
17955.0000 57.1227 8.9466
17960.0000 57.1801 8.9609
17965.0000 57.1789 8.9415
17970.0000 57.2203 8.9355
17975.0000 57.2346 8.9313
17980.0000 57.2851 8.9562
17985.0000 57.3069 8.9635
17990.0000 57.3901 8.9870
17995.0000 57.4422 8.9872
18000.0000 57.4701 9.0228
18005.0000 57.2965 8.9669
18010.0000 57.2661 8.9760
18015.0000 57.2175 8.9848
18020.0000 57.1974 8.9787
18025.0000 57.2387 8.9501
18030.0000 57.2477 8.9353
18035.0000 57.2596 8.9411
18040.0000 57.2722 8.9445
18045.0000 57.3428 8.9779
18050.0000 57.3534 8.9807
18055.0000 57.3756 8.9926
18060.0000 57.4627 9.0402
18065.0000 57.4585 9.0441
18070.0000 57.3711 9.0374
18075.0000 57.3734 9.0564
18080.0000 57.3498 9.0557
18085.0000 57.3743 9.0745
18090.0000 57.3643 9.0709
18095.0000 57.4092 9.1020
18100.0000 57.4277 9.1110
18105.0000 57.4443 9.1156
18110.0000 57.5044 9.1492
18115.0000 57.5141 9.1522
18120.0000 57.5360 9.1626
18125.0000 57.3100 9.1914
18130.0000 57.2278 9.1699
18135.0000 57.2117 9.1896
18140.0000 57.2080 9.1924
18145.0000 57.2419 9.1723
18150.0000 57.2179 9.1554
18155.0000 57.3508 9.2011
18160.0000 57.4524 9.2422
18165.0000 57.4840 9.2509
18170.0000 57.5285 9.2740
18175.0000 57.5308 9.2758
18180.0000 57.5705 9.2960
18185.0000 57.4662 9.2716
18190.0000 57.5090 9.2927
18195.0000 57.4787 9.2795
18200.0000 57.4705 9.2565
18205.0000 57.4956 9.2643
18210.0000 57.4440 9.2349
18215.0000 57.4021 9.1851
18220.0000 57.4262 9.1878
18225.0000 57.4521 9.1883
18230.0000 57.4688 9.1827
18235.0000 57.5144 9.1908
18240.0000 57.6426 9.1985
18245.0000 57.3071 9.0597
18250.0000 57.1519 8.9966
18255.0000 57.1104 8.9669
18260.0000 57.0631 8.9447
18265.0000 57.0534 8.9521
18270.0000 57.0225 8.9395
18275.0000 57.0104 8.9244
18280.0000 57.0247 8.9277
18285.0000 57.0382 8.9276
18290.0000 57.1030 8.9531
18295.0000 57.2118 9.0108
18300.0000 57.2600 8.9973
18305.0000 56.9894 8.9600
18310.0000 56.8624 8.9489
18315.0000 56.8072 8.9342
18320.0000 56.8011 8.9340
18325.0000 56.8002 8.9153
18330.0000 56.7866 8.9006
18335.0000 56.7855 8.9016
18340.0000 56.7939 8.9054
18345.0000 56.8256 8.9018
18350.0000 56.8348 8.9049
18355.0000 56.8500 8.9079
18360.0000 56.9305 8.9393
18365.0000 56.9394 8.9434
18370.0000 56.9111 8.9430
18375.0000 56.8808 8.9388
18380.0000 56.8999 8.9482
18385.0000 56.8891 8.9421
18390.0000 56.8667 8.9283
18395.0000 56.8843 8.9295
18400.0000 56.9004 8.9135
18405.0000 56.9376 8.9350
18410.0000 56.9497 8.9380
18415.0000 56.9825 8.9565
18420.0000 56.9742 8.9474
18425.0000 56.8372 8.9159
18430.0000 56.7909 8.9110
18435.0000 56.7481 8.8975
18440.0000 56.7748 8.8878
18445.0000 56.7570 8.8490
18450.0000 56.7230 8.8160
18455.0000 56.7272 8.7989
18460.0000 56.7488 8.8055
18465.0000 56.7955 8.8394
18470.0000 56.8099 8.8431
18475.0000 56.8613 8.8415
18480.0000 56.8664 8.8437
18485.0000 56.8286 8.8173
18490.0000 56.7429 8.8275
18495.0000 56.7201 8.8154
18500.0000 56.6764 8.7966
18505.0000 56.6380 8.7766
18510.0000 56.6480 8.7806
18515.0000 56.6561 8.7829
18520.0000 56.6694 8.7900
18525.0000 56.7097 8.8074
18530.0000 56.7278 8.8020
18535.0000 56.7482 8.8022
18540.0000 56.7990 8.8032
18545.0000 56.7462 8.8563
18550.0000 56.7349 8.8668
18555.0000 56.7012 8.8593
18560.0000 56.6781 8.8472
18565.0000 56.6562 8.8200
18570.0000 56.6348 8.8029
18575.0000 56.7630 8.7445
18580.0000 56.8750 8.7562
18585.0000 56.9892 8.7472
18590.0000 57.0550 8.7425
18595.0000 57.1196 8.7389
18600.0000 57.0737 8.7274
18605.0000 57.0185 8.7088
18610.0000 57.0170 8.7128
18615.0000 56.9818 8.7088
18620.0000 56.9957 8.7248
18625.0000 57.0096 8.7239
18630.0000 56.9616 8.6995
18635.0000 57.0744 8.7228
18640.0000 57.1219 8.7446
18645.0000 57.1473 8.7440
18650.0000 57.1502 8.7439
18655.0000 57.1748 8.7471
18660.0000 57.1795 8.7491
18665.0000 57.1119 8.7427
18670.0000 57.0898 8.7353
18675.0000 57.0877 8.7294
18680.0000 57.0755 8.7211
18685.0000 57.0494 8.6939
18690.0000 57.0150 8.6723
18695.0000 57.0248 8.6748
18700.0000 57.0301 8.6682
18705.0000 57.0494 8.6699
18710.0000 57.0708 8.6630
18715.0000 57.1054 8.6606
18720.0000 57.0709 8.6336
18725.0000 57.1894 8.6521
18730.0000 57.0970 8.6864
18735.0000 57.1336 8.7156
18740.0000 57.1274 8.7216
18745.0000 57.1290 8.7250
18750.0000 57.1011 8.7158
18755.0000 57.1432 8.7148
18760.0000 57.1838 8.7376
18765.0000 57.2278 8.7661
18770.0000 57.3136 8.8087
18775.0000 57.3046 8.7970
18780.0000 57.3636 8.7960
18785.0000 57.2224 8.7509
18790.0000 57.2015 8.8127
18795.0000 57.1722 8.8123
18800.0000 57.2252 8.8408
18805.0000 57.2842 8.8696
18810.0000 57.2618 8.8580
18815.0000 57.2732 8.8592
18820.0000 57.3216 8.8647
18825.0000 57.3910 8.9022
18830.0000 57.4476 8.9267
18835.0000 57.4757 8.9338
18840.0000 57.4980 8.9292
18845.0000 57.0989 8.8029
18850.0000 57.1200 8.8289
18855.0000 57.0917 8.8333
18860.0000 57.0381 8.8158
18865.0000 57.0117 8.8089
18870.0000 57.0672 8.8266
18875.0000 57.0703 8.8277
18880.0000 57.1082 8.8538
18885.0000 57.1911 8.8614
18890.0000 57.2829 8.9159
18895.0000 57.2904 8.9186
18900.0000 57.2742 8.9542
18905.0000 57.1091 8.8827
18910.0000 57.1054 8.9148
18915.0000 57.1639 8.9127
18920.0000 57.1849 8.9267
18925.0000 57.1727 8.9274
18930.0000 57.0700 8.8646
18935.0000 57.1324 8.9042
18940.0000 57.1774 8.9360
18945.0000 57.1498 8.9117
18950.0000 57.2298 8.9581
18955.0000 57.2422 8.9581
18960.0000 57.2974 8.9601
18965.0000 57.1767 8.9485
18970.0000 57.0681 8.9971
18975.0000 57.0059 8.9939
18980.0000 56.9747 8.9984
18985.0000 56.9603 8.9863
18990.0000 56.9601 8.9945
18995.0000 57.0105 8.9728
19000.0000 57.0095 8.9504
19005.0000 57.0821 8.9449
19010.0000 57.1824 8.9715
19015.0000 57.2622 8.9756
19020.0000 57.2626 8.9704
19025.0000 56.9602 8.8585
19030.0000 56.9161 8.8742
19035.0000 56.9203 8.8886
19040.0000 56.8905 8.9181
19045.0000 56.8865 8.9032
19050.0000 56.8669 8.8948
19055.0000 56.8762 8.8962
19060.0000 56.9141 8.9234
19065.0000 56.9950 8.9777
19070.0000 57.0230 8.9922
19075.0000 57.0423 9.0015
19080.0000 57.0761 9.0555
19085.0000 56.9183 9.0023
19090.0000 56.9082 9.0144
19095.0000 56.8617 9.0152
19100.0000 56.8473 8.9989
19105.0000 56.8487 8.9911
19110.0000 56.8076 8.9663
19115.0000 56.8631 8.9712
19120.0000 56.8684 8.9739
19125.0000 56.8875 8.9808
19130.0000 56.8991 8.9821
19135.0000 56.9187 8.9840
19140.0000 56.9351 8.9863
19145.0000 56.8315 8.9496
19150.0000 56.8265 8.9747
19155.0000 56.8054 8.9662
19160.0000 56.7815 8.9485
19165.0000 56.7482 8.9421
19170.0000 56.8018 8.9841
19175.0000 56.8345 8.9814
19180.0000 56.8297 8.9796
19185.0000 56.8473 8.9889
19190.0000 56.8836 9.0134
19195.0000 56.8950 9.0169
19200.0000 56.9378 9.0321
19205.0000 56.9104 9.0159
19210.0000 56.9429 9.0392
19215.0000 56.8623 9.0242
19220.0000 56.9217 9.0584
19225.0000 56.8962 9.0377
19230.0000 56.8923 9.0405
19235.0000 56.9174 9.0422
19240.0000 56.9376 9.0511
19245.0000 56.9500 9.0529
19250.0000 56.9955 9.0557
19255.0000 57.0148 9.0539
19260.0000 57.0675 9.0710
19265.0000 56.9986 9.0231
19270.0000 56.9984 9.0628
19275.0000 56.9326 9.0673
19280.0000 56.8529 9.0418
19285.0000 56.8448 9.0335
19290.0000 56.7991 9.0041
19295.0000 56.7953 9.0005
19300.0000 56.8149 9.0050
19305.0000 56.8470 9.0168
19310.0000 56.8664 9.0217
19315.0000 56.8708 9.0200
19320.0000 56.9379 9.0561
19325.0000 56.9041 9.0312
19330.0000 56.8539 9.0130
19335.0000 56.7995 9.0166
19340.0000 56.7392 9.0056
19345.0000 56.7247 9.0015
19350.0000 56.7541 8.9777
19355.0000 56.7627 8.9699
19360.0000 56.8093 8.9507
19365.0000 56.8459 8.9502
19370.0000 56.9531 8.9630
19375.0000 56.9636 8.9636
19380.0000 56.9765 8.9710
19385.0000 56.9778 8.9823
19390.0000 56.9459 8.9697
19395.0000 56.9448 8.9723
19400.0000 56.9058 8.9673
19405.0000 56.8987 8.9621
19410.0000 56.9044 8.9783
19415.0000 56.9109 8.9759
19420.0000 56.9239 8.9791
19425.0000 56.9462 8.9767
19430.0000 56.9644 8.9812
19435.0000 56.9803 8.9856
19440.0000 57.0080 8.9928
19445.0000 56.9389 9.0132
19450.0000 56.9009 9.0290
19455.0000 56.9269 9.0146
19460.0000 56.8772 8.9833
19465.0000 56.8448 8.9705
19470.0000 56.8422 8.9781
19475.0000 56.8824 9.0052
19480.0000 56.9841 9.0567
19485.0000 57.0002 9.0549
19490.0000 57.0242 9.0603
19495.0000 57.0727 9.0883
19500.0000 57.1187 9.1155
19505.0000 57.0394 9.1020
19510.0000 57.0139 9.0846
19515.0000 57.0277 9.0998
19520.0000 56.9900 9.1082
19525.0000 56.9777 9.0983
19530.0000 56.9474 9.0801
19535.0000 56.9883 9.0617
19540.0000 57.0029 9.0602
19545.0000 57.0799 9.1011
19550.0000 57.1452 9.1079
19555.0000 57.1599 9.1104
19560.0000 57.2023 9.1412
19565.0000 57.3000 9.2048
19570.0000 57.3049 9.2036
19575.0000 57.2883 9.1930
19580.0000 57.2711 9.1753
19585.0000 57.2702 9.1711
19590.0000 57.2660 9.1589
19595.0000 57.2671 9.1526
19600.0000 57.3692 9.2087
19605.0000 57.3860 9.2084
19610.0000 57.4274 9.2187
19615.0000 57.4649 9.2421
19620.0000 57.5532 9.2744
19625.0000 57.5709 9.3513
19630.0000 57.6874 9.4084
19635.0000 57.7107 9.4238
19640.0000 57.7317 9.4341
19645.0000 57.7506 9.4505
19650.0000 57.7132 9.4361
19655.0000 57.7647 9.4462
19660.0000 57.7358 9.4198
19665.0000 57.7056 9.3917
19670.0000 57.7124 9.3862
19675.0000 57.7444 9.3878
19680.0000 57.7515 9.3872
19685.0000 57.7724 9.3850
19690.0000 57.7684 9.3877
19695.0000 57.6900 9.3383
19700.0000 57.6741 9.3292
19705.0000 57.6509 9.3102
19710.0000 57.6474 9.2942
19715.0000 57.6316 9.2885
19720.0000 57.6750 9.2900
19725.0000 57.7425 9.3180
19730.0000 57.7759 9.3193
19735.0000 57.7333 9.2550
19740.0000 57.7920 9.2522
19745.0000 57.8140 9.2414
19750.0000 57.8199 9.2394
19755.0000 57.7625 9.2167
19760.0000 57.7055 9.1949
19765.0000 57.7123 9.1916
19770.0000 57.7114 9.1930
19775.0000 57.6851 9.1717
19780.0000 57.6918 9.1746
19785.0000 57.7087 9.1754
19790.0000 57.7488 9.1957
19795.0000 57.7208 9.1731
19800.0000 57.7529 9.1910
19805.0000 57.7483 9.1706
19810.0000 57.7787 9.2041
19815.0000 57.6721 9.1781
19820.0000 57.6229 9.1860
19825.0000 57.6413 9.1953
19830.0000 57.6766 9.2025
19835.0000 57.7009 9.2193
19840.0000 57.6936 9.2061
19845.0000 57.6980 9.2065
19850.0000 57.7360 9.2236
19855.0000 57.7618 9.2290
19860.0000 57.7841 9.2372
19865.0000 57.4571 9.1422
19870.0000 57.3487 9.1655
19875.0000 57.3022 9.1618
19880.0000 57.2330 9.1502
19885.0000 57.2167 9.1491
19890.0000 57.1786 9.1335
19895.0000 57.1676 9.1241
19900.0000 57.1788 9.1176
19905.0000 57.2255 9.1299
19910.0000 57.2601 9.1333
19915.0000 57.3077 9.1567
19920.0000 57.3136 9.1560
19925.0000 57.1577 9.0393
19930.0000 57.1271 9.0255
19935.0000 57.0811 9.0089
19940.0000 57.0582 9.0356
19945.0000 57.0437 9.0280
19950.0000 57.0034 9.0097
19955.0000 56.9897 9.0041
19960.0000 57.0056 9.0118
19965.0000 57.0103 9.0131
19970.0000 57.0207 9.0181
19975.0000 57.0321 9.0236
19980.0000 57.0225 9.0272
19985.0000 57.0632 9.0273
19990.0000 57.0006 9.0226
19995.0000 56.9990 8.9926
20000.0000 56.9584 9.0033
20005.0000 56.9984 9.0218
20010.0000 56.9551 8.9959
20015.0000 56.9654 8.9912
20020.0000 56.9400 8.9700
20025.0000 56.9665 8.9707
20030.0000 56.9967 8.9821
20035.0000 57.1341 8.9904
20040.0000 57.1683 8.9965
20045.0000 57.0801 9.0418
20050.0000 57.0811 9.0633
20055.0000 57.0241 9.0190
20060.0000 57.0572 9.0526
20065.0000 57.0236 9.0423
20070.0000 57.0312 9.0333
20075.0000 57.0058 9.0104
20080.0000 57.0093 9.0115
20085.0000 57.0311 9.0115
20090.0000 57.0463 9.0170
20095.0000 57.0658 9.0233
20100.0000 57.0710 9.0596
20105.0000 56.9048 8.9506
20110.0000 56.8414 8.9486
20115.0000 56.8365 8.9687
20120.0000 56.8144 8.9775
20125.0000 56.7786 8.9616
20130.0000 56.8162 8.9853
20135.0000 56.8483 9.0092
20140.0000 56.8574 9.0124
20145.0000 56.8708 9.0208
20150.0000 56.9229 9.0428
20155.0000 56.9311 9.0461
20160.0000 57.0294 9.0415
20165.0000 56.8016 9.0289
20170.0000 56.8046 9.0417
20175.0000 56.7499 9.0314
20180.0000 56.7431 9.0210
20185.0000 56.7429 9.0078
20190.0000 56.7209 8.9919
20195.0000 56.7157 8.9905
20200.0000 56.7121 8.9877
20205.0000 56.8011 8.9812
20210.0000 56.8715 9.0029
20215.0000 56.8945 9.0137
20220.0000 56.8983 9.0048
20225.0000 56.4331 8.7980
20230.0000 56.3110 8.7596
20235.0000 56.1584 8.7274
20240.0000 56.1030 8.7153
20245.0000 56.0687 8.6918
20250.0000 56.0875 8.6823
20255.0000 56.0929 8.6786
20260.0000 56.1260 8.6837
20265.0000 56.2080 8.7224
20270.0000 56.2874 8.7456
20275.0000 56.4526 8.8115
20280.0000 56.4608 8.8171
20285.0000 56.3175 8.7478
20290.0000 56.2848 8.7539
20295.0000 56.2430 8.7531
20300.0000 56.2606 8.7741
20305.0000 56.2415 8.7745
20310.0000 56.2789 8.7906
20315.0000 56.2684 8.7857
20320.0000 56.3015 8.7963
20325.0000 56.3238 8.8045
20330.0000 56.3317 8.8065
20335.0000 56.3787 8.8319
20340.0000 56.3913 8.8375
20345.0000 56.4303 8.8641
20350.0000 56.4242 8.8699
20355.0000 56.3762 8.8574
20360.0000 56.3863 8.8541
20365.0000 56.3898 8.8345
20370.0000 56.4013 8.8188
20375.0000 56.4166 8.8179
20380.0000 56.4142 8.8148
20385.0000 56.4408 8.8308
20390.0000 56.5019 8.8195
20395.0000 56.5812 8.8650
20400.0000 56.5856 8.8748
20405.0000 56.4277 8.8011
20410.0000 56.4047 8.8554
20415.0000 56.3229 8.8337
20420.0000 56.2759 8.8382
20425.0000 56.2677 8.8411
20430.0000 56.2409 8.8286
20435.0000 56.3293 8.8246
20440.0000 56.3514 8.8246
20445.0000 56.3645 8.8227
20450.0000 56.4224 8.8321
20455.0000 56.4155 8.8233
20460.0000 56.4295 8.8313
20465.0000 56.3535 8.7855
20470.0000 56.3073 8.7633
20475.0000 56.3341 8.7476
20480.0000 56.3554 8.7043
20485.0000 56.3339 8.6984
20490.0000 56.2949 8.6732
20495.0000 56.2841 8.6721
20500.0000 56.2884 8.6705
20505.0000 56.2983 8.6730
20510.0000 56.3073 8.6773
20515.0000 56.3417 8.6987
20520.0000 56.3870 8.7246
20525.0000 56.3440 8.7285
20530.0000 56.2495 8.7855
20535.0000 56.2525 8.8121
20540.0000 56.2082 8.8131
20545.0000 56.1757 8.7997
20550.0000 56.1632 8.7948
20555.0000 56.1524 8.7893
20560.0000 56.2078 8.7934
20565.0000 56.2618 8.7986
20570.0000 56.2802 8.8069
20575.0000 56.2933 8.8095
20580.0000 56.3165 8.8204
20585.0000 56.1254 8.7424
20590.0000 55.9614 8.7012
20595.0000 55.9769 8.7244
20600.0000 55.9973 8.7559
20605.0000 56.0020 8.7683
20610.0000 55.9870 8.7558
20615.0000 55.9767 8.7541
20620.0000 55.9936 8.7595
20625.0000 56.0148 8.7673
20630.0000 56.0643 8.7910
20635.0000 56.1300 8.8264
20640.0000 56.1502 8.8287
20645.0000 56.1217 8.8188
20650.0000 56.0872 8.7889
20655.0000 55.9875 8.7925
20660.0000 55.9527 8.7922
20665.0000 55.9827 8.7759
20670.0000 55.9689 8.7683
20675.0000 55.9923 8.7725
20680.0000 56.0446 8.7552
20685.0000 56.1058 8.7437
20690.0000 56.1141 8.7459
20695.0000 56.1220 8.7494
20700.0000 56.1674 8.7544
20705.0000 55.9796 8.6851
20710.0000 55.8747 8.6412
20715.0000 55.9619 8.6201
20720.0000 55.9185 8.6145
20725.0000 56.0053 8.6169
20730.0000 56.0043 8.5892
20735.0000 56.0338 8.6015
20740.0000 56.0685 8.6251
20745.0000 56.0807 8.6289
20750.0000 56.1624 8.6549
20755.0000 56.2342 8.6314
20760.0000 56.2192 8.6502
20765.0000 55.9429 8.4896
20770.0000 55.6944 8.4674
20775.0000 55.6257 8.4404
20780.0000 55.5634 8.4594
20785.0000 55.5577 8.4685
20790.0000 55.5483 8.4600
20795.0000 55.5231 8.4554
20800.0000 55.5257 8.4562
20805.0000 55.5802 8.4873
20810.0000 55.5838 8.4900
20815.0000 55.6014 8.4966
20820.0000 55.6136 8.5010
20825.0000 55.6460 8.5160
20830.0000 55.6077 8.5193
20835.0000 55.5901 8.5260
20840.0000 55.5972 8.5342
20845.0000 55.5976 8.5312
20850.0000 55.6867 8.5523
20855.0000 55.6826 8.5607
20860.0000 55.7804 8.5839
20865.0000 55.8296 8.5787
20870.0000 55.8518 8.5921
20875.0000 55.8845 8.6109
20880.0000 55.8988 8.6120
20885.0000 55.8398 8.5931
20890.0000 55.8339 8.6069
20895.0000 55.8375 8.6113
20900.0000 55.8441 8.6096
20905.0000 55.8093 8.5998
20910.0000 55.7895 8.5874
20915.0000 55.8052 8.6094
20920.0000 55.8576 8.6335
20925.0000 55.8889 8.6489
20930.0000 55.9053 8.6555
20935.0000 55.9211 8.6543
20940.0000 55.9964 8.6778
20945.0000 55.8895 8.6134
20950.0000 55.9821 8.6265
20955.0000 56.0356 8.6444
20960.0000 56.1141 8.6928
20965.0000 56.1434 8.6851
20970.0000 56.1861 8.6819
20975.0000 56.2802 8.7200
20980.0000 56.2713 8.7141
20985.0000 56.3273 8.7287
20990.0000 56.3661 8.7447
20995.0000 56.3737 8.7481
21000.0000 56.4041 8.7590
21005.0000 56.3712 8.7306
21010.0000 56.3121 8.6908
21015.0000 56.3686 8.7318
21020.0000 56.3408 8.7372
21025.0000 56.3187 8.7390
21030.0000 56.3144 8.7287
21035.0000 56.3101 8.7290
21040.0000 56.3791 8.7715
21045.0000 56.3835 8.7728
21050.0000 56.4273 8.7984
21055.0000 56.4404 8.8068
21060.0000 56.4447 8.8090
21065.0000 56.4745 8.8367
21070.0000 56.5210 8.8640
21075.0000 56.5148 8.8538
21080.0000 56.5131 8.8596
21085.0000 56.5443 8.8637
21090.0000 56.5933 8.8850
21095.0000 56.6576 8.9104
21100.0000 56.7012 8.9161
21105.0000 56.7725 8.9275
21110.0000 56.7987 8.9393
21115.0000 56.8694 8.9536
21120.0000 56.9123 8.9797
21125.0000 56.9501 8.9915
21130.0000 56.8558 8.9786
21135.0000 56.8284 8.9742
21140.0000 56.8388 8.9854
21145.0000 56.8367 8.9841
21150.0000 56.8308 8.9790
21155.0000 56.8226 8.9766
21160.0000 56.8319 8.9806
21165.0000 56.8330 8.9800
21170.0000 56.8450 8.9845
21175.0000 56.8506 8.9884
21180.0000 56.8595 8.9903
21185.0000 56.8282 8.9988
21190.0000 56.7724 8.9780
21195.0000 56.7836 8.9735
21200.0000 56.7654 8.9714
21205.0000 56.7124 8.9505
21210.0000 56.6893 8.9404
21215.0000 56.6804 8.9311
21220.0000 56.6723 8.9236
21225.0000 56.6987 8.9234
21230.0000 56.7099 8.9248
21235.0000 56.7375 8.9299
21240.0000 56.7559 8.9284
21245.0000 56.8023 8.9496
21250.0000 56.6108 8.9108
21255.0000 56.5603 8.8972
21260.0000 56.5114 8.8822
21265.0000 56.4754 8.8700
21270.0000 56.4607 8.8553
21275.0000 56.4425 8.8495
21280.0000 56.4503 8.8452
21285.0000 56.4772 8.8439
21290.0000 56.4963 8.8415
21295.0000 56.5683 8.8705
21300.0000 56.6091 8.8795
21305.0000 56.6600 8.9274
21310.0000 56.5026 8.9038
21315.0000 56.4758 8.9020
21320.0000 56.3589 8.8567
21325.0000 56.3989 8.8892
21330.0000 56.4010 8.8881
21335.0000 56.3794 8.8752
21340.0000 56.4487 8.8711
21345.0000 56.4424 8.8682
21350.0000 56.4382 8.8634
21355.0000 56.4639 8.8677
21360.0000 56.4639 8.8677
21365.0000 56.4832 8.8752
21370.0000 56.4727 8.8690
21375.0000 56.4577 8.8646
21380.0000 56.4408 8.8700
21385.0000 56.4606 8.8921
21390.0000 56.5003 8.9266
21395.0000 56.4905 8.9209
21400.0000 56.4969 8.9247
21405.0000 56.5357 8.8907
21410.0000 56.4786 8.8382
21415.0000 56.4897 8.8402
21420.0000 56.5093 8.8504
21425.0000 56.3718 8.8219
21430.0000 56.2995 8.8124
21435.0000 56.2661 8.8089
21440.0000 56.2248 8.8095
21445.0000 56.1739 8.7993
21450.0000 56.1554 8.7889
21455.0000 56.1515 8.7839
21460.0000 56.1481 8.7856
21465.0000 56.1841 8.7663
21470.0000 56.1955 8.7761
21475.0000 56.3097 8.8480
21480.0000 56.3352 8.8655
21485.0000 56.0432 8.6726
21490.0000 55.9833 8.6546
21495.0000 55.9734 8.6522
21500.0000 55.9406 8.6624
21505.0000 55.8897 8.6563
21510.0000 55.8790 8.6402
21515.0000 55.8937 8.6544
21520.0000 55.9024 8.6439
21525.0000 55.9366 8.6615
21530.0000 55.9655 8.6550
21535.0000 56.0175 8.6731
21540.0000 56.0245 8.6981
21545.0000 56.0040 8.6608
21550.0000 55.9675 8.6745
21555.0000 56.0094 8.6973
21560.0000 55.9655 8.7067
21565.0000 55.9596 8.7039
21570.0000 55.9467 8.6801
21575.0000 55.9419 8.6791
21580.0000 55.9697 8.6772
21585.0000 55.9917 8.6848
21590.0000 56.0073 8.6884
21595.0000 56.0121 8.6919
21600.0000 56.0580 8.7170
21605.0000 55.8040 8.6111
21610.0000 55.7045 8.5652
21615.0000 55.7093 8.5806
21620.0000 55.6639 8.5814
21625.0000 55.6223 8.5676
21630.0000 55.6078 8.5639
21635.0000 55.6163 8.5510
21640.0000 55.6022 8.5439
21645.0000 55.6254 8.5435
21650.0000 55.6346 8.5463
21655.0000 55.6764 8.5673
21660.0000 55.6940 8.5775
21665.0000 55.4961 8.5293
21670.0000 55.4924 8.5325
21675.0000 55.4580 8.5200
21680.0000 55.4054 8.5215
21685.0000 55.4267 8.5199
21690.0000 55.4269 8.5245
21695.0000 55.4155 8.5194
21700.0000 55.4527 8.5261
21705.0000 55.4756 8.5289
21710.0000 55.4956 8.5358
21715.0000 55.5055 8.5316
21720.0000 55.5841 8.5527
21725.0000 55.5490 8.5375
21730.0000 55.4853 8.5129
21735.0000 55.4528 8.5090
21740.0000 55.4938 8.5529
21745.0000 55.4413 8.5421
21750.0000 55.4025 8.5253
21755.0000 55.3823 8.5263
21760.0000 55.3817 8.5206
21765.0000 55.3803 8.5201
21770.0000 55.4472 8.5438
21775.0000 55.4539 8.5461
21780.0000 55.5338 8.5772
21785.0000 55.3382 8.5258
21790.0000 55.2516 8.5507
21795.0000 55.2268 8.5347
21800.0000 55.2189 8.5451
21805.0000 55.1918 8.5255
21810.0000 55.1981 8.5260
21815.0000 55.2079 8.5286
21820.0000 55.2001 8.5282
21825.0000 55.2129 8.5311
21830.0000 55.2817 8.5612
21835.0000 55.2940 8.5593
21840.0000 55.3113 8.5637
21845.0000 55.2699 8.5378
21850.0000 55.3049 8.5612
21855.0000 55.2731 8.5508
21860.0000 55.3148 8.5935
21865.0000 55.2890 8.5749
21870.0000 55.2940 8.5775
21875.0000 55.2934 8.5800
21880.0000 55.2988 8.5789
21885.0000 55.3158 8.5765
21890.0000 55.3421 8.5745
21895.0000 55.3560 8.5771
21900.0000 55.3634 8.5739
21905.0000 55.2979 8.5452
21910.0000 55.3761 8.5794
21915.0000 55.3796 8.5694
21920.0000 55.3634 8.5601
21925.0000 55.3488 8.5564
21930.0000 55.3748 8.5639
21935.0000 55.4020 8.5842
21940.0000 55.4278 8.6074
21945.0000 55.4374 8.6115
21950.0000 55.4541 8.6167
21955.0000 55.4627 8.6191
21960.0000 55.4859 8.6264
21965.0000 55.4748 8.6146
21970.0000 55.3959 8.5977
21975.0000 55.3558 8.5884
21980.0000 55.4173 8.6217
21985.0000 55.4652 8.6516
21990.0000 55.4939 8.6611
21995.0000 55.5008 8.6629
22000.0000 55.4983 8.6644
22005.0000 55.5013 8.6654
22010.0000 55.5270 8.6735
22015.0000 55.5358 8.6730
22020.0000 55.5853 8.6527
22025.0000 55.6110 8.6507
22030.0000 55.4450 8.5348
22035.0000 55.4268 8.5321
22040.0000 55.4024 8.5187
22045.0000 55.3553 8.5035
22050.0000 55.3588 8.4968
22055.0000 55.3976 8.5106
22060.0000 55.4012 8.5185
22065.0000 55.4232 8.5232
22070.0000 55.4593 8.5367
22075.0000 55.4908 8.5445
22080.0000 55.4755 8.5699
22085.0000 55.3200 8.4624
22090.0000 55.1986 8.4332
22095.0000 55.1991 8.4612
22100.0000 55.1819 8.4602
22105.0000 55.1253 8.4206
22110.0000 55.1229 8.4115
22115.0000 55.2166 8.4447
22120.0000 55.2952 8.4683
22125.0000 55.3585 8.4871
22130.0000 55.4818 8.5105
22135.0000 55.5272 8.5214
22140.0000 55.5217 8.5382
22145.0000 55.3595 8.4439
22150.0000 55.1902 8.3791
22155.0000 55.1547 8.3752
22160.0000 55.1829 8.3892
22165.0000 55.2206 8.3524
22170.0000 55.1893 8.3404
22175.0000 55.1900 8.3377
22180.0000 55.1792 8.3376
22185.0000 55.1857 8.3415
22190.0000 55.2416 8.3785
22195.0000 55.2591 8.3880
22200.0000 55.3329 8.4176
22205.0000 55.1155 8.3071
22210.0000 55.1863 8.3436
22215.0000 55.1877 8.3609
22220.0000 55.1606 8.3435
22225.0000 55.1211 8.3285
22230.0000 55.2022 8.3185
22235.0000 55.1970 8.3202
22240.0000 55.1760 8.3200
22245.0000 55.1929 8.3265
22250.0000 55.1929 8.3265
22255.0000 55.2416 8.3480
22260.0000 55.2621 8.3502
22265.0000 55.1491 8.3318
22270.0000 55.0650 8.3217
22275.0000 55.0472 8.3051
22280.0000 55.0367 8.3030
22285.0000 55.0426 8.3204
22290.0000 55.1019 8.3448
22295.0000 55.0831 8.3316
22300.0000 55.0712 8.3207
22305.0000 55.0803 8.3252
22310.0000 55.0834 8.3264
22315.0000 55.1032 8.3321
22320.0000 55.1151 8.3316
22325.0000 54.9497 8.2954
22330.0000 54.8730 8.2745
22335.0000 54.8479 8.3071
22340.0000 54.7940 8.2861
22345.0000 54.8082 8.3064
22350.0000 54.7942 8.2926
22355.0000 54.7982 8.2884
22360.0000 54.9182 8.3421
22365.0000 54.9229 8.3439
22370.0000 54.9626 8.3661
22375.0000 54.9763 8.3695
22380.0000 54.9763 8.3695
22385.0000 54.9969 8.3790
22390.0000 54.9988 8.4025
22395.0000 55.0316 8.4325
22400.0000 55.0691 8.4633
22405.0000 55.0623 8.4658
22410.0000 55.0445 8.4564
22415.0000 55.0393 8.4536
22420.0000 55.0919 8.4904
22425.0000 55.1487 8.5182
22430.0000 55.1830 8.5412
22435.0000 55.2295 8.5593
22440.0000 55.2668 8.5803
22445.0000 55.0778 8.4991
22450.0000 55.0163 8.4684
22455.0000 54.9963 8.4618
22460.0000 55.0781 8.5140
22465.0000 55.0281 8.4851
22470.0000 55.0932 8.5274
22475.0000 55.0483 8.5102
22480.0000 55.0733 8.5222
22485.0000 55.0840 8.5264
22490.0000 55.1407 8.5501
22495.0000 55.1628 8.5532
22500.0000 55.1898 8.5544
22505.0000 54.9862 8.4760
22510.0000 54.8946 8.4536
22515.0000 54.8752 8.4839
22520.0000 54.8306 8.5385
22525.0000 54.7851 8.5173
22530.0000 54.8188 8.5211
22535.0000 54.8664 8.5196
22540.0000 54.8495 8.5153
22545.0000 54.8890 8.5396
22550.0000 54.9009 8.5445
22555.0000 54.9122 8.5117
22560.0000 54.9239 8.5534
22565.0000 54.4678 8.4743
22570.0000 54.2154 8.4110
22575.0000 54.1996 8.4077
22580.0000 54.2134 8.4298
22585.0000 54.1861 8.4157
22590.0000 54.2015 8.4112
22595.0000 54.2762 8.4161
22600.0000 54.2690 8.4117
22605.0000 54.2896 8.4157
22610.0000 54.2994 8.4174
22615.0000 54.3255 8.4210
22620.0000 54.2863 8.4568
22625.0000 54.0185 8.4618
22630.0000 53.8305 8.4033
22635.0000 53.8431 8.4277
22640.0000 53.7878 8.4137
22645.0000 53.7413 8.4109
22650.0000 53.7541 8.4174
22655.0000 53.7314 8.4056
22660.0000 53.7461 8.3847
22665.0000 53.7545 8.3859
22670.0000 53.7769 8.3921
22675.0000 53.8128 8.4051
22680.0000 53.8262 8.4236
22685.0000 53.8082 8.3826
22690.0000 53.7119 8.3657
22695.0000 53.7477 8.3750
22700.0000 53.7346 8.3707
22705.0000 53.7094 8.3715
22710.0000 53.6975 8.3610
22715.0000 53.6803 8.3502
22720.0000 53.6994 8.3557
22725.0000 53.7110 8.3583
22730.0000 53.7800 8.3881
22735.0000 53.8034 8.3901
22740.0000 53.8528 8.4189
22745.0000 53.8398 8.4457
22750.0000 53.7198 8.4295
22755.0000 53.7781 8.4494
22760.0000 53.7522 8.4356
22765.0000 53.7262 8.4286
22770.0000 53.7754 8.4327
22775.0000 53.8405 8.4656
22780.0000 53.8824 8.4876
22785.0000 53.9591 8.5080
22790.0000 54.0265 8.5322
22795.0000 54.0675 8.5422
22800.0000 54.1793 8.5829
22805.0000 54.1948 8.5862
22810.0000 54.1989 8.5896
22815.0000 54.1914 8.5863
22820.0000 54.1538 8.5689
22825.0000 54.1440 8.5622
22830.0000 54.1603 8.5713
22835.0000 54.1464 8.5555
22840.0000 54.1557 8.5546
22845.0000 54.1423 8.5472
22850.0000 54.1600 8.5592
22855.0000 54.2071 8.5872
22860.0000 54.2246 8.5962
22865.0000 54.1899 8.6331
22870.0000 53.9480 8.5478
22875.0000 53.9199 8.5467
22880.0000 53.8902 8.4818
22885.0000 53.8854 8.4841
22890.0000 53.8778 8.4793
22895.0000 53.8994 8.4910
22900.0000 53.8746 8.4756
22905.0000 53.9191 8.5068
22910.0000 53.9255 8.5106
22915.0000 53.9400 8.5141
22920.0000 54.0565 8.5483
22925.0000 54.0347 8.5355
22930.0000 53.9684 8.4975
22935.0000 53.9521 8.4842
22940.0000 53.9325 8.4807
22945.0000 53.9021 8.4648
22950.0000 53.9928 8.4759
22955.0000 54.0363 8.4839
22960.0000 54.0873 8.5015
22965.0000 54.0858 8.4861
22970.0000 54.1084 8.4820
22975.0000 54.1284 8.4852
22980.0000 54.1717 8.4951
22985.0000 54.2374 8.5193
22990.0000 54.1833 8.5300
22995.0000 54.1586 8.5252
23000.0000 54.1076 8.5159
23005.0000 54.1024 8.5281
23010.0000 54.0882 8.5201
23015.0000 54.0705 8.5153
23020.0000 54.0543 8.5142
23025.0000 54.0710 8.5196
23030.0000 54.0879 8.5248
23035.0000 54.1019 8.5304
23040.0000 54.1271 8.5378
23045.0000 54.0697 8.5260
23050.0000 53.9957 8.5286
23055.0000 53.9908 8.5304
23060.0000 53.9630 8.5186
23065.0000 53.9756 8.5218
23070.0000 53.9735 8.5175
23075.0000 53.9539 8.5018
23080.0000 53.9687 8.5033
23085.0000 54.0269 8.5375
23090.0000 54.0904 8.5502
23095.0000 54.1022 8.5551
23100.0000 54.1185 8.5616
23105.0000 54.0988 8.5447
23110.0000 53.9286 8.5035
23115.0000 53.8753 8.5135
23120.0000 53.8232 8.4981
23125.0000 53.7907 8.4828
23130.0000 53.8028 8.4950
23135.0000 53.8244 8.5047
23140.0000 53.8130 8.4959
23145.0000 53.7956 8.4858
23150.0000 53.8189 8.4872
23155.0000 53.8285 8.4833
23160.0000 53.8894 8.5043
23165.0000 53.7251 8.4057
23170.0000 53.8226 8.4507
23175.0000 53.9064 8.4806
23180.0000 53.9291 8.4825
23185.0000 53.8860 8.4546
23190.0000 53.9328 8.4703
23195.0000 53.8845 8.4349
23200.0000 53.8640 8.4102
23205.0000 53.8783 8.4169
23210.0000 53.8821 8.4179
23215.0000 53.9025 8.4284
23220.0000 53.9078 8.4285
23225.0000 53.9200 8.4586
23230.0000 53.8795 8.4399
23235.0000 53.9082 8.4033
23240.0000 53.8882 8.3937
23245.0000 53.8281 8.3570
23250.0000 53.8263 8.3578
23255.0000 53.7979 8.3448
23260.0000 53.7919 8.3458
23265.0000 53.7978 8.3435
23270.0000 53.8729 8.3869
23275.0000 53.8870 8.3688
23280.0000 53.9778 8.4225
23285.0000 53.9520 8.4213
23290.0000 53.7031 8.3775
23295.0000 53.6739 8.3674
23300.0000 53.6381 8.3477
23305.0000 53.6440 8.2956
23310.0000 53.6470 8.2959
23315.0000 53.6581 8.3163
23320.0000 53.6463 8.3143
23325.0000 53.6483 8.3176
23330.0000 53.6885 8.3338
23335.0000 53.6903 8.3073
23340.0000 53.7089 8.3142
23345.0000 53.6734 8.2898
23350.0000 53.6160 8.2578
23355.0000 53.6473 8.2748
23360.0000 53.6847 8.3070
23365.0000 53.7335 8.3431
23370.0000 53.7851 8.3755
23375.0000 53.7858 8.3590
23380.0000 53.8338 8.3906
23385.0000 53.8328 8.3925
23390.0000 53.8586 8.4031
23395.0000 53.8687 8.4079
23400.0000 53.8864 8.4130
23405.0000 53.8174 8.3663
23410.0000 53.7662 8.3643
23415.0000 53.7533 8.3679
23420.0000 53.7463 8.3564
23425.0000 53.7834 8.3644
23430.0000 53.7309 8.3421
23435.0000 53.7365 8.3458
23440.0000 53.7367 8.3461
23445.0000 53.7507 8.3503
23450.0000 53.8310 8.3512
23455.0000 53.8668 8.3593
23460.0000 53.8798 8.3647
23465.0000 53.8364 8.3660
23470.0000 53.8634 8.3867
23475.0000 53.8852 8.4034
23480.0000 53.8436 8.3826
23485.0000 53.8633 8.3812
23490.0000 53.8643 8.3815
23495.0000 53.8599 8.3862
23500.0000 53.8865 8.4034
23505.0000 53.8982 8.4176
23510.0000 53.9212 8.4338
23515.0000 53.9548 8.4507
23520.0000 53.9675 8.4558
23525.0000 54.0294 8.4996
23530.0000 54.0313 8.5064
23535.0000 54.1043 8.4551
23540.0000 54.1073 8.4091
23545.0000 54.1684 8.4201
23550.0000 54.1783 8.4154
23555.0000 54.1844 8.4113
23560.0000 54.1760 8.4011
23565.0000 54.1743 8.4041
23570.0000 54.1886 8.4084
23575.0000 54.2018 8.4120
23580.0000 54.2311 8.4211
23585.0000 54.1065 8.3466
23590.0000 53.9542 8.2854
23595.0000 53.9341 8.2850
23600.0000 53.9661 8.3157
23605.0000 53.9626 8.3352
23610.0000 53.9282 8.3210
23615.0000 53.9269 8.3248
23620.0000 53.9323 8.3244
23625.0000 53.9767 8.3433
23630.0000 53.9895 8.3454
23635.0000 54.0452 8.3571
23640.0000 54.0991 8.3893
23645.0000 53.9687 8.3531
23650.0000 53.9263 8.3581
23655.0000 53.9532 8.3447
23660.0000 53.9666 8.3531
23665.0000 53.9835 8.3388
23670.0000 54.0019 8.3154
23675.0000 53.9921 8.3104
23680.0000 53.9844 8.3062
23685.0000 53.9754 8.3055
23690.0000 54.0109 8.3301
23695.0000 54.0203 8.3353
23700.0000 54.0369 8.3394
23705.0000 54.0536 8.3466
23710.0000 54.0935 8.3685
23715.0000 54.0968 8.3813
23720.0000 54.0337 8.3503
23725.0000 54.1422 8.4065
23730.0000 54.1984 8.4410
23735.0000 54.2126 8.4385
23740.0000 54.2021 8.4437
23745.0000 54.2035 8.4463
23750.0000 54.2198 8.4507
23755.0000 54.2285 8.4489
23760.0000 54.2267 8.4692
23765.0000 54.1749 8.3780
23770.0000 54.1922 8.4332
23775.0000 54.2068 8.4637
23780.0000 54.1019 8.4497
23785.0000 54.1371 8.4751
23790.0000 54.1327 8.4730
23795.0000 54.1118 8.4633
23800.0000 54.0632 8.4194
23805.0000 54.0758 8.4275
23810.0000 54.0729 8.4249
23815.0000 54.1179 8.4379
23820.0000 54.1203 8.4361
23825.0000 54.1369 8.4454
23830.0000 54.0965 8.4277
23835.0000 54.0320 8.3973
23840.0000 54.0338 8.3994
23845.0000 54.0652 8.3916
23850.0000 54.0245 8.3726
23855.0000 54.0176 8.3642
23860.0000 54.0045 8.3580
23865.0000 54.0018 8.3548
23870.0000 54.0478 8.3875
23875.0000 54.1303 8.3360
23880.0000 54.1799 8.3137
23885.0000 54.1889 8.3166
23890.0000 54.0959 8.3306
23895.0000 54.0658 8.3347
23900.0000 54.0520 8.3493
23905.0000 54.0197 8.3366
23910.0000 54.0612 8.3520
23915.0000 54.0877 8.3770
23920.0000 54.0894 8.3711
23925.0000 54.0916 8.3712
23930.0000 54.1035 8.3664
23935.0000 54.1145 8.3631
23940.0000 54.1525 8.3676
23945.0000 54.1482 8.3572
23950.0000 54.1668 8.3557
23955.0000 54.2134 8.3864
23960.0000 54.2043 8.3786
23965.0000 54.1467 8.3558
23970.0000 54.1528 8.3556
23975.0000 54.1346 8.3428
23980.0000 54.1447 8.3428
23985.0000 54.1423 8.3393
23990.0000 54.1796 8.3355
23995.0000 54.2013 8.3359
24000.0000 54.2454 8.3324
24005.0000 54.2358 8.3244
24010.0000 54.2277 8.3218
24015.0000 54.2129 8.3077
24020.0000 54.1878 8.3058
24025.0000 54.1845 8.2991
24030.0000 54.1937 8.3030
24035.0000 54.1706 8.2949
24040.0000 54.1855 8.3020
24045.0000 54.1867 8.3073
24050.0000 54.2194 8.3192
24055.0000 54.2231 8.3213
24060.0000 54.2441 8.3274
24065.0000 54.1232 8.2692
24070.0000 54.0454 8.2065
24075.0000 53.9733 8.2115
24080.0000 53.9442 8.1752
24085.0000 53.9659 8.1579
24090.0000 53.9676 8.1472
24095.0000 53.9728 8.1505
24100.0000 53.9667 8.1484
24105.0000 53.9771 8.1546
24110.0000 53.9938 8.1602
24115.0000 54.0421 8.1924
24120.0000 54.0561 8.1955
24125.0000 54.0561 8.2638
24130.0000 53.9260 8.2487
24135.0000 53.8667 8.2769
24140.0000 53.8428 8.2785
24145.0000 53.8199 8.2695
24150.0000 53.7935 8.2559
24155.0000 53.7827 8.2477
24160.0000 53.7757 8.2518
24165.0000 53.7789 8.2536
24170.0000 53.7890 8.2566
24175.0000 53.8043 8.2616
24180.0000 53.8236 8.2706
24185.0000 53.5769 8.1475
24190.0000 53.3853 8.1266
24195.0000 53.3508 8.1271
24200.0000 53.3803 8.0770
24205.0000 53.3529 8.0686
24210.0000 53.4879 8.0610
24215.0000 53.5563 8.1077
24220.0000 53.5494 8.1056
24225.0000 53.5534 8.1087
24230.0000 53.5894 8.1216
24235.0000 53.6078 8.1208
24240.0000 53.6243 8.1218
24245.0000 53.6476 8.1255
24250.0000 53.6440 8.1070
24255.0000 53.6354 8.1074
24260.0000 53.5758 8.0882
24265.0000 53.6661 8.1039
24270.0000 53.7333 8.1044
24275.0000 53.7633 8.1174
24280.0000 53.7747 8.1107
24285.0000 53.7702 8.1062
24290.0000 53.7453 8.0678
24295.0000 53.7632 8.0663
24300.0000 53.8253 8.1022
24305.0000 53.8095 8.0849
24310.0000 53.7834 8.0622
24315.0000 53.7839 8.0636
24320.0000 53.8258 8.1021
24325.0000 53.8378 8.0929
24330.0000 53.8513 8.0695
24335.0000 53.8959 8.1011
24340.0000 53.9135 8.1056
24345.0000 53.9239 8.1123
24350.0000 53.9331 8.1073
24355.0000 53.9586 8.1161
24360.0000 53.9659 8.1155
24365.0000 53.8756 8.0380
24370.0000 53.8521 8.0301
24375.0000 53.8467 8.0292
24380.0000 53.8252 8.0171
24385.0000 53.8487 8.0335
24390.0000 53.8420 8.0279
24395.0000 53.8675 8.0559
24400.0000 53.8688 8.0622
24405.0000 53.8645 8.0605
24410.0000 53.8886 8.0692
24415.0000 53.9388 8.0799
24420.0000 54.0252 8.0757
24425.0000 54.0121 8.0817
24430.0000 53.9544 8.0258
24435.0000 53.9501 8.0266
24440.0000 53.9229 8.0200
24445.0000 53.9762 8.0574
24450.0000 54.0627 8.1159
24455.0000 54.0253 8.0960
24460.0000 54.0522 8.1107
24465.0000 54.0543 8.1039
24470.0000 54.0936 8.1177
24475.0000 54.1065 8.1114
24480.0000 54.1325 8.1207
24485.0000 53.8966 8.0214
24490.0000 53.6356 7.9273
24495.0000 53.5720 7.8930
24500.0000 53.5782 7.8834
24505.0000 53.5690 7.8689
24510.0000 53.5252 7.8462
24515.0000 53.5776 7.8991
24520.0000 53.5702 7.8805
24525.0000 53.6076 7.8872
24530.0000 53.6353 7.8934
24535.0000 53.6427 7.8931
24540.0000 53.6777 7.9115
24545.0000 53.7167 7.7929
24550.0000 53.6321 7.7663
24555.0000 53.5730 7.7961
24560.0000 53.5378 7.7855
24565.0000 53.5872 7.8277
24570.0000 53.5577 7.8014
24575.0000 53.5702 7.8088
24580.0000 53.5604 7.8090
24585.0000 53.5662 7.8119
24590.0000 53.5757 7.8160
24595.0000 53.5805 7.8172
24600.0000 53.6040 7.8240
24605.0000 53.5730 7.8107
24610.0000 53.6509 7.8713
24615.0000 53.6710 7.9033
24620.0000 53.7420 7.9044
24625.0000 53.7570 7.8927
24630.0000 53.7360 7.8681
24635.0000 53.7410 7.8694
24640.0000 53.7333 7.8677
24645.0000 53.7434 7.8748
24650.0000 53.7593 7.8811
24655.0000 53.7947 7.8816
24660.0000 53.8561 7.9171
24665.0000 53.8703 7.9214
24670.0000 53.9310 7.9364
24675.0000 53.8951 7.9322
24680.0000 53.8404 7.9100
24685.0000 53.8034 7.9087
24690.0000 53.8002 7.9090
24695.0000 53.8574 7.8980
24700.0000 53.8767 7.9143
24705.0000 53.9538 7.9292
24710.0000 54.0107 7.9094
24715.0000 54.0927 7.8891
24720.0000 54.1462 7.9056
24725.0000 54.1600 7.9011
24730.0000 54.1362 7.8682
24735.0000 54.1177 7.8605
24740.0000 54.1300 7.8542
24745.0000 54.1150 7.8312
24750.0000 54.1250 7.8275
24755.0000 54.1246 7.8295
24760.0000 54.1121 7.8245
24765.0000 54.1093 7.8263
24770.0000 54.1608 7.8429
24775.0000 54.2519 7.8653
24780.0000 54.2799 7.8864
24785.0000 54.2514 7.8964
24790.0000 54.1333 7.8239
24795.0000 54.0814 7.8673
24800.0000 54.1070 7.8815
24805.0000 54.0812 7.8894
24810.0000 54.0734 7.8738
24815.0000 54.0836 7.8788
24820.0000 54.0668 7.8747
24825.0000 54.0703 7.8780
24830.0000 54.2769 7.9258
24835.0000 54.3216 7.9470
24840.0000 54.3280 7.9434
24845.0000 54.1752 7.9577
24850.0000 54.0481 7.9593
24855.0000 54.0399 7.9654
24860.0000 54.0035 7.9548
24865.0000 54.0558 7.9846
24870.0000 54.0471 7.9814
24875.0000 54.0979 8.0253
24880.0000 54.0586 7.9970
24885.0000 54.1326 8.0534
24890.0000 54.1840 8.0663
24895.0000 54.1969 8.0739
24900.0000 54.1769 8.0483
24905.0000 54.0239 7.9854
24910.0000 53.9459 7.9851
24915.0000 53.9106 7.9769
24920.0000 53.8807 7.9192
24925.0000 53.9165 7.9654
24930.0000 53.9181 7.9678
24935.0000 53.9705 8.0080
24940.0000 53.9797 8.0171
24945.0000 53.9991 7.9938
24950.0000 54.0128 7.9988
24955.0000 54.0296 8.0046
24960.0000 54.0539 8.0167
24965.0000 54.0628 8.0201
24970.0000 54.0847 8.0267
24975.0000 54.0829 8.0216
24980.0000 54.0777 8.0187
24985.0000 54.0696 8.0182
24990.0000 54.0864 8.0200
24995.0000 54.0778 8.0163
25000.0000 54.1085 7.9920
25005.0000 54.0850 7.9836
25010.0000 54.1023 7.9941
25015.0000 54.1556 8.0073
25020.0000 54.1837 8.0260
25025.0000 54.2682 8.0339
25030.0000 54.2535 8.0317
25035.0000 54.2668 8.0237
25040.0000 54.2566 8.0148
25045.0000 54.2429 8.0162
25050.0000 54.2348 8.0071
25055.0000 54.2783 8.0100
25060.0000 54.3738 8.0497
25065.0000 54.3648 8.0478
25070.0000 54.3939 8.0600
25075.0000 54.4836 8.1151
25080.0000 54.5282 8.1391
25085.0000 54.5676 8.1397
25090.0000 54.5450 8.1084
25095.0000 54.5507 8.1195
25100.0000 54.5368 8.1159
25105.0000 54.5427 8.0952
25110.0000 54.5626 8.0760
25115.0000 54.5472 8.0731
25120.0000 54.5778 8.0825
25125.0000 54.5928 8.0749
25130.0000 54.6168 8.0887
25135.0000 54.6256 8.0931
25140.0000 54.6374 8.0525
25145.0000 54.4883 8.0675
25150.0000 54.3306 8.0360
25155.0000 54.2862 8.0091
25160.0000 54.2726 8.0021
25165.0000 54.2504 8.0060
25170.0000 54.2643 8.0140
25175.0000 54.3130 8.0402
25180.0000 54.3014 8.0411
25185.0000 54.2851 8.0339
25190.0000 54.2967 8.0326
25195.0000 54.3135 8.0289
25200.0000 54.3401 8.0317
25205.0000 54.3430 8.0658
25210.0000 54.3314 8.0493
25215.0000 54.2816 8.0638
25220.0000 54.2503 8.0347
25225.0000 54.1775 8.0376
25230.0000 54.1743 8.0258
25235.0000 54.1415 8.0121
25240.0000 54.1885 8.0434
25245.0000 54.2207 8.0588
25250.0000 54.2718 8.0875
25255.0000 54.2799 8.0899
25260.0000 54.2627 8.0694
25265.0000 54.2606 8.0221
25270.0000 54.3204 8.0174
25275.0000 54.3490 8.0102
25280.0000 54.3399 8.0115
25285.0000 54.3342 8.0288
25290.0000 54.3176 8.0214
25295.0000 54.3155 8.0258
25300.0000 54.3192 8.0264
25305.0000 54.3577 8.0454
25310.0000 54.3720 8.0485
25315.0000 54.4168 8.0505
25320.0000 54.4659 8.0626
25325.0000 54.4496 8.0469
25330.0000 54.3750 8.0326
25335.0000 54.3372 8.0321
25340.0000 54.3735 8.0364
25345.0000 54.2716 7.9935
25350.0000 54.2699 7.9898
25355.0000 54.2822 7.9853
25360.0000 54.3003 7.9889
25365.0000 54.3129 7.9967
25370.0000 54.3580 8.0037
25375.0000 54.3740 8.0102
25380.0000 54.4037 8.0318
25385.0000 54.3424 7.9918
25390.0000 54.2578 7.9517
25395.0000 54.2412 7.9502
25400.0000 54.2146 7.9358
25405.0000 54.2015 7.9560
25410.0000 54.2177 7.9646
25415.0000 54.2036 7.9624
25420.0000 54.2368 7.9561
25425.0000 54.2384 7.9550
25430.0000 54.3230 7.9523
25435.0000 54.3410 7.9587
25440.0000 54.3667 7.9625
25445.0000 54.3320 7.9292
25450.0000 54.3691 7.9331
25455.0000 54.3994 7.9501
25460.0000 54.4290 7.9597
25465.0000 54.4226 7.9550
25470.0000 54.4730 7.9692
25475.0000 54.4272 7.9431
25480.0000 54.4078 7.9147
25485.0000 54.4220 7.9115
25490.0000 54.4300 7.9080
25495.0000 54.4515 7.9115
25500.0000 54.4933 7.9174
25505.0000 54.4874 7.9072
25510.0000 54.4014 7.8690
25515.0000 54.4349 7.8950
25520.0000 54.4090 7.8818
25525.0000 54.4011 7.9000
25530.0000 54.3243 7.8427
25535.0000 54.2844 7.8281
25540.0000 54.2912 7.8310
25545.0000 54.3070 7.8427
25550.0000 54.3195 7.8478
25555.0000 54.3558 7.8632
25560.0000 54.3681 7.8722
25565.0000 54.2103 7.8099
25570.0000 54.0167 7.7512
25575.0000 53.9479 7.7237
25580.0000 53.9991 7.7286
25585.0000 54.0030 7.7246
25590.0000 53.9896 7.7123
25595.0000 53.9727 7.7129
25600.0000 53.9788 7.7151
25605.0000 54.0230 7.6866
25610.0000 54.0650 7.6947
25615.0000 54.0864 7.6920
25620.0000 54.1131 7.6940
25625.0000 54.1368 7.7066
25630.0000 54.1265 7.7115
25635.0000 54.1683 7.7338
25640.0000 54.1376 7.7266
25645.0000 54.2380 7.7507
25650.0000 54.2344 7.7465
25655.0000 54.2249 7.7421
25660.0000 54.2022 7.7379
25665.0000 54.2045 7.7365
25670.0000 54.2151 7.7382
25675.0000 54.2316 7.7420
25680.0000 54.2361 7.7433
25685.0000 54.0673 7.7544
25690.0000 53.6919 7.6304
25695.0000 53.5865 7.5881
25700.0000 53.5663 7.5763
25705.0000 53.5726 7.5949
25710.0000 53.5595 7.5891
25715.0000 53.5792 7.5839
25720.0000 53.5622 7.5682
25725.0000 53.6230 7.5860
25730.0000 53.7000 7.6261
25735.0000 53.8108 7.6545
25740.0000 53.8024 7.6380
25745.0000 53.7049 7.5830
25750.0000 53.5495 7.5322
25755.0000 53.5371 7.5425
25760.0000 53.4691 7.5302
25765.0000 53.4540 7.5271
25770.0000 53.4580 7.5165
25775.0000 53.4921 7.5253
25780.0000 53.4967 7.5229
25785.0000 53.5488 7.5255
25790.0000 53.5747 7.5343
25795.0000 53.6120 7.5396
25800.0000 53.6849 7.5340
25805.0000 53.4458 7.4698
25810.0000 53.2701 7.4172
25815.0000 53.2503 7.4607
25820.0000 53.2488 7.4560
25825.0000 53.2174 7.4440
25830.0000 53.2236 7.4493
25835.0000 53.2879 7.4980
25840.0000 53.2514 7.4736
25845.0000 53.2882 7.4765
25850.0000 53.3510 7.5084
25855.0000 53.3781 7.5237
25860.0000 53.4008 7.5263
25865.0000 53.3209 7.4996
25870.0000 53.2314 7.4718
25875.0000 53.2180 7.4721
25880.0000 53.1814 7.4621
25885.0000 53.2046 7.4613
25890.0000 53.2261 7.4576
25895.0000 53.2652 7.4696
25900.0000 53.3054 7.4890
25905.0000 53.3232 7.4994
25910.0000 53.3461 7.5061
25915.0000 53.4027 7.5231
25920.0000 53.4211 7.5288
25925.0000 53.1821 7.5113
25930.0000 52.9493 7.4379
25935.0000 52.9033 7.4258
25940.0000 52.8862 7.4304
25945.0000 52.9101 7.4415
25950.0000 52.8920 7.4306
25955.0000 52.9238 7.4460
25960.0000 52.9657 7.4816
25965.0000 52.9544 7.4683
25970.0000 52.9619 7.4727
25975.0000 52.9857 7.4786
25980.0000 53.0532 7.5112
25985.0000 53.0071 7.5277
25990.0000 52.9921 7.5411
25995.0000 52.9625 7.5293
26000.0000 53.0058 7.5215
26005.0000 52.9696 7.5124
26010.0000 52.9767 7.5120
26015.0000 52.9893 7.5124
26020.0000 52.9868 7.5131
26025.0000 53.0013 7.5133
26030.0000 53.0259 7.5116
26035.0000 53.0850 7.5460
26040.0000 53.0687 7.5248
26045.0000 53.0375 7.5003
26050.0000 53.0105 7.4878
26055.0000 53.0877 7.4967
26060.0000 53.0938 7.5074
26065.0000 53.0855 7.5147
26070.0000 53.0841 7.5142
26075.0000 53.1218 7.5247
26080.0000 53.1565 7.5458
26085.0000 53.2374 7.5685
26090.0000 53.2562 7.5787
26095.0000 53.3023 7.6113
26100.0000 53.3372 7.6262
26105.0000 53.3194 7.6389
26110.0000 53.2920 7.6423
26115.0000 53.3224 7.6678
26120.0000 53.3521 7.6841
26125.0000 53.3964 7.7189
26130.0000 53.3923 7.7185
26135.0000 53.4162 7.7309
26140.0000 53.4279 7.7351
26145.0000 53.4390 7.7427
26150.0000 53.4965 7.7874
26155.0000 53.5305 7.8023
26160.0000 53.5428 7.8097
26165.0000 53.6041 7.8415
26170.0000 53.6451 7.8539
26175.0000 53.6417 7.8535
26180.0000 53.6433 7.8454
26185.0000 53.6457 7.8434
26190.0000 53.6766 7.8244
26195.0000 53.6942 7.8081
26200.0000 53.7206 7.8107
26205.0000 53.7204 7.8064
26210.0000 53.7387 7.8194
26215.0000 53.7399 7.8167
26220.0000 53.7554 7.8246
26225.0000 53.7094 7.8133
26230.0000 53.6742 7.7950
26235.0000 53.6648 7.7924
26240.0000 53.6109 7.7666
26245.0000 53.6670 7.8049
26250.0000 53.6804 7.8148
26255.0000 53.7229 7.8255
26260.0000 53.7283 7.8278
26265.0000 53.7422 7.8348
26270.0000 53.7818 7.8537
26275.0000 53.7973 7.8578
26280.0000 53.8235 7.8655
26285.0000 53.6470 7.8144
26290.0000 53.6408 7.8204
26295.0000 53.6853 7.8582
26300.0000 53.6903 7.8575
26305.0000 53.7036 7.8466
26310.0000 53.7081 7.8508
26315.0000 53.7176 7.8574
26320.0000 53.7069 7.8524
26325.0000 53.7346 7.8592
26330.0000 53.7896 7.8593
26335.0000 53.8230 7.8584
26340.0000 53.8321 7.8546
26345.0000 53.6039 7.8350
26350.0000 53.5370 7.8333
26355.0000 53.4881 7.8430
26360.0000 53.4427 7.8406
26365.0000 53.4853 7.8673
26370.0000 53.4540 7.8570
26375.0000 53.4744 7.8599
26380.0000 53.4714 7.8618
26385.0000 53.4658 7.8647
26390.0000 53.5091 7.8952
26395.0000 53.5292 7.8997
26400.0000 53.5464 7.8958
26405.0000 53.5621 7.9030
26410.0000 53.5722 7.9060
26415.0000 53.5775 7.9079
26420.0000 53.5634 7.8968
26425.0000 53.5380 7.8845
26430.0000 53.5452 7.8845
26435.0000 53.5326 7.8821
26440.0000 53.5361 7.8874
26445.0000 53.5247 7.8909
26450.0000 53.5510 7.8947
26455.0000 53.5589 7.8968
26460.0000 53.5972 7.9102
26465.0000 53.6538 7.9404
26470.0000 53.6498 7.9419
26475.0000 53.6587 7.9452
26480.0000 53.6232 7.9435
26485.0000 53.6230 7.9455
26490.0000 53.6051 7.9352
26495.0000 53.6135 7.9359
26500.0000 53.6085 7.9334
26505.0000 53.5945 7.9283
26510.0000 53.6200 7.9451
26515.0000 53.6323 7.9504
26520.0000 53.6882 7.9728
26525.0000 53.6523 7.9515
26530.0000 53.6688 7.9532
26535.0000 53.7513 7.9759
26540.0000 53.7036 7.9286
26545.0000 53.7024 7.9360
26550.0000 53.6865 7.9348
26555.0000 53.6634 7.9286
26560.0000 53.6546 7.9257
26565.0000 53.7097 7.9464
26570.0000 53.7097 7.9464
26575.0000 53.7325 7.9505
26580.0000 53.7507 7.9534
26585.0000 53.6766 7.9411
26590.0000 53.7059 7.9685
26595.0000 53.7664 7.9876
26600.0000 53.7092 7.9525
26605.0000 53.7229 7.9778
26610.0000 53.7883 8.0027
26615.0000 53.7971 8.0021
26620.0000 53.8113 8.0016
26625.0000 53.8336 8.0090
26630.0000 53.8568 8.0195
26635.0000 53.8771 8.0283
26640.0000 53.9534 8.0622
26645.0000 53.9775 8.0714
26650.0000 53.9838 8.0839
26655.0000 53.9926 8.1003
26660.0000 53.9606 8.1049
26665.0000 53.9765 8.1020
26670.0000 53.9399 8.0667
26675.0000 53.9399 8.0631
26680.0000 53.9685 8.0473
26685.0000 53.9569 8.0458
26690.0000 53.9569 8.0458
26695.0000 53.9677 8.0484
26700.0000 54.0102 8.0465
26705.0000 53.8091 8.0294
26710.0000 53.7378 7.9850
26715.0000 53.7641 7.9808
26720.0000 53.7447 7.9535
26725.0000 53.7369 7.9539
26730.0000 53.7490 7.9407
26735.0000 53.7890 7.9161
26740.0000 53.8217 7.9105
26745.0000 53.8100 7.9101
26750.0000 53.8149 7.9100
26755.0000 53.8590 7.9304
26760.0000 53.8694 7.9302
26765.0000 53.6590 7.9145
26770.0000 53.5999 7.8355
26775.0000 53.5458 7.8261
26780.0000 53.5297 7.8245
26785.0000 53.5380 7.8288
26790.0000 53.5437 7.8363
26795.0000 53.5463 7.8417
26800.0000 53.5848 7.8678
26805.0000 53.5930 7.8731
26810.0000 53.5996 7.8754
26815.0000 53.6087 7.8746
26820.0000 53.6355 7.8803
26825.0000 53.5537 7.9073
26830.0000 53.6043 7.9402
26835.0000 53.5681 7.9545
26840.0000 53.5488 7.9447
26845.0000 53.5365 7.9283
26850.0000 53.5209 7.9134
26855.0000 53.5150 7.9079
26860.0000 53.5160 7.9041
26865.0000 53.5321 7.8986
26870.0000 53.5507 7.9014
26875.0000 53.5649 7.9044
26880.0000 53.6237 7.9423
26885.0000 53.6320 7.9510
26890.0000 53.6386 7.9589
26895.0000 53.6610 7.9576
26900.0000 53.6162 7.9511
26905.0000 53.6164 7.9437
26910.0000 53.6514 7.9275
26915.0000 53.6899 7.9500
26920.0000 53.7163 7.9816
26925.0000 53.7177 7.9832
26930.0000 53.7116 7.9741
26935.0000 53.7792 8.0194
26940.0000 53.7472 7.9890
26945.0000 53.6676 7.9595
26950.0000 53.6206 7.9369
26955.0000 53.5511 7.9117
26960.0000 53.5680 7.8995
26965.0000 53.5277 7.8971
26970.0000 53.5022 7.8880
26975.0000 53.4930 7.8758
26980.0000 53.4818 7.8727
26985.0000 53.5422 7.9137
26990.0000 53.6042 7.8909
26995.0000 53.6311 7.8965
27000.0000 53.6565 7.8966
27005.0000 53.5762 7.8405
27010.0000 53.4004 7.7659
27015.0000 53.4042 7.7748
27020.0000 53.3727 7.7699
27025.0000 53.4064 7.7711
27030.0000 53.3954 7.7644
27035.0000 53.3985 7.7635
27040.0000 53.4162 7.7699
27045.0000 53.4597 7.8049
27050.0000 53.4779 7.8166
27055.0000 53.4851 7.8110
27060.0000 53.4918 7.8119
27065.0000 53.3330 7.7527
27070.0000 53.1906 7.7054
27075.0000 53.1281 7.6875
27080.0000 53.0974 7.6805
27085.0000 53.0770 7.6730
27090.0000 53.0876 7.6746
27095.0000 53.1134 7.6910
27100.0000 53.1112 7.6918
27105.0000 53.1443 7.6785
27110.0000 53.1763 7.6902
27115.0000 53.1904 7.6958
27120.0000 53.1936 7.6967
27125.0000 53.1771 7.7146
27130.0000 53.1532 7.7244
27135.0000 53.1281 7.7195
27140.0000 53.1064 7.7120
27145.0000 53.0900 7.7007
27150.0000 53.0651 7.6652
27155.0000 53.0631 7.6604
27160.0000 53.0689 7.6760
27165.0000 53.0687 7.6745
27170.0000 53.0744 7.6778
27175.0000 53.1210 7.6938
27180.0000 53.1777 7.7228
27185.0000 53.1184 7.6776
27190.0000 53.0858 7.6813
27195.0000 53.1018 7.6960
27200.0000 53.1117 7.7085
27205.0000 53.1117 7.7162
27210.0000 53.0878 7.6968
27215.0000 53.1126 7.7065
27220.0000 53.1605 7.7076
27225.0000 53.2410 7.7733
27230.0000 53.2542 7.7763
27235.0000 53.2646 7.7793
27240.0000 53.2758 7.7874
27245.0000 53.2277 7.7841
27250.0000 53.2795 7.8172
27255.0000 53.2893 7.8233
27260.0000 53.3060 7.8465
27265.0000 53.3380 7.8331
27270.0000 53.3038 7.8184
27275.0000 53.3352 7.8359
27280.0000 53.3273 7.8372
27285.0000 53.3248 7.8395
27290.0000 53.3644 7.8524
27295.0000 53.3644 7.8524
27300.0000 53.3782 7.8563
27305.0000 53.3870 7.8592
27310.0000 53.3926 7.8612
27315.0000 53.3528 7.8521
27320.0000 53.3280 7.8470
27325.0000 53.3024 7.8367
27330.0000 53.2622 7.8267
27335.0000 53.2675 7.8286
27340.0000 53.2697 7.8327
27345.0000 53.2698 7.8336
27350.0000 53.2863 7.8379
27355.0000 53.3028 7.8455
27360.0000 53.3376 7.8582
27365.0000 53.3597 7.8396
27370.0000 53.3173 7.8219
27375.0000 53.2646 7.7967
27380.0000 53.2751 7.7988
27385.0000 53.2715 7.8029
27390.0000 53.2610 7.7952
27395.0000 53.2607 7.7874
27400.0000 53.2666 7.7904
27405.0000 53.2825 7.7984
27410.0000 53.2960 7.8048
27415.0000 53.3551 7.8264
27420.0000 53.3659 7.8334
27425.0000 53.3560 7.8500
27430.0000 53.3756 7.8642
27435.0000 53.3811 7.8695
27440.0000 53.3905 7.8818
27445.0000 53.3908 7.8788
27450.0000 53.3446 7.8529
27455.0000 53.3314 7.8434
27460.0000 53.3306 7.8456
27465.0000 53.3239 7.8409
27470.0000 53.3567 7.8599
27475.0000 53.3781 7.8642
27480.0000 53.4302 7.8609
27485.0000 53.4972 7.8698
27490.0000 53.4811 7.8679
27495.0000 53.4930 7.8684
27500.0000 53.4933 7.8801
27505.0000 53.4905 7.8723
27510.0000 53.5178 7.8998
27515.0000 53.5674 7.8949
27520.0000 53.5889 7.9050
27525.0000 53.5095 7.8597
27530.0000 53.5530 7.8853
27535.0000 53.5582 7.8861
27540.0000 53.5981 7.8807
27545.0000 53.5081 7.8855
27550.0000 53.4997 7.9020
27555.0000 53.5031 7.9121
27560.0000 53.4887 7.9240
27565.0000 53.4910 7.9345
27570.0000 53.4368 7.9074
27575.0000 53.4453 7.9077
27580.0000 53.4655 7.8986
27585.0000 53.4763 7.9120
27590.0000 53.4948 7.9162
27595.0000 53.5545 7.9308
27600.0000 53.5626 7.9349
27605.0000 53.5399 7.9562
27610.0000 53.4914 7.9323
27615.0000 53.4460 7.9088
27620.0000 53.4621 7.9209
27625.0000 53.4291 7.9266
27630.0000 53.3889 7.9163
27635.0000 53.3584 7.8981
27640.0000 53.3781 7.9143
27645.0000 53.3734 7.9121
27650.0000 53.4095 7.9239
27655.0000 53.4672 7.9419
27660.0000 53.5001 7.9498
27665.0000 53.3128 7.8752
27670.0000 53.2055 7.8155
27675.0000 53.2369 7.8248
27680.0000 53.3000 7.8491
27685.0000 53.3433 7.8712
27690.0000 53.3042 7.8493
27695.0000 53.2959 7.8377
27700.0000 53.2920 7.8282
27705.0000 53.2890 7.8256
27710.0000 53.3050 7.8249
27715.0000 53.3186 7.8201
27720.0000 53.3438 7.8232
27725.0000 53.3244 7.8226
27730.0000 53.2074 7.7373
27735.0000 53.1679 7.7552
27740.0000 53.2037 7.7678
27745.0000 53.2186 7.7737
27750.0000 53.2511 7.7874
27755.0000 53.2584 7.7865
27760.0000 53.2379 7.7808
27765.0000 53.2400 7.7797
27770.0000 53.2418 7.7808
27775.0000 53.2872 7.7934
27780.0000 53.3060 7.8036
27785.0000 53.2901 7.7913
27790.0000 53.3412 7.8250
27795.0000 53.3268 7.8373
27800.0000 53.3165 7.8352
27805.0000 53.2971 7.8241
27810.0000 53.3038 7.8196
27815.0000 53.3012 7.8185
27820.0000 53.3474 7.8384
27825.0000 53.3554 7.8495
27830.0000 53.3771 7.8634
27835.0000 53.4755 7.8573
27840.0000 53.5526 7.8659
27845.0000 53.5270 7.8922
27850.0000 53.3401 7.8139
27855.0000 53.3178 7.8052
27860.0000 53.3035 7.8002
27865.0000 53.2749 7.8015
27870.0000 53.2029 7.7666
27875.0000 53.2181 7.7677
27880.0000 53.2485 7.7787
27885.0000 53.2532 7.7790
27890.0000 53.2824 7.7874
27895.0000 53.3307 7.8094
27900.0000 53.3529 7.8072
27905.0000 53.3029 7.8014
27910.0000 53.1883 7.7741
27915.0000 53.1701 7.7796
27920.0000 53.1406 7.7671
27925.0000 53.1030 7.7542
27930.0000 53.1293 7.7540
27935.0000 53.1055 7.7414
27940.0000 53.1285 7.7310
27945.0000 53.1366 7.7325
27950.0000 53.1756 7.7472
27955.0000 53.1917 7.7481
27960.0000 53.2104 7.7533
27965.0000 53.0135 7.7565
27970.0000 52.8586 7.7636
27975.0000 52.8137 7.7457
27980.0000 52.8258 7.7342
27985.0000 52.8532 7.7637
27990.0000 52.9033 7.7764
27995.0000 52.8853 7.7639
28000.0000 52.8908 7.7707
28005.0000 52.9242 7.7776
28010.0000 52.9211 7.7750
28015.0000 52.9897 7.7770
28020.0000 52.9962 7.7778
28025.0000 53.0368 7.7918
28030.0000 53.0019 7.8063
28035.0000 52.9841 7.8030
28040.0000 52.9595 7.7930
28045.0000 52.9488 7.7822
28050.0000 52.9793 7.7732
28055.0000 52.9613 7.7655
28060.0000 52.9983 7.7660
28065.0000 53.0798 7.7648
28070.0000 53.1149 7.7647
28075.0000 53.1508 7.7918
28080.0000 53.1175 7.7603
28085.0000 53.1132 7.7708
28090.0000 52.9575 7.7139
28095.0000 52.9043 7.6944
28100.0000 52.8812 7.6899
28105.0000 52.9466 7.7307
28110.0000 52.8919 7.6922
28115.0000 52.9064 7.6645
28120.0000 52.9173 7.6813
28125.0000 52.9162 7.6823
28130.0000 52.9335 7.6872
28135.0000 52.9335 7.6872
28140.0000 52.9472 7.6850
28145.0000 52.9627 7.6888
28150.0000 52.8690 7.6346
28155.0000 52.8423 7.6242
28160.0000 52.8371 7.6274
28165.0000 52.8176 7.6260
28170.0000 52.8143 7.6330
28175.0000 52.8131 7.6280
28180.0000 52.8085 7.6369
28185.0000 52.8093 7.6369
28190.0000 52.8312 7.6471
28195.0000 52.8581 7.6593
28200.0000 52.8800 7.6764
28205.0000 52.6708 7.5875
28210.0000 52.5420 7.5780
28215.0000 52.4470 7.5659
28220.0000 52.4255 7.5608
28225.0000 52.4029 7.5550
28230.0000 52.3548 7.5303
28235.0000 52.3949 7.5624
28240.0000 52.3777 7.5579
28245.0000 52.3904 7.5711
28250.0000 52.4000 7.5725
28255.0000 52.4534 7.5951
28260.0000 52.5258 7.5966
28265.0000 52.5858 7.6058
28270.0000 52.5033 7.6091
28275.0000 52.5051 7.6119
28280.0000 52.4980 7.6104
28285.0000 52.4584 7.5995
28290.0000 52.4660 7.5776
28295.0000 52.5183 7.6038
28300.0000 52.5397 7.6298
28305.0000 52.5798 7.6292
28310.0000 52.5851 7.6341
28315.0000 52.5940 7.6392
28320.0000 52.7314 7.7376
28325.0000 52.7398 7.7621
28330.0000 52.7246 7.7534
28335.0000 52.7087 7.7422
28340.0000 52.6909 7.7366
28345.0000 52.6836 7.7222
28350.0000 52.7143 7.7526
28355.0000 52.7221 7.7471
28360.0000 52.7067 7.7444
28365.0000 52.7339 7.7525
28370.0000 52.7196 7.7514
28375.0000 52.7306 7.7560
28380.0000 52.7674 7.7839
28385.0000 52.6533 7.7446
28390.0000 52.5035 7.7793
28395.0000 52.5207 7.8156
28400.0000 52.5102 7.8112
28405.0000 52.4367 7.8033
28410.0000 52.3967 7.7817
28415.0000 52.3975 7.7765
28420.0000 52.3867 7.7767
28425.0000 52.4056 7.7803
28430.0000 52.4142 7.7824
28435.0000 52.4777 7.7944
28440.0000 52.4870 7.7970
28445.0000 52.5749 7.8194
28450.0000 52.5839 7.8232
28455.0000 52.6355 7.8421
28460.0000 52.6363 7.8424
28465.0000 52.6018 7.8355
28470.0000 52.5801 7.8300
28475.0000 52.5553 7.8190
28480.0000 52.6245 7.8531
28485.0000 52.6278 7.8526
28490.0000 52.7343 7.8888
28495.0000 52.7644 7.9009
28500.0000 52.7868 7.9056
28505.0000 52.7819 7.9215
28510.0000 52.8049 7.9318
28515.0000 52.7731 7.9365
28520.0000 52.7872 7.9339
28525.0000 52.7679 7.9384
28530.0000 52.7992 7.9378
28535.0000 52.7887 7.9239
28540.0000 52.7936 7.9295
28545.0000 52.8145 7.9331
28550.0000 52.9551 7.9487
28555.0000 53.1083 7.9928
28560.0000 53.1690 7.9930
28565.0000 53.2686 7.9926
28570.0000 53.2603 7.9701
28575.0000 53.3016 7.9607
28580.0000 53.3550 7.9717
28585.0000 53.4440 8.0251
28590.0000 53.4283 8.0120
28595.0000 53.4423 8.0116
28600.0000 53.4622 8.0187
28605.0000 53.5935 8.0646
28610.0000 53.6426 8.0906
28615.0000 53.7392 8.1481
28620.0000 53.7931 8.1858
28625.0000 53.8324 8.1960
28630.0000 53.8447 8.2038
28635.0000 53.8145 8.2061
28640.0000 53.8131 8.2206
28645.0000 53.7824 8.2215
28650.0000 53.7718 8.2006
28655.0000 53.7795 8.1883
28660.0000 53.7789 8.1837
28665.0000 53.7984 8.1918
28670.0000 53.8657 8.2287
28675.0000 53.8603 8.2096
28680.0000 53.8838 8.2177
28685.0000 53.8007 8.2105
28690.0000 53.8091 8.2164
28695.0000 53.8043 8.2213
28700.0000 53.7894 8.2136
28705.0000 53.7725 8.1898
28710.0000 53.7886 8.1876
28715.0000 53.8676 8.2385
28720.0000 53.8721 8.2396
28725.0000 53.8843 8.2349
28730.0000 53.9099 8.2476
28735.0000 53.9365 8.2541
28740.0000 53.9473 8.2524
28745.0000 54.0113 8.2812
28750.0000 53.9593 8.2597
28755.0000 53.8686 8.2503
28760.0000 53.8971 8.2469
28765.0000 53.9426 8.2621
28770.0000 53.9354 8.2547
28775.0000 53.9220 8.2441
28780.0000 53.9192 8.2378
28785.0000 53.9289 8.2395
28790.0000 53.9301 8.2429
28795.0000 53.9424 8.2479
28800.0000 53.9217 8.2276
28805.0000 53.8058 8.2362
28810.0000 53.6718 8.1874
28815.0000 53.6084 8.1886
28820.0000 53.5927 8.1810
28825.0000 53.5553 8.1737
28830.0000 53.5086 8.1559
28835.0000 53.4995 8.1448
28840.0000 53.4943 8.1470
28845.0000 53.4922 8.1448
28850.0000 53.5087 8.1616
28855.0000 53.5464 8.1876
28860.0000 53.5571 8.1914
28865.0000 53.4475 8.1480
28870.0000 53.2136 8.1056
28875.0000 53.1323 8.0962
28880.0000 53.0811 8.0738
28885.0000 53.1187 8.0098
28890.0000 53.1137 8.0121
28895.0000 53.1211 8.0147
28900.0000 53.1289 8.0188
28905.0000 53.1258 8.0184
28910.0000 53.1252 8.0182
28915.0000 53.1775 8.0526
28920.0000 53.1827 8.0515
28925.0000 52.9641 8.0558
28930.0000 52.8517 8.0889
28935.0000 52.7797 8.1170
28940.0000 52.7845 8.1208
28945.0000 52.7420 8.1099
28950.0000 52.7382 8.1077
28955.0000 52.7239 8.0951
28960.0000 52.7754 8.1287
28965.0000 52.7926 8.1315
28970.0000 52.7898 8.1269
28975.0000 52.8229 8.1344
28980.0000 52.8325 8.1359
28985.0000 52.7522 8.1182
28990.0000 52.6926 8.0925
28995.0000 52.7008 8.1011
29000.0000 52.6792 8.0986
29005.0000 52.6494 8.0839
29010.0000 52.7217 8.1206
29015.0000 52.7975 8.1400
29020.0000 52.8028 8.1431
29025.0000 52.8085 8.1454
29030.0000 52.8085 8.1474
29035.0000 52.8194 8.1494
29040.0000 52.8301 8.1556
29045.0000 52.8429 8.1866
29050.0000 52.8788 8.2212
29055.0000 52.9398 8.2719
29060.0000 52.9262 8.2698
29065.0000 52.9080 8.2687
29070.0000 52.8824 8.2618
29075.0000 52.9371 8.2709
29080.0000 52.9666 8.2711
29085.0000 53.0075 8.2765
29090.0000 53.0317 8.2912
29095.0000 53.0552 8.2911
29100.0000 53.1087 8.3067
29105.0000 52.5780 8.1905
29110.0000 52.1536 8.0728
29115.0000 52.0966 8.1092
29120.0000 52.0585 8.1090
29125.0000 51.9796 8.1048
29130.0000 51.9608 8.1011
29135.0000 51.9906 8.0988
29140.0000 51.9669 8.0922
29145.0000 51.9738 8.0979
29150.0000 52.0128 8.1142
29155.0000 52.0211 8.1186
29160.0000 52.0376 8.1232
29165.0000 52.0456 8.1271
29170.0000 51.9619 8.0894
29175.0000 51.9437 8.0977
29180.0000 51.9708 8.0979
29185.0000 51.9763 8.1009
29190.0000 52.0341 8.0907
29195.0000 52.0246 8.0656
29200.0000 52.0368 8.0708
29205.0000 52.0304 8.0721
29210.0000 52.1155 8.1026
29215.0000 52.1248 8.1100
29220.0000 52.1324 8.1133
29225.0000 52.1451 8.1148
29230.0000 52.2382 8.1598
29235.0000 52.2421 8.1538
29240.0000 52.2277 8.1345
29245.0000 52.2057 8.1241
29250.0000 52.1967 8.1214
29255.0000 52.1797 8.1115
29260.0000 52.2146 8.1220
29265.0000 52.2703 8.1739
29270.0000 52.2845 8.1765
29275.0000 52.2963 8.1802
29280.0000 52.3037 8.1786
29285.0000 52.2069 8.1579
29290.0000 51.9925 8.1067
29295.0000 51.9608 8.1154
29300.0000 51.9281 8.1063
29305.0000 51.9172 8.1162
29310.0000 51.9028 8.1136
29315.0000 51.8993 8.1092
29320.0000 51.9067 8.1082
29325.0000 51.9300 8.1125
29330.0000 51.9638 8.1243
29335.0000 51.9855 8.1335
29340.0000 52.0056 8.1379
29345.0000 51.8344 8.0584
29350.0000 51.6978 8.0109
29355.0000 51.7018 8.0223
29360.0000 51.6948 8.0196
29365.0000 51.6792 8.0287
29370.0000 51.6443 8.0118
29375.0000 51.6459 8.0136
29380.0000 51.6720 8.0085
29385.0000 51.6864 8.0128
29390.0000 51.7036 8.0155
29395.0000 51.7120 8.0210
29400.0000 51.7493 8.0068
29405.0000 51.6862 7.9879
29410.0000 51.6652 7.9388
29415.0000 51.6878 7.9561
29420.0000 51.6931 7.9567
29425.0000 51.6900 7.9832
29430.0000 51.6747 7.9824
29435.0000 51.6634 7.9760
29440.0000 51.6495 7.9793
29445.0000 51.6756 7.9979
29450.0000 51.6812 8.0019
29455.0000 51.7108 8.0190
29460.0000 51.7527 8.0436
29465.0000 51.6147 8.0782
29470.0000 51.4103 8.0726
29475.0000 51.3406 8.0768
29480.0000 51.3290 8.0697
29485.0000 51.3133 8.0643
29490.0000 51.2865 8.0597
29495.0000 51.3170 8.0591
29500.0000 51.3162 8.0592
29505.0000 51.3211 8.0608
29510.0000 51.3310 8.0651
29515.0000 51.3358 8.0659
29520.0000 51.3590 8.0703
29525.0000 51.3372 8.0730
29530.0000 51.3550 8.0763
29535.0000 51.2869 8.0840
29540.0000 51.2649 8.0674
29545.0000 51.2672 8.0719
29550.0000 51.2761 8.0495
29555.0000 51.2556 8.0374
29560.0000 51.2489 8.0371
29565.0000 51.2897 8.0444
29570.0000 51.3319 8.0511
29575.0000 51.3418 8.0537
29580.0000 51.3585 8.0599
29585.0000 51.2415 8.0376
29590.0000 51.1693 8.0232
29595.0000 51.1586 8.0320
29600.0000 51.1453 8.0219
29605.0000 51.1323 8.0172
29610.0000 51.1336 8.0150
29615.0000 51.1462 8.0112
29620.0000 51.1357 7.9997
29625.0000 51.1478 8.0220
29630.0000 51.1487 8.0291
29635.0000 51.1567 8.0308
29640.0000 51.1729 8.0361
29645.0000 51.1355 8.0123
29650.0000 51.0829 7.9871
29655.0000 51.1211 7.9940
29660.0000 51.1462 8.0020
29665.0000 51.1143 7.9965
29670.0000 51.0908 7.9896
29675.0000 51.0734 7.9862
29680.0000 51.0803 7.9739
29685.0000 51.0862 7.9792
29690.0000 51.2031 8.0524
29695.0000 51.2876 8.1036
29700.0000 51.3350 8.1375
29705.0000 51.4178 8.1961
29710.0000 51.4239 8.2027
29715.0000 51.4165 8.2164
29720.0000 51.4251 8.2159
29725.0000 51.4643 8.2203
29730.0000 51.4454 8.2150
29735.0000 51.4412 8.2211
29740.0000 51.4802 8.2404
29745.0000 51.5227 8.2465
29750.0000 51.5305 8.2474
29755.0000 51.5555 8.2556
29760.0000 51.6157 8.2676
29765.0000 51.4895 8.2653
29770.0000 51.4595 8.2767
29775.0000 51.4241 8.2839
29780.0000 51.4239 8.2768
29785.0000 51.4414 8.2463
29790.0000 51.4258 8.2398
29795.0000 51.4040 8.2343
29800.0000 51.4502 8.2707
29805.0000 51.4488 8.2713
29810.0000 51.4475 8.2786
29815.0000 51.4829 8.2840
29820.0000 51.4971 8.2929
29825.0000 51.4631 8.2753
29830.0000 51.3250 8.1973
29835.0000 51.3214 8.2084
29840.0000 51.3493 8.2180
29845.0000 51.3521 8.2165
29850.0000 51.3577 8.2359
29855.0000 51.3317 8.2172
29860.0000 51.2771 8.1964
29865.0000 51.3213 8.2106
29870.0000 51.2631 8.1617
29875.0000 51.2746 8.1633
29880.0000 51.2967 8.1694
29885.0000 50.9390 8.1251
29890.0000 50.6923 8.0216
29895.0000 50.6253 8.0629
29900.0000 50.6463 8.0697
29905.0000 50.6076 8.0450
29910.0000 50.5837 8.0215
29915.0000 50.5634 8.0130
29920.0000 50.5226 7.9979
29925.0000 50.5560 8.0142
29930.0000 50.5521 8.0128
29935.0000 50.5826 8.0269
29940.0000 50.5902 8.0295
29945.0000 50.6038 8.0267
29950.0000 50.3870 7.9433
29955.0000 50.4032 7.9754
29960.0000 50.4033 7.9685
29965.0000 50.3764 7.9522
29970.0000 50.3662 7.9472
29975.0000 50.3698 7.9502
29980.0000 50.3383 7.9407
29985.0000 50.3481 7.9440
29990.0000 50.3381 7.9499
29995.0000 50.3867 7.9332
30000.0000 50.4078 7.9435
30005.0000 50.3598 7.9474
30010.0000 50.2694 7.9579
30015.0000 50.2956 7.9460
30020.0000 50.2823 7.9373
30025.0000 50.2772 7.9296
30030.0000 50.2712 7.9383
30035.0000 50.3049 7.9081
30040.0000 50.2913 7.9053
30045.0000 50.3118 7.9183
30050.0000 50.3105 7.9178
30055.0000 50.3621 7.9004
30060.0000 50.3670 7.9010
30065.0000 50.3531 7.9069
30070.0000 50.2971 7.9132
30075.0000 50.3178 7.9255
30080.0000 50.3162 7.9232
30085.0000 50.3233 7.9262
30090.0000 50.2904 7.9097
30095.0000 50.2832 7.9074
30100.0000 50.2770 7.9070
30105.0000 50.3045 7.9220
30110.0000 50.3506 7.9498
30115.0000 50.3506 7.9498
30120.0000 50.3655 7.9529
30125.0000 50.3272 7.9228
30130.0000 50.2994 7.9078
30135.0000 50.3062 7.9178
30140.0000 50.3344 7.9201
30145.0000 50.3243 7.9191
30150.0000 50.3291 7.9181
30155.0000 50.3213 7.9136
30160.0000 50.3153 7.9143
30165.0000 50.3630 7.9328
30170.0000 50.3834 7.9443
30175.0000 50.4143 7.9558
30180.0000 50.4820 7.9579
30185.0000 50.4601 7.9490
30190.0000 50.4476 7.9894
30195.0000 50.4886 8.0147
30200.0000 50.5000 8.0156
30205.0000 50.5072 8.0237
30210.0000 50.5077 8.0130
30215.0000 50.4905 8.0101
30220.0000 50.4746 7.9949
30225.0000 50.4944 8.0075
30230.0000 50.5030 8.0164
30235.0000 50.5293 8.0329
30240.0000 50.5442 8.0398
30245.0000 50.5883 8.0741
30250.0000 50.6975 8.0940
30255.0000 50.6985 8.1005
30260.0000 50.6988 8.1005
30265.0000 50.6965 8.1026
30270.0000 50.6751 8.0650
30275.0000 50.7598 8.0157
30280.0000 50.7702 8.0079
30285.0000 50.7709 8.0147
30290.0000 50.7803 8.0212
30295.0000 50.8016 8.0361
30300.0000 50.8150 8.0433
30305.0000 50.7825 8.0331
30310.0000 50.7490 8.0288
30315.0000 50.7501 8.0291
30320.0000 50.7488 8.0312
30325.0000 50.7453 8.0121
30330.0000 50.7738 7.9775
30335.0000 50.8002 7.9559
30340.0000 50.8042 7.9260
30345.0000 50.8388 7.9301
30350.0000 50.8513 7.9294
30355.0000 50.9464 7.9565
30360.0000 51.0636 7.9809
30365.0000 50.9694 7.9896
30370.0000 50.8429 7.9670
30375.0000 50.8231 8.0192
30380.0000 50.8883 8.0699
30385.0000 50.9354 8.0651
30390.0000 50.8994 8.0465
30395.0000 50.9090 8.0517
30400.0000 50.8978 8.0439
30405.0000 50.9445 8.0546
30410.0000 50.9987 8.0574
30415.0000 51.0260 8.0767
30420.0000 51.0451 8.0828
30425.0000 50.9957 7.9976
30430.0000 50.8227 7.9473
30435.0000 50.8196 7.9530
30440.0000 50.8322 7.9551
30445.0000 50.8712 7.9523
30450.0000 50.8359 7.9388
30455.0000 50.8224 7.9403
30460.0000 50.7981 7.9321
30465.0000 50.8425 7.9494
30470.0000 50.8916 7.9772
30475.0000 50.9354 8.0055
30480.0000 50.9531 8.0116
30485.0000 50.9595 8.0138
30490.0000 50.9249 8.0066
30495.0000 50.8933 8.0283
30500.0000 50.8988 8.0286
30505.0000 50.8732 8.0179
30510.0000 50.8908 8.0022
30515.0000 50.8979 8.0003
30520.0000 50.8963 8.0022
30525.0000 50.9233 8.0119
30530.0000 50.9314 8.0067
30535.0000 51.0060 8.0107
30540.0000 51.1754 8.0648
30545.0000 51.1658 8.0645
30550.0000 51.1520 8.0678
30555.0000 51.1713 8.0818
30560.0000 51.1729 8.0809
30565.0000 51.2232 8.0763
30570.0000 51.2057 8.0689
30575.0000 51.2404 8.0916
30580.0000 51.2309 8.0948
30585.0000 51.2559 8.1116
30590.0000 51.2877 8.1287
30595.0000 51.3146 8.1426
30600.0000 51.3500 8.1664
30605.0000 51.3394 8.1579
30610.0000 51.3099 8.1647
30615.0000 51.3015 8.1722
30620.0000 51.3032 8.1744
30625.0000 51.3187 8.1568
30630.0000 51.2918 8.1485
30635.0000 51.3057 8.1641
30640.0000 51.2755 8.1489
30645.0000 51.3607 8.2109
30650.0000 51.3745 8.2168
30655.0000 51.3863 8.1828
30660.0000 51.4096 8.1940
30665.0000 51.4238 8.1969
30670.0000 51.3516 8.2130
30675.0000 51.4259 8.2459
30680.0000 51.4321 8.2513
30685.0000 51.4684 8.2431
30690.0000 51.5525 8.2042
30695.0000 51.5345 8.1731
30700.0000 51.5346 8.1729
30705.0000 51.5645 8.1882
30710.0000 51.5730 8.1896
30715.0000 51.6293 8.2010
30720.0000 51.7101 8.2153
30725.0000 51.7180 8.2286
30730.0000 51.7913 8.2672
30735.0000 51.9755 8.3529
30740.0000 52.0563 8.3743
30745.0000 52.0518 8.3763
30750.0000 52.0233 8.3573
30755.0000 52.0752 8.4079
30760.0000 52.0619 8.3964
30765.0000 52.0954 8.4138
30770.0000 52.1493 8.4584
30775.0000 52.1714 8.4697
30780.0000 52.1932 8.4841
30785.0000 52.3034 8.5131
30790.0000 52.2474 8.5096
30795.0000 52.2482 8.5129
30800.0000 52.2719 8.5450
30805.0000 52.2972 8.5507
30810.0000 52.3532 8.5232
30815.0000 52.4468 8.4857
30820.0000 52.4645 8.5067
30825.0000 52.5067 8.5361
30830.0000 52.5685 8.5800
30835.0000 52.6310 8.5834
30840.0000 52.6966 8.6110
30845.0000 52.7560 8.6326
30850.0000 52.7670 8.6342
30855.0000 52.7985 8.6557
30860.0000 52.8554 8.6491
30865.0000 52.8422 8.6539
30870.0000 52.8298 8.6449
30875.0000 52.7870 8.6174
30880.0000 52.7587 8.6031
30885.0000 52.7673 8.6126
30890.0000 52.7732 8.6141
30895.0000 52.8431 8.6523
30900.0000 52.8942 8.6827
30905.0000 52.8786 8.6818
30910.0000 52.7560 8.6104
30915.0000 52.7229 8.6244
30920.0000 52.7225 8.6249
30925.0000 52.7484 8.6074
30930.0000 52.7777 8.5911
30935.0000 52.7636 8.5757
30940.0000 52.7608 8.5755
30945.0000 52.8016 8.5929
30950.0000 52.8111 8.6017
30955.0000 52.8347 8.6052
30960.0000 52.8945 8.6201
30965.0000 52.9063 8.6235
30970.0000 52.9247 8.6177
30975.0000 52.9327 8.6261
30980.0000 52.9518 8.6345
30985.0000 52.8997 8.6131
30990.0000 52.9661 8.6056
30995.0000 53.0277 8.6254
31000.0000 53.0268 8.6264
31005.0000 53.0371 8.6296
31010.0000 53.0556 8.6376
31015.0000 53.0672 8.6383
31020.0000 53.0815 8.6390
31025.0000 53.0988 8.6390
31030.0000 53.0825 8.6570
31035.0000 53.0898 8.6656
31040.0000 53.0837 8.6626
31045.0000 53.0977 8.6715
31050.0000 53.1175 8.6655
31055.0000 53.1193 8.6365
31060.0000 53.0876 8.6291
31065.0000 53.0991 8.6361
31070.0000 53.1319 8.6452
31075.0000 53.1645 8.6391
31080.0000 53.2171 8.6293
31085.0000 53.2419 8.6308
31090.0000 53.2086 8.6082
31095.0000 53.1867 8.6140
31100.0000 53.2125 8.6057
31105.0000 53.2658 8.6099
31110.0000 53.2318 8.5921
31115.0000 53.2094 8.5801
31120.0000 53.2077 8.5806
31125.0000 53.2335 8.5867
31130.0000 53.2859 8.6219
31135.0000 53.3739 8.6000
31140.0000 53.4834 8.5995
31145.0000 53.5123 8.5929
31150.0000 53.5606 8.6049
31155.0000 53.6504 8.6303
31160.0000 53.7146 8.6500
31165.0000 53.7498 8.6632
31170.0000 53.8223 8.7065
31175.0000 53.8745 8.7182
31180.0000 53.8500 8.7105
31185.0000 53.8635 8.7184
31190.0000 53.9907 8.7155
31195.0000 54.0441 8.7242
31200.0000 54.1095 8.7204
31205.0000 54.1141 8.7178
31210.0000 54.1435 8.7384
31215.0000 54.1581 8.7509
31220.0000 54.1775 8.7617
31225.0000 54.2129 8.7511
31230.0000 54.2661 8.7657
31235.0000 54.2562 8.7695
31240.0000 54.2348 8.7613
31245.0000 54.2687 8.7634
31250.0000 54.2617 8.7602
31255.0000 54.2709 8.7627
31260.0000 54.3203 8.7658
31265.0000 54.2887 8.7627
31270.0000 54.2718 8.7523
31275.0000 54.3095 8.7737
31280.0000 54.3271 8.7839
31285.0000 54.3409 8.7789
31290.0000 54.3447 8.7875
31295.0000 54.3255 8.7770
31300.0000 54.3102 8.7743
31305.0000 54.3383 8.7920
31310.0000 54.3820 8.8068
31315.0000 54.5008 8.8356
31320.0000 54.6327 8.8819
31325.0000 54.6297 8.8481
31330.0000 54.5834 8.8270
31335.0000 54.5529 8.8051
31340.0000 54.5583 8.8243
31345.0000 54.5151 8.8090
31350.0000 54.4860 8.7946
31355.0000 54.4791 8.7891
31360.0000 54.4523 8.7754
31365.0000 54.4566 8.7770
31370.0000 54.4401 8.7711
31375.0000 54.5346 8.7676
31380.0000 54.5780 8.7715
31385.0000 54.3178 8.6953
31390.0000 54.0265 8.6807
31395.0000 53.9264 8.6801
31400.0000 53.9475 8.6793
31405.0000 53.9221 8.6736
31410.0000 53.9315 8.6947
31415.0000 53.9453 8.6770
31420.0000 54.0000 8.6727
31425.0000 54.0851 8.7309
31430.0000 54.0871 8.7357
31435.0000 54.1374 8.7626
31440.0000 54.1428 8.7633
31445.0000 54.0727 8.7347
31450.0000 54.0520 8.7613
31455.0000 54.1175 8.7596
31460.0000 54.1762 8.7947
31465.0000 54.1449 8.7807
31470.0000 54.1513 8.7724
31475.0000 54.1409 8.7556
31480.0000 54.1346 8.7587
31485.0000 54.1439 8.7628
31490.0000 54.2033 8.7584
31495.0000 54.2497 8.7809
31500.0000 54.2693 8.7824
31505.0000 54.3640 8.8285
31510.0000 54.4683 8.8726
31515.0000 54.4621 8.8627
31520.0000 54.5429 8.9215
31525.0000 54.5508 8.9376
31530.0000 54.6839 8.9130
31535.0000 54.6929 8.9077
31540.0000 54.6801 8.9011
31545.0000 54.7014 8.9084
31550.0000 54.7366 8.9073
31555.0000 54.8490 8.8985
31560.0000 54.9044 8.9085
31565.0000 54.8190 8.8905
31570.0000 54.8053 8.9270
31575.0000 54.8427 8.9240
31580.0000 54.7808 8.8680
31585.0000 54.7663 8.8609
31590.0000 54.7221 8.8344
31595.0000 54.7209 8.8281
31600.0000 54.7413 8.8151
31605.0000 54.7596 8.8190
31610.0000 54.7799 8.8206
31615.0000 54.8117 8.8298
31620.0000 54.8388 8.8341
31625.0000 54.8774 8.8400
31630.0000 54.8112 8.8076
31635.0000 54.7937 8.7825
31640.0000 54.8078 8.7846
31645.0000 54.8301 8.7598
31650.0000 54.8469 8.7573
31655.0000 54.8498 8.7421
31660.0000 54.8585 8.7308
31665.0000 54.8898 8.7385
31670.0000 54.8872 8.7344
31675.0000 54.8488 8.6831
31680.0000 54.8832 8.7021
31685.0000 54.9110 8.7150
31690.0000 54.8702 8.6798
31695.0000 54.8448 8.6494
31700.0000 54.8310 8.6473
31705.0000 54.8344 8.6386
31710.0000 54.8491 8.6336
31715.0000 54.8553 8.6325
31720.0000 54.8474 8.6085
31725.0000 54.8559 8.6089
31730.0000 54.8730 8.6087
31735.0000 54.9099 8.6277
31740.0000 54.9520 8.6495
31745.0000 54.9063 8.6541
31750.0000 54.8458 8.6226
31755.0000 54.9276 8.6740
31760.0000 54.9405 8.6849
31765.0000 54.9198 8.6807
31770.0000 54.9364 8.7036
31775.0000 54.9536 8.6952
31780.0000 54.9480 8.6896
31785.0000 54.9551 8.6911
31790.0000 54.9754 8.7116
31795.0000 54.9519 8.6841
31800.0000 55.0348 8.7207
31805.0000 55.1021 8.7621
31810.0000 55.1405 8.7858
31815.0000 55.2146 8.8139
31820.0000 55.2252 8.8269
31825.0000 55.2117 8.8202
31830.0000 55.2182 8.8267
31835.0000 55.2150 8.8209
31840.0000 55.1944 8.8023
31845.0000 55.2467 8.7954
31850.0000 55.3333 8.8024
31855.0000 55.3794 8.8095
31860.0000 55.3862 8.8096
31865.0000 55.3662 8.7832
31870.0000 55.3587 8.7476
31875.0000 55.3237 8.7242
31880.0000 55.3208 8.7269
31885.0000 55.2952 8.7199
31890.0000 55.2669 8.7075
31895.0000 55.2627 8.7032
31900.0000 55.2231 8.6967
31905.0000 55.2336 8.6972
31910.0000 55.3003 8.7041
31915.0000 55.3562 8.7167
31920.0000 55.4017 8.7307
31925.0000 55.3170 8.7432
31930.0000 55.2632 8.7362
31935.0000 55.2362 8.7428
31940.0000 55.2415 8.7457
31945.0000 55.2374 8.7472
31950.0000 55.2316 8.7505
31955.0000 55.2126 8.7336
31960.0000 55.1776 8.7289
31965.0000 55.2182 8.7441
31970.0000 55.2287 8.7439
31975.0000 55.2398 8.7469
31980.0000 55.2534 8.7503
31985.0000 55.2766 8.7590
31990.0000 55.2637 8.7564
31995.0000 55.2463 8.7423
32000.0000 55.2393 8.7410
32005.0000 55.2377 8.7300
32010.0000 55.2718 8.7371
32015.0000 55.4009 8.7185
32020.0000 55.4375 8.7238
32025.0000 55.4670 8.7250
32030.0000 55.5085 8.7247
32035.0000 55.5231 8.7225
32040.0000 55.5475 8.7287
32045.0000 55.5608 8.7295
32050.0000 55.5746 8.7316
32055.0000 55.5982 8.7372
32060.0000 55.6095 8.7463
32065.0000 55.6116 8.7486
32070.0000 55.5788 8.7364
32075.0000 55.5385 8.7063
32080.0000 55.5224 8.6999
32085.0000 55.5577 8.6998
32090.0000 55.6182 8.7371
32095.0000 55.6116 8.7240
32100.0000 55.6775 8.7621
32105.0000 55.7230 8.7720
32110.0000 55.6651 8.7811
32115.0000 55.5962 8.7854
32120.0000 55.6202 8.8003
32125.0000 55.5936 8.7881
32130.0000 55.6450 8.8167
32135.0000 55.7380 8.8753
32140.0000 55.8095 8.9232
32145.0000 55.8550 8.9131
32150.0000 55.8335 8.9109
32155.0000 55.8492 8.9178
32160.0000 55.9364 8.9777
32165.0000 55.8272 8.9246
32170.0000 55.8311 8.9257
32175.0000 55.8528 8.9724
32180.0000 55.8654 8.9460
32185.0000 55.8607 8.9504
32190.0000 55.8521 8.9594
32195.0000 55.8291 8.9419
32200.0000 55.8179 8.9273
32205.0000 55.8285 8.9250
32210.0000 55.7990 8.8982
32215.0000 55.8481 8.9136
32220.0000 55.8928 8.9474
32225.0000 55.9375 8.9745
32230.0000 55.8831 8.9714
32235.0000 55.8790 8.9809
32240.0000 55.8817 8.9800
32245.0000 55.8654 8.9826
32250.0000 55.8139 8.9500
32255.0000 55.8025 8.9425
32260.0000 55.8264 8.9466
32265.0000 55.8400 8.9498
32270.0000 55.8320 8.9465
32275.0000 55.8368 8.9482
32280.0000 55.8581 8.9573
32285.0000 55.8983 8.9615
32290.0000 55.8939 8.9971
32295.0000 55.9119 8.9846
32300.0000 55.9522 9.0189
32305.0000 55.9464 9.0197
32310.0000 55.9301 9.0172
32315.0000 55.9439 9.0143
32320.0000 55.9355 9.0076
32325.0000 55.9450 9.0129
32330.0000 55.9287 9.0078
32335.0000 55.9543 9.0190
32340.0000 55.9686 9.0187
32345.0000 55.8710 8.9654
32350.0000 55.6606 8.8721
32355.0000 55.6616 8.8707
32360.0000 55.6757 8.8699
32365.0000 55.6758 8.8598
32370.0000 55.6580 8.8574
32375.0000 55.6308 8.8401
32380.0000 55.5993 8.8294
32385.0000 55.5982 8.8281
32390.0000 55.6007 8.8226
32395.0000 55.6100 8.8256
32400.0000 55.6268 8.8348
32405.0000 55.6301 8.8256
32410.0000 55.6552 8.8327
32415.0000 55.6547 8.8318
32420.0000 55.6477 8.8370
32425.0000 55.6150 8.8273
32430.0000 55.6311 8.8499
32435.0000 55.5852 8.8234
32440.0000 55.6234 8.8339
32445.0000 55.6177 8.8319
32450.0000 55.6090 8.8253
32455.0000 55.6232 8.8358
32460.0000 55.6310 8.8397
32465.0000 55.5972 8.8389
32470.0000 55.5117 8.8255
32475.0000 55.4789 8.8301
32480.0000 55.4843 8.8335
32485.0000 55.5087 8.8287
32490.0000 55.5082 8.8346
32495.0000 55.4764 8.8228
32500.0000 55.4650 8.8198
32505.0000 55.4684 8.8246
32510.0000 55.4445 8.8206
32515.0000 55.5145 8.8470
32520.0000 55.5171 8.8459
32525.0000 55.5023 8.8643
32530.0000 55.4533 8.8333
32535.0000 55.4753 8.8419
32540.0000 55.4621 8.8456
32545.0000 55.5101 8.8738
32550.0000 55.5242 8.8645
32555.0000 55.4932 8.8440
32560.0000 55.5433 8.8797
32565.0000 55.5554 8.8799
32570.0000 55.6012 8.9100
32575.0000 55.6115 8.9109
32580.0000 55.6812 8.9383
32585.0000 55.7737 8.9728
32590.0000 55.7265 8.9772
32595.0000 55.7923 9.0005
32600.0000 55.7647 9.0067
32605.0000 55.7503 8.9857
32610.0000 55.7583 9.0036
32615.0000 55.7637 9.0153
32620.0000 55.7468 9.0046
32625.0000 55.7353 8.9960
32630.0000 55.7405 8.9919
32635.0000 55.7586 8.9900
32640.0000 55.7599 8.9812
32645.0000 55.7759 8.9836
32650.0000 55.7458 8.9614
32655.0000 55.7013 8.9337
32660.0000 55.6954 8.9415
32665.0000 55.7065 8.9379
32670.0000 55.7927 8.9619
32675.0000 55.8071 8.9642
32680.0000 55.7797 8.9602
32685.0000 55.7567 8.9485
32690.0000 55.8044 8.9636
32695.0000 55.8013 8.9456
32700.0000 55.7813 8.9268
32705.0000 55.6891 8.9014
32710.0000 55.5137 8.8728
32715.0000 55.5234 8.8959
32720.0000 55.5005 8.8919
32725.0000 55.4974 8.8826
32730.0000 55.5528 8.9257
32735.0000 55.5255 8.9193
32740.0000 55.5185 8.9112
32745.0000 55.5298 8.9094
32750.0000 55.5020 8.8797
32755.0000 55.5421 8.9020
32760.0000 55.6015 8.9226
32765.0000 55.5819 8.9284
32770.0000 55.5668 8.9213
32775.0000 55.5787 8.9305
32780.0000 55.6053 8.9429
32785.0000 55.5860 8.9137
32790.0000 55.6719 8.9746
32795.0000 55.6951 8.9791
32800.0000 55.6787 8.9774
32805.0000 55.7418 8.9623
32810.0000 55.7612 8.9681
32815.0000 55.7810 8.9751
32820.0000 55.7722 8.9655
32825.0000 55.7314 8.9396
32830.0000 55.7006 8.9019
32835.0000 55.6500 8.8690
32840.0000 55.6417 8.8659
32845.0000 55.6410 8.8674
32850.0000 55.6094 8.8688
32855.0000 55.5626 8.8615
32860.0000 55.5550 8.8543
32865.0000 55.5403 8.8462
32870.0000 55.5487 8.8498
32875.0000 55.5773 8.8508
32880.0000 55.6344 8.8791
32885.0000 55.6389 8.8793
32890.0000 55.6862 8.9061
32895.0000 55.7554 8.9239
32900.0000 55.7535 8.9287
32905.0000 55.7963 8.9415
32910.0000 55.8289 8.9601
32915.0000 55.8085 8.9513
32920.0000 55.8509 8.9740
32925.0000 55.8560 8.9781
32930.0000 55.9261 9.0083
32935.0000 55.9370 9.0144
32940.0000 55.9601 9.0248
32945.0000 55.9622 9.0199
32950.0000 55.8986 8.9937
32955.0000 55.8203 8.9958
32960.0000 55.8034 8.9937
32965.0000 55.8731 9.0301
32970.0000 55.8388 9.0235
32975.0000 55.8168 9.0153
32980.0000 55.8017 9.0095
32985.0000 55.9107 9.0335
32990.0000 55.9879 9.0547
32995.0000 56.0952 9.0879
33000.0000 56.1843 9.1185
33005.0000 56.1944 9.0916
33010.0000 56.2127 9.0886
33015.0000 56.1833 9.0675
33020.0000 56.2340 9.0833
33025.0000 56.2347 9.0793
33030.0000 56.2739 9.1165
33035.0000 56.2618 9.1098
33040.0000 56.2749 9.1115
33045.0000 56.3054 9.1257
33050.0000 56.2808 9.1091
33055.0000 56.3624 9.1028
33060.0000 56.3752 9.1023
33065.0000 56.3922 9.1038
33070.0000 56.3980 9.1087
33075.0000 56.4075 9.1063
33080.0000 56.4095 9.1178
33085.0000 56.4957 9.1467
33090.0000 56.4904 9.1428
33095.0000 56.4709 9.1234
33100.0000 56.4595 9.1325
33105.0000 56.4503 9.1272
33110.0000 56.4555 9.1295
33115.0000 56.4923 9.1506
33120.0000 56.4981 9.1471
33125.0000 56.5510 9.1774
33130.0000 56.5299 9.1673
33135.0000 56.6031 9.1979
33140.0000 56.6346 9.2192
33145.0000 56.6210 9.2185
33150.0000 56.5958 9.2173
33155.0000 56.6094 9.2202
33160.0000 56.5749 9.2170
33165.0000 56.5882 9.2217
33170.0000 56.5873 9.2225
33175.0000 56.5753 9.2105
33180.0000 56.6298 9.2437
33185.0000 56.5812 9.2418
33190.0000 56.4071 9.1680
33195.0000 56.4134 9.2108
33200.0000 56.4397 9.2178
33205.0000 56.4668 9.2109
33210.0000 56.4282 9.1986
33215.0000 56.3952 9.1861
33220.0000 56.3567 9.1577
33225.0000 56.3822 9.1460
33230.0000 56.4549 9.1957
33235.0000 56.4704 9.2036
33240.0000 56.5239 9.2165
33245.0000 56.5341 9.2220
33250.0000 56.4962 9.2071
33255.0000 56.4545 9.2274
33260.0000 56.4996 9.1998
33265.0000 56.5136 9.2036
33270.0000 56.5246 9.2035
33275.0000 56.4628 9.1807
33280.0000 56.4651 9.1762
33285.0000 56.5173 9.1877
33290.0000 56.5303 9.1854
33295.0000 56.5262 9.1820
33300.0000 56.5363 9.1839
33305.0000 56.5067 9.1650
33310.0000 56.4631 9.1869
33315.0000 56.4706 9.1974
33320.0000 56.5313 9.2027
33325.0000 56.5277 9.1970
33330.0000 56.4953 9.1896
33335.0000 56.4430 9.1689
33340.0000 56.4122 9.1593
33345.0000 56.4131 9.1631
33350.0000 56.5045 9.1613
33355.0000 56.5717 9.1552
33360.0000 56.6434 9.1630
33365.0000 56.7466 9.1634
33370.0000 56.7964 9.1731
33375.0000 56.7487 9.1066
33380.0000 56.8607 9.1264
33385.0000 56.9408 9.1418
33390.0000 56.9218 9.1333
33395.0000 56.8815 9.1184
33400.0000 56.8933 9.1072
33405.0000 56.9469 9.1119
33410.0000 56.9420 9.1119
33415.0000 56.9642 9.1190
33420.0000 57.0466 9.1389
33425.0000 57.1138 9.1395
33430.0000 57.1242 9.1421
33435.0000 57.1753 9.1253
33440.0000 57.1671 9.1244
33445.0000 57.1714 9.1193
33450.0000 57.2078 9.0578
33455.0000 57.2016 9.0416
33460.0000 57.2071 9.0527
33465.0000 57.2097 9.0484
33470.0000 57.2217 9.0511
33475.0000 57.2721 9.0747
33480.0000 57.3077 9.0799
33485.0000 57.2926 9.0805
33490.0000 57.2861 9.0430
33495.0000 57.3290 9.0690
33500.0000 57.3023 9.0740
33505.0000 57.3426 9.1023
33510.0000 57.4445 9.1599
33515.0000 57.4419 9.1571
33520.0000 57.4591 9.1831
33525.0000 57.4949 9.1795
33530.0000 57.4875 9.1808
33535.0000 57.4738 9.1641
33540.0000 57.5610 9.1972
33545.0000 57.5739 9.2062
33550.0000 57.4931 9.1733
33555.0000 57.4494 9.1448
33560.0000 57.4448 9.1466
33565.0000 57.4712 9.1593
33570.0000 57.4578 9.1612
33575.0000 57.3951 9.1339
33580.0000 57.3746 9.1263
33585.0000 57.3733 9.1239
33590.0000 57.4020 9.1261
33595.0000 57.4096 9.1270
33600.0000 57.4459 9.1438
33605.0000 57.3741 9.0834
33610.0000 57.2367 9.0177
33615.0000 57.1852 9.0188
33620.0000 57.1947 9.0207
33625.0000 57.1891 9.0138
33630.0000 57.1589 9.0149
33635.0000 57.1619 9.0169
33640.0000 57.1359 9.0118
33645.0000 57.1805 9.0366
33650.0000 57.1831 9.0422
33655.0000 57.2605 9.0902
33660.0000 57.3426 9.1314
33665.0000 57.3287 9.1157
33670.0000 57.2575 9.1017
33675.0000 57.2302 9.0736
33680.0000 57.2812 9.0749
33685.0000 57.2841 9.0706
33690.0000 57.3063 9.0906
33695.0000 57.3349 9.1149
33700.0000 57.2987 9.1067
33705.0000 57.3052 9.1003
33710.0000 57.2875 9.0900
33715.0000 57.3034 9.0904
33720.0000 57.3197 9.0896
33725.0000 57.3812 9.1021
33730.0000 57.2706 9.0367
33735.0000 57.0953 9.0093
33740.0000 57.1416 9.0348
33745.0000 57.1667 9.0413
33750.0000 57.1794 9.0550
33755.0000 57.1357 9.0401
33760.0000 57.1321 9.0411
33765.0000 57.1175 9.0315
33770.0000 57.1017 9.0320
33775.0000 57.1829 9.0806
33780.0000 57.1884 9.0804
33785.0000 57.1678 9.0793
33790.0000 57.0418 9.0248
33795.0000 56.9563 9.0176
33800.0000 56.9408 9.0231
33805.0000 56.9241 9.0153
33810.0000 56.9347 9.0286
33815.0000 56.9367 9.0265
33820.0000 56.9615 9.0339
33825.0000 56.9957 9.0537
33830.0000 57.0001 9.0582
33835.0000 57.0228 9.0614
33840.0000 57.0269 9.0632
33845.0000 57.0275 9.0605
33850.0000 57.0382 9.0600
33855.0000 57.0863 9.0842
33860.0000 57.1279 9.1179
33865.0000 57.1798 9.1146
33870.0000 57.2046 9.1306
33875.0000 57.2065 9.1287
33880.0000 57.2713 9.1278
33885.0000 57.3446 9.1514
33890.0000 57.3505 9.1556
33895.0000 57.3951 9.1830
33900.0000 57.4084 9.1876
33905.0000 57.3189 9.1275
33910.0000 57.2867 9.1338
33915.0000 57.2544 9.1455
33920.0000 57.2921 9.1818
33925.0000 57.2765 9.1853
33930.0000 57.2604 9.1917
33935.0000 57.2332 9.1819
33940.0000 57.2037 9.1631
33945.0000 57.2148 9.1690
33950.0000 57.2103 9.1681
33955.0000 57.2332 9.1701
33960.0000 57.2202 9.1538
33965.0000 57.1905 9.1349
33970.0000 57.1914 9.1516
33975.0000 57.2392 9.1865
33980.0000 57.2456 9.1848
33985.0000 57.2474 9.1914
33990.0000 57.2320 9.1888
33995.0000 57.1751 9.1476
34000.0000 57.2402 9.1895
34005.0000 57.2635 9.2094
34010.0000 57.2881 9.2373
34015.0000 57.2973 9.2383
34020.0000 57.4001 9.3071
34025.0000 57.3557 9.2583
34030.0000 57.2525 9.2077
34035.0000 57.2446 9.2381
34040.0000 57.2226 9.2327
34045.0000 57.2181 9.2248
34050.0000 57.1938 9.2049
34055.0000 57.1803 9.2070
34060.0000 57.1518 9.2029
34065.0000 57.1849 9.2319
34070.0000 57.1967 9.2230
34075.0000 57.3136 9.2711
34080.0000 57.3136 9.2711
34085.0000 57.2938 9.2583
34090.0000 57.2700 9.2313
34095.0000 57.3135 9.2386
34100.0000 57.3531 9.2537
34105.0000 57.4296 9.2820
34110.0000 57.4764 9.3137
34115.0000 57.4395 9.3023
34120.0000 57.4339 9.3045
34125.0000 57.3653 9.2428
34130.0000 57.4346 9.2767
34135.0000 57.5210 9.3083
34140.0000 57.5871 9.3430
34145.0000 57.4546 9.2703
34150.0000 57.3690 9.2184
34155.0000 57.3482 9.2593
34160.0000 57.3816 9.2818
34165.0000 57.3994 9.2910
34170.0000 57.3918 9.2920
34175.0000 57.3817 9.2857
34180.0000 57.3966 9.2987
34185.0000 57.4286 9.3204
34190.0000 57.4411 9.3300
34195.0000 57.4606 9.3345
34200.0000 57.5015 9.3538
34205.0000 57.5502 9.3920
34210.0000 57.5005 9.4167
34215.0000 57.5034 9.4103
34220.0000 57.5286 9.4201
34225.0000 57.5245 9.4167
34230.0000 57.5231 9.4111
34235.0000 57.4823 9.3973
34240.0000 57.5110 9.4194
34245.0000 57.5148 9.4185
34250.0000 57.5233 9.4169
34255.0000 57.5628 9.4388
34260.0000 57.6073 9.4647
34265.0000 57.6993 9.5131
34270.0000 57.6276 9.4899
34275.0000 57.6018 9.4693
34280.0000 57.6041 9.4728
34285.0000 57.6004 9.4682
34290.0000 57.6518 9.4934
34295.0000 57.6723 9.5303
34300.0000 57.6833 9.5372
34305.0000 57.6549 9.5201
34310.0000 57.6553 9.5251
34315.0000 57.6780 9.5377
34320.0000 57.6884 9.5426
34325.0000 57.7089 9.5555
34330.0000 57.7099 9.5589
34335.0000 57.7375 9.5867
34340.0000 57.7362 9.5934
34345.0000 57.7661 9.6184
34350.0000 57.7998 9.6245
34355.0000 57.7706 9.6257
34360.0000 57.7242 9.5976
34365.0000 57.7269 9.6032
34370.0000 57.7729 9.6297
34375.0000 57.7870 9.6272
34380.0000 57.8365 9.6518
34385.0000 57.8784 9.6804
34390.0000 57.8046 9.6389
34395.0000 57.7859 9.6387
34400.0000 57.8511 9.6907
34405.0000 57.8701 9.7105
34410.0000 57.8236 9.6963
34415.0000 57.8070 9.7077
34420.0000 57.7807 9.6921
34425.0000 57.8081 9.7076
34430.0000 57.8122 9.7120
34435.0000 57.8141 9.7138
34440.0000 57.8845 9.7547
34445.0000 57.7676 9.7083
34450.0000 57.6811 9.6862
34455.0000 57.5829 9.6346
34460.0000 57.5919 9.6516
34465.0000 57.5796 9.6437
34470.0000 57.5435 9.6316
34475.0000 57.5346 9.6339
34480.0000 57.5173 9.6158
34485.0000 57.5720 9.6411
34490.0000 57.5873 9.6401
34495.0000 57.5836 9.6283
34500.0000 57.6020 9.6442
34505.0000 57.6156 9.6484
34510.0000 57.6229 9.6423
34515.0000 57.6103 9.6529
34520.0000 57.6663 9.6773
34525.0000 57.6436 9.6737
34530.0000 57.5398 9.5952
34535.0000 57.5142 9.6000
34540.0000 57.5277 9.6050
34545.0000 57.5800 9.6212
34550.0000 57.5959 9.6326
34555.0000 57.6338 9.6534
34560.0000 57.6532 9.6692
34565.0000 57.6782 9.6568
34570.0000 57.6814 9.6271
34575.0000 57.6904 9.6368
34580.0000 57.6875 9.6345
34585.0000 57.6919 9.6313
34590.0000 57.6922 9.6393
34595.0000 57.6897 9.6441
34600.0000 57.7441 9.6320
34605.0000 57.7351 9.6232
34610.0000 57.7561 9.6307
34615.0000 57.7621 9.6289
34620.0000 57.7781 9.6295
34625.0000 57.7970 9.6311
34630.0000 57.8423 9.6495
34635.0000 57.8479 9.6614
34640.0000 57.8121 9.6522
34645.0000 57.7759 9.6197
34650.0000 57.7824 9.6214
34655.0000 57.7621 9.6162
34660.0000 57.7531 9.6108
34665.0000 57.7618 9.6142
34670.0000 57.7449 9.6047
34675.0000 57.8133 9.6084
34680.0000 57.8197 9.6110
34685.0000 57.6639 9.5401
34690.0000 57.6193 9.5373
34695.0000 57.6322 9.5418
34700.0000 57.6996 9.5828
34705.0000 57.7280 9.6057
34710.0000 57.7111 9.6004
34715.0000 57.6983 9.6000
34720.0000 57.6891 9.6005
34725.0000 57.7343 9.6305
34730.0000 57.7346 9.6354
34735.0000 57.7398 9.6419
34740.0000 57.7618 9.6517
34745.0000 57.7281 9.6297
34750.0000 57.6942 9.6245
34755.0000 57.6277 9.5938
34760.0000 57.6225 9.5990
34765.0000 57.6149 9.5941
34770.0000 57.6372 9.6106
34775.0000 57.5816 9.6022
34780.0000 57.5895 9.6104
34785.0000 57.6490 9.6269
34790.0000 57.6641 9.6362
34795.0000 57.6986 9.6531
34800.0000 57.7390 9.6639
34805.0000 57.7496 9.6653
34810.0000 57.6601 9.6031
34815.0000 57.5791 9.5482
34820.0000 57.6086 9.5652
34825.0000 57.6007 9.5592
34830.0000 57.6060 9.5594
34835.0000 57.5802 9.5579
34840.0000 57.6008 9.5675
34845.0000 57.5916 9.5707
34850.0000 57.5905 9.5670
34855.0000 57.6200 9.5788
34860.0000 57.6538 9.5944
34865.0000 57.5137 9.5508
34870.0000 57.5018 9.5499
34875.0000 57.3642 9.4773
34880.0000 57.3934 9.4925
34885.0000 57.3631 9.4748
34890.0000 57.3711 9.4777
34895.0000 57.3335 9.4627
34900.0000 57.3620 9.4882
34905.0000 57.3936 9.5178
34910.0000 57.3943 9.5183
34915.0000 57.4185 9.5330
34920.0000 57.4358 9.5367
34925.0000 57.4530 9.5384
34930.0000 57.3886 9.5157
34935.0000 57.3487 9.5012
34940.0000 57.4008 9.4852
34945.0000 57.3874 9.4660
34950.0000 57.4144 9.4787
34955.0000 57.4508 9.4939
34960.0000 57.4314 9.4895
34965.0000 57.4692 9.5149
34970.0000 57.4851 9.5203
34975.0000 57.5144 9.5304
34980.0000 57.6019 9.5650
34985.0000 57.6050 9.5756
34990.0000 57.6049 9.5951
34995.0000 57.6404 9.6267
35000.0000 57.6775 9.6461
35005.0000 57.6907 9.6564
35010.0000 57.7174 9.6815
35015.0000 57.6963 9.6739
35020.0000 57.6982 9.6800
35025.0000 57.7003 9.6830
35030.0000 57.6998 9.6882
35035.0000 57.7138 9.6967
35040.0000 57.7281 9.7027
35045.0000 57.7034 9.7083
35050.0000 57.6779 9.7267
35055.0000 57.7390 9.7713
35060.0000 57.7547 9.7740
35065.0000 57.7596 9.7744
35070.0000 57.7703 9.7699
35075.0000 57.7546 9.7543
35080.0000 57.7154 9.7414
35085.0000 57.7294 9.7073
35090.0000 57.7342 9.7147
35095.0000 57.7444 9.7148
35100.0000 57.7531 9.7166
35105.0000 57.7211 9.6838
35110.0000 57.6531 9.6516
35115.0000 57.6038 9.6347
35120.0000 57.6077 9.6395
35125.0000 57.6028 9.6327
35130.0000 57.5734 9.6289
35135.0000 57.5932 9.6340
35140.0000 57.6100 9.6439
35145.0000 57.6514 9.6576
35150.0000 57.5895 9.6137
35155.0000 57.6254 9.6371
35160.0000 57.6361 9.6445
35165.0000 57.4678 9.5640
35170.0000 57.2934 9.4963
35175.0000 57.1469 9.4439
35180.0000 57.1717 9.4657
35185.0000 57.1630 9.4653
35190.0000 57.1312 9.4592
35195.0000 57.1456 9.4745
35200.0000 57.1336 9.4793
35205.0000 57.1594 9.4903
35210.0000 57.1471 9.4824
35215.0000 57.1623 9.4849
35220.0000 57.1623 9.4849
35225.0000 57.1251 9.4581
35230.0000 57.1673 9.4742
35235.0000 57.1412 9.4516
35240.0000 57.1535 9.4576
35245.0000 57.1636 9.4794
35250.0000 57.1526 9.4723
35255.0000 57.1665 9.4904
35260.0000 57.1512 9.4877
35265.0000 57.1823 9.5169
35270.0000 57.2596 9.5611
35275.0000 57.3050 9.5901
35280.0000 57.3183 9.5997
35285.0000 57.2328 9.5418
35290.0000 57.0700 9.4509
35295.0000 57.0050 9.4356
35300.0000 57.0138 9.4396
35305.0000 57.0415 9.4390
35310.0000 57.0546 9.4424
35315.0000 57.0212 9.4341
35320.0000 56.9900 9.4154
35325.0000 56.9823 9.4125
35330.0000 56.9985 9.4311
35335.0000 57.0079 9.4319
35340.0000 57.0149 9.4321
35345.0000 57.0673 9.4267
35350.0000 57.0550 9.4114
35355.0000 57.0672 9.4243
35360.0000 57.0885 9.4374
35365.0000 57.0748 9.4320
35370.0000 57.0800 9.4295
35375.0000 57.1080 9.4244
35380.0000 57.0935 9.4141
35385.0000 57.0988 9.4118
35390.0000 57.1459 9.4427
35395.0000 57.1657 9.4530
35400.0000 57.1884 9.4627
35405.0000 57.1741 9.4618
35410.0000 57.1686 9.5191
35415.0000 57.0862 9.4763
35420.0000 57.0957 9.4757
35425.0000 57.0880 9.4758
35430.0000 57.0984 9.4562
35435.0000 57.0982 9.4572
35440.0000 57.0968 9.4644
35445.0000 57.1008 9.4620
35450.0000 57.1132 9.4623
35455.0000 57.1519 9.4864
35460.0000 57.1654 9.4922
35465.0000 57.1760 9.4963
35470.0000 57.2010 9.5143
35475.0000 57.1925 9.5087
35480.0000 57.1902 9.5150
35485.0000 57.1843 9.5122
35490.0000 57.1645 9.5062
35495.0000 57.1541 9.4982
35500.0000 57.1195 9.4883
35505.0000 57.1026 9.4807
35510.0000 57.1000 9.4850
35515.0000 57.1594 9.5292
35520.0000 57.1695 9.5267
35525.0000 57.1747 9.5274
35530.0000 57.1937 9.5292
35535.0000 57.1454 9.5225
35540.0000 57.1597 9.5337
35545.0000 57.1566 9.5185
35550.0000 57.0683 9.4617
35555.0000 57.1253 9.4747
35560.0000 57.1371 9.4923
35565.0000 57.1280 9.4854
35570.0000 57.1348 9.4794
35575.0000 57.1446 9.4714
35580.0000 57.1446 9.4714
35585.0000 57.1153 9.4848
35590.0000 57.0498 9.4386
35595.0000 57.0070 9.4247
35600.0000 56.9920 9.4184
35605.0000 57.0063 9.4389
35610.0000 56.9995 9.4337
35615.0000 56.9494 9.4275
35620.0000 56.9374 9.4337
35625.0000 56.9465 9.4360
35630.0000 56.9134 9.4135
35635.0000 56.9305 9.4171
35640.0000 56.9359 9.4147
35645.0000 56.8957 9.4595
35650.0000 56.6979 9.3971
35655.0000 56.6098 9.3749
35660.0000 56.6488 9.3616
35665.0000 56.6723 9.3541
35670.0000 56.6792 9.3584
35675.0000 56.6941 9.3453
35680.0000 56.7032 9.3667
35685.0000 56.6886 9.3559
35690.0000 56.6959 9.3637
35695.0000 56.7052 9.3626
35700.0000 56.7078 9.3636
35705.0000 56.6985 9.3535
35710.0000 56.7033 9.3569
35715.0000 56.7161 9.3636
35720.0000 56.7566 9.3729
35725.0000 56.7522 9.3739
35730.0000 56.7836 9.3661
35735.0000 56.7641 9.3581
35740.0000 56.7426 9.3498
35745.0000 56.7350 9.3357
35750.0000 56.7403 9.3273
35755.0000 56.7491 9.3184
35760.0000 56.7658 9.3146
35765.0000 56.7226 9.2828
35770.0000 56.6284 9.2310
35775.0000 56.6506 9.2430
35780.0000 56.6507 9.2470
35785.0000 56.6506 9.2279
35790.0000 56.6594 9.2313
35795.0000 56.7304 9.2456
35800.0000 56.7512 9.2482
35805.0000 56.7446 9.2505
35810.0000 56.7553 9.2444
35815.0000 56.7613 9.2411
35820.0000 56.7795 9.2388
35825.0000 56.6445 9.1481
35830.0000 56.4190 9.0550
35835.0000 56.2568 9.0255
35840.0000 56.2548 9.0285
35845.0000 56.2469 9.0100
35850.0000 56.2293 9.0041
35855.0000 56.2850 9.0330
35860.0000 56.2566 9.0121
35865.0000 56.2693 9.0138
35870.0000 56.2799 9.0071
35875.0000 56.2840 9.0020
35880.0000 56.4106 9.0547
35885.0000 56.4305 9.0567
35890.0000 56.3408 9.0453
35895.0000 56.2596 8.9862
35900.0000 56.2545 8.9737
35905.0000 56.2926 8.9838
35910.0000 56.2753 8.9769
35915.0000 56.2486 8.9534
35920.0000 56.2390 8.9523
35925.0000 56.2683 8.9784
35930.0000 56.2577 8.9785
35935.0000 56.2518 8.9704
35940.0000 56.3005 9.0034
35945.0000 56.3436 9.0109
35950.0000 56.3451 9.0155
35955.0000 56.2984 9.0108
35960.0000 56.2904 9.0176
35965.0000 56.3064 9.0082
35970.0000 56.2946 9.0120
35975.0000 56.2675 9.0081
35980.0000 56.2528 9.0032
35985.0000 56.2323 8.9934
35990.0000 56.2195 8.9837
35995.0000 56.2736 9.0055
36000.0000 56.2936 9.0113
36005.0000 56.3134 9.0087
36010.0000 56.3334 9.0128
36015.0000 56.3568 9.0144
36020.0000 56.3854 9.0253
36025.0000 56.4319 9.0466
36030.0000 56.4175 9.0344
36035.0000 56.4530 9.0330
36040.0000 56.4298 9.0193
36045.0000 56.4491 9.0233
36050.0000 56.4438 9.0156
36055.0000 56.5119 9.0588
36060.0000 56.5173 9.0608
36065.0000 56.5184 9.0595
36070.0000 56.5249 9.0882
36075.0000 56.5366 9.0946
36080.0000 56.5500 9.1066
36085.0000 56.5661 9.1108
36090.0000 56.5479 9.1135
36095.0000 56.5239 9.1169
36100.0000 56.5002 9.1038
36105.0000 56.5123 9.0937
36110.0000 56.5154 9.0936
36115.0000 56.5160 9.0904
36120.0000 56.5438 9.0997
36125.0000 56.5143 9.1252
36130.0000 56.4392 9.1103
36135.0000 56.3135 9.0893
36140.0000 56.3297 9.1026
36145.0000 56.3256 9.1025
36150.0000 56.3488 9.1024
36155.0000 56.3389 9.0982
36160.0000 56.3050 9.0858
36165.0000 56.3160 9.0883
36170.0000 56.2926 9.0799
36175.0000 56.3005 9.0826
36180.0000 56.3136 9.0886
36185.0000 56.3327 9.1716
36190.0000 56.2958 9.2239
36195.0000 56.2431 9.2052
36200.0000 56.2424 9.2091
36205.0000 56.2484 9.2156
36210.0000 56.2776 9.2297
36215.0000 56.2667 9.2264
36220.0000 56.2444 9.2201
36225.0000 56.2534 9.2256
36230.0000 56.3380 9.2428
36235.0000 56.4529 9.2677
36240.0000 56.4810 9.2863
36245.0000 56.4230 9.2420
36250.0000 56.3629 9.2330
36255.0000 56.3110 9.2236
36260.0000 56.3642 9.2604
36265.0000 56.3124 9.2222
36270.0000 56.3039 9.2190
36275.0000 56.3845 9.2821
36280.0000 56.3575 9.2706
36285.0000 56.3599 9.2741
36290.0000 56.3430 9.2613
36295.0000 56.3527 9.2647
36300.0000 56.3571 9.2646
36305.0000 56.3723 9.3019
36310.0000 56.3146 9.2691
36315.0000 56.2952 9.2866
36320.0000 56.3301 9.3138
36325.0000 56.3334 9.3055
36330.0000 56.3157 9.2968
36335.0000 56.2910 9.2800
36340.0000 56.2807 9.2747
36345.0000 56.2870 9.2740
36350.0000 56.3642 9.3174
36355.0000 56.3592 9.3110
36360.0000 56.4459 9.3007
36365.0000 56.5007 9.2803
36370.0000 56.4685 9.2671
36375.0000 56.3939 9.2454
36380.0000 56.4030 9.2477
36385.0000 56.3969 9.2402
36390.0000 56.4037 9.2295
36395.0000 56.4860 9.2843
36400.0000 56.4826 9.2883
36405.0000 56.4764 9.2847
36410.0000 56.4787 9.2844
36415.0000 56.4878 9.2845
36420.0000 56.5364 9.3005
36425.0000 56.5320 9.2859
36430.0000 56.5228 9.2834
36435.0000 56.5133 9.3115
36440.0000 56.5267 9.3198
36445.0000 56.5237 9.3179
36450.0000 56.5156 9.3228
36455.0000 56.5099 9.3202
36460.0000 56.5067 9.3211
36465.0000 56.5086 9.3268
36470.0000 56.4691 9.3002
36475.0000 56.4641 9.3020
36480.0000 56.4800 9.3050
36485.0000 56.4621 9.2894
36490.0000 56.3931 9.2880
36495.0000 56.4073 9.3002
36500.0000 56.4431 9.3113
36505.0000 56.4532 9.3045
36510.0000 56.4369 9.3108
36515.0000 56.4272 9.3141
36520.0000 56.4097 9.3056
36525.0000 56.4034 9.3038
36530.0000 56.3770 9.2923
36535.0000 56.4284 9.3218
36540.0000 56.4527 9.3334
36545.0000 56.3964 9.3308
36550.0000 56.2372 9.2787
36555.0000 56.0243 9.2455
36560.0000 56.0293 9.2533
36565.0000 56.0240 9.2537
36570.0000 55.9973 9.2585
36575.0000 55.9636 9.2577
36580.0000 55.9493 9.2544
36585.0000 55.9344 9.2472
36590.0000 55.9472 9.2193
36595.0000 55.9314 9.2105
36600.0000 55.9319 9.2128
36605.0000 55.8704 9.1969
36610.0000 55.8486 9.1973
36615.0000 55.7742 9.1539
36620.0000 55.7675 9.1542
36625.0000 55.7752 9.1628
36630.0000 55.7639 9.1643
36635.0000 55.7794 9.1734
36640.0000 55.7483 9.1479
36645.0000 55.7481 9.1551
36650.0000 55.7427 9.1502
36655.0000 55.7697 9.1102
36660.0000 55.7804 9.1151
36665.0000 55.8189 9.1243
36670.0000 55.8617 9.1283
36675.0000 55.8345 9.1369
36680.0000 55.8424 9.1360
36685.0000 55.9008 9.1426
36690.0000 55.8770 9.1356
36695.0000 55.8665 9.1385
36700.0000 55.8258 9.1150
36705.0000 55.8456 9.1175
36710.0000 55.8147 9.1059
36715.0000 55.8316 9.1152
36720.0000 55.9074 9.1730
36725.0000 55.9350 9.2047
36730.0000 55.9144 9.1688
36735.0000 55.9173 9.1682
36740.0000 55.9420 9.1751
36745.0000 55.9355 9.1754
36750.0000 55.9424 9.1845
36755.0000 55.9296 9.1780
36760.0000 55.9049 9.1620
36765.0000 55.8858 9.1480
36770.0000 55.8896 9.1549
36775.0000 55.8837 9.1452
36780.0000 55.8878 9.1472
36785.0000 55.8703 9.1306
36790.0000 55.8766 9.1328
36795.0000 55.8980 9.1440
36800.0000 55.9328 9.1760
36805.0000 55.9366 9.1751
36810.0000 55.8978 9.1519
36815.0000 55.8671 9.1475
36820.0000 55.8345 9.1232
36825.0000 55.8697 9.1498
36830.0000 55.8569 9.1406
36835.0000 55.8543 9.1368
36840.0000 55.8720 9.1439
36845.0000 55.8794 9.1429
36850.0000 55.9078 9.1628
36855.0000 55.9433 9.1892
36860.0000 55.9446 9.1874
36865.0000 55.9748 9.1981
36870.0000 55.9702 9.1983
36875.0000 55.9514 9.2084
36880.0000 55.9150 9.1856
36885.0000 55.9293 9.1904
36890.0000 55.9406 9.2020
36895.0000 55.9356 9.1986
36900.0000 55.9655 9.2234
36905.0000 56.0106 9.2429
36910.0000 56.0531 9.2726
36915.0000 56.0670 9.2800
36920.0000 56.0657 9.2781
36925.0000 56.0790 9.2825
36930.0000 56.1078 9.2972
36935.0000 56.1090 9.3050
36940.0000 56.0859 9.2949
36945.0000 56.0988 9.3112
36950.0000 56.1406 9.3379
36955.0000 56.1840 9.3638
36960.0000 56.2478 9.3921
36965.0000 56.2507 9.3878
36970.0000 56.2636 9.3587
36975.0000 56.2731 9.3615
36980.0000 56.2957 9.3723
36985.0000 56.3093 9.3578
36990.0000 56.3023 9.3570
36995.0000 56.2892 9.3527
37000.0000 56.2834 9.3475
37005.0000 56.3350 9.3517
37010.0000 56.3619 9.3729
37015.0000 56.3660 9.3738
37020.0000 56.3660 9.3796
37025.0000 56.2984 9.3472
37030.0000 56.1794 9.2876
37035.0000 56.1900 9.2533
37040.0000 56.2339 9.2537
37045.0000 56.2615 9.2836
37050.0000 56.2716 9.3182
37055.0000 56.2484 9.3064
37060.0000 56.2172 9.2788
37065.0000 56.2489 9.3014
37070.0000 56.2464 9.2851
37075.0000 56.2017 9.2571
37080.0000 56.2130 9.2638
37085.0000 56.2049 9.2132
37090.0000 56.2435 9.2235
37095.0000 56.2137 9.1956
37100.0000 56.2461 9.2207
37105.0000 56.2580 9.2266
37110.0000 56.2288 9.2214
37115.0000 56.2100 9.2168
37120.0000 56.2483 9.1830
37125.0000 56.2547 9.1909
37130.0000 56.3076 9.2201
37135.0000 56.3459 9.2367
37140.0000 56.3913 9.2596
37145.0000 56.3632 9.2567
37150.0000 56.3381 9.2779
37155.0000 56.2460 9.2291
37160.0000 56.3988 9.2540
37165.0000 56.4021 9.2515
37170.0000 56.3614 9.2247
37175.0000 56.3378 9.2190
37180.0000 56.3307 9.2144
37185.0000 56.3109 9.1968
37190.0000 56.3574 9.2175
37195.0000 56.3836 9.2290
37200.0000 56.4218 9.2587
37205.0000 56.4262 9.2882
37210.0000 56.3627 9.3104
37215.0000 56.2875 9.2670
37220.0000 56.2961 9.2662
37225.0000 56.2969 9.2636
37230.0000 56.3011 9.2661
37235.0000 56.2960 9.2649
37240.0000 56.2666 9.2466
37245.0000 56.2500 9.2403
37250.0000 56.2173 9.1932
37255.0000 56.2459 9.2217
37260.0000 56.2595 9.2255
37265.0000 56.0143 9.1764
37270.0000 55.6294 9.1413
37275.0000 55.4777 9.0704
37280.0000 55.5290 9.0756
37285.0000 55.5371 9.0724
37290.0000 55.5317 9.0790
37295.0000 55.5000 9.0854
37300.0000 55.5080 9.0853
37305.0000 55.6610 9.1620
37310.0000 55.6510 9.1558
37315.0000 55.6545 9.1527
37320.0000 55.7052 9.1874
37325.0000 55.6495 9.1576
37330.0000 55.7629 9.1926
37335.0000 55.7154 9.1956
37340.0000 55.7123 9.1905
37345.0000 55.7052 9.1875
37350.0000 55.6734 9.1843
37355.0000 55.6333 9.1695
37360.0000 55.5848 9.1499
37365.0000 55.5821 9.1503
37370.0000 55.6154 9.1817
37375.0000 55.7024 9.1877
37380.0000 55.7196 9.1968
37385.0000 55.7231 9.2032
37390.0000 55.7138 9.1919
37395.0000 55.7271 9.1916
37400.0000 55.7819 9.2184
37405.0000 55.8225 9.2268
37410.0000 55.8253 9.2303
37415.0000 55.8187 9.2324
37420.0000 55.8123 9.2165
37425.0000 55.8102 9.2205
37430.0000 55.8384 9.2298
37435.0000 55.8180 9.2191
37440.0000 55.8389 9.2301
37445.0000 55.8112 9.2209
37450.0000 55.6785 9.1643
37455.0000 55.6136 9.1203
37460.0000 55.6056 9.1152
37465.0000 55.6516 9.1340
37470.0000 55.6659 9.1527
37475.0000 55.6349 9.1453
37480.0000 55.6011 9.1160
37485.0000 55.5662 9.1047
37490.0000 55.5847 9.1176
37495.0000 55.6168 9.1162
37500.0000 55.6745 9.1383
37505.0000 55.5834 9.1051
37510.0000 55.3688 9.0690
37515.0000 55.3610 9.0692
37520.0000 55.3607 9.0652
37525.0000 55.3751 9.0639
37530.0000 55.3792 9.0624
37535.0000 55.3735 9.0692
37540.0000 55.3976 9.0769
37545.0000 55.4013 9.0699
37550.0000 55.4170 9.0728
37555.0000 55.4876 9.0914
37560.0000 55.6003 9.1338
37565.0000 55.6551 9.1098
37570.0000 55.7103 9.1440
37575.0000 55.6430 9.0991
37580.0000 55.6507 9.1023
37585.0000 55.6595 9.1056
37590.0000 55.6402 9.1037
37595.0000 55.6655 9.1298
37600.0000 55.6688 9.1260
37605.0000 55.7230 9.1498
37610.0000 55.7534 9.1636
37615.0000 55.7890 9.1766
37620.0000 55.8159 9.1886
37625.0000 55.7043 9.1534
37630.0000 55.5439 9.0938
37635.0000 55.5291 9.0902
37640.0000 55.6039 9.1406
37645.0000 55.6627 9.1742
37650.0000 55.6654 9.1468
37655.0000 55.6604 9.1530
37660.0000 55.6638 9.1468
37665.0000 55.6908 9.1231
37670.0000 55.7141 9.1107
37675.0000 55.7678 9.1358
37680.0000 55.7753 9.1361
37685.0000 55.7177 9.1113
37690.0000 55.5058 9.0784
37695.0000 55.3902 9.0525
37700.0000 55.4004 9.0568
37705.0000 55.3932 9.0472
37710.0000 55.4713 9.0562
37715.0000 55.5259 9.0839
37720.0000 55.5345 9.0936
37725.0000 55.5994 9.1033
37730.0000 55.5879 9.0929
37735.0000 55.6063 9.1008
37740.0000 55.6189 9.1026
37745.0000 55.6466 9.1149
37750.0000 55.6685 9.1246
37755.0000 55.6572 9.1024
37760.0000 55.6627 9.1005
37765.0000 55.6520 9.0900
37770.0000 55.7250 9.1093
37775.0000 55.7342 9.1093
37780.0000 55.7054 9.0873
37785.0000 55.7234 9.1007
37790.0000 55.7595 9.1377
37795.0000 55.7574 9.1157
37800.0000 55.7574 9.1157
37805.0000 55.7784 9.1413
37810.0000 55.6482 9.1303
37815.0000 55.5778 9.1701
37820.0000 55.5822 9.1729
37825.0000 55.5760 9.1676
37830.0000 55.5729 9.1690
37835.0000 55.6000 9.1859
37840.0000 55.5861 9.1732
37845.0000 55.5844 9.1585
37850.0000 55.5722 9.1583
37855.0000 55.5779 9.1408
37860.0000 55.5958 9.1432
37865.0000 55.5851 9.1265
37870.0000 55.5871 9.1253
37875.0000 55.6153 9.1427
37880.0000 55.6537 9.1418
37885.0000 55.6735 9.1445
37890.0000 55.6635 9.1409
37895.0000 55.6726 9.1264
37900.0000 55.6748 9.0997
37905.0000 55.6550 9.0907
37910.0000 55.6463 9.0855
37915.0000 55.6308 9.0793
37920.0000 55.6519 9.0859
37925.0000 55.7002 9.0627
37930.0000 55.7626 9.0446
37935.0000 55.7129 9.0240
37940.0000 55.7130 9.0229
37945.0000 55.7610 9.0279
37950.0000 55.7875 9.0160
37955.0000 55.7774 9.0161
37960.0000 55.8452 9.0407
37965.0000 55.8953 9.0520
37970.0000 55.9368 9.0522
37975.0000 55.9251 9.0469
37980.0000 55.9466 9.0584
37985.0000 55.9185 9.0592
37990.0000 55.8880 9.0668
37995.0000 55.8651 9.0726
38000.0000 55.8213 9.0243
38005.0000 55.8343 9.0251
38010.0000 55.8296 9.0176
38015.0000 55.8146 9.0125
38020.0000 55.8100 9.0078
38025.0000 55.7893 8.9905
38030.0000 55.7661 8.9858
38035.0000 55.7608 8.9806
38040.0000 55.7676 8.9817
38045.0000 55.7925 9.0010
38050.0000 55.8464 9.0213
38055.0000 55.8817 9.0360
38060.0000 55.9868 9.0900
38065.0000 56.0788 9.1149
38070.0000 56.1478 9.1153
38075.0000 56.2109 9.0957
38080.0000 56.2476 9.1030
38085.0000 56.2417 9.0883
38090.0000 56.3050 9.1003
38095.0000 56.3411 9.1264
38100.0000 56.3973 9.1627
38105.0000 56.4209 9.1698
38110.0000 56.2926 9.0971
38115.0000 56.1567 9.0262
38120.0000 56.1448 9.0233
38125.0000 56.1108 9.0025
38130.0000 56.1515 9.0144
38135.0000 56.2234 9.0629
38140.0000 56.2478 9.0616
38145.0000 56.2337 9.0531
38150.0000 56.2301 9.0523
38155.0000 56.2245 9.0456
38160.0000 56.2785 9.0680
38165.0000 56.3376 9.0889
38170.0000 56.3002 9.1089
38175.0000 56.2925 9.1116
38180.0000 56.3017 9.1047
38185.0000 56.3003 9.0990
38190.0000 56.2962 9.1022
38195.0000 56.2796 9.0912
38200.0000 56.2596 9.0749
38205.0000 56.2614 9.0701
38210.0000 56.2238 9.0578
38215.0000 56.2360 9.0621
38220.0000 56.2168 9.0476
38225.0000 56.2608 9.0550
38230.0000 56.2880 9.0484
38235.0000 56.3679 9.0457
38240.0000 56.3697 9.0546
38245.0000 56.4002 9.0819
38250.0000 56.3920 9.0816
38255.0000 56.3510 9.0709
38260.0000 56.3169 9.0599
38265.0000 56.3331 9.0788
38270.0000 56.3084 9.0599
38275.0000 56.3502 9.0528
38280.0000 56.3851 9.0734
38285.0000 56.2852 9.0131
38290.0000 56.1304 8.9567
38295.0000 56.0764 8.9306
38300.0000 56.0714 8.9318
38305.0000 56.0605 8.9251
38310.0000 56.0609 8.9302
38315.0000 56.0451 8.9296
38320.0000 56.0367 8.9127
38325.0000 56.0270 8.9171
38330.0000 56.0377 8.9177
38335.0000 56.1075 8.9699
38340.0000 56.1500 8.9953
38345.0000 56.1838 8.9875
38350.0000 56.2017 8.9937
38355.0000 56.1794 8.9868
38360.0000 56.1830 8.9872
38365.0000 56.1781 8.9872
38370.0000 56.1787 8.9929
38375.0000 56.1617 8.9964
38380.0000 56.1478 8.9895
38385.0000 56.1417 8.9923
38390.0000 56.1444 8.9904
38395.0000 56.1993 9.0322
38400.0000 56.1617 8.9983
38405.0000 56.2101 9.0013
38410.0000 56.1960 8.9937
38415.0000 56.1156 8.9380
38420.0000 56.1101 8.9413
38425.0000 56.0992 8.9309
38430.0000 56.1058 8.9318
38435.0000 56.1215 8.9542
38440.0000 56.0914 8.9400
38445.0000 56.1110 8.9546
38450.0000 56.0770 8.9328
38455.0000 56.0703 8.9281
38460.0000 56.0440 8.8982
38465.0000 55.9673 8.8404
38470.0000 55.8583 8.7718
38475.0000 55.7691 8.7431
38480.0000 55.8108 8.7671
38485.0000 55.8126 8.7704
38490.0000 55.7990 8.7750
38495.0000 55.8074 8.7751
38500.0000 55.7723 8.7672
38505.0000 55.7669 8.7625
38510.0000 55.8147 8.7889
38515.0000 55.8156 8.7868
38520.0000 55.8347 8.7877
38525.0000 55.8489 8.7867
38530.0000 55.8690 8.8227
38535.0000 55.8408 8.8176
38540.0000 55.9139 8.8476
38545.0000 55.9105 8.8491
38550.0000 55.9376 8.8604
38555.0000 55.9433 8.8613
38560.0000 55.9154 8.8442
38565.0000 55.9366 8.8581
38570.0000 55.9114 8.8439
38575.0000 55.9204 8.8485
38580.0000 55.9255 8.8516
38585.0000 55.9424 8.8579
38590.0000 55.9151 8.8735
38595.0000 55.9236 8.8741
38600.0000 55.9573 8.8825
38605.0000 55.9613 8.8833
38610.0000 55.9653 8.8944
38615.0000 55.9414 8.8897
38620.0000 55.9116 8.8758
38625.0000 55.8945 8.8675
38630.0000 55.8628 8.8539
38635.0000 55.8839 8.8588
38640.0000 55.9275 8.8600
38645.0000 55.9209 8.8693
38650.0000 55.9045 8.8968
38655.0000 55.9137 8.8850
38660.0000 55.9160 8.8798
38665.0000 55.9167 8.8819
38670.0000 55.9323 8.8916
38675.0000 55.9221 8.8890
38680.0000 55.8970 8.8763
38685.0000 55.8933 8.8719
38690.0000 55.8721 8.8664
38695.0000 55.9737 8.9207
38700.0000 55.9791 8.9214
38705.0000 55.9885 8.9267
38710.0000 56.0391 8.9299
38715.0000 56.0001 8.9144
38720.0000 56.0035 8.9146
38725.0000 56.0443 8.8927
38730.0000 56.0386 8.8963
38735.0000 56.0270 8.8946
38740.0000 56.0575 8.8787
38745.0000 56.0340 8.8763
38750.0000 56.0267 8.8758
38755.0000 56.0305 8.8793
38760.0000 56.0932 8.8995
38765.0000 56.0380 8.8899
38770.0000 56.0132 8.9214
38775.0000 56.0809 8.9584
38780.0000 56.0787 8.9736
38785.0000 56.0790 8.9774
38790.0000 56.0731 8.9774
38795.0000 56.0651 8.9766
38800.0000 56.0704 8.9749
38805.0000 56.0519 8.9679
38810.0000 56.1224 9.0150
38815.0000 56.1264 9.0164
38820.0000 56.1269 9.0157
38825.0000 56.1203 8.9896
38830.0000 56.0359 8.9817
38835.0000 55.9895 8.9486
38840.0000 55.9948 8.9506
38845.0000 56.0442 8.9726
38850.0000 56.1121 9.0020
38855.0000 56.1386 9.0276
38860.0000 56.1401 9.0278
38865.0000 56.1359 9.0314
38870.0000 56.0982 9.0130
38875.0000 56.1052 9.0153
38880.0000 56.1218 9.0198
38885.0000 56.1122 9.0150
38890.0000 56.1246 9.0183
38895.0000 56.1625 9.0238
38900.0000 56.1942 9.0550
38905.0000 56.1947 9.0561
38910.0000 56.2288 9.0794
38915.0000 56.2677 9.1010
38920.0000 56.2701 9.1050
38925.0000 56.2587 9.0948
38930.0000 56.2567 9.0989
38935.0000 56.2641 9.1026
38940.0000 56.2699 9.1028
38945.0000 56.2337 9.0893
38950.0000 56.2501 9.1084
38955.0000 56.1962 9.0766
38960.0000 56.2032 9.0908
38965.0000 56.2171 9.0874
38970.0000 56.2262 9.0898
38975.0000 56.2300 9.0947
38980.0000 56.1872 9.0746
38985.0000 56.2044 9.0827
38990.0000 56.2322 9.0772
38995.0000 56.2615 9.0832
39000.0000 56.2687 9.0798
39005.0000 56.3076 9.0902
39010.0000 56.3038 9.0934
39015.0000 56.2180 9.0647
39020.0000 56.2318 9.0727
39025.0000 56.2255 9.0683
39030.0000 56.2520 9.0895
39035.0000 56.2256 9.0699
39040.0000 56.1928 9.0563
39045.0000 56.1874 9.0579
39050.0000 56.2395 9.0934
39055.0000 56.2274 9.0850
39060.0000 56.2305 9.0861
39065.0000 56.2626 9.0921
39070.0000 56.2949 9.0997
39075.0000 56.2394 9.1022
39080.0000 56.2722 9.1211
39085.0000 56.2776 9.1202
39090.0000 56.2731 9.1247
39095.0000 56.2783 9.1324
39100.0000 56.2590 9.1419
39105.0000 56.2610 9.1488
39110.0000 56.2635 9.1538
39115.0000 56.3006 9.1619
39120.0000 56.3352 9.1812
39125.0000 56.3568 9.1921
39130.0000 56.2777 9.1495
39135.0000 56.1601 9.0833
39140.0000 56.1151 9.0592
39145.0000 56.1780 9.0788
39150.0000 56.2307 9.0969
39155.0000 56.2362 9.1109
39160.0000 56.1856 9.0962
39165.0000 56.1825 9.0957
39170.0000 56.1738 9.0931
39175.0000 56.1945 9.1065
39180.0000 56.1993 9.1093
39185.0000 56.0686 9.0516
39190.0000 55.9562 9.0620
39195.0000 55.9966 9.0512
39200.0000 56.0481 9.0379
39205.0000 56.0555 9.0505
39210.0000 56.1040 9.0833
39215.0000 56.0878 9.0819
39220.0000 56.0580 9.0718
39225.0000 56.0037 9.0461
39230.0000 55.9905 9.0438
39235.0000 55.9850 9.0431
39240.0000 55.9928 9.0495
39245.0000 55.9715 9.0379
39250.0000 55.8898 9.0187
39255.0000 55.9069 9.0197
39260.0000 56.0100 9.0492
39265.0000 56.0021 9.0455
39270.0000 55.9886 9.0503
39275.0000 55.9693 9.0530
39280.0000 55.9746 9.0629
39285.0000 55.9258 9.0447
39290.0000 55.8779 9.0292
39295.0000 55.8620 9.0200
39300.0000 55.8681 9.0220
39305.0000 55.7535 9.0017
39310.0000 55.6732 9.0247
39315.0000 55.6435 9.0038
39320.0000 55.6821 9.0109
39325.0000 55.6612 8.9958
39330.0000 55.6511 9.0073
39335.0000 55.6879 9.0264
39340.0000 55.6816 9.0254
39345.0000 55.6574 9.0248
39350.0000 55.6172 8.9962
39355.0000 55.6442 9.0121
39360.0000 55.6583 9.0146
39365.0000 55.6783 9.0376
39370.0000 55.6621 9.0217
39375.0000 55.6714 9.0279
39380.0000 55.6749 9.0328
39385.0000 55.6879 9.0366
39390.0000 55.6876 9.0351
39395.0000 55.6776 9.0450
39400.0000 55.6812 9.0536
39405.0000 55.6671 9.0440
39410.0000 55.6485 9.0288
39415.0000 55.6921 9.0352
39420.0000 55.7028 9.0368
39425.0000 55.6333 9.0159
39430.0000 55.5771 9.0079
39435.0000 55.4451 8.9309
39440.0000 55.4605 8.9436
39445.0000 55.4573 8.9359
39450.0000 55.4962 8.9586
39455.0000 55.5781 8.9678
39460.0000 55.5711 8.9654
39465.0000 55.5569 8.9553
39470.0000 55.5026 8.9298
39475.0000 55.5333 8.9323
39480.0000 55.5447 8.9343
39485.0000 55.4434 8.8978
39490.0000 55.3162 8.8962
39495.0000 55.2012 8.8340
39500.0000 55.2155 8.8372
39505.0000 55.2492 8.8331
39510.0000 55.2645 8.8425
39515.0000 55.2831 8.8400
39520.0000 55.3311 8.8639
39525.0000 55.2960 8.8562
39530.0000 55.2712 8.8514
39535.0000 55.2549 8.8430
39540.0000 55.2585 8.8433
39545.0000 55.2380 8.8384
39550.0000 55.2251 8.8525
39555.0000 55.2264 8.8970
39560.0000 55.2723 8.9232
39565.0000 55.3044 8.9477
39570.0000 55.3461 8.9673
39575.0000 55.2889 8.9391
39580.0000 55.2658 8.9250
39585.0000 55.2106 8.9176
39590.0000 55.1927 8.9147
39595.0000 55.1695 8.8949
39600.0000 55.2076 8.9287
39605.0000 55.1786 8.9186
39610.0000 55.0623 8.8858
39615.0000 54.9908 8.9093
39620.0000 54.9983 8.9100
39625.0000 54.9991 8.9035
39630.0000 55.0079 8.9051
39635.0000 55.0387 8.9354
39640.0000 55.0433 8.9347
39645.0000 55.0242 8.9259
39650.0000 54.9885 8.9086
39655.0000 54.9844 8.9044
39660.0000 54.9847 8.9048
39665.0000 54.8074 8.8517
39670.0000 54.7576 8.8231
39675.0000 54.6969 8.7791
39680.0000 54.6930 8.7798
39685.0000 54.6946 8.7819
39690.0000 54.7548 8.8300
39695.0000 54.7599 8.8103
39700.0000 54.7040 8.7805
39705.0000 54.7541 8.8139
39710.0000 54.7314 8.8016
39715.0000 54.7895 8.8254
39720.0000 54.8047 8.8304
39725.0000 54.6826 8.7715
39730.0000 54.6579 8.7780
39735.0000 54.5083 8.6738
39740.0000 54.4710 8.6662
39745.0000 54.4710 8.6635
39750.0000 54.4910 8.6683
39755.0000 54.4692 8.6717
39760.0000 54.5065 8.6716
39765.0000 54.4894 8.6615
39770.0000 54.4516 8.6417
39775.0000 54.4504 8.6424
39780.0000 54.4905 8.6664
39785.0000 54.3665 8.6163
39790.0000 54.3674 8.6365
39795.0000 54.1873 8.5341
39800.0000 54.1724 8.5287
39805.0000 54.1729 8.5342
39810.0000 54.2003 8.5439
39815.0000 54.1647 8.5407
39820.0000 54.2393 8.5576
39825.0000 54.2915 8.5815
39830.0000 54.2689 8.5632
39835.0000 54.2662 8.5594
39840.0000 54.2854 8.5576
39845.0000 54.2619 8.5395
39850.0000 54.2893 8.5644
39855.0000 54.2438 8.5438
39860.0000 54.2497 8.5509
39865.0000 54.2504 8.5483
39870.0000 54.2785 8.5614
39875.0000 54.2653 8.5533
39880.0000 54.2384 8.5366
39885.0000 54.2703 8.5647
39890.0000 54.2569 8.5537
39895.0000 54.2588 8.5578
39900.0000 54.2500 8.5537
39905.0000 54.2990 8.5828
39910.0000 54.3293 8.5996
39915.0000 54.3142 8.5842
39920.0000 54.3553 8.6074
39925.0000 54.3739 8.6168
39930.0000 54.3763 8.6191
39935.0000 54.3309 8.5849
39940.0000 54.3381 8.5915
39945.0000 54.3105 8.5863
39950.0000 54.3388 8.6083
39955.0000 54.3687 8.5941
39960.0000 54.3838 8.5979
39965.0000 54.3587 8.6026
39970.0000 54.3012 8.6700
39975.0000 54.2476 8.6659
39980.0000 54.2483 8.6655
39985.0000 54.2950 8.6607
39990.0000 54.2809 8.6510
39995.0000 54.2607 8.6468
40000.0000 54.2912 8.6668
40005.0000 54.2646 8.6584
40010.0000 54.2577 8.6584
40015.0000 54.2523 8.6538
40020.0000 54.2640 8.6578
40025.0000 54.2240 8.6297
40030.0000 54.1596 8.6084
40035.0000 54.0980 8.5779
40040.0000 54.1414 8.6060
40045.0000 54.1940 8.6400
40050.0000 54.1886 8.6332
40055.0000 54.1981 8.6313
40060.0000 54.1693 8.6168
40065.0000 54.1467 8.6084
40070.0000 54.1110 8.5857
40075.0000 54.1003 8.5793
40080.0000 54.1181 8.5885
40085.0000 54.1195 8.5858
40090.0000 54.1319 8.5908
40095.0000 54.1733 8.6139
40100.0000 54.1780 8.6164
40105.0000 54.2265 8.6508
40110.0000 54.2528 8.6536
40115.0000 54.2500 8.6616
40120.0000 54.2413 8.6531
40125.0000 54.2303 8.6469
40130.0000 54.2727 8.6751
40135.0000 54.2566 8.6734
40140.0000 54.2758 8.6795
40145.0000 54.1451 8.6502
40150.0000 53.9268 8.7140
40155.0000 53.8429 8.6534
40160.0000 53.8300 8.6523
40165.0000 53.9242 8.6785
40170.0000 53.9331 8.6863
40175.0000 53.9229 8.6909
40180.0000 53.9267 8.6945
40185.0000 53.9211 8.6911
40190.0000 53.9266 8.6888
40195.0000 53.9354 8.6957
40200.0000 53.9913 8.7319
40205.0000 53.9495 8.7136
40210.0000 53.9161 8.6951
40215.0000 53.8175 8.6648
40220.0000 53.8381 8.6738
40225.0000 53.8325 8.6714
40230.0000 53.8189 8.6566
40235.0000 53.8487 8.6959
40240.0000 53.8246 8.6907
40245.0000 53.8171 8.6802
40250.0000 53.8569 8.6472
40255.0000 53.8507 8.6457
40260.0000 53.8925 8.6738
40265.0000 53.8165 8.6560
40270.0000 53.7368 8.6773
40275.0000 53.6684 8.6651
40280.0000 53.6565 8.6641
40285.0000 53.7078 8.6883
40290.0000 53.7074 8.6913
40295.0000 53.6933 8.6952
40300.0000 53.6631 8.6827
40305.0000 53.6889 8.6669
40310.0000 53.6865 8.6653
40315.0000 53.6874 8.6644
40320.0000 53.7065 8.6690
40325.0000 53.7044 8.6668
40330.0000 53.6737 8.6752
40335.0000 53.6091 8.6336
40340.0000 53.6786 8.6332
40345.0000 53.7450 8.6515
40350.0000 53.7339 8.6477
40355.0000 53.7648 8.6718
40360.0000 53.7549 8.6698
40365.0000 53.7325 8.6569
40370.0000 53.7305 8.6509
40375.0000 53.7395 8.6557
40380.0000 53.7471 8.6609
40385.0000 53.7314 8.6541
40390.0000 53.7045 8.7075
40395.0000 53.7170 8.7137
40400.0000 53.8520 8.7777
40405.0000 53.8449 8.7741
40410.0000 53.8880 8.7884
40415.0000 53.8866 8.8063
40420.0000 53.8672 8.7941
40425.0000 53.8385 8.7833
40430.0000 53.9027 8.8173
40435.0000 53.8806 8.8064
40440.0000 53.8634 8.7910
40445.0000 53.8713 8.7934
40450.0000 53.8862 8.8030
40455.0000 53.8278 8.7847
40460.0000 53.8392 8.7890
40465.0000 53.8852 8.7923
40470.0000 53.8714 8.7813
40475.0000 53.8786 8.7858
40480.0000 53.8967 8.7979
40485.0000 53.9263 8.7948
40490.0000 54.0282 8.8109
40495.0000 54.0407 8.8316
40500.0000 54.1409 8.8714
40505.0000 54.1188 8.8873
40510.0000 54.0873 8.8844
40515.0000 54.0864 8.8913
40520.0000 54.1049 8.8960
40525.0000 54.1595 8.8886
40530.0000 54.1597 8.8800
40535.0000 54.1733 8.8952
40540.0000 54.1432 8.8728
40545.0000 54.1756 8.8622
40550.0000 54.2567 8.9055
40555.0000 54.2725 8.9203
40560.0000 54.3625 8.9639
40565.0000 54.3257 8.9647
40570.0000 54.2276 8.9647
40575.0000 54.0686 8.8943
40580.0000 54.0969 8.8997
40585.0000 54.1313 8.8944
40590.0000 54.2038 8.9359
40595.0000 54.1856 8.9210
40600.0000 54.1604 8.8980
40605.0000 54.1438 8.9035
40610.0000 54.1429 8.8965
40615.0000 54.1868 8.9290
40620.0000 54.2062 8.9347
40625.0000 54.2418 8.9339
40630.0000 54.1666 8.9291
40635.0000 54.1616 8.9371
40640.0000 54.1802 8.9561
40645.0000 54.1559 8.9278
40650.0000 54.1156 8.9031
40655.0000 54.1268 8.9096
40660.0000 54.1056 8.8990
40665.0000 54.1144 8.9215
40670.0000 54.1018 8.9126
40675.0000 54.1149 8.9160
40680.0000 54.1412 8.9317
40685.0000 54.1243 8.8786
40690.0000 54.1678 8.8931
40695.0000 54.1546 8.8937
40700.0000 54.1720 8.9021
40705.0000 54.1752 8.8890
40710.0000 54.1753 8.8990
40715.0000 54.1800 8.9077
40720.0000 54.1797 8.9070
40725.0000 54.1870 8.8891
40730.0000 54.2301 8.8652
40735.0000 54.2506 8.8741
40740.0000 54.2755 8.8797
40745.0000 54.3178 8.8896
40750.0000 54.3284 8.8848
40755.0000 54.3237 8.8776
40760.0000 54.3595 8.8937
40765.0000 54.3731 8.8934
40770.0000 54.3909 8.8939
40775.0000 54.3502 8.8825
40780.0000 54.3261 8.8723
40785.0000 54.3141 8.8734
40790.0000 54.3719 8.8916
40795.0000 54.3697 8.9098
40800.0000 54.3800 8.9033
40805.0000 54.2638 8.9152
40810.0000 54.2046 8.8699
40815.0000 53.9534 8.8189
40820.0000 53.9235 8.8141
40825.0000 53.9351 8.8184
40830.0000 53.9102 8.8022
40835.0000 53.8755 8.7954
40840.0000 53.8580 8.7839
40845.0000 53.8393 8.7784
40850.0000 53.8190 8.7712
40855.0000 53.8442 8.7913
40860.0000 53.8427 8.7907
40865.0000 53.6455 8.7447
40870.0000 53.6614 8.7546
40875.0000 53.5334 8.7348
40880.0000 53.5406 8.7447
40885.0000 53.5423 8.7442
40890.0000 53.5420 8.7427
40895.0000 53.5044 8.7400
40900.0000 53.5031 8.7363
40905.0000 53.4745 8.7266
40910.0000 53.4719 8.7265
40915.0000 53.5031 8.7383
40920.0000 53.5004 8.7370
40925.0000 53.3556 8.6897
40930.0000 53.2945 8.6662
40935.0000 53.2459 8.6264
40940.0000 53.2490 8.6356
40945.0000 53.2602 8.6443
40950.0000 53.2465 8.6360
40955.0000 53.2772 8.6603
40960.0000 53.2450 8.6351
40965.0000 53.2281 8.6237
40970.0000 53.2240 8.6119
40975.0000 53.2141 8.5974
40980.0000 53.3291 8.6151
40985.0000 53.2514 8.5950
40990.0000 53.2713 8.6019
40995.0000 53.1947 8.5570
41000.0000 53.1777 8.5666
41005.0000 53.1933 8.5756
41010.0000 53.2568 8.6181
41015.0000 53.2489 8.6001
41020.0000 53.3258 8.6167
41025.0000 53.3138 8.6216
41030.0000 53.3826 8.6428
41035.0000 53.3916 8.6482
41040.0000 53.4865 8.6948
41045.0000 53.4989 8.7017
41050.0000 53.4634 8.6708
41055.0000 53.3771 8.6331
41060.0000 53.4035 8.6379
41065.0000 53.4391 8.6583
41070.0000 53.4354 8.6494
41075.0000 53.4186 8.6476
41080.0000 53.4121 8.6457
41085.0000 53.3982 8.6407
41090.0000 53.3577 8.6164
41095.0000 53.3516 8.6222
41100.0000 53.3550 8.6201
41105.0000 53.4625 8.6874
41110.0000 53.4298 8.6641
41115.0000 53.3794 8.6434
41120.0000 53.3843 8.6572
41125.0000 53.4037 8.6717
41130.0000 53.3988 8.6701
41135.0000 53.4111 8.6836
41140.0000 53.4087 8.6834
41145.0000 53.3765 8.6641
41150.0000 53.4016 8.6464
41155.0000 53.3933 8.6526
41160.0000 53.3888 8.6506
41165.0000 53.3658 8.6484
41170.0000 53.3540 8.6246
41175.0000 53.3285 8.5958
41180.0000 53.3407 8.6003
41185.0000 53.3597 8.6061
41190.0000 53.4175 8.5800
41195.0000 53.4614 8.5678
41200.0000 53.4859 8.5759
41205.0000 53.4695 8.5694
41210.0000 53.4887 8.5705
41215.0000 53.4708 8.5674
41220.0000 53.4789 8.5706
41225.0000 53.5158 8.5482
41230.0000 53.4835 8.5389
41235.0000 53.4934 8.5414
41240.0000 53.5496 8.5916
41245.0000 53.5544 8.5931
41250.0000 53.5958 8.6135
41255.0000 53.6112 8.6240
41260.0000 53.6560 8.6217
41265.0000 53.6295 8.6031
41270.0000 53.5965 8.5820
41275.0000 53.6424 8.6013
41280.0000 53.6496 8.6041
41285.0000 53.6811 8.6519
41290.0000 53.6835 8.6576
41295.0000 53.6622 8.6494
41300.0000 53.6665 8.6508
41305.0000 53.6731 8.6512
41310.0000 53.6563 8.6445
41315.0000 53.6776 8.6706
41320.0000 53.6760 8.6725
41325.0000 53.6536 8.6612
41330.0000 53.6234 8.6380
41335.0000 53.6011 8.6369
41340.0000 53.5621 8.5975
41345.0000 53.5761 8.6012
41350.0000 53.6126 8.6263
41355.0000 53.6357 8.6321
41360.0000 53.6456 8.6371
41365.0000 53.6790 8.6521
41370.0000 53.7157 8.6625
41375.0000 53.6612 8.6255
41380.0000 53.6390 8.5981
41385.0000 53.6331 8.5812
41390.0000 53.6273 8.5692
41395.0000 53.6262 8.5698
41400.0000 53.6430 8.5652
41405.0000 53.6678 8.5574
41410.0000 53.6070 8.5595
41415.0000 53.5939 8.5460
41420.0000 53.6238 8.5311
41425.0000 53.6305 8.5333
41430.0000 53.6223 8.5322
41435.0000 53.6014 8.5283
41440.0000 53.6453 8.5512
41445.0000 53.6884 8.5267
41450.0000 53.6805 8.5186
41455.0000 53.6871 8.5255
41460.0000 53.7294 8.5415
41465.0000 53.7005 8.5549
41470.0000 53.6610 8.5550
41475.0000 53.6371 8.5427
41480.0000 53.6133 8.5329
41485.0000 53.6314 8.5427
41490.0000 53.6056 8.5315
41495.0000 53.6056 8.5304
41500.0000 53.6010 8.5208
41505.0000 53.5857 8.5157
41510.0000 53.6030 8.5230
41515.0000 53.6248 8.5235
41520.0000 53.6559 8.5256
41525.0000 53.5972 8.5200
41530.0000 53.5272 8.4991
41535.0000 53.4849 8.4939
41540.0000 53.4941 8.4992
41545.0000 53.5451 8.5234
41550.0000 53.5415 8.5226
41555.0000 53.5412 8.5335
41560.0000 53.5309 8.5243
41565.0000 53.4841 8.5037
41570.0000 53.4661 8.4863
41575.0000 53.4396 8.4817
41580.0000 53.4911 8.4857
41585.0000 53.4821 8.4586
41590.0000 53.4511 8.4455
41595.0000 53.2163 8.3600
41600.0000 53.2144 8.3657
41605.0000 53.2794 8.3915
41610.0000 53.3093 8.3819
41615.0000 53.2702 8.3676
41620.0000 53.2751 8.3786
41625.0000 53.2529 8.3575
41630.0000 53.2288 8.3454
41635.0000 53.2266 8.3507
41640.0000 53.2713 8.3377
41645.0000 53.1876 8.3378
41650.0000 52.9556 8.2993
41655.0000 52.9280 8.3034
41660.0000 52.9348 8.3143
41665.0000 52.9504 8.3218
41670.0000 52.9479 8.3236
41675.0000 52.9365 8.3201
41680.0000 52.9236 8.3170
41685.0000 52.9327 8.3306
41690.0000 52.9505 8.3535
41695.0000 52.9495 8.3527
41700.0000 52.9798 8.3557
41705.0000 53.0278 8.3563
41710.0000 53.0460 8.3561
41715.0000 53.0299 8.3703
41720.0000 53.0956 8.4052
41725.0000 53.1404 8.4102
41730.0000 53.2111 8.4237
41735.0000 53.1901 8.4112
41740.0000 53.1572 8.3844
41745.0000 53.1436 8.3730
41750.0000 53.1093 8.3384
41755.0000 53.1084 8.3252
41760.0000 53.1276 8.3205
41765.0000 53.1284 8.3213
41770.0000 53.0922 8.2967
41775.0000 53.1253 8.3142
41780.0000 53.1374 8.3149
41785.0000 53.1653 8.3235
41790.0000 53.1644 8.3203
41795.0000 53.1544 8.3145
41800.0000 53.1403 8.3053
41805.0000 53.0842 8.2849
41810.0000 53.0929 8.2738
41815.0000 53.0709 8.2639
41820.0000 53.0876 8.2535
41825.0000 53.0830 8.2644
41830.0000 53.1141 8.2721
41835.0000 53.2177 8.3373
41840.0000 53.2407 8.3410
41845.0000 53.2786 8.3485
41850.0000 53.3281 8.3702
41855.0000 53.3422 8.3735
41860.0000 53.3320 8.3697
41865.0000 53.3609 8.3822
41870.0000 53.3521 8.3699
41875.0000 53.3548 8.3775
41880.0000 53.4089 8.3953
41885.0000 53.4364 8.3851
41890.0000 53.3461 8.3736
41895.0000 53.1848 8.3264
41900.0000 53.1724 8.3201
41905.0000 53.2135 8.3543
41910.0000 53.2347 8.3657
41915.0000 53.2548 8.3782
41920.0000 53.2134 8.3603
41925.0000 53.2106 8.3616
41930.0000 53.1552 8.3304
41935.0000 53.1481 8.3304
41940.0000 53.2045 8.3548
41945.0000 53.0939 8.3875
41950.0000 52.9900 8.3813
41955.0000 52.8402 8.3934
41960.0000 52.8222 8.4029
41965.0000 52.8709 8.4202
41970.0000 52.8747 8.4160
41975.0000 52.8921 8.4209
41980.0000 52.9872 8.4351
41985.0000 52.9911 8.4388
41990.0000 52.9508 8.4101
41995.0000 52.9355 8.4038
42000.0000 52.9571 8.4125
42005.0000 52.9101 8.4183
42010.0000 52.9379 8.4310
42015.0000 52.9821 8.4562
42020.0000 52.9958 8.4595
42025.0000 52.9627 8.4116
42030.0000 52.9850 8.4189
42035.0000 52.9928 8.4294
42040.0000 52.9717 8.4112
42045.0000 52.9534 8.4198
42050.0000 52.9439 8.4219
42055.0000 53.0096 8.4602
42060.0000 53.0549 8.4883
42065.0000 52.9815 8.4620
42070.0000 52.9810 8.4983
42075.0000 52.9773 8.5011
42080.0000 52.9558 8.4885
42085.0000 52.9668 8.4932
42090.0000 52.9629 8.4882
42095.0000 52.9581 8.4899
42100.0000 52.9461 8.4783
42105.0000 52.8591 8.4384
42110.0000 52.8365 8.4244
42115.0000 52.8535 8.4383
42120.0000 52.9116 8.4738
42125.0000 52.9065 8.4924
42130.0000 52.8612 8.4797
42135.0000 52.8136 8.4783
42140.0000 52.8561 8.4702
42145.0000 52.8697 8.4762
42150.0000 52.8810 8.4810
42155.0000 52.8943 8.4658
42160.0000 52.8719 8.4622
42165.0000 52.9033 8.4696
42170.0000 52.9032 8.4668
42175.0000 52.8936 8.4680
42180.0000 52.9143 8.4746
42185.0000 52.9812 8.5104
42190.0000 52.9376 8.4932
42195.0000 52.9539 8.5013
42200.0000 52.9724 8.5072
42205.0000 52.9984 8.5167
42210.0000 53.0177 8.5212
42215.0000 53.0182 8.5143
42220.0000 53.0029 8.5057
42225.0000 53.0157 8.4906
42230.0000 52.9985 8.4798
42235.0000 53.0100 8.4821
42240.0000 53.0257 8.4892
42245.0000 53.0525 8.5069
42250.0000 53.0580 8.5355
42255.0000 53.0636 8.5432
42260.0000 53.0849 8.5537
42265.0000 53.1031 8.5645
42270.0000 53.1226 8.5519
42275.0000 53.1025 8.5505
42280.0000 53.0925 8.5539
42285.0000 53.0465 8.5408
42290.0000 53.0153 8.5200
42295.0000 52.9894 8.5148
42300.0000 53.0043 8.5236
42305.0000 52.9651 8.4778
42310.0000 52.8612 8.4406
42315.0000 52.8342 8.4223
42320.0000 52.8652 8.4399
42325.0000 52.8787 8.4474
42330.0000 52.8832 8.4499
42335.0000 52.8465 8.4596
42340.0000 52.8030 8.4289
42345.0000 52.8191 8.4439
42350.0000 52.8197 8.4286
42355.0000 52.8134 8.4308
42360.0000 52.8287 8.4358
42365.0000 52.6923 8.3889
42370.0000 52.6379 8.4416
42375.0000 52.5201 8.3871
42380.0000 52.5835 8.4249
42385.0000 52.6232 8.4384
42390.0000 52.6152 8.4389
42395.0000 52.6226 8.4466
42400.0000 52.6164 8.4481
42405.0000 52.5689 8.4323
42410.0000 52.5567 8.4197
42415.0000 52.5584 8.4179
42420.0000 52.5749 8.4208
42425.0000 52.5975 8.4031
42430.0000 52.5595 8.3999
42435.0000 52.3943 8.3363
42440.0000 52.4039 8.3257
42445.0000 52.4108 8.3289
42450.0000 52.4579 8.3625
42455.0000 52.4520 8.3631
42460.0000 52.4767 8.3592
42465.0000 52.4406 8.3498
42470.0000 52.4099 8.3262
42475.0000 52.4617 8.3720
42480.0000 52.5448 8.4131
42485.0000 52.6039 8.4427
42490.0000 52.5998 8.4802
42495.0000 52.6365 8.5111
42500.0000 52.6696 8.5439
42505.0000 52.6836 8.4874
42510.0000 52.7907 8.5075
42515.0000 52.8042 8.5129
42520.0000 52.7996 8.5141
42525.0000 52.7633 8.4885
42530.0000 52.7585 8.4819
42535.0000 52.7576 8.4933
42540.0000 52.7736 8.5006
42545.0000 52.6975 8.5132
42550.0000 52.8079 8.5716
42555.0000 52.7721 8.5635
42560.0000 52.8090 8.5916
42565.0000 52.8132 8.5935
42570.0000 52.8339 8.6140
42575.0000 52.8116 8.6127
42580.0000 52.7666 8.5933
42585.0000 52.7228 8.5746
42590.0000 52.6976 8.5513
42595.0000 52.7283 8.5305
42600.0000 52.8622 8.5987
42605.0000 52.8561 8.5717
42610.0000 52.7719 8.4950
42615.0000 52.7322 8.5289
42620.0000 52.7542 8.5305
42625.0000 52.7765 8.5273
42630.0000 52.8357 8.5029
42635.0000 52.8634 8.4805
42640.0000 52.8161 8.4506
42645.0000 52.8051 8.4506
42650.0000 52.7845 8.4342
42655.0000 52.7771 8.4333
42660.0000 52.7844 8.4378
42665.0000 52.5882 8.4030
42670.0000 52.4347 8.4065
42675.0000 52.4828 8.4655
42680.0000 52.5069 8.4774
42685.0000 52.5069 8.4774
42690.0000 52.5276 8.4855
42695.0000 52.5145 8.4815
42700.0000 52.5064 8.4844
42705.0000 52.5117 8.5039
42710.0000 52.4695 8.4742
42715.0000 52.4843 8.4846
42720.0000 52.5431 8.4629
42725.0000 52.6135 8.4289
42730.0000 52.5893 8.3695
42735.0000 52.5253 8.3542
42740.0000 52.5238 8.3508
42745.0000 52.5291 8.3510
42750.0000 52.5472 8.3590
42755.0000 52.6241 8.3724
42760.0000 52.6159 8.3849
42765.0000 52.6213 8.3889
42770.0000 52.5780 8.3634
42775.0000 52.5699 8.3666
42780.0000 52.5748 8.3692
42785.0000 52.5119 8.3411
42790.0000 52.4650 8.3317
42795.0000 52.3468 8.2748
42800.0000 52.3226 8.2729
42805.0000 52.4083 8.2802
42810.0000 52.4047 8.2802
42815.0000 52.4331 8.3023
42820.0000 52.4712 8.3137
42825.0000 52.5523 8.3114
42830.0000 52.5619 8.3046
42835.0000 52.6286 8.3146
42840.0000 52.6391 8.3154
42845.0000 52.6555 8.3588
42850.0000 52.6028 8.3136
42855.0000 52.5899 8.2992
42860.0000 52.6057 8.3083
42865.0000 52.6601 8.3219
42870.0000 52.7549 8.3833
42875.0000 52.7413 8.3743
42880.0000 52.7215 8.3653
42885.0000 52.6993 8.3559
42890.0000 52.6751 8.3435
42895.0000 52.6679 8.3449
42900.0000 52.6760 8.3475
42905.0000 52.6492 8.3488
42910.0000 52.6486 8.3550
42915.0000 52.6176 8.3551
42920.0000 52.6065 8.3607
42925.0000 52.6251 8.3714
42930.0000 52.6069 8.3596
42935.0000 52.6304 8.3675
42940.0000 52.6140 8.3501
42945.0000 52.5723 8.3387
42950.0000 52.5667 8.3319
42955.0000 52.5460 8.3313
42960.0000 52.5733 8.3424
42965.0000 52.4881 8.3419
42970.0000 52.4457 8.3272
42975.0000 52.3605 8.3341
42980.0000 52.3100 8.3176
42985.0000 52.3248 8.3236
42990.0000 52.3345 8.3288
42995.0000 52.3602 8.3457
43000.0000 52.3411 8.3311
43005.0000 52.4003 8.3633
43010.0000 52.3641 8.3407
43015.0000 52.4163 8.3372
43020.0000 52.4319 8.3437
43025.0000 52.4315 8.3051
43030.0000 52.5346 8.2811
43035.0000 52.4233 8.2349
43040.0000 52.4080 8.2320
43045.0000 52.4997 8.2406
43050.0000 52.5366 8.2498
43055.0000 52.5426 8.2581
43060.0000 52.5410 8.2714
43065.0000 52.5271 8.2759
43070.0000 52.5369 8.2704
43075.0000 52.5234 8.2732
43080.0000 52.5431 8.2829
43085.0000 52.4700 8.3321
43090.0000 52.4036 8.3222
43095.0000 52.3388 8.3505
43100.0000 52.3537 8.3681
43105.0000 52.3847 8.3765
43110.0000 52.4027 8.3917
43115.0000 52.4135 8.3986
43120.0000 52.3733 8.3856
43125.0000 52.3371 8.3508
43130.0000 52.3619 8.3692
43135.0000 52.3578 8.3760
43140.0000 52.3678 8.3757
43145.0000 52.3357 8.3885
43150.0000 52.3515 8.4008
43155.0000 52.2687 8.3689
43160.0000 52.3114 8.3354
43165.0000 52.3545 8.3489
43170.0000 52.3471 8.3424
43175.0000 52.3416 8.3430
43180.0000 52.3257 8.3342
43185.0000 52.3935 8.3484
43190.0000 52.3897 8.3514
43195.0000 52.3853 8.3523
43200.0000 52.4496 8.3798
