protocol,load,run,delivery_prob,abort_prob,latency_avg,hopcount_avg,overhead_ratio,total_created,total_delivered,total_relays,total_aborted,P5_created,P5_delivered,P5_aborted,P5_relays,P4_created,P4_delivered,P4_aborted,P4_relays,P3_created,P3_delivered,P3_aborted,P3_relays,P2_created,P2_delivered,P2_aborted,P2_relays,P1_created,P1_delivered,P1_aborted,P1_relays,P5_deliveryRate,P5_avgLatency,P5_avgHops,P4_deliveryRate,P4_avgLatency,P4_avgHops,P3_deliveryRate,P3_avgLatency,P3_avgHops,P2_deliveryRate,P2_avgLatency,P2_avgHops,P1_deliveryRate,P1_avgLatency,P1_avgHops
prophet,low_load,run1,58.47,70.86,5130.01,4.87,18.14,2059.0,1204.0,21844.0,1459.0,411,275,327,5674,415,230,278,3149,409,231,277,2941,415,224,253,2647,409,244,324,7433,66.91,6320.87,5.3,55.42,4723.54,4.21,56.48,4831.96,3.73,53.98,4945.18,4.03,59.66,4622.85,6.86
prophet,low_load,run10,54.4,67.51,5089.54,4.43,17.05,2059.0,1120.0,19099.0,1390.0,411,261,315,4810,415,223,273,2529,409,202,243,2544,415,199,233,2250,409,235,326,6966,63.5,5716.61,4.01,53.73,4989.67,3.58,49.39,4747.47,4.15,47.95,5127.57,3.52,57.46,4749.7,6.7
prophet,low_load,run11,56.53,70.86,5483.27,4.46,16.36,2059.0,1164.0,19044.0,1459.0,411,281,324,5096,415,202,275,2635,409,211,263,2342,415,216,248,2186,409,254,349,6785,68.37,6811.92,5.62,48.67,5020.74,4.14,51.59,5143.65,3.35,52.05,5344.75,2.87,62.1,4781.17,5.7
prophet,low_load,run12,55.76,70.76,5150.18,4.25,16.74,2059.0,1148.0,19221.0,1457.0,411,261,318,4635,415,218,272,2920,409,212,263,2706,415,219,260,1988,409,238,344,6972,63.5,6100.75,4.23,52.53,4478.09,4.39,51.83,4884.37,3.66,52.77,5310.5,3.11,58.19,4812.61,5.69
prophet,low_load,run13,59.01,71.25,5024.44,4.89,17.87,2059.0,1215.0,21713.0,1467.0,411,276,331,5422,415,245,284,3210,409,225,255,2539,415,229,257,2504,409,240,340,8038,67.15,6085.75,4.87,59.04,4599.67,3.88,55.01,4715.86,4.16,55.18,5086.84,3.82,58.68,4467.31,7.64
prophet,low_load,run14,56.92,69.21,5193.95,4.33,16.9,2059.0,1172.0,19810.0,1425.0,411,270,321,4933,415,221,265,3015,409,219,260,2578,415,219,235,1904,409,243,344,7380,65.69,6368.52,4.19,53.25,4710.29,3.8,53.55,4962.04,4.0,52.77,4925.0,2.7,59.41,4780.15,6.74
prophet,low_load,run15,59.79,71.35,5234.55,4.46,17.3,2059.0,1231.0,21299.0,1469.0,411,264,305,5031,415,248,272,3020,409,231,277,2674,415,230,255,2248,409,258,360,8326,64.23,5916.94,4.59,59.76,5136.62,3.85,56.48,5244.65,3.78,55.42,5080.32,3.09,63.08,4758.9,6.74
prophet,low_load,run16,54.4,68.48,5326.65,4.76,16.24,2059.0,1120.0,18189.0,1410.0,411,257,318,4899,415,208,250,2629,409,199,256,2401,415,212,245,2470,409,244,341,5790,62.53,6247.81,4.84,50.12,5055.22,4.48,48.66,5178.1,4.1,51.08,5054.14,3.79,59.66,4945.73,6.27
prophet,low_load,run17,56.48,69.65,5125.67,4.5,16.42,2059.0,1163.0,19102.0,1434.0,411,261,310,4700,415,229,266,2660,409,212,276,2713,415,222,235,2101,409,239,347,6928,63.5,5652.92,4.42,55.18,5300.27,3.53,51.83,4948.47,4.23,53.49,4713.2,2.53,58.44,4922.88,7.56
prophet,low_load,run18,54.1,66.68,5218.68,4.51,17.44,2059.0,1114.0,19427.0,1373.0,411,246,309,5273,415,215,260,2567,409,204,252,2200,415,216,217,2105,409,233,335,7282,59.85,6238.44,5.36,51.81,5137.31,3.64,49.88,5106.22,3.43,52.05,5036.33,3.4,56.97,4484.63,6.4
prophet,low_load,run19,58.67,70.52,5193.51,4.66,16.04,2059.0,1208.0,19371.0,1452.0,411,262,315,4551,415,235,277,2735,409,225,251,2510,415,218,263,2182,409,268,346,7393,63.75,5941.35,4.61,56.63,5013.07,3.73,55.01,5057.46,4.0,52.53,5006.92,3.35,65.53,4886.62,7.14
prophet,low_load,run2,56.63,68.58,5370.88,4.57,15.79,2059.0,1166.0,18409.0,1412.0,411,272,325,4107,415,219,265,2486,409,200,246,2251,415,216,226,2092,409,259,350,7473,66.18,6586.66,4.05,52.77,5253.69,4.0,48.9,5248.08,3.87,52.05,4908.25,3.17,63.33,4673.81,7.31
prophet,low_load,run20,58.43,69.5,5154.01,4.61,16.45,2059.0,1203.0,19788.0,1431.0,411,264,321,4693,415,236,300,2873,409,212,222,1991,415,225,232,2185,409,266,356,8046,64.23,6299.38,4.82,56.87,5161.13,4.06,51.83,4816.4,3.23,54.22,4947.48,3.2,65.04,4454.7,7.2
prophet,low_load,run21,53.67,68.53,5310.21,4.47,16.54,2059.0,1105.0,18272.0,1411.0,411,264,335,5189,415,205,268,2384,409,175,237,2125,415,224,233,2129,409,237,338,6445,64.23,6421.28,4.75,49.4,4899.65,4.1,42.79,5049.54,3.73,53.98,5085.69,3.29,57.95,4832.37,6.15
prophet,low_load,run22,59.98,72.56,5135.41,4.59,17.34,2059.0,1235.0,21412.0,1494.0,411,286,336,5594,415,238,270,3017,409,222,269,2657,415,226,269,2633,409,263,350,7511,69.59,5616.26,4.63,57.35,5169.17,3.98,54.28,5270.19,4.21,54.46,4947.27,3.57,64.3,4629.84,6.3
prophet,low_load,run23,56.14,70.08,5144.24,4.52,16.82,2059.0,1156.0,19449.0,1443.0,411,265,312,5262,415,235,296,3158,409,209,252,2350,415,206,241,2092,409,241,342,6587,64.48,5902.98,4.73,56.63,4919.52,4.27,51.1,4957.62,3.29,49.64,4987.57,3.31,58.92,4824.82,6.63
prophet,low_load,run24,56.14,70.57,5364.82,4.36,16.43,2059.0,1156.0,18994.0,1453.0,411,263,318,4690,415,229,279,2683,409,216,263,2561,415,207,249,2031,409,241,344,7029,63.99,6217.51,4.6,55.18,5043.6,3.76,52.81,4977.44,3.59,49.88,5311.07,2.93,58.92,5132.87,6.59
prophet,low_load,run25,56.92,70.33,5382.31,4.48,16.06,2059.0,1172.0,18823.0,1448.0,411,263,319,4599,415,207,274,2527,409,205,253,2382,415,235,256,2225,409,262,346,7090,63.99,6509.73,4.6,49.88,5274.19,3.92,50.12,5061.88,3.95,56.63,5062.22,2.92,64.06,4873.85,6.62
prophet,low_load,run26,56.78,68.67,4969.42,4.41,17.15,2059.0,1169.0,20043.0,1414.0,411,255,314,4667,415,229,275,2863,409,232,253,2645,415,211,221,2123,409,242,351,7745,62.04,5519.59,4.46,55.18,4753.64,3.61,56.72,5124.48,3.81,50.84,4709.77,3.21,59.17,4671.6,6.75
prophet,low_load,run27,60.81,71.05,5009.82,4.53,17.4,2059.0,1252.0,21786.0,1463.0,411,267,318,5194,415,240,283,3120,409,249,270,2970,415,229,231,2018,409,267,361,8484,64.96,6126.75,4.81,57.83,4886.7,4.05,60.88,4761.33,3.51,55.18,4708.77,2.3,65.28,4493.49,7.55
prophet,low_load,run28,60.27,72.66,5046.34,4.79,17.54,2059.0,1241.0,21765.0,1496.0,411,272,326,5411,415,247,300,3473,409,228,267,2653,415,236,255,2595,409,258,348,7633,66.18,6040.81,4.85,59.52,5126.16,4.87,55.75,4680.53,3.61,56.87,4642.56,3.18,63.08,4614.14,7.16
prophet,low_load,run29,57.94,71.39,5101.04,4.23,16.25,2059.0,1193.0,19391.0,1470.0,411,272,333,5013,415,234,272,2661,409,209,263,2678,415,225,252,2027,409,253,350,7012,66.18,5879.78,4.39,56.39,5063.11,3.48,51.1,4970.37,3.8,54.22,5040.71,3.13,61.86,4460.48,6.1
prophet,low_load,run3,55.27,68.58,5195.36,4.19,16.04,2059.0,1138.0,18258.0,1412.0,411,272,322,4883,415,209,249,2341,409,208,249,2511,415,211,256,2107,409,238,336,6416,66.18,5991.12,4.45,50.36,5393.9,3.39,50.86,4826.52,3.82,50.84,5173.45,3.18,58.19,4453.32,5.8
prophet,low_load,run30,53.67,64.64,5208.86,4.23,16.75,2059.0,1105.0,18505.0,1331.0,411,252,313,4932,415,201,222,2076,409,203,216,1698,415,209,240,2086,409,240,340,7713,61.31,5846.03,4.45,48.43,4956.54,2.71,49.63,5327.12,2.49,50.36,4966.64,3.36,58.68,4862.08,7.5
prophet,low_load,run31,57.7,73.87,5154.74,4.81,17.84,2059.0,1188.0,21191.0,1521.0,411,265,332,5045,415,229,279,2766,409,222,283,3390,415,219,271,2578,409,253,356,7412,64.48,6113.32,4.78,55.18,4841.51,4.1,54.28,4795.82,4.34,52.77,5253.09,3.68,61.86,4664.02,6.87
prophet,low_load,run32,56.14,68.38,5387.91,4.46,15.99,2059.0,1156.0,18481.0,1408.0,411,277,321,4785,415,202,275,2612,409,213,236,2083,415,210,232,1860,409,254,344,7141,67.4,6576.83,4.45,48.67,5499.83,3.96,52.08,5034.87,2.92,50.6,4915.72,3.21,62.1,4688.78,7.21
prophet,low_load,run33,55.95,67.7,5159.72,4.6,16.64,2059.0,1152.0,19166.0,1394.0,411,249,300,4731,415,223,262,2607,409,228,259,2630,415,207,233,2051,409,245,340,7147,60.58,6036.9,4.97,53.73,5025.79,3.74,55.75,4795.09,4.31,49.88,5316.66,3.3,59.9,4596.87,6.4
prophet,low_load,run34,58.33,72.12,5126.57,4.72,18.33,2059.0,1201.0,22014.0,1485.0,411,265,325,5473,415,227,280,3289,409,220,265,2820,415,235,257,2452,409,254,358,7980,64.48,6020.88,5.14,54.7,4760.56,4.67,53.79,5245.76,3.88,56.63,4778.34,3.15,62.1,4739.56,6.5
prophet,low_load,run35,58.52,68.92,5378.6,4.31,16.68,2059.0,1205.0,20103.0,1419.0,411,273,318,5144,415,245,247,2646,409,211,252,2009,415,221,248,2423,409,255,354,7881,66.42,6569.62,4.45,59.04,4821.12,2.9,51.59,5242.17,3.0,53.25,5113.24,3.19,62.35,4982.02,7.57
prophet,low_load,run36,58.09,71.44,5184.28,4.47,17.09,2059.0,1196.0,20444.0,1471.0,411,273,316,5083,415,230,272,2736,409,205,257,2548,415,230,260,2638,409,258,366,7439,66.42,5839.8,4.89,55.42,5098.01,3.82,50.12,4810.83,3.47,55.42,4802.03,3.0,63.08,5205.04,6.72
prophet,low_load,run37,53.57,69.4,5289.69,4.35,16.82,2059.0,1103.0,18551.0,1429.0,411,267,310,4872,415,199,273,2915,409,206,270,2552,415,209,240,2149,409,222,336,6063,64.96,6316.59,4.4,47.95,4912.66,4.48,50.37,5133.23,3.83,50.36,5136.24,3.0,54.28,4682.24,5.94
prophet,low_load,run38,56.39,69.06,5070.09,4.48,16.87,2059.0,1161.0,19583.0,1422.0,411,266,313,4846,415,219,262,2941,409,214,253,2440,415,202,239,2200,409,260,355,7156,64.72,6263.29,4.93,52.77,4796.3,4.4,52.32,4868.96,3.29,48.67,4622.79,3.05,63.57,4593.04,6.2
prophet,low_load,run39,56.48,70.57,5106.66,4.48,17.4,2059.0,1163.0,20236.0,1453.0,411,262,324,5044,415,227,268,2787,409,213,260,2642,415,215,240,2307,409,246,361,7456,63.75,5825.14,4.61,54.7,5067.65,4.0,52.08,4768.05,3.29,51.81,4955.57,3.07,60.15,4802.71,7.07
prophet,low_load,run4,57.65,70.03,5003.01,4.7,17.96,2059.0,1187.0,21324.0,1442.0,411,253,303,5783,415,240,284,3192,409,223,253,2808,415,231,249,2516,409,240,353,7025,61.56,5844.4,5.43,57.83,4919.02,4.35,54.52,4785.12,4.13,55.66,4603.58,3.09,58.68,4786.96,6.35
prophet,low_load,run40,56.0,65.13,5233.15,4.16,15.16,2059.0,1153.0,17480.0,1341.0,411,253,292,4452,415,229,258,2448,409,210,234,2156,415,221,237,1866,409,240,320,6558,61.56,5730.46,4.08,55.18,5089.6,3.58,51.34,5380.84,3.58,53.25,5208.89,2.88,58.68,4738.95,6.48
prophet,low_load,run41,56.14,69.06,5292.35,4.7,17.22,2059.0,1156.0,19906.0,1422.0,411,259,313,4910,415,214,270,2888,409,216,257,2593,415,224,248,2111,409,243,334,7404,63.02,6522.63,4.92,51.57,5139.84,4.26,52.81,5215.07,3.98,53.98,4718.56,2.96,59.41,4713.01,7.1
prophet,low_load,run42,58.67,70.18,5187.74,4.88,18.33,2059.0,1208.0,22140.0,1445.0,411,256,323,5424,415,255,267,3355,409,217,257,2791,415,226,244,2813,409,254,354,7757,62.29,6353.7,5.23,61.45,5054.76,4.33,53.06,4859.41,3.92,54.46,4950.3,4.19,62.1,4637.87,6.52
prophet,low_load,run43,58.33,69.89,5098.17,4.52,17.52,2059.0,1201.0,21044.0,1439.0,411,273,309,5311,415,228,279,2725,409,213,257,2734,415,228,256,2388,409,259,338,7886,66.42,6121.17,5.1,54.94,4830.39,3.59,52.08,4863.65,4.0,54.94,4641.14,2.93,63.33,4850.79,6.55
prophet,low_load,run44,56.68,69.21,5263.48,4.87,18.62,2059.0,1167.0,21732.0,1425.0,411,257,335,5319,415,223,257,2881,409,208,250,2842,415,227,250,2479,409,252,333,8211,62.53,6477.66,5.29,53.73,5098.31,3.91,50.86,5239.3,4.77,54.7,4674.01,3.28,61.61,4722.33,6.78
prophet,low_load,run45,55.22,69.99,4982.68,4.4,17.49,2059.0,1137.0,19884.0,1441.0,411,248,334,5174,415,215,268,2560,409,212,260,2683,415,229,247,2288,409,233,332,7179,60.34,5699.19,4.67,51.81,4723.71,3.28,51.83,4911.94,3.93,55.18,4948.4,3.25,56.97,4557.09,6.69
prophet,low_load,run46,59.25,72.12,5148.38,4.5,17.33,2059.0,1220.0,21143.0,1485.0,411,277,335,4810,415,233,277,3336,409,205,271,2635,415,247,256,2602,409,258,346,7760,67.4,5985.25,4.55,56.14,5128.65,4.34,50.12,4839.82,3.89,59.52,4947.76,3.16,63.08,4704.93,6.34
prophet,low_load,run47,56.05,67.17,5048.38,4.49,17.32,2059.0,1154.0,19987.0,1383.0,411,257,308,4976,415,211,252,2642,409,204,234,2429,415,232,250,2421,409,250,339,7519,62.53,5707.73,4.86,50.84,5043.19,3.29,49.88,4661.82,3.46,55.9,4860.01,3.14,61.12,4865.19,7.22
prophet,low_load,run48,58.77,68.29,5198.14,4.44,16.91,2059.0,1210.0,20466.0,1406.0,411,260,325,4986,415,228,259,2886,409,225,235,2350,415,238,234,2220,409,259,353,8024,63.26,6304.95,5.13,54.94,4746.43,4.04,55.01,4605.95,3.23,57.35,5367.99,2.99,63.33,4843.06,6.47
prophet,low_load,run49,59.06,72.07,5238.19,4.59,16.88,2059.0,1216.0,20520.0,1484.0,411,289,319,4905,415,228,281,2991,409,227,286,3260,415,227,257,2483,409,245,341,6881,70.32,5805.79,4.27,54.94,4995.6,4.16,55.5,5251.83,4.66,54.7,5241.79,3.53,59.9,4778.44,6.31
prophet,low_load,run5,59.15,70.42,5278.02,4.58,16.9,2059.0,1218.0,20585.0,1450.0,411,260,332,5185,415,236,269,2537,409,234,257,2622,415,223,246,2232,409,265,346,8009,63.26,6242.81,4.93,56.87,5035.57,3.1,57.21,4994.99,3.71,53.73,5060.2,3.14,64.79,4980.56,7.51
prophet,low_load,run50,56.39,68.72,5046.63,4.61,17.71,2059.0,1161.0,20559.0,1415.0,411,258,303,4726,415,236,278,3234,409,204,256,2644,415,212,227,2359,409,251,351,7596,62.77,6285.15,4.26,56.87,4768.02,4.48,49.88,4894.27,4.23,51.08,4729.88,3.25,61.37,4426.91,6.55
prophet,low_load,run6,57.55,70.13,5125.97,4.5,16.39,2059.0,1185.0,19428.0,1444.0,411,277,322,4536,415,222,254,2863,409,221,270,2816,415,220,253,2425,409,245,345,6788,67.4,6074.87,4.45,53.49,4860.86,4.41,54.03,4864.31,3.82,53.01,4819.42,3.29,59.9,4804.64,6.33
prophet,low_load,run7,59.64,72.46,5245.26,4.38,17.32,2059.0,1228.0,21268.0,1492.0,411,269,325,5007,415,243,283,3172,409,224,266,2698,415,243,263,2436,409,249,355,7955,65.45,5953.15,4.44,58.55,5109.06,3.9,54.77,5251.45,3.46,58.55,5182.17,3.17,60.88,4669.42,6.77
prophet,low_load,run8,59.45,73.48,5160.65,4.56,16.88,2059.0,1224.0,20657.0,1513.0,411,290,339,5045,415,248,298,3270,409,216,270,2503,415,225,250,2830,409,245,356,7009,70.56,5789.02,4.67,59.76,4916.84,4.1,52.81,5572.25,3.85,54.22,4763.64,3.8,59.9,4665.4,6.24
prophet,low_load,run9,59.54,73.68,5276.74,4.91,17.57,2059.0,1226.0,21538.0,1517.0,411,282,336,5219,415,240,283,2835,409,217,249,2378,415,231,289,2713,409,256,360,8393,68.61,5907.46,4.34,57.83,4965.41,3.68,53.06,5078.84,3.7,55.66,5208.7,3.96,62.59,5102.96,8.57
prophet,high_load,run1,53.79,39.71,6706.75,1.34,5.22,7318.0,3936.0,20555.0,2906.0,1464,817,652,3758,1462,796,508,2618,1466,776,507,2308,1470,767,482,2222,1456,780,757,9649,55.81,6568.55,1.31,54.45,6600.19,1.1,52.93,6935.95,1.08,52.18,6794.11,0.93,53.57,6646.33,2.28
prophet,high_load,run10,50.03,41.87,6779.39,1.55,5.42,7318.0,3661.0,19834.0,3064.0,1464,806,682,3405,1462,757,535,2846,1466,700,524,2570,1470,675,519,1993,1456,723,804,9020,55.05,6912.71,1.43,51.78,6780.02,1.33,47.75,6498.17,1.24,45.92,6761.83,1.06,49.66,6918.77,2.66
prophet,high_load,run11,50.9,40.2,6458.29,1.45,5.2,7318.0,3725.0,19376.0,2942.0,1464,754,694,3398,1462,741,530,2654,1466,759,468,2516,1470,737,459,1983,1456,734,791,8825,51.5,6694.59,1.46,50.68,6328.24,1.25,51.77,6585.31,1.15,50.14,6363.53,0.91,50.41,6310.63,2.52
prophet,high_load,run12,52.84,40.75,6750.78,1.43,5.15,7318.0,3867.0,19923.0,2982.0,1464,814,678,3535,1462,793,512,2363,1466,708,511,2275,1470,787,452,1731,1456,765,829,10019,55.6,6784.23,1.38,54.24,6716.34,1.09,48.29,6539.05,1.0,53.54,6845.85,0.83,52.54,6849.05,2.85
prophet,high_load,run13,52.91,40.31,6473.35,1.47,5.44,7318.0,3872.0,21062.0,2950.0,1464,812,728,3765,1462,787,499,2916,1466,777,478,2307,1470,764,448,1990,1456,732,797,10084,55.46,6603.68,1.5,53.83,6333.27,1.35,53.0,6597.0,1.05,51.97,6738.7,0.96,50.27,6071.2,2.54
prophet,high_load,run14,48.92,40.76,6649.19,1.46,5.08,7318.0,3580.0,18171.0,2983.0,1464,756,727,3626,1462,696,533,2712,1466,739,494,2153,1470,676,443,1876,1456,713,786,7804,51.64,6835.52,1.51,47.61,6728.93,1.5,50.41,6644.43,0.95,45.99,6694.1,1.09,48.97,6336.11,2.25
prophet,high_load,run15,51.97,41.19,6580.58,1.49,5.29,7318.0,3803.0,20104.0,3014.0,1464,812,713,4027,1462,794,538,2987,1466,712,464,1974,1470,729,502,2222,1456,756,797,8894,55.46,6261.38,1.53,54.31,6430.13,1.4,48.57,6766.68,0.98,49.59,7013.87,1.1,51.92,6488.33,2.38
prophet,high_load,run16,50.77,38.58,6517.43,1.37,5.06,7318.0,3715.0,18815.0,2823.0,1464,768,652,3448,1462,770,474,2263,1466,696,483,2069,1470,751,458,1902,1456,730,756,9133,52.46,6779.05,1.38,52.67,6314.34,1.12,47.48,6480.7,1.09,51.09,6777.67,0.87,50.14,6223.72,2.4
prophet,high_load,run17,48.77,39.78,6643.02,1.38,5.09,7318.0,3569.0,18167.0,2911.0,1464,655,602,3271,1462,754,547,2386,1466,707,510,2084,1470,753,514,2080,1456,700,738,8346,44.74,6495.65,1.53,51.57,6434.34,1.01,48.23,7109.94,1.13,51.22,6520.5,1.02,48.08,6665.88,2.25
prophet,high_load,run18,53.74,41.25,6427.08,1.45,5.41,7318.0,3933.0,21280.0,3019.0,1464,828,750,4289,1462,826,517,2816,1466,763,493,2302,1470,774,466,2144,1456,742,793,9729,56.56,6669.05,1.59,56.5,6180.5,1.06,52.05,6749.39,1.06,52.65,6336.49,1.01,50.96,6194.62,2.58
prophet,high_load,run19,47.99,40.23,6843.42,1.41,5.24,7318.0,3512.0,18397.0,2944.0,1464,759,693,3574,1462,721,524,2393,1466,723,514,2461,1470,692,485,1751,1456,617,728,8218,51.84,6755.84,1.42,49.32,7115.18,1.05,49.32,6539.37,1.14,47.07,6969.93,0.86,42.38,6848.01,2.77
prophet,high_load,run2,48.48,40.05,6761.55,1.47,5.36,7318.0,3548.0,19004.0,2931.0,1464,765,686,3356,1462,661,532,2429,1466,704,482,2437,1470,685,449,1855,1456,733,782,8927,52.25,6654.93,1.42,45.21,6791.33,1.17,48.02,7037.52,1.26,46.6,6790.01,1.08,50.34,6554.34,2.37
prophet,high_load,run20,52.0,39.94,6482.93,1.55,5.67,7318.0,3805.0,21583.0,2923.0,1464,826,661,3771,1462,765,502,2850,1466,777,478,2330,1470,699,496,2702,1456,738,786,9930,56.42,6632.84,1.34,52.33,6406.56,1.24,53.0,6503.36,0.96,47.55,6431.75,1.38,50.69,6421.26,2.9
prophet,high_load,run21,49.9,38.97,6631.87,1.4,5.13,7318.0,3652.0,18742.0,2852.0,1464,718,609,3691,1462,733,493,2258,1466,726,513,2445,1470,754,472,1618,1456,721,765,8730,49.04,6508.72,1.72,50.14,7049.85,1.11,49.52,6435.75,1.27,51.29,7093.27,0.75,49.52,6044.53,2.2
prophet,high_load,run22,53.54,40.57,6739.73,1.6,5.7,7318.0,3918.0,22342.0,2969.0,1464,823,709,4030,1462,805,504,3079,1466,723,490,2618,1470,801,460,2410,1456,766,806,10205,56.22,6947.8,1.48,55.06,6721.22,1.39,49.32,6782.0,1.23,54.49,6604.05,0.95,52.61,6637.64,3.0
prophet,high_load,run23,50.07,38.74,6640.23,1.44,5.39,7318.0,3664.0,19747.0,2835.0,1464,794,643,3692,1462,669,515,2764,1466,725,463,2513,1470,751,455,2144,1456,725,759,8634,54.23,6481.58,1.49,45.76,6945.83,1.51,49.45,6451.9,1.1,51.09,6712.69,0.91,49.79,6645.26,2.21
prophet,high_load,run24,50.74,39.38,6649.57,1.45,5.16,7318.0,3713.0,19157.0,2882.0,1464,759,652,3669,1462,778,506,2596,1466,715,464,2428,1470,718,487,2039,1456,743,773,8425,51.84,6675.61,1.6,53.21,6750.67,1.12,48.77,6781.53,1.28,48.84,6540.66,0.94,51.03,6495.36,2.32
prophet,high_load,run25,47.68,37.41,6666.84,1.37,4.81,7318.0,3489.0,16794.0,2738.0,1464,696,582,2855,1462,697,480,2037,1466,679,487,2327,1470,704,466,2225,1456,713,723,7350,47.54,6841.08,1.25,47.67,6347.98,0.88,46.32,6840.15,1.25,47.89,6631.46,1.19,48.97,6678.36,2.27
prophet,high_load,run26,51.16,39.9,6576.73,1.49,5.46,7318.0,3744.0,20447.0,2920.0,1464,765,666,3755,1462,731,515,2471,1466,703,494,2341,1470,754,454,2316,1456,791,791,9564,52.25,6638.01,1.66,50.0,6791.6,1.07,47.95,6667.33,1.16,51.29,6685.77,1.1,54.33,6134.43,2.36
prophet,high_load,run27,48.14,40.2,6304.66,1.49,5.54,7318.0,3523.0,19514.0,2942.0,1464,767,691,4005,1462,732,539,2528,1466,680,457,2179,1470,615,455,1809,1456,729,800,8993,52.39,6099.69,1.64,50.07,6451.36,1.12,46.38,6524.74,1.05,41.84,6424.61,1.02,50.07,6066.52,2.52
prophet,high_load,run28,53.1,40.87,6495.69,1.46,5.35,7318.0,3886.0,20771.0,2991.0,1464,805,670,3792,1462,774,537,2797,1466,805,517,2907,1470,717,463,2302,1456,785,804,8973,54.99,6542.95,1.55,52.94,6448.09,1.05,54.91,6561.88,1.28,48.78,6303.44,1.15,53.91,6601.87,2.24
prophet,high_load,run29,52.51,42.33,6676.59,1.41,5.16,7318.0,3843.0,19814.0,3098.0,1464,827,729,3529,1462,771,545,2851,1466,752,512,2524,1470,745,493,2138,1456,748,819,8772,56.49,6501.44,1.37,52.74,6580.58,1.33,51.3,7044.39,1.03,50.68,6761.47,1.04,51.37,6514.91,2.3
prophet,high_load,run3,46.11,39.71,6517.87,1.52,5.32,7318.0,3374.0,17955.0,2906.0,1464,699,674,3369,1462,694,514,2480,1466,659,487,2205,1470,643,460,2157,1456,679,771,7744,47.75,6779.35,1.51,47.47,6462.03,1.15,44.95,6814.58,1.27,43.74,6182.27,1.17,46.63,6335.61,2.48
prophet,high_load,run30,51.91,40.82,6584.84,1.43,5.22,7318.0,3799.0,19838.0,2987.0,1464,785,677,3415,1462,715,508,2391,1466,755,488,2339,1470,746,483,2199,1456,798,831,9494,53.62,6665.34,1.45,48.91,6638.03,1.09,51.5,6543.63,1.1,50.75,6649.29,1.04,54.81,6436.75,2.38
prophet,high_load,run31,51.18,41.54,6440.96,1.57,5.65,7318.0,3745.0,21177.0,3040.0,1464,752,660,3957,1462,778,574,2969,1466,755,546,2871,1470,773,528,2410,1456,687,732,8970,51.37,6832.04,1.71,53.21,6398.43,1.27,51.5,6280.25,1.24,52.59,6275.84,1.06,47.18,6423.47,2.72
prophet,high_load,run32,46.13,36.51,6485.93,1.21,4.8,7318.0,3376.0,16217.0,2672.0,1464,678,579,2605,1462,626,464,1976,1466,687,469,1765,1470,691,422,1584,1456,694,738,8287,46.31,6568.18,1.12,42.82,6387.66,1.04,46.86,6554.01,0.9,47.01,6596.89,0.78,47.66,6316.36,2.17
prophet,high_load,run33,48.48,40.01,6710.34,1.48,5.05,7318.0,3548.0,17920.0,2928.0,1464,790,692,3415,1462,691,529,2541,1466,615,481,1941,1470,709,452,1806,1456,743,774,8217,53.96,6405.81,1.41,47.26,6904.15,1.27,41.95,6756.11,1.13,48.23,6961.84,0.92,51.03,6576.01,2.56
prophet,high_load,run34,49.85,38.9,6435.6,1.42,5.08,7318.0,3648.0,18548.0,2847.0,1464,810,689,3815,1462,772,522,2488,1466,681,479,2289,1470,663,451,1691,1456,722,706,8265,55.33,6434.13,1.6,52.8,6341.57,1.07,46.45,6505.83,1.14,45.1,6334.94,0.92,49.59,6564.01,2.3
prophet,high_load,run35,50.51,39.86,6704.5,1.34,5.06,7318.0,3696.0,18711.0,2917.0,1464,783,674,3868,1462,734,496,2330,1466,685,493,2084,1470,729,461,1920,1456,765,793,8509,53.48,6747.96,1.48,50.21,6735.32,1.04,46.73,6693.82,1.09,49.59,6935.01,0.87,52.54,6420.35,2.14
prophet,high_load,run36,48.95,39.33,6789.17,1.41,5.13,7318.0,3582.0,18367.0,2878.0,1464,765,673,3349,1462,712,502,2673,1466,688,474,2121,1470,728,453,2066,1456,689,776,8158,52.25,6848.17,1.36,48.7,6990.38,1.24,46.93,6617.2,1.05,49.52,6877.34,1.07,47.32,6594.3,2.35
prophet,high_load,run37,49.96,38.25,6653.49,1.45,5.28,7318.0,3656.0,19293.0,2799.0,1464,757,627,3973,1462,725,481,2413,1466,744,485,2323,1470,751,466,2109,1456,679,740,8475,51.71,6525.29,1.57,49.59,6850.02,0.97,50.75,6792.88,1.02,51.09,6479.74,0.87,46.63,6626.02,2.93
prophet,high_load,run38,50.27,41.46,6795.42,1.4,4.97,7318.0,3679.0,18302.0,3034.0,1464,779,655,3032,1462,726,578,2963,1466,697,501,2227,1470,720,488,2083,1456,757,812,7997,53.21,6680.91,1.39,49.66,6824.95,1.5,47.54,7097.2,1.15,48.98,6753.05,0.9,51.99,6647.37,2.0
prophet,high_load,run39,49.82,40.89,6655.26,1.4,5.03,7318.0,3646.0,18355.0,2992.0,1464,794,701,3600,1462,757,530,2229,1466,665,480,2256,1470,718,485,1976,1456,712,796,8294,54.23,6763.32,1.52,51.78,6559.21,0.97,45.36,6281.9,1.08,48.84,6811.88,0.96,48.9,6827.66,2.48
prophet,high_load,run4,47.06,40.67,6669.29,1.56,5.44,7318.0,3444.0,18728.0,2976.0,1464,669,631,3304,1462,661,515,2525,1466,712,553,2603,1470,723,509,2108,1456,679,768,8188,45.7,7029.56,1.8,45.21,6712.21,1.42,48.57,6410.76,1.26,49.18,6335.95,0.94,46.63,6898.58,2.46
prophet,high_load,run40,50.71,39.92,6684.91,1.45,5.18,7318.0,3711.0,19230.0,2921.0,1464,795,673,3485,1462,758,528,2645,1466,730,473,2441,1470,750,512,2008,1456,678,735,8651,54.3,6818.53,1.29,51.85,6656.43,1.23,49.8,6527.95,1.31,51.02,6626.65,0.91,46.57,6793.52,2.61
prophet,high_load,run41,47.73,39.76,6738.2,1.48,5.34,7318.0,3493.0,18663.0,2910.0,1464,733,668,3236,1462,689,516,2317,1466,637,458,1860,1470,693,464,2127,1456,741,804,9123,50.07,6563.55,1.4,47.13,6448.88,1.2,43.45,7277.62,1.15,47.14,6894.19,1.08,50.89,6570.38,2.47
prophet,high_load,run42,51.65,40.53,6819.61,1.66,5.62,7318.0,3780.0,21253.0,2966.0,1464,790,681,3739,1462,763,517,3074,1466,726,489,2461,1470,756,476,2694,1456,745,803,9285,53.96,6866.87,1.59,52.19,6727.94,1.31,49.52,7245.55,1.16,51.43,6523.45,1.25,51.17,6748.87,3.01
prophet,high_load,run43,51.93,39.33,6656.37,1.36,5.11,7318.0,3800.0,19418.0,2878.0,1464,764,679,3580,1462,760,510,2452,1466,753,463,2063,1470,749,439,1967,1456,774,787,9356,52.19,6879.12,1.44,51.98,6647.08,1.14,51.36,6729.87,1.03,50.95,6593.51,0.84,53.16,6434.95,2.33
prophet,high_load,run44,51.95,40.95,6947.72,1.58,5.38,7318.0,3802.0,20458.0,2997.0,1464,813,726,4277,1462,786,510,2702,1466,759,515,2919,1470,694,445,1957,1456,750,801,8603,55.53,6956.3,1.74,53.76,6497.58,1.2,51.77,7270.54,1.36,47.21,6961.38,0.99,51.51,7070.82,2.58
prophet,high_load,run45,51.53,42.68,6708.53,1.47,5.36,7318.0,3771.0,20204.0,3123.0,1464,748,664,3791,1462,730,570,2627,1466,786,581,3032,1470,739,505,2192,1456,768,803,8562,51.09,6709.75,1.43,49.93,6954.94,1.16,53.62,6581.85,1.33,50.27,6633.24,1.03,52.75,6675.24,2.39
prophet,high_load,run46,49.25,39.26,6573.85,1.49,5.37,7318.0,3604.0,19351.0,2873.0,1464,696,626,3415,1462,712,511,2508,1466,698,493,2225,1470,717,454,2120,1456,781,789,9083,47.54,6361.52,1.46,48.7,6387.83,1.2,47.61,6922.27,1.2,48.78,6984.59,1.04,53.64,6244.2,2.47
prophet,high_load,run47,51.2,41.54,6685.18,1.43,5.36,7318.0,3747.0,20077.0,3040.0,1464,821,723,3748,1462,735,519,2846,1466,712,517,2548,1470,749,454,2315,1456,730,827,8620,56.08,6857.04,1.38,50.27,6695.51,1.34,48.57,6952.79,1.14,50.95,6197.56,0.91,50.14,6720.79,2.37
prophet,high_load,run48,47.94,40.58,6553.38,1.54,5.47,7318.0,3508.0,19181.0,2970.0,1464,749,679,3464,1462,740,555,3055,1466,692,492,2366,1470,594,441,2114,1456,733,803,8182,51.16,6722.69,1.34,50.62,6494.44,1.4,47.2,6847.96,1.26,40.41,6650.63,1.26,50.34,6082.99,2.38
prophet,high_load,run49,50.93,40.91,6741.8,1.5,5.13,7318.0,3727.0,19116.0,2994.0,1464,791,694,3620,1462,754,522,2460,1466,732,507,2232,1470,684,440,1966,1456,766,831,8838,54.03,6868.63,1.56,51.57,6639.81,1.07,49.93,6961.59,1.14,46.53,6629.17,1.07,52.61,6601.75,2.59
prophet,high_load,run5,50.37,41.32,6635.83,1.37,5.24,7318.0,3686.0,19328.0,3024.0,1464,755,646,3156,1462,747,552,2459,1466,751,541,2348,1470,708,498,2209,1456,725,787,9156,51.57,6831.18,1.26,51.09,6628.24,1.16,51.23,6654.71,0.99,48.16,6772.32,1.03,49.79,6287.36,2.42
prophet,high_load,run50,54.48,40.43,6446.07,1.45,5.19,7318.0,3987.0,20674.0,2959.0,1464,853,694,3957,1462,800,574,3289,1466,778,450,2082,1470,772,435,1982,1456,784,806,9364,58.27,6674.46,1.46,54.72,6261.17,1.32,53.07,6137.83,1.0,52.52,6679.04,0.93,53.85,6462.71,2.51
prophet,high_load,run6,51.09,40.9,6750.16,1.4,5.02,7318.0,3739.0,18777.0,2993.0,1464,755,668,3460,1462,773,561,2763,1466,754,487,2347,1470,746,488,2075,1456,711,789,8132,51.57,6941.37,1.46,52.87,6713.81,1.21,51.43,6528.47,1.06,50.75,6591.2,0.87,48.83,6988.51,2.48
prophet,high_load,run7,50.78,41.04,6613.24,1.46,5.23,7318.0,3716.0,19453.0,3003.0,1464,803,678,3714,1462,744,539,2832,1466,733,530,2638,1470,763,506,2627,1456,673,750,7642,54.85,6743.68,1.36,50.89,6921.96,1.26,50.0,6569.07,1.2,51.9,6363.97,1.31,46.22,6447.01,2.24
prophet,high_load,run8,50.45,40.09,6532.08,1.59,5.48,7318.0,3692.0,20221.0,2934.0,1464,785,692,3528,1462,718,505,2891,1466,764,517,2796,1470,758,505,2686,1456,667,715,8320,53.62,6545.62,1.45,49.11,6420.15,1.43,52.11,6839.18,1.29,51.56,6340.26,1.18,45.81,6502.88,2.72
prophet,high_load,run9,52.38,41.1,6664.43,1.41,5.31,7318.0,3833.0,20339.0,3008.0,1464,800,697,3687,1462,777,545,2874,1466,772,496,2205,1470,717,480,1855,1456,767,790,9718,54.64,6650.64,1.4,53.15,6887.04,1.38,52.66,6724.82,0.97,48.78,6511.97,0.89,52.68,6535.05,2.36
prophet,extreme_load,run1,40.87,29.2,5495.18,0.75,2.52,18799.0,7684.0,19371.0,5490.0,3761,1754,1124,3737,3753,1416,969,2533,3761,1603,955,2188,3760,1370,926,1874,3764,1541,1516,9039,46.64,6956.7,0.66,37.73,5122.68,0.55,42.62,5036.04,0.5,36.44,5136.22,0.45,40.94,4970.69,1.55
prophet,extreme_load,run10,36.81,29.01,5544.95,0.73,2.38,18799.0,6919.0,16496.0,5454.0,3761,1496,1071,2955,3753,1420,978,2509,3761,1471,974,2280,3760,1232,994,1958,3764,1300,1437,6794,39.78,6753.84,0.63,37.84,5312.01,0.59,39.11,5209.61,0.53,32.77,5216.11,0.53,34.54,5099.33,1.39
prophet,extreme_load,run11,35.35,29.57,5674.89,0.72,2.53,18799.0,6646.0,16843.0,5559.0,3761,1623,1190,3113,3753,1388,1039,2452,3761,1255,959,2311,3760,1178,970,2191,3764,1202,1401,6776,43.15,7091.4,0.58,36.98,5145.64,0.52,33.37,5411.33,0.55,31.33,5232.6,0.55,31.93,5082.04,1.5
prophet,extreme_load,run12,36.04,29.35,5532.72,0.76,2.51,18799.0,6775.0,17013.0,5517.0,3761,1596,1129,2930,3753,1296,989,2513,3761,1387,1054,2269,3760,1360,1016,2437,3764,1136,1329,6864,42.44,6903.59,0.63,34.53,5157.12,0.57,36.88,5088.77,0.54,36.17,5096.8,0.57,30.18,5099.15,1.68
prophet,extreme_load,run13,35.72,28.84,5524.81,0.74,2.54,18799.0,6715.0,17037.0,5422.0,3761,1552,1087,2892,3753,1380,1043,2519,3761,1312,986,2525,3760,1288,983,2477,3764,1183,1323,6624,41.27,7109.52,0.56,36.77,5048.19,0.6,34.88,5053.49,0.59,34.26,4927.53,0.69,31.43,5174.8,1.38
prophet,extreme_load,run14,37.43,29.58,5597.39,0.72,2.39,18799.0,7036.0,16837.0,5561.0,3761,1713,1144,3038,3753,1354,1026,2763,3761,1370,1072,2642,3760,1325,977,2271,3764,1274,1342,6123,45.55,6935.21,0.54,36.08,5234.09,0.65,36.43,5144.06,0.6,35.24,5134.57,0.53,33.85,5153.52,1.34
prophet,extreme_load,run15,34.54,28.96,5485.96,0.77,2.49,18799.0,6493.0,16166.0,5445.0,3761,1615,1176,3003,3753,1234,969,2340,3761,1168,911,1831,3760,1181,968,2302,3764,1295,1421,6690,42.94,6806.48,0.6,32.88,5155.17,0.66,31.06,5076.43,0.59,31.41,5197.51,0.74,34.4,4786.76,1.28
prophet,extreme_load,run16,36.24,29.43,5577.89,0.74,2.35,18799.0,6813.0,16002.0,5532.0,3761,1595,1157,3097,3753,1344,964,2372,3761,1344,1000,2076,3760,1187,975,2371,3764,1343,1436,6086,42.41,7030.99,0.67,35.81,5119.63,0.63,35.74,5201.64,0.55,31.57,5110.59,0.65,35.68,5100.3,1.22
prophet,extreme_load,run17,35.31,30.63,5532.17,0.69,2.43,18799.0,6637.0,16135.0,5759.0,3761,1490,1163,2990,3753,1353,1070,2505,3761,1274,1087,2132,3760,1232,991,2433,3764,1288,1448,6075,39.62,6862.8,0.59,36.05,5093.7,0.56,33.87,5134.94,0.43,32.77,5063.4,0.63,34.22,5294.75,1.25
prophet,extreme_load,run18,37.36,29.81,5655.31,0.69,2.42,18799.0,7024.0,16971.0,5604.0,3761,1676,1165,3308,3753,1371,1035,2727,3761,1317,1022,2237,3760,1381,997,2366,3764,1279,1385,6333,44.56,7254.82,0.59,36.53,5245.24,0.64,35.02,5291.98,0.55,36.73,5108.84,0.52,33.98,4963.07,1.22
prophet,extreme_load,run19,36.23,29.38,5481.42,0.7,2.35,18799.0,6810.0,16015.0,5523.0,3761,1607,1178,2906,3753,1270,993,2033,3761,1251,979,2023,3760,1321,927,1942,3764,1361,1446,7111,42.73,6665.64,0.55,33.84,5199.5,0.45,33.26,5043.92,0.55,35.13,5017.89,0.48,36.16,5198.27,1.43
prophet,extreme_load,run2,35.61,29.32,5688.7,0.76,2.5,18799.0,6694.0,16714.0,5511.0,3761,1699,1146,2789,3753,1283,998,2769,3761,1303,977,2073,3760,1148,956,2085,3764,1261,1434,6998,45.17,7034.12,0.53,34.19,5159.08,0.72,34.65,5380.63,0.49,30.53,5247.97,0.72,33.5,5134.37,1.45
prophet,extreme_load,run20,36.65,29.41,5754.48,0.77,2.43,18799.0,6890.0,16775.0,5529.0,3761,1675,1139,3084,3753,1299,1009,2194,3761,1328,1011,2411,3760,1347,1020,2501,3764,1241,1350,6585,44.54,7270.68,0.65,34.61,5282.28,0.54,35.31,5191.41,0.53,35.82,5226.45,0.69,32.97,5377.99,1.52
prophet,extreme_load,run21,34.18,28.04,5603.49,0.76,2.47,18799.0,6425.0,15847.0,5272.0,3761,1595,1081,2767,3753,1228,966,2562,3761,1273,1033,2886,3760,1244,956,2110,3764,1085,1236,5522,42.41,6958.23,0.48,32.72,5225.46,0.8,33.85,5218.27,0.82,33.09,5099.77,0.55,28.83,5069.32,1.28
prophet,extreme_load,run22,37.69,30.15,5673.8,0.74,2.47,18799.0,7085.0,17531.0,5668.0,3761,1715,1181,3217,3753,1285,959,2013,3761,1364,1037,2416,3760,1302,1036,2378,3764,1419,1455,7507,45.6,7212.65,0.56,34.24,5148.45,0.55,36.27,5184.18,0.61,34.63,5181.78,0.55,37.7,5211.8,1.44
prophet,extreme_load,run23,35.33,28.21,5539.12,0.76,2.59,18799.0,6641.0,17184.0,5304.0,3761,1651,1077,3091,3753,1225,962,2482,3761,1183,899,2174,3760,1238,962,2424,3764,1344,1404,7013,43.9,7013.53,0.61,32.64,4919.39,0.68,31.45,5113.63,0.57,32.93,5140.86,0.71,35.71,5034.14,1.23
prophet,extreme_load,run24,38.67,29.34,5672.52,0.74,2.46,18799.0,7269.0,17874.0,5516.0,3761,1835,1213,3300,3753,1400,960,2410,3761,1423,1014,2352,3760,1316,969,2696,3764,1295,1360,7116,48.79,6931.56,0.54,37.3,5242.86,0.61,37.84,5360.92,0.56,35.0,5089.63,0.71,34.4,5287.73,1.42
prophet,extreme_load,run25,34.7,28.37,5479.55,0.8,2.56,18799.0,6523.0,16716.0,5333.0,3761,1437,1115,3077,3753,1329,904,2212,3761,1176,963,2379,3760,1294,951,2683,3764,1287,1400,6365,38.21,7026.88,0.65,35.41,5027.47,0.55,31.27,4838.8,0.75,34.41,5114.41,0.83,34.19,5171.31,1.26
prophet,extreme_load,run26,37.17,28.9,5455.49,0.77,2.54,18799.0,6987.0,17772.0,5432.0,3761,1650,1142,3473,3753,1394,933,2083,3761,1283,921,2114,3760,1274,990,2697,3764,1386,1446,7405,43.87,6580.19,0.65,37.14,5090.29,0.48,34.11,5061.83,0.54,33.88,5196.67,0.79,36.82,5086.2,1.4
prophet,extreme_load,run27,39.12,30.01,5454.14,0.75,2.49,18799.0,7354.0,18343.0,5641.0,3761,1783,1214,3905,3753,1437,1036,2672,3761,1382,1009,2134,3760,1415,986,2380,3764,1337,1396,7252,47.41,6684.72,0.68,38.29,4916.66,0.63,36.75,5136.25,0.51,37.63,4980.08,0.55,35.52,5221.04,1.42
prophet,extreme_load,run28,37.58,29.65,5516.22,0.71,2.44,18799.0,7064.0,17201.0,5574.0,3761,1696,1130,3371,3753,1359,1015,2674,3761,1292,992,2153,3760,1420,1071,2315,3764,1297,1366,6688,45.09,6802.45,0.59,36.21,4995.32,0.58,34.35,5347.37,0.49,37.77,5038.3,0.54,34.46,5071.56,1.43
prophet,extreme_load,run29,36.23,30.29,5661.04,0.67,2.25,18799.0,6810.0,15339.0,5695.0,3761,1562,1180,2620,3753,1371,1058,2502,3761,1345,1017,2224,3760,1306,1065,2143,3764,1226,1375,5850,41.53,7258.16,0.54,36.53,5383.24,0.56,35.76,5191.49,0.59,34.73,5106.65,0.53,32.57,5042.55,1.2
prophet,extreme_load,run3,36.07,28.97,5540.55,0.72,2.42,18799.0,6780.0,16389.0,5447.0,3761,1611,1131,3229,3753,1145,941,2212,3761,1391,1031,2310,3760,1255,942,2005,3764,1378,1402,6633,42.83,6782.42,0.63,30.51,5313.92,0.61,36.98,5099.37,0.53,33.38,5105.4,0.56,36.61,5118.66,1.28
prophet,extreme_load,run30,38.37,30.54,5440.88,0.7,2.34,18799.0,7213.0,16882.0,5742.0,3761,1657,1215,3443,3753,1503,1003,2194,3761,1318,995,1957,3760,1334,1004,2103,3764,1401,1525,7185,44.06,6724.53,0.69,40.05,4949.78,0.5,35.04,5107.74,0.53,35.48,5277.12,0.5,37.22,4918.88,1.28
prophet,extreme_load,run31,39.0,29.76,5603.84,0.75,2.47,18799.0,7332.0,18096.0,5594.0,3761,1747,1141,3507,3753,1336,953,2056,3761,1469,996,2652,3760,1367,1016,1897,3764,1413,1488,7984,46.45,7379.9,0.6,35.6,5225.43,0.47,39.06,4945.65,0.74,36.36,5110.11,0.45,37.54,4927.67,1.53
prophet,extreme_load,run32,34.11,27.64,5750.03,0.69,2.3,18799.0,6412.0,14772.0,5196.0,3761,1593,1062,2526,3753,1217,899,2363,3761,1173,889,1797,3760,1167,966,2184,3764,1262,1380,5902,42.36,7410.84,0.53,32.43,5178.32,0.68,31.19,5282.84,0.5,31.04,5141.76,0.55,33.53,5201.65,1.22
prophet,extreme_load,run33,35.12,29.79,5696.23,0.73,2.45,18799.0,6602.0,16142.0,5601.0,3761,1645,1223,3037,3753,1175,1026,2447,3761,1305,999,2438,3760,1275,1015,1993,3764,1202,1338,6227,43.74,7212.79,0.63,31.31,5301.78,0.59,34.7,5158.96,0.63,33.91,5061.64,0.55,31.93,5262.76,1.32
prophet,extreme_load,run34,35.61,29.72,5456.82,0.73,2.64,18799.0,6695.0,17701.0,5587.0,3761,1532,1141,3448,3753,1315,1015,2689,3761,1327,1010,2233,3760,1264,1005,2567,3764,1257,1416,6764,40.73,6816.21,0.68,35.04,5154.97,0.66,35.28,5112.21,0.58,33.62,5040.54,0.55,33.4,4898.2,1.21
prophet,extreme_load,run35,36.05,29.34,5552.18,0.6,2.21,18799.0,6777.0,14968.0,5516.0,3761,1558,1127,2629,3753,1388,1039,2129,3761,1317,1018,2092,3760,1205,943,1824,3764,1309,1389,6294,41.43,7080.27,0.5,36.98,5152.65,0.47,35.02,5087.74,0.45,32.05,5114.46,0.5,34.78,5027.29,1.12
prophet,extreme_load,run36,35.59,28.43,5546.31,0.69,2.36,18799.0,6691.0,15768.0,5345.0,3761,1622,1122,2775,3753,1338,1002,2368,3761,1358,995,2209,3760,1123,879,2032,3764,1250,1347,6384,43.13,6932.94,0.54,35.65,5106.82,0.54,36.11,5107.7,0.45,29.87,5039.95,0.64,33.21,5148.85,1.36
prophet,extreme_load,run37,37.25,28.9,5509.12,0.66,2.37,18799.0,7003.0,16574.0,5432.0,3761,1584,1134,2957,3753,1366,969,2307,3761,1413,1036,2354,3760,1327,925,2296,3764,1313,1368,6660,42.12,6967.57,0.55,36.4,5258.71,0.59,37.57,5026.64,0.49,35.29,4952.09,0.53,34.88,5092.38,1.19
prophet,extreme_load,run38,32.61,28.02,5663.2,0.74,2.45,18799.0,6131.0,15035.0,5268.0,3761,1533,1112,2673,3753,1144,1018,2460,3761,1211,966,2466,3760,1015,836,1731,3764,1228,1336,5705,40.76,7239.96,0.57,30.48,4995.52,0.74,32.2,5178.96,0.62,26.99,5155.34,0.58,32.62,5214.13,1.19
prophet,extreme_load,run39,38.04,28.84,5580.8,0.72,2.6,18799.0,7152.0,18589.0,5421.0,3761,1676,1128,3691,3753,1434,991,2695,3761,1380,959,2660,3760,1339,925,2137,3764,1323,1418,7406,44.56,6742.83,0.7,38.21,5203.58,0.56,36.69,5195.5,0.64,35.61,5365.4,0.44,35.15,5137.47,1.28
prophet,extreme_load,run4,38.92,29.63,5635.0,0.73,2.32,18799.0,7317.0,17006.0,5570.0,3761,1846,1231,3452,3753,1404,953,2156,3761,1258,1003,2418,3760,1419,1023,2511,3764,1390,1360,6469,49.08,7079.13,0.59,37.41,5042.89,0.55,33.45,5502.43,0.66,37.74,5010.61,0.62,36.93,5072.59,1.28
prophet,extreme_load,run40,34.54,28.37,5628.76,0.69,2.23,18799.0,6493.0,14500.0,5334.0,3761,1607,1120,2768,3753,1267,964,1769,3761,1114,922,2004,3760,1282,950,1727,3764,1223,1378,6232,42.73,6907.95,0.57,33.76,5314.85,0.49,29.62,5400.97,0.6,34.1,5038.67,0.41,32.49,5099.18,1.42
prophet,extreme_load,run41,37.78,29.09,5493.97,0.66,2.27,18799.0,7102.0,16139.0,5469.0,3761,1630,1065,2660,3753,1337,978,2197,3761,1420,1016,2364,3760,1266,952,2170,3764,1449,1458,6748,43.34,6631.04,0.53,35.62,5150.3,0.43,37.76,5205.02,0.52,33.67,5182.39,0.54,38.5,5087.39,1.24
prophet,extreme_load,run42,38.84,31.28,5564.34,0.73,2.57,18799.0,7301.0,18741.0,5881.0,3761,1853,1243,3794,3753,1493,1051,2972,3761,1333,1089,2532,3760,1211,995,2334,3764,1411,1503,7109,49.27,6807.58,0.59,39.78,5201.81,0.6,35.44,5306.95,0.6,32.21,4995.34,0.65,37.49,5046.77,1.23
prophet,extreme_load,run43,37.42,28.56,5496.5,0.66,2.24,18799.0,7035.0,15785.0,5369.0,3761,1715,1135,3141,3753,1394,949,2260,3761,1386,928,2022,3760,1155,950,1848,3764,1385,1407,6514,45.6,6929.72,0.55,37.14,5049.62,0.58,36.85,5017.46,0.43,30.72,5113.91,0.56,36.8,4970.03,1.16
prophet,extreme_load,run44,37.69,28.36,5356.76,0.83,2.72,18799.0,7085.0,19304.0,5331.0,3761,1661,1093,3358,3753,1460,1001,2679,3761,1382,995,3004,3760,1191,854,2413,3764,1391,1388,7850,44.16,6540.65,0.64,38.9,5094.64,0.64,36.75,4829.09,0.76,31.68,4950.84,0.69,36.96,5090.02,1.45
prophet,extreme_load,run45,36.65,29.26,5551.51,0.67,2.44,18799.0,6889.0,16819.0,5500.0,3761,1600,1128,2846,3753,1400,1085,2494,3761,1244,960,2357,3760,1330,941,2332,3764,1315,1386,6790,42.54,6938.67,0.51,37.3,4984.87,0.52,33.08,5184.61,0.6,35.37,5013.89,0.51,34.94,5357.83,1.24
prophet,extreme_load,run46,36.92,29.49,5576.37,0.76,2.49,18799.0,6941.0,17257.0,5544.0,3761,1520,1100,3159,3753,1340,962,2453,3761,1405,1091,2553,3760,1412,1075,2371,3764,1264,1316,6721,40.41,7097.72,0.63,35.7,5189.84,0.62,37.36,4978.35,0.61,37.55,5204.07,0.52,33.58,5237.28,1.5
prophet,extreme_load,run47,35.91,28.8,5549.07,0.78,2.59,18799.0,6751.0,17502.0,5415.0,3761,1699,1172,3475,3753,1317,963,2458,3761,1368,1019,2411,3760,1098,835,2041,3764,1269,1426,7117,45.17,7040.88,0.65,35.09,5252.31,0.62,36.37,4973.46,0.61,29.2,4885.0,0.59,33.71,5054.82,1.46
prophet,extreme_load,run48,34.81,28.99,5546.54,0.74,2.36,18799.0,6543.0,15465.0,5450.0,3761,1510,1085,2708,3753,1339,1031,2259,3761,1261,985,2040,3760,1239,987,2423,3764,1194,1362,6035,40.15,6811.16,0.59,35.68,5195.84,0.59,33.53,5121.72,0.57,32.95,5212.71,0.66,31.72,5135.58,1.37
prophet,extreme_load,run49,36.16,29.63,5560.24,0.73,2.46,18799.0,6798.0,16746.0,5571.0,3761,1635,1154,3349,3753,1293,992,2385,3761,1401,1074,2597,3760,1161,955,1883,3764,1308,1396,6532,43.47,7096.5,0.71,34.45,4990.35,0.56,37.25,5205.85,0.6,30.88,5063.88,0.44,34.75,5023.42,1.3
prophet,extreme_load,run5,36.52,30.07,5566.36,0.75,2.44,18799.0,6865.0,16767.0,5652.0,3761,1644,1157,3262,3753,1334,1080,2898,3761,1233,1007,2088,3760,1335,1013,2408,3764,1319,1395,6111,43.71,6818.08,0.68,35.54,5235.23,0.69,32.78,5141.75,0.56,35.51,5096.04,0.62,35.04,5214.08,1.19
prophet,extreme_load,run50,36.76,28.96,5596.23,0.72,2.27,18799.0,6911.0,15713.0,5444.0,3761,1657,1130,2731,3753,1275,972,2626,3761,1388,966,2144,3760,1254,967,1954,3764,1337,1409,6258,44.06,6910.14,0.54,33.97,5224.5,0.75,36.91,5069.38,0.53,33.35,5210.49,0.49,35.52,5231.06,1.3
prophet,extreme_load,run6,36.96,29.2,5570.62,0.77,2.5,18799.0,6948.0,17351.0,5489.0,3761,1663,1182,2912,3753,1449,1023,2956,3761,1288,938,2369,3760,1312,1004,2437,3764,1236,1342,6677,44.22,7136.12,0.6,38.61,4990.94,0.72,34.25,5111.56,0.66,34.89,5081.59,0.58,32.84,5141.31,1.39
prophet,extreme_load,run7,36.92,29.47,5516.08,0.73,2.33,18799.0,6940.0,16145.0,5541.0,3761,1580,1086,2638,3753,1363,1068,2661,3761,1371,987,2133,3760,1297,988,1970,3764,1329,1412,6743,42.01,6737.57,0.56,36.32,5146.13,0.68,36.45,5127.29,0.53,34.49,5052.02,0.54,35.31,5297.29,1.35
prophet,extreme_load,run8,37.28,29.88,5493.82,0.69,2.4,18799.0,7009.0,16845.0,5618.0,3761,1658,1229,3486,3753,1332,902,2119,3761,1389,1021,2384,3760,1345,1059,2273,3764,1285,1407,6583,44.08,6673.55,0.61,35.49,5067.55,0.49,36.93,5169.0,0.52,35.77,5166.0,0.56,34.14,5107.73,1.29
prophet,extreme_load,run9,36.99,30.18,5594.34,0.73,2.44,18799.0,6954.0,16971.0,5673.0,3761,1642,1196,3745,3753,1389,997,2436,3761,1348,1094,2480,3760,1246,971,2125,3764,1329,1415,6185,43.66,7061.21,0.73,37.01,5104.77,0.55,35.84,5352.19,0.61,33.14,4953.57,0.6,35.31,5140.01,1.17
epidemic,low_load,run1,53.62,79.41,6232.16,3.73,16.55,2059.0,1104.0,18270.0,1635.0,411,256,363,6750,415,265,377,4571,409,200,305,3002,415,185,283,2337,409,198,307,1610,62.29,5697.01,5.48,63.86,6012.89,3.73,48.9,6384.97,3.72,44.58,6357.88,3.04,48.41,6945.73,2.1
epidemic,low_load,run10,44.2,72.95,6186.38,3.77,16.13,2059.0,910.0,14675.0,1502.0,411,158,263,4071,415,205,331,3709,409,164,265,2638,415,199,333,2498,409,184,310,1759,38.44,6387.02,4.89,49.4,5921.0,3.84,40.1,6123.38,4.54,47.95,6433.09,3.45,44.99,6099.09,2.39
epidemic,low_load,run11,45.6,74.99,6037.3,3.93,17.61,2059.0,939.0,16538.0,1544.0,411,170,249,4769,415,193,336,4004,409,170,305,2997,415,196,322,2935,409,210,332,1833,41.36,5272.87,5.49,46.51,6363.55,4.53,41.56,6594.38,4.39,47.23,5860.98,3.39,51.34,6069.87,2.26
epidemic,low_load,run12,40.6,68.92,5869.72,3.77,17.69,2059.0,836.0,14787.0,1419.0,411,98,167,3486,415,213,347,4306,409,130,222,2297,415,206,335,2752,409,189,348,1946,23.84,6312.7,9.16,51.33,5123.14,3.9,31.78,6411.04,3.89,49.64,5948.16,2.48,46.21,6023.57,2.16
epidemic,low_load,run13,45.31,73.39,6303.95,4.16,17.67,2059.0,933.0,16484.0,1511.0,411,192,309,5007,415,186,292,4046,409,210,347,3198,415,192,312,2451,409,153,251,1782,46.72,6292.32,5.66,44.82,6356.63,4.84,51.34,6264.57,3.6,46.27,6350.48,3.43,37.41,6250.19,3.1
epidemic,low_load,run14,46.87,73.39,5941.37,3.84,17.73,2059.0,965.0,17108.0,1511.0,411,200,311,5650,415,224,370,4281,409,185,287,2955,415,192,290,2556,409,164,253,1666,48.66,5280.92,5.21,53.98,6136.38,4.04,45.23,6101.52,3.59,46.27,5841.8,3.28,40.1,6416.34,2.79
epidemic,low_load,run15,48.76,74.99,6105.22,3.69,17.17,2059.0,1004.0,17237.0,1544.0,411,237,360,5456,415,233,361,4373,409,192,293,2874,415,156,236,2368,409,186,294,2166,57.66,6135.72,4.28,56.14,6313.01,4.24,46.94,6039.28,3.56,37.59,6366.56,3.46,45.48,5654.97,2.58
epidemic,low_load,run16,47.35,75.96,5880.26,3.5,16.37,2059.0,975.0,15961.0,1564.0,411,213,337,4818,415,176,294,3822,409,183,306,2788,415,207,319,2746,409,196,308,1787,51.82,6108.29,4.62,42.41,5609.31,4.26,44.74,5980.15,3.33,49.88,5977.0,3.21,47.92,5680.31,2.07
epidemic,low_load,run17,43.66,72.07,6182.16,3.92,16.9,2059.0,899.0,15193.0,1484.0,411,186,262,4901,415,175,291,3746,409,185,312,2634,415,163,276,2280,409,190,343,1632,45.26,5664.54,6.76,42.17,5511.29,4.05,45.23,6305.62,3.19,39.28,6850.88,3.13,46.45,6612.9,2.41
epidemic,low_load,run18,34.97,63.28,5741.34,4.14,19.81,2059.0,720.0,14264.0,1303.0,411,89,156,3119,415,156,261,3465,409,154,285,2830,415,174,327,2763,409,147,274,2087,21.65,4355.35,5.89,37.59,6145.91,5.03,37.65,5755.92,3.88,41.93,5723.24,3.11,35.94,6157.28,3.65
epidemic,low_load,run19,41.23,66.63,5612.38,4.02,18.29,2059.0,849.0,15530.0,1372.0,411,199,325,5408,415,158,262,3354,409,211,340,2872,415,132,207,2229,409,149,238,1667,48.42,4969.69,5.01,38.07,6161.16,5.09,51.59,5518.59,3.08,31.81,5910.29,3.86,36.43,5757.7,3.06
epidemic,low_load,run2,37.01,64.69,5922.44,3.81,17.98,2059.0,762.0,13703.0,1332.0,411,186,308,4889,415,142,239,2709,409,160,295,2360,415,146,268,2101,409,128,222,1644,45.26,5410.97,4.71,34.22,6141.35,4.39,39.12,6388.33,3.26,35.18,5820.48,2.88,31.3,5956.76,3.59
epidemic,low_load,run20,48.42,75.52,6090.78,3.84,17.45,2059.0,997.0,17395.0,1555.0,411,237,349,6016,415,182,279,3739,409,186,314,2961,415,208,328,2811,409,184,285,1868,57.66,5661.24,5.42,43.86,6346.74,4.8,45.48,6261.8,3.69,50.12,5698.17,2.47,44.99,6661.82,2.53
epidemic,low_load,run21,48.37,76.54,6121.57,3.79,16.75,2059.0,996.0,16686.0,1576.0,411,180,271,5363,415,214,338,3864,409,200,335,2964,415,220,345,2579,409,182,287,1916,43.8,5993.39,6.38,51.57,5983.31,3.85,48.9,5991.36,3.73,53.01,6199.77,2.69,44.5,6459.45,2.54
epidemic,low_load,run22,38.85,64.98,5920.11,3.99,18.32,2059.0,800.0,14654.0,1338.0,411,174,287,4929,415,165,250,3231,409,114,219,2142,415,198,325,2710,409,149,257,1642,42.34,5880.04,5.58,39.76,5854.2,4.77,27.87,6138.12,4.31,47.71,5959.52,2.64,36.43,5820.7,2.8
epidemic,low_load,run23,44.68,72.37,6325.65,3.86,17.49,2059.0,920.0,16094.0,1490.0,411,222,351,5748,415,185,321,3262,409,188,290,2876,415,168,259,2453,409,157,269,1755,54.01,5683.03,5.1,44.58,6816.82,4.52,45.97,6425.59,3.36,40.48,6096.18,3.14,38.39,6781.41,2.67
epidemic,low_load,run24,45.7,72.56,6260.12,3.75,17.38,2059.0,941.0,16351.0,1494.0,411,212,342,5533,415,171,282,3533,409,189,306,2562,415,180,276,2646,409,189,288,2077,51.58,6108.65,5.69,41.2,5998.3,4.39,46.21,6614.96,2.95,43.37,5842.46,2.83,46.21,6709.84,2.69
epidemic,low_load,run25,38.85,68.53,6082.99,4.0,17.95,2059.0,800.0,14357.0,1411.0,411,136,219,3772,415,155,292,3735,409,182,316,2839,415,135,245,2109,409,192,339,1902,33.09,5620.98,6.44,37.35,5885.67,4.08,44.5,6466.97,3.64,32.53,6576.27,4.41,46.94,5858.73,2.24
epidemic,low_load,run26,47.64,72.51,6011.21,3.68,18.45,2059.0,981.0,18096.0,1493.0,411,185,284,5623,415,203,297,4174,409,188,285,3336,415,205,319,2930,409,200,308,2033,45.01,5431.51,5.14,48.92,6156.33,4.18,45.97,5984.33,3.83,49.4,5586.1,3.08,48.9,6861.14,2.32
epidemic,low_load,run27,53.67,78.78,5846.63,3.39,16.98,2059.0,1105.0,18758.0,1622.0,411,237,338,6409,415,211,322,4289,409,248,359,3567,415,234,341,2700,409,175,262,1793,57.66,5285.11,4.48,50.84,5425.23,3.96,60.64,6269.36,2.84,56.39,5688.22,2.47,42.79,6727.93,3.22
epidemic,low_load,run28,40.8,68.38,6074.1,3.8,17.48,2059.0,840.0,14685.0,1408.0,411,205,321,4835,415,134,224,3000,409,177,316,2629,415,173,275,2369,409,151,272,1852,49.88,5997.18,4.99,32.29,6140.49,4.91,43.28,5643.86,2.73,41.69,6140.44,3.08,36.92,6547.96,3.26
epidemic,low_load,run29,41.33,68.04,6207.47,4.03,18.59,2059.0,851.0,15819.0,1401.0,411,142,232,4099,415,207,346,4878,409,177,297,2577,415,168,270,2446,409,157,256,1819,34.55,5850.43,5.96,49.88,5986.94,4.23,43.28,6281.75,3.18,40.48,6377.77,3.92,38.39,6555.18,3.1
epidemic,low_load,run3,42.93,70.86,5948.18,3.66,18.22,2059.0,884.0,16106.0,1459.0,411,158,253,4448,415,203,333,4346,409,179,297,3270,415,179,297,2493,409,165,279,1549,38.44,6155.69,5.42,48.92,5613.69,4.1,43.77,5859.94,3.79,43.13,5820.99,3.0,40.34,6394.71,1.99
epidemic,low_load,run30,48.18,73.48,6265.36,3.74,16.58,2059.0,992.0,16449.0,1513.0,411,209,306,5299,415,222,337,4039,409,195,299,2788,415,198,292,2389,409,168,279,1934,50.85,5835.33,5.67,53.49,6526.18,4.12,47.68,6346.21,3.38,47.71,6030.0,2.36,41.08,6639.22,2.88
epidemic,low_load,run31,37.64,65.47,5711.41,4.07,18.86,2059.0,775.0,14615.0,1348.0,411,178,269,4575,415,142,266,3473,409,132,239,2512,415,176,320,2431,409,147,254,1624,43.31,5109.19,5.51,34.22,6019.57,5.45,32.27,5967.78,4.42,42.41,6191.62,2.91,35.94,5337.81,2.09
epidemic,low_load,run32,38.61,67.07,6026.1,3.67,16.75,2059.0,795.0,13319.0,1381.0,411,155,265,4015,415,151,248,2898,409,158,276,2655,415,192,324,2114,409,139,268,1637,37.71,5338.63,4.82,36.39,5701.03,4.44,38.63,6154.65,3.92,46.27,6219.14,2.47,33.99,6733.06,2.91
epidemic,low_load,run33,44.44,71.39,5998.53,4.0,17.54,2059.0,915.0,16045.0,1470.0,411,212,338,5154,415,188,302,3883,409,191,296,3070,415,144,242,2123,409,180,292,1815,51.58,5842.18,5.15,45.3,5729.65,4.46,46.7,5708.01,4.13,34.7,6479.8,3.57,44.01,6386.78,2.39
epidemic,low_load,run34,47.3,75.04,5958.24,3.78,17.59,2059.0,974.0,17135.0,1545.0,411,186,282,5120,415,207,329,4396,409,204,317,3358,415,214,358,2295,409,163,259,1966,45.26,5413.55,5.38,49.88,6137.98,4.34,49.88,6277.26,3.54,51.57,6234.51,2.64,39.85,5589.53,3.04
epidemic,low_load,run35,46.24,73.0,6246.75,3.86,16.73,2059.0,952.0,15930.0,1503.0,411,195,267,4370,415,206,321,4181,409,176,302,3026,415,187,313,2465,409,188,300,1888,47.45,5594.34,4.83,49.64,6272.16,4.6,43.03,6369.51,4.06,45.06,6331.02,3.07,45.97,6696.87,2.61
epidemic,low_load,run36,43.27,70.96,5816.85,3.44,16.8,2059.0,891.0,14968.0,1461.0,411,192,317,5002,415,158,270,3338,409,214,336,3017,415,185,290,2013,409,142,248,1598,46.72,5811.23,4.7,38.07,5072.1,3.94,52.32,5678.86,2.94,44.58,6114.36,2.49,34.72,6473.43,3.17
epidemic,low_load,run37,51.14,75.96,6255.06,3.63,17.28,2059.0,1053.0,18192.0,1564.0,411,176,260,5383,415,237,364,4837,409,239,355,3564,415,209,299,2631,409,192,286,1777,42.82,5734.48,6.62,57.11,6254.67,3.97,58.44,5888.26,2.9,50.36,6357.89,2.73,46.94,7077.42,2.35
epidemic,low_load,run38,42.88,69.31,5987.97,3.47,17.81,2059.0,883.0,15724.0,1427.0,411,170,252,5267,415,138,216,3239,409,193,305,3066,415,192,325,2552,409,190,329,1600,41.36,4952.55,5.47,33.25,5933.58,5.22,47.19,5590.89,2.81,46.27,5928.51,2.5,46.45,7417.34,2.07
epidemic,low_load,run39,42.01,74.21,6249.27,4.15,17.12,2059.0,865.0,14813.0,1528.0,411,146,259,3570,415,192,338,4082,409,186,311,2956,415,161,283,2292,409,180,337,1913,35.52,6831.39,5.96,46.27,5894.21,5.0,45.48,6540.2,3.93,38.8,6041.01,3.19,44.01,6041.47,2.86
epidemic,low_load,run4,46.53,72.71,6817.42,4.1,16.36,2059.0,958.0,15675.0,1497.0,411,196,285,4705,415,194,309,4041,409,216,354,2988,415,142,212,2095,409,210,337,1846,47.69,7098.72,5.77,46.75,6368.2,4.86,52.81,7464.35,3.71,34.22,6483.31,3.51,51.34,6530.37,2.66
epidemic,low_load,run40,38.95,64.79,5912.4,4.01,17.76,2059.0,802.0,14245.0,1334.0,411,201,322,5181,415,126,202,3009,409,167,277,2359,415,157,261,2128,409,151,272,1568,48.91,5461.04,4.97,30.36,5534.73,5.32,40.83,5921.96,3.32,37.83,6316.26,3.89,36.92,6397.91,2.5
epidemic,low_load,run41,45.7,75.13,6009.96,3.68,16.8,2059.0,941.0,15811.0,1547.0,411,195,286,5076,415,191,326,3014,409,170,295,3164,415,195,308,2579,409,190,332,1978,47.45,5050.31,5.01,46.02,6794.0,3.86,41.56,6224.56,4.14,46.99,6109.95,2.95,46.45,5912.09,2.48
epidemic,low_load,run42,53.04,76.93,6184.59,4.19,18.34,2059.0,1092.0,20023.0,1584.0,411,243,338,6657,415,238,330,4926,409,208,317,3192,415,201,277,3125,409,202,322,2123,59.12,5899.12,5.87,57.35,6272.3,4.71,50.86,6652.58,3.43,48.43,5891.7,3.99,49.39,6234.23,2.57
epidemic,low_load,run43,37.01,65.13,6130.86,4.36,19.31,2059.0,762.0,14711.0,1341.0,411,204,339,4841,415,158,275,3363,409,136,266,2449,415,112,206,2285,409,152,255,1773,49.64,5989.78,5.49,38.07,6267.64,4.93,33.25,6048.51,3.54,26.99,6131.09,4.77,37.16,6251.54,2.69
epidemic,low_load,run44,49.34,77.27,6325.27,4.13,18.71,2059.0,1016.0,19011.0,1591.0,411,247,375,6489,415,202,304,4038,409,202,301,3420,415,202,326,3034,409,163,285,2030,60.1,5853.48,5.1,48.67,6450.36,4.69,49.39,6374.7,4.3,48.67,6315.48,3.2,39.85,6836.05,2.94
epidemic,low_load,run45,50.85,76.35,6286.66,4.01,17.81,2059.0,1047.0,18652.0,1572.0,411,246,344,6676,415,238,353,4670,409,205,323,2966,415,175,283,2481,409,183,269,1859,59.85,5647.82,5.89,57.35,5828.13,3.89,50.12,7100.13,3.89,42.17,6899.45,3.3,44.74,6244.52,2.46
epidemic,low_load,run46,37.98,65.95,6434.41,4.17,17.97,2059.0,782.0,14050.0,1358.0,411,169,263,4326,415,151,262,2728,409,158,282,2742,415,175,305,2502,409,129,246,1752,41.12,5897.36,6.09,36.39,6714.92,3.87,38.63,6166.97,4.43,42.17,6807.55,3.0,31.54,6630.99,3.26
epidemic,low_load,run47,51.38,77.85,6061.22,3.62,16.96,2059.0,1058.0,17944.0,1603.0,411,235,344,6098,415,218,328,4440,409,196,288,2831,415,209,343,2689,409,200,300,1886,57.18,5637.67,5.21,52.53,5693.92,4.02,47.92,6469.54,3.67,50.36,6528.24,2.57,48.9,6071.04,2.34
epidemic,low_load,run48,43.9,73.19,6159.84,3.91,17.67,2059.0,904.0,15977.0,1507.0,411,233,367,5782,415,183,305,3391,409,170,278,2926,415,162,253,2201,409,156,304,1677,56.69,5829.55,5.19,44.1,5852.42,3.57,41.56,6103.73,3.81,39.04,6394.53,3.01,38.14,6831.22,3.42
epidemic,low_load,run49,46.72,72.27,5900.5,4.05,18.71,2059.0,962.0,17997.0,1488.0,411,174,245,4792,415,200,334,4468,409,215,336,3869,415,201,309,2766,409,172,264,2102,42.34,6112.41,6.07,48.19,5638.6,4.45,52.57,6187.13,4.15,48.43,5843.77,2.77,42.05,5698.69,2.91
epidemic,low_load,run5,50.95,76.01,6137.88,3.75,17.29,2059.0,1049.0,18140.0,1565.0,411,213,305,5662,415,223,338,4271,409,220,313,3757,415,214,320,2633,409,179,289,1817,51.82,5832.16,5.44,53.73,5738.25,3.77,53.79,6231.83,3.8,51.57,6626.6,3.09,43.77,6299.78,2.42
epidemic,low_load,run50,38.03,68.87,6080.41,4.01,18.14,2059.0,783.0,14203.0,1418.0,411,146,253,3976,415,163,302,3468,409,149,264,3040,415,184,330,2183,409,141,269,1536,35.52,5152.47,5.57,39.28,6291.62,4.47,36.43,6488.55,4.6,44.34,6115.63,3.03,34.47,6319.84,2.53
epidemic,low_load,run6,54.83,80.48,6030.56,3.64,16.66,2059.0,1129.0,18806.0,1657.0,411,232,326,6329,415,268,374,4607,409,202,312,2885,415,216,322,2926,409,211,323,2059,56.45,5468.94,5.54,64.58,6013.29,3.97,49.39,6163.61,3.08,52.05,5987.53,2.84,51.59,6586.67,2.47
epidemic,low_load,run7,47.79,73.77,6104.92,3.63,17.38,2059.0,984.0,17104.0,1519.0,411,233,352,5908,415,190,289,3874,409,205,308,2842,415,197,320,2886,409,159,250,1594,56.69,5684.44,4.62,45.78,5435.08,4.15,50.12,6367.18,3.22,47.47,6398.26,3.17,38.88,6819.97,2.62
epidemic,low_load,run8,49.25,75.04,6233.0,4.02,17.96,2059.0,1014.0,18215.0,1545.0,411,215,317,5593,415,209,306,4058,409,214,356,3272,415,230,343,3188,409,146,223,2104,52.31,5621.32,4.88,50.36,6063.6,4.61,52.32,6502.47,3.66,55.42,6476.83,3.44,35.7,6597.18,3.36
epidemic,low_load,run9,49.68,76.88,6308.39,4.1,16.89,2059.0,1023.0,17275.0,1583.0,411,216,336,5188,415,254,384,4591,409,179,282,2934,415,194,289,2721,409,180,292,1841,52.55,6258.01,5.21,61.2,5830.97,4.29,43.77,6911.04,3.92,46.75,6066.47,4.15,44.01,6703.99,2.64
epidemic,high_load,run1,47.1,65.82,6680.41,1.59,5.69,7318.0,3447.0,19619.0,4817.0,1464,721,1023,4918,1462,672,936,4354,1466,664,900,3453,1470,709,1015,3819,1456,681,943,3075,49.25,7002.17,1.84,45.96,6148.45,1.81,45.29,6858.3,1.62,48.23,6406.0,1.39,46.77,6976.94,1.31
epidemic,high_load,run10,42.36,64.13,6681.94,1.48,5.32,7318.0,3100.0,16491.0,4693.0,1464,676,1016,4541,1462,589,893,3440,1466,587,848,3189,1470,613,942,2650,1456,635,994,2671,46.17,6671.73,1.87,40.29,6608.04,1.7,40.04,6629.04,1.42,41.7,6723.34,1.25,43.61,6770.32,1.12
epidemic,high_load,run11,37.87,58.2,6557.09,1.46,5.47,7318.0,2771.0,15166.0,4259.0,1464,636,944,4351,1462,401,644,2891,1466,541,856,3191,1470,681,1000,2860,1456,512,815,1873,43.44,6535.91,1.88,27.43,6459.42,1.93,36.9,6578.66,1.48,46.33,6634.68,1.16,35.16,6533.93,0.94
epidemic,high_load,run12,39.33,59.93,6628.18,1.53,5.58,7318.0,2878.0,16071.0,4386.0,1464,582,895,4344,1462,606,954,3501,1466,499,707,2918,1470,597,859,2941,1456,594,971,2367,39.75,6742.64,2.03,41.45,6727.15,1.6,34.04,6711.63,1.59,40.61,6724.31,1.43,40.8,6248.34,1.02
epidemic,high_load,run13,44.6,62.45,6719.37,1.55,5.85,7318.0,3264.0,19091.0,4570.0,1464,791,1097,5404,1462,532,729,3702,1466,678,960,3697,1470,662,926,3464,1456,601,858,2824,54.03,6541.11,1.82,36.39,6819.43,2.05,46.25,6871.11,1.37,45.03,6633.41,1.32,41.28,6788.94,1.23
epidemic,high_load,run14,39.27,61.55,6689.89,1.57,5.63,7318.0,2874.0,16173.0,4504.0,1464,618,986,4190,1462,570,869,3397,1466,592,903,3372,1470,533,853,2751,1456,561,893,2463,42.21,6571.44,1.84,38.99,6837.84,1.73,40.38,6737.5,1.64,36.26,6755.03,1.57,38.53,6557.93,1.06
epidemic,high_load,run15,48.96,65.74,6600.6,1.53,5.45,7318.0,3583.0,19523.0,4811.0,1464,854,1134,5429,1462,759,995,4508,1466,658,933,3531,1470,704,919,3351,1456,608,830,2704,58.33,6469.36,1.69,51.92,6586.33,1.66,44.88,6632.47,1.57,47.89,6671.41,1.41,41.76,6686.26,1.24
epidemic,high_load,run16,48.18,68.15,6496.85,1.42,5.25,7318.0,3526.0,18520.0,4987.0,1464,800,1102,5556,1462,663,931,3779,1466,707,1040,3388,1470,723,943,3142,1456,633,971,2655,54.64,6538.04,1.85,45.35,6505.17,1.55,48.23,6508.07,1.29,49.18,6482.89,1.27,43.48,6439.49,1.04
epidemic,high_load,run17,44.6,65.77,6734.7,1.49,5.26,7318.0,3264.0,17181.0,4813.0,1464,686,987,5128,1462,699,993,3784,1466,653,977,3199,1470,643,949,2875,1456,583,907,2195,46.86,6521.4,2.29,47.81,6478.67,1.52,44.54,7287.81,1.4,43.74,6536.03,1.15,40.04,6892.23,0.97
epidemic,high_load,run18,41.71,62.07,6677.33,1.52,5.68,7318.0,3052.0,17322.0,4542.0,1464,543,780,4276,1462,590,880,3513,1466,641,986,3588,1470,730,1023,3725,1456,548,873,2220,37.09,7405.63,2.27,40.36,6530.61,1.6,43.72,7164.53,1.52,49.66,6097.84,1.31,37.64,6315.67,0.95
epidemic,high_load,run19,43.6,62.05,6624.46,1.68,5.8,7318.0,3191.0,18509.0,4541.0,1464,606,837,5138,1462,736,1067,4536,1466,584,829,3162,1470,606,836,2630,1456,659,972,3043,41.39,6691.57,2.39,50.34,6649.52,1.72,39.84,6306.93,1.61,41.22,6768.3,1.3,45.26,6683.87,1.39
epidemic,high_load,run2,40.6,59.32,6700.74,1.45,5.09,7318.0,2971.0,15115.0,4341.0,1464,704,1033,4506,1462,559,890,3134,1466,706,957,3156,1470,581,826,2603,1456,421,635,1716,48.09,6472.29,1.79,38.24,7290.6,1.55,48.16,6476.73,1.25,39.52,6858.08,1.37,28.91,6458.04,1.22
epidemic,high_load,run20,40.42,59.44,6579.56,1.57,5.84,7318.0,2958.0,17288.0,4350.0,1464,624,929,4402,1462,535,777,3455,1466,439,650,2784,1470,759,1080,3874,1456,601,914,2773,42.62,6998.8,1.9,36.59,6370.47,1.79,29.95,6215.15,1.5,51.63,6767.81,1.42,41.28,6358.84,1.27
epidemic,high_load,run21,49.8,67.76,6719.65,1.52,5.26,7318.0,3644.0,19156.0,4959.0,1464,696,953,5945,1462,750,1045,3877,1466,768,1023,3833,1470,770,1007,3158,1456,660,931,2343,47.54,6531.39,2.35,51.3,6930.05,1.56,52.39,6508.0,1.37,52.38,6694.01,1.27,45.33,6955.29,1.04
epidemic,high_load,run22,41.64,59.36,6681.32,1.56,5.44,7318.0,3047.0,16584.0,4344.0,1464,611,871,3939,1462,600,857,3646,1466,469,658,2756,1470,700,1015,3413,1456,667,943,2830,41.73,7115.99,1.83,41.04,6332.63,1.72,31.99,6677.39,1.79,47.62,6667.96,1.4,45.81,6613.58,1.18
epidemic,high_load,run23,40.22,61.26,6296.09,1.43,5.68,7318.0,2943.0,16722.0,4483.0,1464,681,1030,4772,1462,545,854,3376,1466,596,936,3437,1470,529,773,2563,1456,592,890,2574,46.52,6298.05,1.82,37.28,6008.3,1.41,40.65,6669.18,1.6,35.99,6359.48,1.3,40.66,6126.54,0.96
epidemic,high_load,run24,37.39,57.84,6552.26,1.58,5.63,7318.0,2736.0,15392.0,4233.0,1464,499,766,3893,1462,599,928,3519,1466,652,1022,3381,1470,504,772,2493,1456,482,745,2106,34.08,6737.49,2.52,40.97,6435.33,1.63,44.47,6215.76,1.2,34.29,6660.68,1.4,33.1,6847.64,1.26
epidemic,high_load,run25,48.37,66.66,6465.18,1.48,5.39,7318.0,3540.0,19089.0,4878.0,1464,723,986,5290,1462,754,1079,4485,1466,677,940,3594,1470,739,956,3128,1456,647,917,2592,49.39,6535.43,2.12,51.57,6084.92,1.46,46.18,6434.17,1.48,50.27,6586.55,1.25,44.44,6723.65,1.08
epidemic,high_load,run26,42.03,63.56,6633.76,1.57,5.76,7318.0,3076.0,17714.0,4651.0,1464,627,921,4380,1462,736,1122,4472,1466,651,973,3616,1470,426,640,2544,1456,636,995,2702,42.83,6603.92,1.89,50.34,6456.15,1.42,44.41,6472.93,1.61,28.98,6794.48,1.8,43.68,6925.67,1.24
epidemic,high_load,run27,33.56,53.59,6656.01,1.72,6.29,7318.0,2456.0,15456.0,3922.0,1464,484,802,3755,1462,395,651,2965,1466,638,1049,3519,1470,549,848,3432,1456,390,572,1785,33.06,6502.07,1.95,27.02,6838.28,2.1,43.52,6686.78,1.45,37.35,6601.18,1.76,26.79,6689.31,1.42
epidemic,high_load,run28,49.86,69.2,6749.84,1.6,5.68,7318.0,3649.0,20742.0,5064.0,1464,775,1061,5673,1462,787,1095,4611,1466,793,1077,4290,1470,606,852,3446,1456,688,979,2722,52.94,6403.06,2.04,53.83,6997.93,1.58,54.09,7001.37,1.5,41.22,6616.19,1.6,47.25,6684.49,1.22
epidemic,high_load,run29,45.67,63.82,6495.69,1.47,5.32,7318.0,3342.0,17776.0,4670.0,1464,608,797,4583,1462,734,1024,4286,1466,615,924,3247,1470,648,894,2514,1456,737,1031,3146,41.53,6062.04,2.13,50.21,6733.93,1.68,41.95,6404.22,1.43,44.08,6801.98,1.09,50.62,6423.17,1.09
epidemic,high_load,run3,37.36,57.43,6391.37,1.55,5.9,7318.0,2734.0,16142.0,4203.0,1464,538,830,4687,1462,519,788,2806,1466,482,812,2725,1470,613,882,3244,1456,582,891,2680,36.75,6042.83,2.17,35.5,6778.6,1.5,32.88,6394.72,1.43,41.7,6223.39,1.48,39.97,6542.4,1.18
epidemic,high_load,run30,36.72,58.46,6418.15,1.49,6.1,7318.0,2687.0,16399.0,4278.0,1464,556,890,4511,1462,622,982,3946,1466,335,543,2363,1470,676,1042,3126,1456,498,821,2453,37.98,6408.5,2.01,42.54,6291.95,1.45,22.85,6647.61,1.95,45.99,6374.01,1.02,34.2,6492.09,1.29
epidemic,high_load,run31,36.81,56.57,6718.75,1.52,5.7,7318.0,2694.0,15361.0,4140.0,1464,618,955,4467,1462,478,750,2905,1466,515,786,3147,1470,665,979,2839,1456,418,670,2003,42.21,6700.77,1.94,32.69,6497.87,1.71,35.13,6468.54,1.64,45.24,6958.27,1.05,28.71,6925.13,1.31
epidemic,high_load,run32,42.87,61.86,6926.86,1.3,4.82,7318.0,3137.0,15110.0,4527.0,1464,576,845,3576,1462,586,863,2989,1466,698,993,3032,1470,660,925,3129,1456,617,901,2384,39.34,6889.69,1.57,40.08,6780.7,1.38,47.61,6877.44,1.12,44.9,6860.65,1.35,42.38,7227.12,1.14
epidemic,high_load,run33,44.6,64.76,6832.76,1.47,5.22,7318.0,3264.0,17046.0,4739.0,1464,709,1024,4867,1462,676,987,4237,1466,612,881,3195,1470,667,952,2716,1456,600,895,2031,48.43,6724.65,1.94,46.24,6822.45,1.78,41.75,6762.45,1.46,45.37,6823.06,1.15,41.21,7054.64,0.95
epidemic,high_load,run34,42.25,61.15,6347.14,1.51,5.93,7318.0,3092.0,18321.0,4475.0,1464,570,819,4618,1462,705,1007,4052,1466,613,890,3576,1470,653,929,3443,1456,551,830,2632,38.93,6181.76,1.94,48.22,6540.14,1.39,41.81,6257.46,1.55,44.42,6414.07,1.42,37.84,6291.73,1.28
epidemic,high_load,run35,45.26,63.76,6630.39,1.53,5.37,7318.0,3312.0,17784.0,4666.0,1464,726,1044,5088,1462,600,869,3708,1466,647,935,3334,1470,681,916,3046,1456,658,902,2608,49.59,6625.37,1.98,41.04,6780.84,1.74,44.13,6536.3,1.37,46.33,6457.02,1.26,45.19,6770.68,1.26
epidemic,high_load,run36,38.36,58.31,6447.12,1.47,5.69,7318.0,2807.0,15960.0,4267.0,1464,745,1087,5399,1462,489,805,2849,1466,642,969,3146,1470,504,731,2421,1456,427,675,2145,50.89,6167.37,1.67,33.45,6569.71,1.36,43.79,6814.17,1.44,34.29,6126.89,1.31,29.33,6620.9,1.46
epidemic,high_load,run37,35.82,54.41,6042.77,1.62,6.47,7318.0,2621.0,16948.0,3982.0,1464,586,876,4963,1462,581,867,4284,1466,547,823,3160,1470,451,708,2327,1456,456,708,2214,40.03,6084.47,2.26,39.74,6049.64,1.77,37.31,6027.18,1.5,30.68,6195.07,1.28,31.32,5848.5,1.07
epidemic,high_load,run38,49.89,68.68,6886.3,1.65,5.54,7318.0,3651.0,20223.0,5026.0,1464,687,963,4810,1462,761,1102,4868,1466,785,1048,4163,1470,718,950,3739,1456,700,963,2643,46.93,6847.68,2.08,52.05,6929.11,1.91,53.55,6906.95,1.67,48.84,6801.95,1.43,48.08,6941.04,1.16
epidemic,high_load,run39,43.59,62.75,6672.82,1.27,4.83,7318.0,3190.0,15404.0,4592.0,1464,656,977,4239,1462,695,976,3243,1466,607,864,2904,1470,651,939,2694,1456,581,836,2324,44.81,6686.45,1.72,47.54,6601.97,1.23,41.41,6578.54,1.26,44.29,6863.0,1.12,39.9,6627.59,1.0
epidemic,high_load,run4,41.88,62.05,6415.71,1.55,5.5,7318.0,3065.0,16856.0,4541.0,1464,631,931,4599,1462,679,999,3954,1466,562,834,3161,1470,575,837,2731,1456,618,940,2411,43.1,6467.43,2.03,46.44,6192.06,1.57,38.34,6356.08,1.58,39.12,6300.56,1.39,42.45,6769.97,1.18
epidemic,high_load,run40,33.4,54.85,6631.74,1.54,5.59,7318.0,2444.0,13659.0,4014.0,1464,512,836,3663,1462,453,734,2942,1466,516,825,2815,1470,425,701,2188,1456,538,918,2051,34.97,6850.34,1.93,30.98,6478.87,1.8,35.2,6529.06,1.58,28.91,6568.76,1.31,36.95,6700.64,1.09
epidemic,high_load,run41,38.6,61.6,6889.42,1.42,5.01,7318.0,2825.0,14146.0,4508.0,1464,540,809,3739,1462,525,871,2806,1466,496,813,2691,1470,679,1076,2605,1456,585,939,2305,36.89,6650.72,2.15,35.91,7146.57,1.53,33.83,6931.56,1.4,46.19,7011.98,1.05,40.18,6700.99,1.12
epidemic,high_load,run42,48.4,65.41,6633.32,1.61,5.71,7318.0,3542.0,20238.0,4787.0,1464,680,913,5056,1462,815,1047,4839,1466,702,956,3759,1470,665,943,3573,1456,680,928,3011,46.45,6503.15,1.94,55.75,6633.5,1.83,47.89,6831.05,1.46,45.24,6603.92,1.57,46.7,6587.87,1.22
epidemic,high_load,run43,43.35,62.19,6607.48,1.39,5.16,7318.0,3172.0,16367.0,4551.0,1464,671,936,4468,1462,732,1081,4210,1466,680,970,3277,1470,568,796,2261,1456,521,768,2151,45.83,6673.15,1.74,50.07,6521.19,1.62,46.38,6483.98,1.23,38.64,6594.1,1.03,35.78,6819.91,1.24
epidemic,high_load,run44,46.84,65.86,6722.6,1.55,5.76,7318.0,3428.0,19747.0,4820.0,1464,710,998,5513,1462,741,1026,4351,1466,746,1064,3927,1470,566,760,2998,1456,665,972,2958,48.5,6387.8,2.17,50.68,6717.92,1.45,50.89,6903.27,1.55,38.5,7038.67,1.4,45.67,6613.57,1.15
epidemic,high_load,run45,43.78,65.59,6892.25,1.55,5.36,7318.0,3204.0,17164.0,4800.0,1464,678,1021,4715,1462,689,1021,3825,1466,672,1041,3334,1470,625,856,3090,1456,540,861,2200,46.31,6812.07,1.89,47.13,6932.9,1.56,45.84,6864.07,1.4,42.52,6577.01,1.57,37.09,7341.0,1.25
epidemic,high_load,run46,46.17,64.98,6624.05,1.64,6.02,7318.0,3379.0,20330.0,4755.0,1464,737,1053,5613,1462,650,877,3838,1466,630,917,3524,1470,779,1096,3921,1456,583,812,3434,50.34,6599.38,2.07,44.46,6583.6,1.67,42.97,6733.18,1.58,52.99,6616.08,1.31,40.04,6593.06,1.58
epidemic,high_load,run47,45.42,65.15,6752.27,1.36,5.01,7318.0,3324.0,16663.0,4768.0,1464,671,949,4361,1462,666,1002,3410,1466,754,1051,3813,1470,639,883,2761,1456,594,883,2318,45.83,6553.87,1.68,45.55,7232.01,1.38,51.43,6618.08,1.26,43.47,6507.26,1.31,40.8,6872.41,1.16
epidemic,high_load,run48,45.19,65.29,6777.49,1.47,5.51,7318.0,3307.0,18206.0,4778.0,1464,757,1075,5387,1462,706,1006,4246,1466,558,819,2992,1470,602,874,2829,1456,684,1004,2752,51.71,6690.97,1.8,48.29,6807.05,1.71,38.06,7003.31,1.55,40.95,6855.41,1.3,46.98,6589.95,0.96
epidemic,high_load,run49,37.78,56.53,6452.65,1.51,5.67,7318.0,2765.0,15685.0,4137.0,1464,539,844,4022,1462,556,816,3463,1466,622,935,3348,1470,495,707,2370,1456,553,835,2482,36.82,6439.62,2.09,38.03,6153.18,1.49,42.43,6391.56,1.32,33.67,6428.05,1.38,37.98,6857.19,1.3
epidemic,high_load,run5,47.73,67.61,6671.58,1.44,5.22,7318.0,3493.0,18228.0,4948.0,1464,777,1110,5080,1462,692,994,4106,1466,669,959,3256,1470,749,1019,3251,1456,606,866,2535,53.07,6761.52,1.77,47.33,6805.34,1.63,45.63,6804.62,1.35,50.95,6536.68,1.27,41.62,6423.39,1.1
epidemic,high_load,run50,45.76,66.07,6771.2,1.66,5.56,7318.0,3349.0,18616.0,4835.0,1464,680,994,4919,1462,748,1088,4416,1466,627,875,3807,1470,728,1014,3236,1456,566,864,2238,46.45,6708.48,2.17,51.16,6944.28,1.67,42.77,6594.87,1.81,49.52,6977.62,1.39,38.87,6547.63,1.21
epidemic,high_load,run6,50.86,69.24,6570.13,1.52,5.22,7318.0,3722.0,19428.0,5067.0,1464,832,1073,6083,1462,770,1082,3902,1466,730,987,3622,1470,725,959,3366,1456,665,966,2455,56.83,6164.99,2.21,52.67,6790.49,1.42,49.8,6916.71,1.54,49.32,6521.77,1.28,45.67,6494.11,1.02
epidemic,high_load,run7,45.86,63.65,6559.97,1.59,5.42,7318.0,3356.0,18204.0,4658.0,1464,706,992,5190,1462,662,935,4029,1466,605,852,2748,1470,726,1005,3469,1456,657,874,2768,48.22,6503.1,2.15,45.28,6568.16,1.79,41.27,6968.99,1.34,49.39,6465.17,1.38,45.12,6340.94,1.23
epidemic,high_load,run8,43.19,61.37,6420.56,1.58,6.09,7318.0,3161.0,19242.0,4491.0,1464,649,948,5161,1462,609,892,3972,1466,707,1027,3732,1470,611,837,3256,1456,585,787,3121,44.33,6079.43,2.02,41.66,6520.6,1.75,48.23,6901.93,1.39,41.56,6144.96,1.36,40.18,6400.96,1.37
epidemic,high_load,run9,41.87,60.96,6441.22,1.5,5.75,7318.0,3064.0,17625.0,4461.0,1464,721,1057,5512,1462,611,901,3376,1466,518,764,2919,1470,603,834,3230,1456,611,905,2588,49.25,6101.16,1.82,41.79,6496.46,1.44,35.33,6396.77,1.55,41.02,6564.7,1.48,41.96,6703.1,1.18
epidemic,extreme_load,run1,36.07,45.1,5731.11,0.74,2.48,18799.0,6780.0,16790.0,8479.0,3761,1836,1961,4460,3753,1366,1707,3382,3761,1402,1762,3567,3760,1141,1611,3007,3764,1035,1438,2374,48.82,6914.36,0.72,36.4,5173.33,0.81,37.28,5277.52,0.75,30.35,5222.36,0.76,27.5,5543.55,0.65
epidemic,extreme_load,run10,33.14,42.03,5579.92,0.7,2.41,18799.0,6230.0,15045.0,7902.0,3761,1352,1426,3624,3753,1262,1684,3558,3761,1360,1702,2837,3760,1044,1420,2324,3764,1212,1670,2702,35.95,6851.2,0.86,33.63,5281.35,0.76,36.16,4998.69,0.6,27.77,5513.19,0.63,32.2,5182.38,0.64
epidemic,extreme_load,run11,35.59,45.21,5478.4,0.72,2.51,18799.0,6691.0,16813.0,8499.0,3761,1576,1699,3906,3753,1279,1669,3299,3761,1207,1591,2847,3760,1393,1803,3457,3764,1236,1737,3304,41.9,6805.1,0.78,34.08,4941.52,0.71,32.09,5055.22,0.65,37.05,5210.04,0.75,32.84,5058.01,0.68
epidemic,extreme_load,run12,33.09,42.67,5641.3,0.7,2.44,18799.0,6221.0,15183.0,8022.0,3761,1489,1691,3986,3753,1191,1571,2907,3761,1153,1502,2861,3760,1102,1518,2676,3764,1286,1740,2753,39.59,7066.94,0.78,31.73,5099.72,0.66,30.66,5191.28,0.7,29.31,5235.22,0.77,34.17,5243.63,0.59
epidemic,extreme_load,run13,30.04,39.28,5694.87,0.78,2.72,18799.0,5647.0,15352.0,7384.0,3761,1443,1609,4139,3753,877,1143,2367,3761,1078,1440,3149,3760,1133,1575,2697,3764,1116,1617,3000,38.37,7251.29,0.86,23.37,5199.9,0.78,28.66,5253.53,0.84,30.13,5151.93,0.66,29.65,5048.92,0.72
epidemic,extreme_load,run14,31.31,42.79,5657.46,0.72,2.65,18799.0,5886.0,15598.0,8045.0,3761,1377,1552,3424,3753,1153,1639,3487,3761,988,1465,2794,3760,1225,1712,2880,3764,1143,1677,3013,36.61,7161.83,0.75,30.72,4971.07,0.76,26.27,5114.95,0.72,32.58,5378.02,0.62,30.37,5305.94,0.76
epidemic,extreme_load,run15,35.92,46.27,5672.19,0.74,2.51,18799.0,6753.0,16956.0,8698.0,3761,1805,1938,4773,3753,1315,1790,3592,3761,1067,1352,2424,3760,1395,1887,3348,3764,1171,1731,2819,47.99,6893.16,0.81,35.04,5185.85,0.79,28.37,5380.06,0.66,37.1,5251.0,0.71,31.11,5104.23,0.64
epidemic,extreme_load,run16,34.61,43.97,5654.42,0.73,2.64,18799.0,6506.0,17147.0,8265.0,3761,1563,1699,4636,3753,1394,1759,4007,3761,1164,1513,2782,3760,1148,1578,2752,3764,1237,1716,2970,41.56,7105.39,0.83,37.14,5167.62,0.8,30.95,5153.11,0.61,30.53,5220.18,0.73,32.86,5244.39,0.63
epidemic,extreme_load,run17,35.15,43.47,5547.1,0.61,2.23,18799.0,6607.0,14730.0,8172.0,3761,1589,1610,3832,3753,1281,1597,2699,3761,1212,1649,2636,3760,1289,1694,2809,3764,1236,1622,2754,42.25,6725.06,0.79,34.13,5249.31,0.59,32.23,5082.28,0.55,34.28,5381.54,0.55,32.84,4969.82,0.54
epidemic,extreme_load,run18,31.24,42.75,5401.86,0.76,2.73,18799.0,5872.0,16009.0,8037.0,3761,1132,1365,3915,3753,1033,1418,2592,3761,1343,1746,3398,3760,1258,1834,3064,3764,1106,1674,3040,30.1,6750.17,1.09,27.52,5116.53,0.73,35.71,5063.75,0.68,33.46,5103.62,0.67,29.38,5038.15,0.66
epidemic,extreme_load,run19,35.96,44.22,5656.41,0.74,2.6,18799.0,6761.0,17588.0,8313.0,3761,1729,1838,5283,3753,1493,1846,3527,3761,1316,1657,3099,3760,1109,1446,2838,3764,1114,1526,2841,45.97,6849.91,0.89,39.78,5092.43,0.67,34.99,5153.9,0.64,29.49,5241.15,0.75,29.6,5566.89,0.69
epidemic,extreme_load,run2,36.67,45.7,5603.84,0.75,2.59,18799.0,6894.0,17848.0,8591.0,3761,1819,1970,4868,3753,1256,1605,3244,3761,1289,1650,3268,3760,1122,1478,2815,3764,1408,1888,3653,48.36,6981.96,0.79,33.47,5241.26,0.78,34.27,5173.94,0.7,29.84,5015.76,0.74,37.41,5009.06,0.73
epidemic,extreme_load,run20,28.87,40.01,5792.81,0.69,2.71,18799.0,5428.0,14709.0,7521.0,3761,1406,1575,4163,3753,964,1349,2459,3761,825,1226,2354,3760,1098,1575,2905,3764,1135,1796,2828,37.38,7281.48,0.8,25.69,5306.93,0.63,21.94,5245.39,0.72,29.2,5268.29,0.69,30.15,5266.7,0.61
epidemic,extreme_load,run21,32.94,43.29,5615.67,0.66,2.38,18799.0,6192.0,14748.0,8138.0,3761,1503,1724,3674,3753,1234,1614,3108,3761,1167,1617,2912,3760,1221,1657,2671,3764,1067,1526,2383,39.96,6960.57,0.74,32.88,5098.77,0.7,31.03,5278.56,0.64,32.47,5190.1,0.63,28.35,5174.7,0.56
epidemic,extreme_load,run22,39.32,46.5,5673.59,0.72,2.38,18799.0,7391.0,17568.0,8742.0,3761,1710,1703,4223,3753,1465,1766,3524,3761,1369,1715,3360,3760,1367,1713,3003,3764,1480,1845,3458,45.47,7255.62,0.74,39.04,5260.82,0.74,36.4,5062.22,0.78,36.36,5306.52,0.62,39.32,5158.88,0.73
epidemic,extreme_load,run23,30.93,41.57,5662.44,0.73,2.72,18799.0,5815.0,15818.0,7815.0,3761,1351,1571,3851,3753,1096,1580,3335,3761,1124,1517,2930,3760,1148,1553,3017,3764,1096,1594,2685,35.92,7271.85,0.81,29.2,5227.21,0.82,29.89,5323.15,0.71,30.53,5064.47,0.7,29.12,5088.1,0.6
epidemic,extreme_load,run24,35.66,43.25,5614.22,0.77,2.58,18799.0,6703.0,17265.0,8130.0,3761,1474,1554,4415,3753,1416,1680,2987,3761,1458,1734,3540,3760,1203,1549,3277,3764,1152,1613,3046,39.19,6910.22,0.9,37.73,5201.7,0.64,38.77,5350.94,0.76,31.99,5121.82,0.84,30.61,5310.43,0.68
epidemic,extreme_load,run25,38.18,47.26,5721.74,0.7,2.35,18799.0,7177.0,16856.0,8885.0,3761,1666,1811,4257,3753,1408,1753,3225,3761,1392,1758,3247,3760,1347,1737,3428,3764,1364,1826,2699,44.3,7069.53,0.78,37.52,5345.87,0.67,37.01,5507.94,0.65,35.82,5277.74,0.8,36.24,5120.2,0.55
epidemic,extreme_load,run26,35.52,43.68,5427.07,0.75,2.56,18799.0,6677.0,17078.0,8211.0,3761,1336,1488,4282,3753,1433,1772,2945,3761,1310,1638,3510,3760,1327,1668,3407,3764,1271,1645,2934,35.52,6713.36,0.98,38.18,4978.67,0.56,34.83,5079.18,0.75,35.29,5217.22,0.84,33.77,5158.22,0.66
epidemic,extreme_load,run27,29.4,40.56,5563.84,0.78,2.8,18799.0,5526.0,15469.0,7624.0,3761,1602,1919,5107,3753,937,1324,2627,3761,859,1221,2362,3760,1197,1776,2849,3764,931,1384,2524,42.6,6693.82,0.83,24.97,5043.77,0.81,22.84,5043.81,0.83,31.84,5175.99,0.67,24.73,5121.36,0.76
epidemic,extreme_load,run28,34.74,45.48,5631.64,0.69,2.37,18799.0,6530.0,15484.0,8549.0,3761,1474,1609,3835,3753,1368,1782,3238,3761,1261,1738,2907,3760,1256,1713,2854,3764,1171,1707,2650,39.19,7088.6,0.86,36.45,5119.82,0.69,33.53,5230.93,0.65,33.4,5477.1,0.65,31.11,4992.88,0.58
epidemic,extreme_load,run29,33.96,44.09,5618.7,0.67,2.25,18799.0,6384.0,14395.0,8289.0,3761,1413,1635,3627,3753,1223,1549,2549,3761,1367,1715,3049,3760,1216,1774,3009,3764,1165,1616,2161,37.57,7109.74,0.9,32.59,5162.97,0.58,36.35,5272.67,0.65,32.34,5148.3,0.63,30.95,5185.7,0.54
epidemic,extreme_load,run3,28.8,39.94,5546.72,0.68,2.56,18799.0,5415.0,13881.0,7508.0,3761,1210,1416,3110,3753,978,1407,2299,3761,1157,1585,2902,3760,972,1447,2850,3764,1098,1653,2720,32.17,6984.97,0.71,26.06,5075.21,0.61,30.76,5101.88,0.7,25.85,5083.55,0.76,29.17,5260.49,0.63
epidemic,extreme_load,run30,34.25,42.92,5493.87,0.7,2.38,18799.0,6439.0,15325.0,8069.0,3761,1514,1646,3845,3753,1129,1451,2380,3761,1118,1519,2985,3760,1294,1647,2798,3764,1384,1806,3317,40.26,6680.2,0.8,30.08,5146.63,0.55,29.73,5120.71,0.76,34.41,5172.09,0.58,36.77,5081.64,0.77
epidemic,extreme_load,run31,32.84,41.01,5589.35,0.74,2.49,18799.0,6174.0,15383.0,7710.0,3761,1442,1598,4530,3753,1253,1585,2880,3761,1372,1723,3280,3760,1173,1493,2548,3764,934,1311,2145,38.34,6731.19,0.97,33.39,5278.77,0.62,36.48,5201.87,0.79,31.2,5325.42,0.61,24.81,5143.76,0.63
epidemic,extreme_load,run32,36.94,44.54,5741.61,0.68,2.25,18799.0,6945.0,15617.0,8374.0,3761,1615,1664,4117,3753,1365,1661,2923,3761,1335,1578,2833,3760,1325,1738,3080,3764,1305,1733,2664,42.94,7061.56,0.82,36.37,5241.05,0.62,35.5,5528.16,0.64,35.24,5401.52,0.67,34.67,5195.34,0.64
epidemic,extreme_load,run33,32.87,43.48,5496.6,0.72,2.48,18799.0,6179.0,15295.0,8174.0,3761,1499,1730,4000,3753,1259,1604,3189,3761,1073,1535,2589,3760,1194,1655,3061,3764,1154,1650,2456,39.86,6874.06,0.83,33.55,5026.52,0.75,28.53,5129.62,0.75,31.76,5156.68,0.73,30.66,4913.12,0.52
epidemic,extreme_load,run34,33.23,43.53,5462.61,0.7,2.5,18799.0,6247.0,15645.0,8183.0,3761,1443,1578,3763,3753,1033,1497,2884,3761,1303,1713,3626,3760,1131,1591,2596,3764,1337,1804,2776,38.37,6850.54,0.79,27.52,5068.72,0.83,34.65,5127.63,0.75,30.08,4929.9,0.65,35.52,5046.08,0.51
epidemic,extreme_load,run35,34.92,44.9,5586.4,0.69,2.41,18799.0,6565.0,15799.0,8441.0,3761,1711,1800,4610,3753,1246,1636,2752,3761,1213,1673,2767,3760,1217,1644,2924,3764,1178,1688,2746,45.49,6991.13,0.83,33.2,5109.99,0.65,32.25,4984.51,0.61,32.37,5050.24,0.66,31.3,5223.71,0.62
epidemic,extreme_load,run36,34.51,43.89,5625.52,0.68,2.36,18799.0,6487.0,15328.0,8250.0,3761,1582,1741,3988,3753,1205,1567,2902,3761,1314,1805,3076,3760,1222,1591,2811,3764,1164,1546,2551,42.06,7025.28,0.72,32.11,4953.38,0.66,34.94,5499.5,0.63,32.5,5241.6,0.81,30.92,4964.2,0.59
epidemic,extreme_load,run37,34.9,45.4,5597.08,0.71,2.62,18799.0,6561.0,17200.0,8534.0,3761,1438,1604,4365,3753,1357,1777,3504,3761,1383,1884,3184,3760,1242,1635,3175,3764,1141,1634,2972,38.23,7014.16,0.79,36.16,5248.27,0.67,36.77,5126.61,0.61,33.03,5262.25,0.74,30.31,5160.69,0.74
epidemic,extreme_load,run38,36.18,46.54,5574.04,0.64,2.27,18799.0,6802.0,15456.0,8749.0,3761,1693,1834,4107,3753,1398,1784,3353,3761,1315,1762,2918,3760,1312,1799,2840,3764,1084,1570,2238,45.01,6757.55,0.69,37.25,5113.79,0.74,34.96,5268.33,0.64,34.89,5166.7,0.6,28.8,5183.07,0.5
epidemic,extreme_load,run39,32.76,43.62,5473.64,0.74,2.71,18799.0,6159.0,16721.0,8201.0,3761,1387,1554,4447,3753,1325,1731,2828,3761,1285,1732,3699,3760,1131,1622,3066,3764,1031,1562,2681,36.88,6674.86,0.96,35.31,5270.67,0.58,34.17,5047.01,0.75,30.08,5151.86,0.74,27.39,5003.2,0.63
epidemic,extreme_load,run4,33.85,43.97,5605.7,0.81,2.73,18799.0,6364.0,17368.0,8265.0,3761,1423,1563,3821,3753,1280,1647,3722,3761,1337,1830,3492,3760,1119,1592,2760,3764,1205,1633,3573,37.84,7240.52,0.8,34.11,4916.63,0.94,35.55,5380.29,0.71,29.76,5193.4,0.79,32.01,5040.04,0.82
epidemic,extreme_load,run40,37.67,46.32,5656.3,0.66,2.24,18799.0,7081.0,15840.0,8707.0,3761,1660,1772,4172,3753,1576,1908,3614,3761,1316,1740,3183,3760,1352,1720,2473,3764,1177,1567,2398,44.14,6910.0,0.76,41.99,5245.98,0.66,34.99,5466.17,0.72,35.96,5296.17,0.53,31.27,5063.84,0.6
epidemic,extreme_load,run41,32.71,42.71,5655.32,0.62,2.22,18799.0,6149.0,13678.0,8029.0,3761,1418,1561,3469,3753,1234,1646,2710,3761,1156,1534,2803,3760,1181,1656,2307,3764,1160,1632,2389,37.7,7221.84,0.76,32.88,5031.28,0.62,30.74,5169.15,0.65,31.41,5390.86,0.48,30.82,5158.0,0.56
epidemic,extreme_load,run42,39.18,46.17,5620.97,0.82,2.68,18799.0,7366.0,19741.0,8680.0,3761,1787,1817,5253,3753,1507,1801,3884,3761,1325,1669,3824,3760,1439,1777,3508,3764,1308,1616,3272,47.51,6884.42,0.96,40.15,5307.7,0.78,35.23,5323.93,0.92,38.27,5121.25,0.72,34.75,5106.41,0.7
epidemic,extreme_load,run43,31.43,41.48,5603.66,0.66,2.34,18799.0,5909.0,13820.0,7797.0,3761,1449,1625,3736,3753,1212,1646,2820,3761,1204,1637,2712,3760,1147,1566,2602,3764,897,1323,1950,38.53,6771.14,0.75,32.29,5330.39,0.66,32.01,5274.43,0.59,30.51,5169.4,0.64,23.83,5084.16,0.63
epidemic,extreme_load,run44,37.18,44.47,5524.19,0.77,2.65,18799.0,6989.0,18501.0,8359.0,3761,1814,1892,5409,3753,1344,1625,3586,3761,1252,1524,3320,3760,1196,1488,2992,3764,1383,1830,3194,48.23,6918.27,0.9,35.81,5043.26,0.77,33.29,5054.95,0.81,31.81,4788.86,0.75,36.74,5223.73,0.61
epidemic,extreme_load,run45,37.5,47.63,5739.55,0.71,2.44,18799.0,7050.0,17228.0,8954.0,3761,1613,1736,4409,3753,1389,1733,3006,3761,1421,1846,3423,3760,1349,1839,3240,3764,1278,1800,3150,42.89,7116.02,0.86,37.01,5199.21,0.61,37.78,5379.64,0.65,35.88,5374.1,0.7,33.95,5375.46,0.67
epidemic,extreme_load,run46,35.07,44.23,5739.36,0.74,2.48,18799.0,6593.0,16374.0,8315.0,3761,1687,1754,4233,3753,1274,1675,3512,3761,1448,1837,3231,3760,1106,1514,2660,3764,1078,1535,2738,44.86,6976.13,0.76,33.95,5377.38,0.85,38.5,5229.57,0.65,29.41,5365.36,0.72,28.64,5300.15,0.73
epidemic,extreme_load,run47,37.76,47.11,5632.71,0.79,2.63,18799.0,7099.0,18670.0,8856.0,3761,1659,1742,4495,3753,1461,1811,4053,3761,1367,1842,3559,3760,1432,1867,3804,3764,1180,1594,2759,44.11,7175.82,0.88,38.93,5134.12,0.84,36.35,5263.56,0.77,38.09,5176.61,0.78,31.35,5061.71,0.64
epidemic,extreme_load,run48,32.83,41.49,5531.18,0.8,2.76,18799.0,6171.0,17037.0,7800.0,3761,1514,1593,4328,3753,1279,1639,3474,3761,944,1291,2796,3760,1193,1557,3487,3764,1241,1720,2952,40.26,6461.7,0.81,34.08,5195.09,0.8,25.1,5221.76,0.83,31.73,5262.75,0.91,32.97,5235.77,0.65
epidemic,extreme_load,run49,37.16,45.34,5578.11,0.7,2.41,18799.0,6986.0,16810.0,8524.0,3761,1709,1773,4456,3753,1464,1849,3572,3761,1352,1717,3127,3760,1335,1668,3119,3764,1126,1517,2536,45.44,6943.92,0.82,39.01,5209.06,0.7,35.95,5162.7,0.63,35.51,4987.14,0.68,29.91,5184.43,0.6
epidemic,extreme_load,run5,35.86,43.67,5508.21,0.73,2.55,18799.0,6742.0,17174.0,8209.0,3761,1572,1668,4597,3753,1349,1622,3325,3761,1272,1632,3238,3760,1284,1647,2839,3764,1265,1640,3175,41.8,6829.99,0.86,35.94,5009.83,0.74,33.82,5188.3,0.69,34.15,5057.12,0.64,33.61,5176.68,0.69
epidemic,extreme_load,run50,33.22,43.63,5521.07,0.71,2.71,18799.0,6245.0,16943.0,8202.0,3761,1364,1488,4396,3753,1235,1611,3384,3761,1203,1632,3029,3760,1264,1772,3150,3764,1179,1699,2984,36.27,6859.2,0.82,32.91,5224.89,0.67,31.99,4977.34,0.67,33.62,5370.78,0.68,31.32,4999.15,0.67
epidemic,extreme_load,run6,33.19,43.97,5631.42,0.69,2.45,18799.0,6240.0,15273.0,8265.0,3761,1533,1721,4105,3753,1284,1786,3373,3761,1118,1463,2431,3760,1244,1761,2803,3764,1061,1534,2561,40.76,7067.79,0.79,34.21,5141.17,0.67,29.73,5158.56,0.66,33.09,5286.98,0.62,28.19,5051.5,0.69
epidemic,extreme_load,run7,36.0,43.95,5581.67,0.67,2.39,18799.0,6768.0,16192.0,8263.0,3761,1692,1704,4125,3753,1364,1748,3705,3761,1283,1608,2765,3760,1238,1609,2827,3764,1191,1594,2770,44.99,6655.19,0.73,36.34,5084.27,0.79,34.11,5125.76,0.58,32.93,5273.85,0.59,31.64,5437.33,0.63
epidemic,extreme_load,run8,31.06,40.88,5388.86,0.79,2.89,18799.0,5839.0,16889.0,7685.0,3761,1331,1572,4058,3753,1104,1429,3376,3761,1107,1475,2916,3760,1113,1568,3285,3764,1184,1641,3254,35.39,6441.75,0.79,29.42,5016.44,0.79,29.43,5128.55,0.76,29.6,5157.29,0.82,31.46,5013.54,0.77
epidemic,extreme_load,run9,36.77,45.0,5635.3,0.77,2.59,18799.0,6912.0,17906.0,8460.0,3761,1747,1779,5374,3753,1487,1846,3913,3761,1123,1469,2490,3760,1298,1688,3497,3764,1257,1678,2632,46.45,6895.57,0.95,39.62,5101.39,0.75,29.86,5352.6,0.65,34.52,5122.1,0.87,33.4,5297.86,0.57
sprayAndWait,low_load,run1,54.93,88.78,2441.07,4.33,7.89,2059.0,1131.0,8919.0,1828.0,411,230,370,1804,415,210,367,1733,409,229,384,1872,415,243,361,1788,409,219,346,1722,55.96,2380.54,4.41,50.6,2540.28,4.37,55.99,2510.14,4.36,58.55,2292.67,4.12,53.55,2501.95,4.43
sprayAndWait,low_load,run10,52.11,90.63,2532.0,4.18,8.32,2059.0,1073.0,8931.0,1866.0,411,215,389,1883,415,222,386,1832,409,199,368,1730,415,242,390,1865,409,195,333,1621,52.31,2453.13,4.11,53.49,2472.69,4.28,48.66,2573.23,4.05,58.31,2456.07,4.13,47.68,2738.66,4.34
sprayAndWait,low_load,run11,54.54,89.32,2459.38,4.22,7.93,2059.0,1123.0,8907.0,1839.0,411,218,357,1724,415,233,385,1829,409,232,374,1881,415,208,347,1658,409,232,376,1815,53.04,2507.49,4.32,56.14,2464.99,4.14,56.72,2572.29,4.39,50.12,2408.31,4.17,56.72,2341.43,4.07
sprayAndWait,low_load,run12,56.1,91.36,2477.53,4.29,7.9,2059.0,1155.0,9126.0,1881.0,411,240,390,1908,415,219,378,1853,409,247,375,1837,415,227,345,1680,409,222,393,1848,58.39,2524.66,4.38,52.77,2420.13,4.39,60.39,2444.34,4.34,54.7,2488.03,4.26,54.28,2509.41,4.1
sprayAndWait,low_load,run13,54.64,91.79,2573.45,4.35,8.11,2059.0,1125.0,9122.0,1890.0,411,218,379,1856,415,232,399,1910,409,235,369,1753,415,226,398,1927,409,214,345,1676,53.04,2805.42,4.26,55.9,2587.89,4.32,57.46,2465.42,4.41,54.46,2505.54,4.34,52.32,2511.83,4.41
sprayAndWait,low_load,run14,50.9,88.68,2595.69,4.18,8.39,2059.0,1048.0,8790.0,1826.0,411,215,364,1795,415,214,399,1881,409,185,333,1584,415,229,370,1805,409,205,360,1725,52.31,2643.14,4.36,51.57,2475.3,4.03,45.23,2751.63,4.09,55.18,2570.04,4.36,50.12,2559.53,4.06
sprayAndWait,low_load,run15,53.52,87.96,2488.72,4.28,7.95,2059.0,1102.0,8756.0,1811.0,411,200,301,1507,415,225,358,1742,409,231,378,1874,415,246,397,1895,409,200,377,1738,48.66,2322.8,4.3,54.22,2316.8,4.28,56.48,2659.13,4.37,59.28,2410.58,4.2,48.9,2747.31,4.26
sprayAndWait,low_load,run16,52.31,89.51,2603.33,4.32,8.29,2059.0,1077.0,8929.0,1843.0,411,219,375,1864,415,221,358,1687,409,197,389,1836,415,226,363,1776,409,214,358,1766,53.28,2383.59,4.39,53.25,2846.15,4.24,48.17,2608.68,4.35,54.46,2561.29,4.31,52.32,2616.9,4.32
sprayAndWait,low_load,run17,52.11,90.24,2582.12,4.23,8.37,2059.0,1073.0,8983.0,1858.0,411,204,357,1716,415,207,379,1816,409,222,385,1873,415,216,347,1715,409,224,390,1863,49.64,2408.4,4.12,49.88,2697.95,4.15,54.28,2747.7,4.31,52.05,2528.56,4.38,54.77,2520.84,4.21
sprayAndWait,low_load,run18,54.15,93.1,2514.76,4.28,8.18,2059.0,1115.0,9119.0,1917.0,411,203,360,1751,415,230,401,1880,409,233,387,1849,415,239,385,1841,409,210,384,1798,49.39,2623.6,4.41,55.42,2700.62,4.38,56.97,2326.46,4.19,57.59,2416.7,4.14,51.34,2526.54,4.3
sprayAndWait,low_load,run19,53.91,90.14,2592.08,4.31,8.15,2059.0,1110.0,9044.0,1856.0,411,224,365,1837,415,227,383,1841,409,227,385,1893,415,217,350,1692,409,215,373,1781,54.5,2652.27,4.45,54.7,2761.23,4.35,55.5,2507.58,4.3,52.29,2519.35,4.28,52.57,2513.42,4.16
sprayAndWait,low_load,run2,49.34,84.65,2640.68,4.22,8.29,2059.0,1016.0,8426.0,1743.0,411,232,378,1879,415,215,337,1644,409,191,344,1625,415,208,352,1674,409,170,332,1604,56.45,2696.26,4.33,51.81,2600.32,4.37,46.7,2668.8,4.12,50.12,2779.07,4.2,41.56,2414.99,4.02
sprayAndWait,low_load,run20,47.45,80.77,2525.6,4.15,8.17,2059.0,977.0,7984.0,1663.0,411,204,367,1716,415,187,301,1458,409,196,318,1590,415,191,317,1503,409,199,360,1717,49.64,2523.26,4.04,45.06,2535.3,4.24,47.92,2519.52,4.13,46.02,2501.13,4.23,48.66,2548.36,4.13
sprayAndWait,low_load,run21,53.28,91.89,2633.55,4.27,8.19,2059.0,1097.0,8980.0,1892.0,411,217,394,1825,415,205,381,1834,409,229,383,1867,415,226,374,1776,409,220,360,1678,52.8,2717.47,4.28,49.4,2424.99,4.35,55.99,2602.61,4.31,54.46,2662.37,4.29,53.79,2747.73,4.1
sprayAndWait,low_load,run22,55.56,90.97,2549.29,4.31,7.91,2059.0,1144.0,9047.0,1873.0,411,235,387,1898,415,229,383,1806,409,244,385,1871,415,229,363,1766,409,207,355,1706,57.18,2460.7,4.37,55.18,2485.84,4.29,59.66,2540.2,4.31,55.18,2619.76,4.32,50.61,2652.8,4.25
sprayAndWait,low_load,run23,53.18,89.17,2475.66,4.16,7.96,2059.0,1095.0,8713.0,1836.0,411,235,387,1848,415,200,343,1579,409,223,358,1767,415,213,363,1737,409,224,385,1782,57.18,2417.05,4.29,48.19,2541.79,4.11,54.52,2357.11,4.23,51.33,2630.72,4.19,54.77,2448.66,3.99
sprayAndWait,low_load,run24,50.46,85.43,2508.1,4.2,8.09,2059.0,1039.0,8403.0,1759.0,411,241,386,1874,415,200,371,1807,409,203,374,1759,415,205,306,1427,409,190,322,1536,58.64,2299.14,4.22,48.19,2536.67,4.36,49.63,2622.15,4.08,49.4,2401.94,4.15,46.45,2735.77,4.18
sprayAndWait,low_load,run25,49.54,86.4,2498.36,4.19,8.49,2059.0,1020.0,8664.0,1779.0,411,214,364,1767,415,208,348,1783,409,200,351,1692,415,219,378,1807,409,179,338,1615,52.07,2496.7,4.23,50.12,2590.03,4.43,48.9,2295.23,4.1,52.77,2542.02,4.08,43.77,2567.39,4.11
sprayAndWait,low_load,run26,51.72,84.02,2507.18,4.32,7.82,2059.0,1065.0,8324.0,1730.0,411,221,352,1683,415,221,389,1842,409,189,313,1542,415,228,334,1629,409,206,342,1628,53.77,2682.5,4.42,53.25,2517.2,4.38,46.21,2446.49,4.27,54.94,2434.5,4.37,50.37,2444.46,4.12
sprayAndWait,low_load,run27,56.53,90.24,2479.66,4.31,7.79,2059.0,1164.0,9067.0,1858.0,411,242,381,1912,415,264,384,1899,409,203,334,1616,415,244,385,1857,409,211,374,1783,58.88,2432.26,4.43,63.61,2417.88,4.5,49.63,2589.42,4.22,58.8,2531.48,4.17,51.59,2445.78,4.2
sprayAndWait,low_load,run28,51.43,85.33,2504.37,4.33,8.11,2059.0,1059.0,8588.0,1757.0,411,215,338,1696,415,219,386,1848,409,226,364,1794,415,208,343,1664,409,191,326,1586,52.31,2383.49,4.47,52.77,2560.42,4.39,55.26,2482.21,4.22,50.12,2752.99,4.22,46.7,2331.64,4.38
sprayAndWait,low_load,run29,54.1,91.6,2592.72,4.37,8.18,2059.0,1114.0,9115.0,1886.0,411,222,377,1864,415,202,352,1709,409,209,391,1867,415,249,385,1866,409,232,381,1809,54.01,2497.57,4.41,48.67,2661.27,4.37,51.1,2723.35,4.33,60.0,2553.26,4.32,56.72,2548.74,4.44
sprayAndWait,low_load,run3,55.03,90.77,2544.02,4.22,7.89,2059.0,1133.0,8938.0,1869.0,411,232,364,1768,415,197,349,1656,409,234,394,1878,415,249,375,1807,409,221,387,1829,56.45,2607.94,4.26,47.47,2623.87,4.08,57.21,2447.96,4.25,60.0,2364.41,4.29,54.03,2709.81,4.22
sprayAndWait,low_load,run30,55.51,88.39,2553.92,4.27,7.71,2059.0,1143.0,8814.0,1820.0,411,242,368,1787,415,224,370,1877,409,209,350,1648,415,249,376,1828,409,219,356,1674,58.88,2458.9,4.44,53.98,2580.0,4.33,51.1,2539.96,4.26,60.0,2495.9,4.14,53.55,2711.53,4.18
sprayAndWait,low_load,run31,52.36,86.16,2458.75,4.32,8.04,2059.0,1078.0,8663.0,1774.0,411,212,346,1715,415,201,329,1642,409,187,340,1641,415,256,382,1891,409,222,377,1774,51.58,2414.87,4.39,48.43,2521.25,4.49,45.72,2506.15,4.31,61.69,2497.52,4.29,54.28,2359.42,4.12
sprayAndWait,low_load,run32,48.52,86.16,2591.25,4.17,8.36,2059.0,999.0,8355.0,1774.0,411,217,343,1651,415,193,340,1605,409,200,383,1814,415,200,358,1644,409,189,350,1641,52.8,2728.93,4.24,46.51,2515.43,4.25,48.9,2505.77,4.14,48.19,2424.7,4.01,46.21,2777.29,4.23
sprayAndWait,low_load,run33,54.2,87.86,2520.54,4.31,7.84,2059.0,1116.0,8751.0,1809.0,411,222,331,1629,415,248,386,1859,409,209,362,1727,415,220,366,1804,409,217,364,1732,54.01,2382.85,4.45,59.76,2620.35,4.34,51.1,2639.62,4.35,53.01,2321.36,4.25,53.06,2634.6,4.14
sprayAndWait,low_load,run34,58.04,89.61,2441.17,4.33,7.57,2059.0,1195.0,9043.0,1845.0,411,272,387,1942,415,237,371,1809,409,210,351,1714,415,242,364,1771,409,234,372,1807,66.18,2333.09,4.39,57.11,2280.01,4.34,51.34,2706.59,4.38,58.31,2415.6,4.3,57.21,2518.3,4.23
sprayAndWait,low_load,run35,52.74,87.28,2561.3,4.19,7.85,2059.0,1086.0,8530.0,1797.0,411,215,347,1639,415,184,303,1459,409,233,386,1835,415,235,372,1798,409,219,389,1799,52.31,2737.53,4.16,44.34,2480.01,4.16,56.97,2506.23,4.26,56.63,2427.84,4.41,53.55,2658.37,3.94
sprayAndWait,low_load,run36,58.23,91.84,2649.17,4.31,7.69,2059.0,1199.0,9219.0,1891.0,411,259,385,1864,415,231,383,1884,409,243,377,1848,415,237,347,1705,409,229,399,1918,63.02,2593.61,4.34,55.66,2617.05,4.25,59.41,2680.28,4.37,57.11,2753.85,4.24,55.99,2603.07,4.33
sprayAndWait,low_load,run37,53.08,91.36,2558.6,4.25,8.24,2059.0,1093.0,9009.0,1881.0,411,209,369,1742,415,223,387,1888,409,226,376,1848,415,224,353,1690,409,211,396,1841,50.85,2760.54,4.18,53.73,2378.71,4.3,55.26,2534.39,4.42,53.98,2489.12,4.24,51.59,2648.38,4.11
sprayAndWait,low_load,run38,54.83,92.57,2563.42,4.21,8.12,2059.0,1129.0,9170.0,1906.0,411,233,395,1914,415,217,361,1776,409,213,373,1724,415,238,397,1894,409,228,380,1862,56.69,2564.29,4.28,52.29,2470.92,4.25,52.08,2570.49,4.05,57.35,2546.95,4.2,55.75,2661.16,4.24
sprayAndWait,low_load,run39,54.25,88.68,2552.95,4.28,7.96,2059.0,1117.0,8891.0,1826.0,411,237,374,1811,415,204,330,1634,409,218,356,1745,415,246,372,1824,409,212,394,1877,57.66,2496.55,4.38,49.16,2516.24,4.23,53.3,2537.36,4.3,59.28,2506.81,4.29,51.83,2720.92,4.2
sprayAndWait,low_load,run4,53.96,89.9,2564.49,4.27,8.07,2059.0,1111.0,8961.0,1851.0,411,220,355,1773,415,237,356,1752,409,239,381,1845,415,228,393,1833,409,187,366,1758,53.53,2645.07,4.32,57.11,2532.36,4.24,58.44,2662.57,4.32,54.94,2460.59,4.25,45.72,2511.75,4.19
sprayAndWait,low_load,run40,51.53,89.51,2574.29,4.2,8.33,2059.0,1061.0,8838.0,1843.0,411,220,349,1706,415,224,365,1749,409,203,384,1819,415,224,393,1883,409,190,352,1681,53.53,2492.4,4.34,53.98,2316.56,4.12,49.63,2687.99,4.22,53.98,2756.63,4.14,46.45,2636.52,4.18
sprayAndWait,low_load,run41,51.09,86.94,2514.88,4.29,8.08,2059.0,1052.0,8503.0,1790.0,411,219,347,1705,415,195,356,1634,409,202,357,1705,415,225,370,1712,409,211,360,1747,53.28,2386.95,4.39,46.99,2740.57,4.14,49.39,2377.85,4.19,54.22,2518.46,4.18,51.59,2566.44,4.53
sprayAndWait,low_load,run42,56.48,86.3,2486.25,4.33,7.54,2059.0,1163.0,8765.0,1777.0,411,234,356,1747,415,197,320,1563,409,249,371,1811,415,235,351,1733,409,248,379,1911,56.93,2425.29,4.29,47.47,2528.26,4.31,60.88,2543.89,4.3,56.63,2460.18,4.34,60.64,2477.24,4.43
sprayAndWait,low_load,run43,50.7,88.1,2457.84,4.24,8.28,2059.0,1044.0,8642.0,1814.0,411,203,354,1725,415,212,366,1719,409,203,350,1726,415,212,378,1789,409,214,366,1683,49.39,2563.55,4.34,51.08,2313.36,4.37,49.63,2473.13,4.27,51.08,2320.38,4.21,52.32,2622.39,4.01
sprayAndWait,low_load,run44,47.16,78.44,2423.75,4.28,8.08,2059.0,971.0,7847.0,1615.0,411,181,283,1335,415,218,359,1784,409,188,317,1555,415,197,307,1525,409,187,349,1648,44.04,2389.99,4.17,52.53,2428.42,4.36,45.97,2301.73,4.32,47.47,2396.57,4.22,45.72,2602.29,4.34
sprayAndWait,low_load,run45,55.12,89.36,2523.72,4.29,7.79,2059.0,1135.0,8840.0,1840.0,411,226,365,1704,415,222,376,1832,409,247,399,1964,415,221,354,1717,409,219,346,1623,54.99,2348.7,4.27,53.49,2544.33,4.24,60.39,2664.06,4.47,53.25,2425.07,4.23,53.55,2624.71,4.23
sprayAndWait,low_load,run46,51.87,88.39,2570.85,4.26,8.04,2059.0,1068.0,8583.0,1820.0,411,221,388,1803,415,212,363,1723,409,193,340,1610,415,222,350,1665,409,220,379,1782,53.77,2506.83,4.1,51.08,2540.32,4.39,47.19,2664.85,4.26,53.49,2635.64,4.31,53.79,2516.73,4.25
sprayAndWait,low_load,run47,55.9,89.41,2426.14,4.28,7.79,2059.0,1151.0,8966.0,1841.0,411,228,369,1816,415,232,358,1788,409,230,377,1852,415,256,389,1867,409,205,348,1643,55.47,2576.0,4.31,55.9,2404.26,4.34,56.23,2339.23,4.34,61.69,2347.53,4.22,50.12,2479.9,4.17
sprayAndWait,low_load,run48,57.21,91.99,2541.0,4.32,7.9,2059.0,1178.0,9307.0,1894.0,411,231,382,1926,415,246,387,1864,409,240,382,1848,415,244,376,1889,409,217,367,1780,56.2,2389.62,4.37,59.28,2628.92,4.34,58.68,2422.32,4.2,58.8,2617.26,4.34,53.06,2648.0,4.37
sprayAndWait,low_load,run49,58.77,93.59,2552.79,4.4,7.69,2059.0,1210.0,9303.0,1927.0,411,238,387,1838,415,253,371,1828,409,219,384,1835,415,270,390,1922,409,230,395,1880,57.91,2423.72,4.34,60.96,2658.63,4.49,53.55,2320.54,4.25,65.06,2660.51,4.44,56.23,2664.63,4.47
sprayAndWait,low_load,run5,49.44,87.03,2516.98,4.22,8.54,2059.0,1018.0,8690.0,1792.0,411,222,364,1801,415,196,344,1667,409,211,368,1805,415,180,358,1685,409,209,358,1732,54.01,2652.17,4.27,47.23,2386.51,4.28,51.59,2501.51,4.24,43.37,2519.58,4.21,51.1,2509.1,4.09
sprayAndWait,low_load,run50,53.72,88.34,2453.0,4.31,8.05,2059.0,1106.0,8907.0,1819.0,411,205,332,1625,415,226,380,1878,409,226,359,1749,415,240,372,1826,409,209,376,1829,49.88,2466.95,4.26,54.46,2394.4,4.37,55.26,2391.2,4.36,57.83,2588.65,4.33,51.1,2413.74,4.21
sprayAndWait,low_load,run6,56.14,91.02,2498.69,4.24,7.71,2059.0,1156.0,8910.0,1874.0,411,225,365,1709,415,242,386,1866,409,239,381,1821,415,225,365,1740,409,225,377,1774,54.74,2342.21,4.32,58.31,2380.33,4.28,58.44,2637.85,4.19,54.22,2619.88,4.33,55.01,2513.46,4.06
sprayAndWait,low_load,run7,59.2,92.57,2542.44,4.28,7.5,2059.0,1219.0,9145.0,1906.0,411,245,371,1794,415,266,397,1924,409,237,376,1803,415,249,387,1852,409,222,375,1772,59.61,2410.43,4.34,64.1,2435.47,4.44,57.95,2562.94,4.42,60.0,2636.62,4.08,54.28,2688.8,4.13
sprayAndWait,low_load,run8,54.98,86.84,2498.92,4.24,7.62,2059.0,1132.0,8625.0,1788.0,411,216,340,1651,415,207,318,1566,409,223,382,1792,415,257,381,1894,409,229,367,1722,52.55,2480.69,4.34,49.88,2686.81,4.35,54.52,2737.89,4.21,61.93,2359.18,4.35,55.99,2270.39,3.94
sprayAndWait,low_load,run9,53.47,89.9,2548.6,4.29,8.09,2059.0,1101.0,8912.0,1851.0,411,225,364,1789,415,231,383,1890,409,201,363,1740,415,236,384,1833,409,208,357,1660,54.74,2534.44,4.37,55.66,2573.56,4.42,49.14,2530.66,4.31,56.87,2482.51,4.15,50.86,2628.5,4.2
sprayAndWait,high_load,run1,45.74,72.51,5214.09,2.01,4.76,7318.0,3347.0,15942.0,5306.0,1464,716,1075,3763,1462,757,1141,3692,1466,710,1140,3471,1470,597,966,2564,1456,567,984,2452,48.91,5049.81,2.26,51.78,5171.82,2.14,48.43,5241.88,2.02,40.61,5146.69,1.83,38.94,5514.14,1.69
sprayAndWait,high_load,run10,39.19,67.79,4976.16,2.03,5.14,7318.0,2868.0,14749.0,4961.0,1464,547,852,3005,1462,623,1060,3344,1466,611,1050,3142,1470,582,971,2593,1456,505,1028,2665,37.36,4845.59,2.39,42.61,4984.53,2.23,41.68,5065.49,2.05,39.59,4896.91,1.65,34.68,5090.5,1.79
sprayAndWait,high_load,run11,41.97,69.36,5069.06,1.92,4.89,7318.0,3071.0,15024.0,5076.0,1464,698,1056,3677,1462,604,1076,3164,1466,690,1146,3423,1470,552,892,2266,1456,527,906,2494,47.68,4885.31,2.19,41.31,5164.84,2.02,47.07,5124.53,1.91,37.55,5150.31,1.57,36.2,5044.94,1.81
sprayAndWait,high_load,run12,44.51,71.99,4862.62,2.02,4.97,7318.0,3257.0,16202.0,5268.0,1464,742,1137,4077,1462,639,967,3246,1466,559,956,2897,1470,648,1098,3035,1456,669,1110,2947,50.68,4657.72,2.33,43.71,4891.79,2.26,38.13,4925.71,2.14,44.08,4999.89,1.8,45.95,4876.34,1.54
sprayAndWait,high_load,run13,42.8,69.5,5095.63,2.09,5.2,7318.0,3132.0,16272.0,5086.0,1464,644,1065,3594,1462,740,1190,3990,1466,585,913,2968,1470,650,1075,3295,1456,513,843,2425,43.99,4999.11,2.38,50.62,4996.17,2.12,39.9,5288.18,2.06,44.22,5229.83,2.01,35.23,4970.67,1.82
sprayAndWait,high_load,run14,43.88,70.43,4968.5,1.93,4.82,7318.0,3211.0,15479.0,5154.0,1464,716,1100,3815,1462,657,1066,3392,1466,557,832,2430,1470,657,1052,2913,1456,624,1104,2929,48.91,4809.67,2.2,44.94,4738.23,2.03,37.99,5018.82,1.82,44.69,4922.34,1.79,42.86,5396.89,1.76
sprayAndWait,high_load,run15,43.44,70.62,5010.07,1.99,4.83,7318.0,3179.0,15341.0,5168.0,1464,690,1026,3732,1462,703,1139,3398,1466,688,1177,3471,1470,531,826,2312,1456,567,1000,2428,47.13,4839.86,2.54,48.08,5104.61,2.0,46.93,4943.64,1.84,36.12,5079.78,1.9,38.94,5115.31,1.58
sprayAndWait,high_load,run16,46.2,71.52,4900.48,2.16,5.05,7318.0,3381.0,17087.0,5234.0,1464,718,1124,3991,1462,587,855,3156,1466,678,1075,3716,1470,784,1182,3307,1456,614,998,2917,49.04,5075.83,2.37,40.15,4970.0,2.57,46.25,4534.06,2.23,53.33,4872.17,1.82,42.17,5069.77,1.85
sprayAndWait,high_load,run17,40.97,68.69,4826.81,1.95,5.0,7318.0,2998.0,14985.0,5027.0,1464,526,866,3000,1462,673,1118,3496,1466,626,1068,3273,1470,663,1142,2899,1456,510,833,2317,35.93,4704.47,2.52,46.03,4887.27,2.01,42.7,4904.11,1.87,45.1,4831.61,1.61,35.03,4772.06,1.86
sprayAndWait,high_load,run18,38.96,63.39,4841.97,2.27,5.3,7318.0,2851.0,15100.0,4639.0,1464,551,826,3234,1462,700,1143,3778,1466,569,909,3016,1470,534,858,2470,1456,497,903,2602,37.64,4494.18,2.62,47.88,4703.02,2.15,38.81,5169.94,2.25,36.33,4904.39,2.13,34.13,4980.71,2.22
sprayAndWait,high_load,run19,45.86,70.24,4933.96,2.12,4.88,7318.0,3356.0,16376.0,5140.0,1464,655,932,3583,1462,583,968,3101,1466,706,1054,3441,1470,754,1100,3398,1456,658,1086,2853,44.74,4678.92,2.68,39.88,5072.17,2.19,48.16,4786.15,2.16,51.29,4909.91,2.01,45.19,5251.54,1.59
sprayAndWait,high_load,run2,43.82,71.33,4812.47,2.02,5.06,7318.0,3207.0,16239.0,5220.0,1464,776,1167,4349,1462,641,1043,3345,1466,612,952,3047,1470,602,1002,2819,1456,576,1056,2679,53.01,4659.43,2.39,43.84,4827.48,2.01,41.75,4992.1,2.12,40.95,4656.25,1.81,39.56,4974.38,1.63
sprayAndWait,high_load,run20,39.75,68.26,5312.95,2.02,5.17,7318.0,2909.0,15052.0,4995.0,1464,611,1051,3608,1462,593,1015,3148,1466,590,989,3068,1470,666,1099,3032,1456,449,841,2196,41.73,5355.38,2.34,40.56,5050.03,2.07,40.25,4875.01,2.03,45.31,5619.2,1.86,30.84,5723.67,1.73
sprayAndWait,high_load,run21,40.63,67.27,5023.73,2.07,4.98,7318.0,2973.0,14798.0,4923.0,1464,653,1008,3709,1462,493,758,2500,1466,654,1092,3130,1470,601,1072,2849,1456,572,993,2610,44.6,4827.84,2.5,33.72,4699.98,2.31,44.61,5276.34,1.94,40.88,5124.54,1.75,39.29,5131.68,1.83
sprayAndWait,high_load,run22,45.89,71.22,4884.55,2.11,4.98,7318.0,3358.0,16710.0,5212.0,1464,673,1055,3694,1462,739,1115,3746,1466,631,933,3215,1470,689,1050,3109,1456,626,1059,2946,45.97,4884.97,2.44,50.55,4893.46,2.2,43.04,4953.35,2.2,46.87,4950.73,1.89,42.99,4731.4,1.78
sprayAndWait,high_load,run23,35.69,65.4,4848.83,1.9,5.14,7318.0,2612.0,13438.0,4786.0,1464,535,994,3427,1462,546,984,2861,1466,413,749,2222,1470,609,1031,2609,1456,509,1028,2319,36.54,4830.84,2.21,37.35,4846.47,1.97,28.17,4762.95,2.16,41.43,4733.38,1.63,34.96,5078.09,1.6
sprayAndWait,high_load,run24,45.46,70.14,5023.15,2.04,4.96,7318.0,3327.0,16513.0,5133.0,1464,759,1100,4406,1462,605,926,3065,1466,756,1138,3533,1470,658,1076,2938,1456,549,893,2571,51.84,4661.78,2.69,41.38,5131.78,1.94,51.57,4975.99,1.92,44.76,5364.37,1.75,37.71,5059.0,1.74
sprayAndWait,high_load,run25,39.57,66.74,4951.14,1.86,4.75,7318.0,2896.0,13746.0,4884.0,1464,645,1052,3444,1462,603,1048,3064,1466,527,892,2507,1470,631,1036,2755,1456,490,856,1976,44.06,4964.68,2.08,41.24,4969.37,2.16,35.95,5066.64,1.79,42.93,4848.36,1.58,33.65,4919.02,1.65
sprayAndWait,high_load,run26,43.85,71.82,4951.42,2.09,5.11,7318.0,3209.0,16401.0,5256.0,1464,692,1104,3926,1462,603,971,2979,1466,636,1062,3404,1470,665,1031,3082,1456,613,1088,3010,47.27,4772.43,2.49,41.24,4973.33,2.0,43.38,4888.54,2.09,45.24,4987.59,1.98,42.1,5157.9,1.86
sprayAndWait,high_load,run27,38.88,64.57,4786.0,2.09,5.02,7318.0,2845.0,14293.0,4725.0,1464,643,1023,3691,1462,511,844,2624,1466,563,906,2736,1470,563,902,2516,1456,565,1050,2726,43.92,4536.56,2.47,34.95,4902.77,2.23,38.4,4944.17,2.17,38.3,4659.87,1.82,38.8,4932.36,1.7
sprayAndWait,high_load,run28,46.69,72.12,4862.77,2.2,5.01,7318.0,3417.0,17126.0,5278.0,1464,751,1113,4017,1462,619,972,3318,1466,644,981,3342,1470,733,1117,3423,1456,670,1095,3026,51.3,4633.58,2.52,42.34,4881.75,2.44,43.93,4982.44,2.21,49.86,4702.15,2.06,46.02,5162.82,1.78
sprayAndWait,high_load,run29,40.19,67.66,4897.88,1.98,5.08,7318.0,2941.0,14940.0,4951.0,1464,527,819,2812,1462,619,1063,3363,1466,588,996,3027,1470,613,1008,2871,1456,594,1065,2867,36.0,4994.61,2.18,42.34,4970.72,2.11,40.11,4918.12,1.81,41.7,4757.77,1.93,40.8,4860.7,1.87
sprayAndWait,high_load,run3,42.73,69.6,4943.17,1.89,4.83,7318.0,3127.0,15105.0,5093.0,1464,649,1054,3513,1462,685,1096,3527,1466,670,1088,2986,1470,597,989,2707,1456,526,866,2372,44.33,5107.19,2.16,46.85,4811.43,2.02,45.7,4986.06,1.76,40.61,5021.48,1.72,36.13,4768.85,1.73
sprayAndWait,high_load,run30,36.59,62.46,4843.24,1.98,5.13,7318.0,2678.0,13730.0,4571.0,1464,540,900,3070,1462,588,989,3136,1466,441,771,2153,1470,579,964,2717,1456,530,947,2654,36.89,4739.09,2.39,40.22,4856.18,2.06,30.08,4610.13,1.85,39.39,4898.72,1.83,36.4,5068.34,1.76
sprayAndWait,high_load,run31,42.92,67.6,4898.5,2.1,5.07,7318.0,3141.0,15927.0,4947.0,1464,629,973,3460,1462,641,1029,3517,1466,556,855,2680,1470,729,1145,3486,1456,586,945,2784,42.96,4605.17,2.4,43.84,4677.49,2.27,37.93,4950.22,2.08,49.59,5029.76,1.84,40.25,5242.72,1.94
sprayAndWait,high_load,run32,40.09,66.7,5011.49,1.84,4.88,7318.0,2934.0,14320.0,4881.0,1464,496,837,2758,1462,623,995,3304,1466,607,1005,2928,1470,652,1087,2925,1456,556,957,2405,33.88,5084.93,2.03,42.61,4922.87,1.95,41.41,5087.41,1.92,44.35,4876.56,1.74,38.19,5120.62,1.58
sprayAndWait,high_load,run33,42.55,69.36,4908.55,2.03,4.94,7318.0,3114.0,15379.0,5076.0,1464,678,1090,3844,1462,589,1002,3154,1466,617,980,2951,1470,554,894,2417,1456,676,1110,3013,46.31,4737.87,2.28,40.29,4976.62,2.12,42.09,4731.53,2.06,37.69,5256.77,1.84,46.43,4896.63,1.82
sprayAndWait,high_load,run34,45.72,72.22,4906.65,2.08,4.92,7318.0,3346.0,16450.0,5285.0,1464,720,1065,3909,1462,665,1043,3446,1466,670,1036,3286,1470,674,1066,3114,1456,617,1075,2695,49.18,4554.4,2.54,45.49,4812.86,2.24,45.7,4965.48,2.04,45.85,5102.95,1.94,42.38,5140.48,1.55
sprayAndWait,high_load,run35,42.78,70.68,4930.61,1.95,5.03,7318.0,3131.0,15747.0,5172.0,1464,607,961,3518,1462,710,1105,3704,1466,597,1045,2983,1470,684,1098,3033,1456,533,963,2509,41.46,5013.18,2.52,48.56,4796.23,2.15,40.72,4909.41,1.75,46.53,4709.88,1.74,36.61,5322.61,1.54
sprayAndWait,high_load,run36,45.83,70.81,4920.84,2.05,4.85,7318.0,3354.0,16281.0,5182.0,1464,740,1124,4119,1462,600,921,2999,1466,713,1086,3541,1470,660,1012,2764,1456,641,1039,2858,50.55,4896.81,2.43,41.04,4907.43,2.16,48.64,5022.56,2.07,44.9,4697.01,1.76,44.02,5078.46,1.78
sprayAndWait,high_load,run37,40.39,67.64,4972.82,2.02,5.16,7318.0,2956.0,15250.0,4950.0,1464,560,883,3295,1462,663,1115,3472,1466,612,1038,3070,1470,509,880,2444,1456,612,1034,2969,38.25,4764.74,2.5,45.35,5225.96,2.09,41.75,4705.65,1.91,34.63,5184.83,1.83,42.03,4979.83,1.78
sprayAndWait,high_load,run38,43.35,70.83,5005.09,1.93,4.71,7318.0,3172.0,14954.0,5183.0,1464,708,1119,3752,1462,618,941,3076,1466,655,1075,2950,1470,585,951,2525,1456,606,1097,2651,48.36,4861.12,2.25,42.27,4921.47,2.14,44.68,5062.38,1.83,39.8,5041.89,1.76,41.62,5161.14,1.6
sprayAndWait,high_load,run39,38.56,66.89,5023.76,1.88,4.89,7318.0,2822.0,13787.0,4895.0,1464,498,846,2813,1462,620,1056,3264,1466,542,933,2729,1470,587,1032,2610,1456,575,1028,2371,34.02,4831.85,2.34,42.41,5222.01,2.11,36.97,4933.3,1.87,39.93,5108.54,1.66,39.49,4974.93,1.48
sprayAndWait,high_load,run4,39.98,67.29,4885.42,1.99,5.02,7318.0,2926.0,14693.0,4924.0,1464,590,1001,3144,1462,637,1088,3623,1466,628,1081,3122,1470,550,860,2360,1456,521,894,2444,40.3,5225.24,2.17,43.57,4740.57,2.36,42.84,5061.6,1.78,37.41,4572.96,1.8,35.78,4795.17,1.79
sprayAndWait,high_load,run40,35.84,61.6,4818.78,1.93,5.11,7318.0,2623.0,13401.0,4508.0,1464,591,1005,3337,1462,446,729,2305,1466,588,1022,2991,1470,461,778,2248,1456,537,974,2520,40.37,4933.93,2.24,30.51,4870.46,2.28,40.11,4799.91,1.88,31.36,4734.23,1.77,36.88,4742.36,1.49
sprayAndWait,high_load,run41,42.55,70.61,5005.2,1.92,4.84,7318.0,3114.0,15083.0,5167.0,1464,700,1108,4028,1462,642,1010,3173,1466,527,978,2575,1470,609,985,2616,1456,636,1086,2691,47.81,4742.3,2.39,43.91,4949.78,2.08,35.95,5188.77,1.75,41.43,5312.54,1.71,43.68,4904.08,1.57
sprayAndWait,high_load,run42,42.31,66.51,4834.35,2.28,5.35,7318.0,3096.0,16571.0,4867.0,1464,739,1163,4338,1462,561,821,2862,1466,693,1124,3640,1470,575,861,2920,1456,528,898,2811,50.48,4678.77,2.56,38.37,4895.81,2.4,47.27,5099.98,2.12,39.12,4545.56,2.18,36.26,4952.67,2.09
sprayAndWait,high_load,run43,39.44,65.61,4911.52,2.07,5.1,7318.0,2886.0,14729.0,4801.0,1464,532,826,3063,1462,642,1111,3297,1466,608,964,3204,1470,597,999,2850,1456,507,901,2315,36.34,4770.71,2.54,43.91,4647.59,2.07,41.47,5136.65,2.33,40.61,5001.11,1.82,34.82,5017.99,1.57
sprayAndWait,high_load,run44,44.14,69.35,4804.8,2.3,5.19,7318.0,3230.0,16752.0,5075.0,1464,621,940,3305,1462,676,1028,3522,1466,655,1042,3456,1470,664,1061,3523,1456,614,1004,2946,42.42,4713.25,2.61,46.24,4610.46,2.34,44.68,5154.5,2.29,45.17,4735.69,2.37,42.17,4813.02,1.9
sprayAndWait,high_load,run45,42.16,68.76,5037.24,1.95,4.88,7318.0,3085.0,15043.0,5032.0,1464,652,1008,3357,1462,678,1094,3694,1466,618,965,2825,1470,618,1042,2734,1456,519,923,2433,44.54,4654.86,2.13,46.37,4728.93,2.21,42.16,5238.66,1.89,42.04,5237.72,1.7,35.65,5441.82,1.75
sprayAndWait,high_load,run46,40.08,66.23,4831.27,2.22,5.38,7318.0,2933.0,15767.0,4847.0,1464,598,971,3429,1462,613,1032,3701,1466,540,816,2916,1470,592,1015,2893,1456,590,1013,2828,40.85,4697.46,2.39,41.93,4948.83,2.48,36.83,4811.6,2.48,40.27,4866.91,1.8,40.52,4827.0,1.94
sprayAndWait,high_load,run47,48.21,73.69,5002.66,1.96,4.9,7318.0,3528.0,17304.0,5393.0,1464,808,1150,4473,1462,657,1030,3292,1466,757,1149,3709,1470,622,956,2976,1456,684,1108,2854,55.19,4803.39,2.43,44.94,5042.17,2.05,51.64,4925.1,1.87,42.31,5029.39,1.86,46.98,5261.65,1.53
sprayAndWait,high_load,run48,42.78,69.91,5086.94,2.03,5.03,7318.0,3131.0,15746.0,5116.0,1464,621,1071,3585,1462,616,992,3023,1466,664,1090,3503,1470,658,1004,2939,1456,572,959,2696,42.42,4966.78,2.15,42.13,5420.03,2.01,45.29,4992.71,2.13,44.76,5008.15,1.95,39.29,5058.67,1.88
sprayAndWait,high_load,run49,45.94,70.52,4888.18,2.19,5.12,7318.0,3362.0,17206.0,5161.0,1464,783,1151,4465,1462,688,1063,3618,1466,671,1029,3421,1470,580,890,2642,1456,640,1028,3060,53.48,4632.44,2.5,47.06,4794.24,2.3,45.77,5265.55,2.21,39.46,4863.38,1.94,43.96,4928.89,1.92
sprayAndWait,high_load,run5,44.51,69.8,4868.3,2.1,5.01,7318.0,3257.0,16311.0,5108.0,1464,632,936,3655,1462,687,1131,3639,1466,655,956,2993,1470,664,1086,3193,1456,619,999,2831,43.17,4697.06,2.65,46.99,4870.55,2.26,44.68,4691.21,2.02,45.17,5068.72,1.73,42.51,5013.05,1.83
sprayAndWait,high_load,run50,41.43,68.76,4920.98,2.04,4.87,7318.0,3032.0,14772.0,5032.0,1464,628,987,3497,1462,722,1153,3789,1466,503,842,2470,1470,617,1066,2780,1456,562,984,2236,42.9,4776.22,2.47,49.38,4974.23,2.34,34.31,4733.87,2.18,41.97,5135.83,1.7,38.6,4945.92,1.42
sprayAndWait,high_load,run6,44.81,71.97,4967.22,2.0,4.93,7318.0,3279.0,16180.0,5267.0,1464,745,1060,4228,1462,693,1146,3445,1466,698,1183,3642,1470,668,1062,2816,1456,475,816,2049,50.89,4727.23,2.54,47.4,5045.17,1.9,47.61,4879.15,2.05,45.44,5160.61,1.75,32.62,5087.38,1.58
sprayAndWait,high_load,run7,41.27,67.76,4968.76,2.03,4.98,7318.0,3020.0,15036.0,4959.0,1464,749,1226,4153,1462,646,1068,3238,1466,521,894,2573,1470,574,893,2750,1456,530,878,2322,51.16,4913.23,2.28,44.19,4963.11,1.94,35.54,5221.26,1.89,39.05,4838.39,2.15,36.4,4947.09,1.8
sprayAndWait,high_load,run8,46.43,71.4,4896.67,2.21,5.06,7318.0,3398.0,17186.0,5225.0,1464,743,1117,4213,1462,571,938,3324,1466,713,1115,3527,1470,803,1186,3647,1456,568,869,2475,50.75,4581.04,2.73,39.06,5152.88,2.34,48.64,5081.61,2.14,54.63,4816.35,1.95,39.01,4933.4,1.83
sprayAndWait,high_load,run9,49.62,74.94,5009.44,2.06,4.88,7318.0,3631.0,17728.0,5484.0,1464,813,1170,4444,1462,743,1107,3896,1466,698,1053,3190,1470,692,1031,3102,1456,685,1123,3096,55.53,4916.16,2.5,50.82,4798.22,2.2,47.61,5175.12,1.91,47.07,4978.53,1.92,47.05,5211.68,1.65
sprayAndWait,extreme_load,run1,38.79,48.51,5743.13,0.87,2.34,18799.0,7292.0,17066.0,9120.0,3761,1708,1766,3291,3753,1438,1731,3668,3761,1390,1791,3423,3760,1388,1913,3290,3764,1368,1919,3394,45.41,7305.44,0.84,38.32,5205.59,0.95,36.96,5289.44,0.94,36.91,5286.09,0.79,36.34,5282.28,0.86
sprayAndWait,extreme_load,run10,33.58,44.81,5462.58,0.8,2.31,18799.0,6312.0,14572.0,8423.0,3761,1265,1421,2661,3753,1376,1800,3240,3761,1240,1656,3112,3760,1150,1682,2742,3764,1281,1864,2817,33.63,6460.96,0.9,36.66,5209.52,0.85,32.97,5302.23,0.81,30.59,5145.32,0.75,34.03,5188.55,0.69
sprayAndWait,extreme_load,run11,39.18,47.96,5568.09,0.79,2.22,18799.0,7366.0,16383.0,9016.0,3761,1724,1830,3309,3753,1408,1764,3550,3761,1359,1740,3516,3760,1486,1864,2955,3764,1389,1818,3053,45.84,6945.68,0.7,37.52,5090.98,0.94,36.13,5176.9,0.86,39.52,5200.44,0.68,36.9,5117.95,0.79
sprayAndWait,extreme_load,run12,33.24,42.76,5548.36,0.76,2.24,18799.0,6248.0,14007.0,8039.0,3761,1645,1807,3172,3753,1148,1490,2729,3761,1185,1599,2566,3760,1126,1556,2723,3764,1144,1587,2817,43.74,6633.66,0.76,30.59,4981.94,0.83,31.51,5209.03,0.69,29.95,5382.36,0.74,30.39,5071.08,0.78
sprayAndWait,extreme_load,run13,34.23,44.75,5536.11,0.82,2.36,18799.0,6434.0,15209.0,8413.0,3761,1494,1673,3214,3753,990,1293,2157,3761,1280,1659,3013,3760,1290,1817,3393,3764,1380,1971,3432,39.72,6985.09,0.88,26.38,5251.06,0.76,34.03,4993.73,0.78,34.31,5188.36,0.85,36.66,5000.06,0.79
sprayAndWait,extreme_load,run14,31.64,42.44,5463.68,0.8,2.32,18799.0,5948.0,13792.0,7979.0,3761,1272,1382,2680,3753,1176,1552,2879,3761,974,1378,2334,3760,1301,1825,2982,3764,1225,1842,2917,33.82,6624.37,0.85,31.33,5230.91,0.89,25.9,5119.78,0.76,34.6,5155.06,0.75,32.55,5083.14,0.75
sprayAndWait,extreme_load,run15,36.33,45.99,5461.32,0.77,2.21,18799.0,6830.0,15080.0,8646.0,3761,1746,1803,3423,3753,1271,1749,3204,3761,1182,1590,2828,3760,1301,1668,2779,3764,1330,1836,2846,46.42,6829.6,0.78,33.87,5049.14,0.92,31.43,5132.76,0.72,34.6,5039.41,0.74,35.33,4763.67,0.68
sprayAndWait,extreme_load,run16,39.74,48.53,5544.87,0.81,2.16,18799.0,7471.0,16129.0,9124.0,3761,1774,1774,3537,3753,1427,1805,3072,3761,1559,1921,3567,3760,1413,1840,3029,3764,1298,1784,2924,47.17,6570.58,0.85,38.02,5306.33,0.77,41.45,5250.31,0.84,37.58,5297.8,0.81,34.48,5028.04,0.74
sprayAndWait,extreme_load,run17,38.41,47.5,5568.16,0.82,2.26,18799.0,7220.0,16348.0,8929.0,3761,1845,1842,3722,3753,1462,1850,3302,3761,1310,1783,3129,3760,1357,1750,3403,3764,1246,1704,2792,49.06,6728.37,0.91,38.96,5269.92,0.77,34.83,5207.04,0.75,36.09,5118.12,0.86,33.1,5069.9,0.75
sprayAndWait,extreme_load,run18,35.01,44.78,5594.65,0.86,2.3,18799.0,6581.0,15163.0,8419.0,3761,1379,1532,3235,3753,1287,1603,3162,3761,1298,1721,2966,3760,1372,1817,3062,3764,1245,1746,2738,36.67,7266.65,1.03,34.29,5055.13,0.91,34.51,5309.16,0.82,36.49,5142.11,0.82,33.08,5096.77,0.72
sprayAndWait,extreme_load,run19,33.03,43.88,5546.64,0.8,2.28,18799.0,6210.0,14184.0,8249.0,3761,1618,1809,3336,3753,1294,1868,3185,3761,1041,1381,2289,3760,1117,1533,2705,3764,1140,1658,2669,43.02,6835.04,0.85,34.48,5252.72,0.73,27.68,5234.99,0.78,29.71,4809.16,0.89,30.29,5058.84,0.76
sprayAndWait,extreme_load,run2,32.8,43.66,5540.88,0.84,2.34,18799.0,6167.0,14427.0,8207.0,3761,1638,1803,3437,3753,1041,1480,2678,3761,1235,1721,2760,3760,1245,1739,2933,3764,1008,1464,2619,43.55,6731.49,0.86,27.74,5059.53,0.89,32.84,5189.79,0.74,33.11,5151.35,0.87,26.78,5014.52,0.86
sprayAndWait,extreme_load,run20,33.74,45.68,5684.97,0.79,2.33,18799.0,6342.0,14786.0,8588.0,3761,1573,1737,2925,3753,1102,1537,2772,3761,1156,1628,2545,3760,1213,1856,3233,3764,1298,1830,3311,41.82,6866.45,0.78,29.36,5372.69,0.8,30.74,5208.13,0.75,32.26,5393.77,0.78,34.48,5215.12,0.83
sprayAndWait,extreme_load,run21,31.15,42.13,5582.34,0.79,2.25,18799.0,5856.0,13173.0,7920.0,3761,1552,1781,2907,3753,1112,1503,2450,3761,1032,1458,2745,3760,1132,1654,2781,3764,1028,1524,2290,41.27,6788.34,0.75,29.63,5103.02,0.81,27.44,5107.01,0.88,30.11,5287.64,0.84,27.31,5081.77,0.69
sprayAndWait,extreme_load,run22,35.72,44.01,5500.54,0.81,2.35,18799.0,6715.0,15764.0,8273.0,3761,1429,1497,3269,3753,1340,1656,3189,3761,1497,1826,3304,3760,1241,1638,2886,3764,1208,1656,3116,38.0,7075.33,0.86,35.7,5141.04,0.84,39.8,5135.69,0.75,33.01,5108.07,0.74,32.09,4891.78,0.86
sprayAndWait,extreme_load,run23,30.84,41.68,5340.22,0.88,2.49,18799.0,5797.0,14406.0,7835.0,3761,1283,1467,2906,3753,1272,1768,3194,3761,961,1450,2702,3760,1135,1480,2794,3764,1146,1670,2810,34.11,6402.8,0.95,33.89,5024.73,0.85,25.55,4995.57,0.84,30.19,5011.82,0.92,30.45,5115.06,0.83
sprayAndWait,extreme_load,run24,34.23,42.37,5594.83,0.86,2.31,18799.0,6434.0,14889.0,7966.0,3761,1404,1522,3580,3753,1276,1610,2969,3761,1309,1677,2918,3760,1209,1528,2695,3764,1236,1629,2727,37.33,7231.88,1.09,34.0,5136.81,0.75,34.8,5281.3,0.79,32.15,4953.24,0.86,32.84,5167.76,0.79
sprayAndWait,extreme_load,run25,32.26,42.87,5834.05,0.75,2.22,18799.0,6064.0,13452.0,8059.0,3761,1609,1760,3094,3753,1177,1619,2880,3761,1002,1369,2195,3760,1066,1540,2495,3764,1210,1771,2788,42.78,7332.17,0.75,31.36,5126.17,0.72,26.64,5216.43,0.72,28.35,5235.95,0.83,32.15,5568.86,0.76
sprayAndWait,extreme_load,run26,35.18,44.88,5388.32,0.87,2.39,18799.0,6613.0,15784.0,8437.0,3761,1494,1616,3250,3753,1359,1810,3085,3761,1190,1539,3165,3760,1348,1784,3456,3764,1222,1688,2828,39.72,6554.35,0.97,36.21,5172.26,0.75,31.64,5072.56,0.97,35.85,5032.13,0.87,32.47,4903.44,0.77
sprayAndWait,extreme_load,run27,35.42,44.36,5551.73,0.78,2.15,18799.0,6659.0,14337.0,8340.0,3761,1674,1705,3191,3753,1081,1456,2428,3761,1182,1531,2612,3760,1340,1809,3021,3764,1382,1839,3085,44.51,6702.26,0.8,28.8,5315.34,0.83,31.43,5297.49,0.74,35.64,5108.12,0.8,36.72,4990.57,0.75
sprayAndWait,extreme_load,run28,37.36,46.6,5748.52,0.8,2.27,18799.0,7023.0,15976.0,8761.0,3761,1788,1857,3632,3753,1489,1861,3433,3761,1177,1543,2863,3760,1381,1791,3008,3764,1188,1709,3040,47.54,7121.05,0.77,39.67,5245.85,0.83,31.29,5359.44,0.82,36.73,5334.79,0.77,31.56,5179.26,0.83
sprayAndWait,extreme_load,run29,35.06,45.68,5662.67,0.79,2.2,18799.0,6591.0,14482.0,8588.0,3761,1548,1709,3027,3753,1273,1675,2798,3761,1314,1736,2870,3760,1153,1626,2512,3764,1303,1842,3275,41.16,7002.89,0.85,33.92,5476.77,0.75,34.94,5125.28,0.71,30.66,5281.05,0.79,34.62,5131.66,0.83
sprayAndWait,extreme_load,run3,34.31,44.54,5580.03,0.76,2.17,18799.0,6449.0,13963.0,8374.0,3761,1453,1644,2656,3753,1217,1523,2607,3761,1300,1710,2919,3760,1203,1619,2842,3764,1276,1878,2939,38.63,6939.88,0.72,32.43,5216.16,0.78,34.57,5324.15,0.78,31.99,5120.13,0.77,33.9,5072.87,0.73
sprayAndWait,extreme_load,run30,34.03,44.6,5537.7,0.72,2.06,18799.0,6398.0,13150.0,8385.0,3761,1410,1498,2696,3753,1214,1636,2577,3761,1270,1698,2772,3760,1400,1831,2819,3764,1104,1722,2286,37.49,7069.8,0.83,32.35,5159.93,0.68,33.77,4971.11,0.74,37.23,5188.11,0.7,29.33,5091.45,0.6
sprayAndWait,extreme_load,run31,30.83,41.58,5453.58,0.87,2.46,18799.0,5795.0,14231.0,7816.0,3761,1249,1397,3023,3753,1169,1610,2930,3761,1070,1450,2647,3760,1105,1613,2629,3764,1202,1746,3002,33.21,6448.43,1.05,31.15,5242.48,0.84,28.45,5269.9,0.84,29.39,5289.29,0.81,31.93,4939.65,0.79
sprayAndWait,extreme_load,run32,35.94,45.69,5586.88,0.72,2.13,18799.0,6757.0,14368.0,8590.0,3761,1746,1792,3181,3753,1330,1765,3079,3761,1274,1666,2848,3760,1254,1677,2845,3764,1153,1690,2415,46.42,6845.07,0.75,35.44,5051.6,0.68,33.87,5311.71,0.79,33.35,5046.37,0.74,30.63,5190.97,0.63
sprayAndWait,extreme_load,run33,36.38,45.1,5579.71,0.81,2.18,18799.0,6840.0,14906.0,8478.0,3761,1596,1675,3211,3753,1472,1818,3120,3761,1080,1411,2565,3760,1402,1852,3141,3764,1290,1722,2869,42.44,6619.46,0.87,39.22,5359.52,0.75,28.72,5216.35,0.88,37.29,5230.15,0.79,34.27,5228.66,0.79
sprayAndWait,extreme_load,run34,34.11,44.36,5571.37,0.79,2.23,18799.0,6412.0,14313.0,8340.0,3761,1455,1537,3029,3753,1237,1714,3106,3761,1275,1703,3018,3760,1249,1678,2574,3764,1196,1708,2586,38.69,7155.8,0.92,32.96,5232.99,0.86,33.9,5114.75,0.77,33.22,5058.97,0.71,31.77,5015.67,0.69
sprayAndWait,extreme_load,run35,36.6,45.98,5695.88,0.78,2.24,18799.0,6881.0,15405.0,8644.0,3761,1805,1780,3405,3753,1533,1944,3727,3761,1246,1710,3075,3760,1143,1550,2503,3764,1154,1660,2695,47.99,7136.77,0.79,40.85,5128.07,0.81,33.13,5216.67,0.83,30.4,5190.75,0.73,30.66,5214.15,0.73
sprayAndWait,extreme_load,run36,33.97,43.71,5585.68,0.78,2.25,18799.0,6386.0,14382.0,8217.0,3761,1608,1681,3069,3753,1104,1437,2572,3761,1305,1799,2799,3760,1262,1687,3053,3764,1107,1613,2889,42.75,7036.63,0.78,29.42,5176.21,0.8,34.7,5046.14,0.69,33.56,5118.23,0.84,29.41,5055.39,0.81
sprayAndWait,extreme_load,run37,29.63,41.58,5437.72,0.77,2.35,18799.0,5570.0,13105.0,7817.0,3761,1245,1454,2628,3753,1134,1652,2823,3761,1309,1955,3271,3760,987,1477,2155,3764,895,1279,2228,33.1,6837.18,0.81,30.22,5209.47,0.83,34.8,5002.63,0.69,26.25,4995.34,0.72,23.78,4904.37,0.81
sprayAndWait,extreme_load,run38,35.26,45.26,5590.0,0.76,2.21,18799.0,6628.0,14642.0,8509.0,3761,1639,1760,3379,3753,1234,1628,2804,3761,1310,1791,3153,3760,1269,1695,2666,3764,1176,1635,2640,43.58,6835.15,0.82,32.88,5341.34,0.78,34.83,5126.62,0.78,33.75,5179.88,0.76,31.24,5074.3,0.66
sprayAndWait,extreme_load,run39,31.61,42.46,5392.23,0.8,2.24,18799.0,5943.0,13331.0,7982.0,3761,1328,1545,2963,3753,1117,1454,2646,3761,1198,1623,2506,3760,1410,1910,2995,3764,890,1450,2221,35.31,6426.99,0.96,29.76,4937.49,0.8,31.85,5227.74,0.69,37.5,5151.18,0.72,23.65,5022.29,0.85
sprayAndWait,extreme_load,run4,35.33,45.19,5769.78,0.82,2.25,18799.0,6642.0,14930.0,8496.0,3761,1514,1579,2910,3753,1389,1756,3390,3761,1378,1832,2947,3760,1344,1843,3211,3764,1017,1486,2472,40.26,7228.57,0.81,37.01,5029.14,0.84,36.64,5592.49,0.76,35.74,5348.63,0.85,27.02,5406.42,0.82
sprayAndWait,extreme_load,run40,34.79,45.3,5600.6,0.77,2.23,18799.0,6540.0,14596.0,8516.0,3761,1400,1480,2831,3753,1298,1731,2893,3761,1357,1736,3395,3760,1293,1726,2757,3764,1192,1843,2720,37.22,7128.05,0.89,34.59,5275.39,0.75,36.08,5215.89,0.8,34.39,5122.75,0.69,31.67,5117.07,0.72
sprayAndWait,extreme_load,run41,31.65,42.9,5450.62,0.77,2.19,18799.0,5949.0,13006.0,8064.0,3761,1384,1474,2452,3753,1350,1866,3026,3761,993,1406,2272,3760,1171,1679,2848,3764,1051,1639,2408,36.8,6375.57,0.76,35.97,5198.95,0.72,26.4,5087.06,0.78,31.14,5277.24,0.83,27.92,5092.53,0.76
sprayAndWait,extreme_load,run42,39.82,48.37,5717.05,0.86,2.22,18799.0,7486.0,16634.0,9093.0,3761,1865,1928,3654,3753,1395,1707,3344,3761,1403,1823,3118,3760,1424,1782,3243,3764,1399,1853,3275,49.59,7131.72,0.92,37.17,5275.78,0.88,37.3,5233.7,0.77,37.87,5214.36,0.85,37.17,5267.57,0.87
sprayAndWait,extreme_load,run43,32.04,43.89,5529.27,0.79,2.28,18799.0,6023.0,13760.0,8251.0,3761,1364,1525,2911,3753,1214,1683,2879,3761,1206,1719,2568,3760,1200,1723,3031,3764,1039,1601,2371,36.27,6996.29,0.92,32.35,5146.4,0.8,32.07,5045.73,0.65,31.91,5075.74,0.78,27.6,5135.77,0.79
sprayAndWait,extreme_load,run44,35.55,44.64,5568.71,0.9,2.45,18799.0,6683.0,16396.0,8391.0,3761,1593,1691,3620,3753,1345,1753,3111,3761,1197,1565,3380,3760,1178,1533,2748,3764,1370,1849,3537,42.36,6752.13,0.96,35.84,5325.73,0.83,31.83,4992.5,1.01,31.33,5163.02,0.86,36.4,5283.5,0.82
sprayAndWait,extreme_load,run45,32.34,42.52,5635.57,0.83,2.32,18799.0,6080.0,14133.0,7994.0,3761,1589,1713,3171,3753,1240,1703,2777,3761,1135,1508,2892,3760,1004,1426,2427,3764,1112,1644,2866,42.25,6954.02,0.81,33.04,5039.63,0.84,30.18,5205.88,0.87,26.7,5336.55,0.81,29.54,5124.65,0.82
sprayAndWait,extreme_load,run46,35.52,46.67,5700.44,0.83,2.33,18799.0,6678.0,15554.0,8773.0,3761,1631,1800,3588,3753,1262,1685,2882,3761,1308,1804,3148,3760,1280,1771,2645,3764,1197,1713,3291,43.37,7066.87,0.87,33.63,5352.15,0.84,34.78,5224.66,0.81,34.04,5084.15,0.69,31.8,5384.73,0.96
sprayAndWait,extreme_load,run47,34.03,45.25,5482.43,0.79,2.21,18799.0,6397.0,14154.0,8507.0,3761,1573,1772,3470,3753,1240,1649,2575,3761,1205,1653,2854,3760,1286,1712,2836,3764,1093,1721,2419,41.82,6533.03,0.88,33.04,5219.13,0.72,32.04,5155.62,0.85,34.2,5116.98,0.78,29.04,5059.47,0.72
sprayAndWait,extreme_load,run48,35.13,45.28,5685.29,0.85,2.38,18799.0,6605.0,15703.0,8513.0,3761,1690,1743,3532,3753,1432,1875,3471,3761,1151,1631,3028,3760,1063,1458,2603,3764,1269,1806,3069,44.93,6994.73,0.85,38.16,5140.87,0.87,30.6,5272.41,0.92,28.27,5392.79,0.84,33.71,5175.28,0.79
sprayAndWait,extreme_load,run49,38.64,46.82,5626.21,0.82,2.26,18799.0,7263.0,16419.0,8802.0,3761,1664,1722,3683,3753,1345,1649,3207,3761,1538,1865,3183,3760,1383,1774,3209,3764,1333,1792,3137,44.24,7033.35,0.89,35.84,5398.41,0.9,40.89,5045.69,0.71,36.78,5237.34,0.85,35.41,5172.75,0.77
sprayAndWait,extreme_load,run5,37.68,47.45,5697.5,0.78,2.17,18799.0,7084.0,15374.0,8921.0,3761,1742,1769,3376,3753,1384,1802,3343,3761,1319,1738,3078,3760,1397,1860,3112,3764,1242,1752,2465,46.32,7100.93,0.81,36.88,5191.24,0.87,35.07,5394.38,0.78,37.15,5185.12,0.74,33.0,5191.45,0.67
sprayAndWait,extreme_load,run50,38.21,47.91,5395.96,0.78,2.15,18799.0,7183.0,15411.0,9006.0,3761,1553,1620,2751,3753,1387,1765,3410,3761,1455,1812,3162,3760,1449,1909,2864,3764,1339,1900,3224,41.29,6411.75,0.71,36.96,5086.58,0.88,38.69,4965.55,0.75,38.54,5258.79,0.69,35.57,5154.46,0.88
sprayAndWait,extreme_load,run6,37.11,48.36,5543.4,0.76,2.11,18799.0,6977.0,14710.0,9091.0,3761,1707,1924,3444,3753,1437,1881,3204,3761,1258,1684,2717,3760,1326,1824,2704,3764,1249,1778,2641,45.39,6842.5,0.85,38.29,5056.15,0.73,33.45,5160.65,0.73,35.27,5219.33,0.74,33.18,5058.1,0.71
sprayAndWait,extreme_load,run7,40.5,48.16,5600.17,0.8,2.1,18799.0,7613.0,15968.0,9053.0,3761,1895,1898,3657,3753,1420,1760,3083,3761,1521,1832,3180,3760,1390,1764,3051,3764,1387,1799,2997,50.39,6776.08,0.85,37.84,5083.78,0.85,40.44,5203.62,0.71,36.97,5213.27,0.78,36.85,5344.83,0.78
sprayAndWait,extreme_load,run8,31.71,42.73,5578.04,0.84,2.43,18799.0,5961.0,14503.0,8032.0,3761,1542,1715,2975,3753,1004,1330,2669,3761,1074,1549,2843,3760,1207,1787,3413,3764,1134,1651,2603,41.0,6783.65,0.82,26.75,5234.16,0.85,28.56,5139.29,0.85,32.1,5201.78,0.96,30.13,5059.12,0.73
sprayAndWait,extreme_load,run9,37.5,47.16,5789.23,0.76,2.16,18799.0,7049.0,15213.0,8866.0,3761,1648,1646,2917,3753,1393,1767,3032,3761,1349,1830,3185,3760,1397,1807,3365,3764,1262,1816,2714,43.82,7230.38,0.75,37.12,5337.63,0.83,35.87,5544.64,0.7,37.15,5379.42,0.84,33.53,5120.85,0.66
