5.0000 0.0000 0.0000
10.0000 0.0000 0.0000
15.0000 0.0000 0.0000
20.0000 0.0000 0.0000
25.0000 0.0000 0.0000
30.0000 0.0000 0.0000
35.0000 0.0000 0.0000
40.0000 0.0000 0.0000
45.0000 0.0000 0.0000
50.0000 0.0000 0.0000
55.0000 0.0000 0.0000
60.0000 0.0000 0.0000
65.0000 0.0000 0.0000
70.0000 0.0000 0.0000
75.0000 0.0000 0.0000
80.0000 0.0000 0.0000
85.0000 0.0000 0.0000
90.0000 0.0000 0.0000
95.0000 0.0048 0.0000
100.0000 0.0117 0.0001
105.0000 0.0117 0.0001
110.0000 0.0207 0.0001
115.0000 0.0274 0.0001
120.0000 0.0274 0.0001
125.0000 0.0274 0.0001
130.0000 0.0274 0.0001
135.0000 0.0274 0.0001
140.0000 0.0274 0.0001
145.0000 0.0327 0.0002
150.0000 0.0327 0.0002
155.0000 0.0327 0.0002
160.0000 0.0327 0.0002
165.0000 0.0327 0.0002
170.0000 0.0327 0.0002
175.0000 0.0327 0.0002
180.0000 0.0327 0.0002
185.0000 0.0327 0.0002
190.0000 0.0372 0.0002
195.0000 0.0372 0.0002
200.0000 0.0372 0.0002
205.0000 0.0419 0.0002
210.0000 0.0487 0.0002
215.0000 0.0583 0.0003
220.0000 0.0583 0.0003
225.0000 0.0583 0.0003
230.0000 0.0583 0.0003
235.0000 0.0583 0.0003
240.0000 0.0583 0.0003
245.0000 0.0583 0.0003
250.0000 0.0583 0.0003
255.0000 0.0583 0.0003
260.0000 0.0583 0.0003
265.0000 0.0583 0.0003
270.0000 0.0583 0.0003
275.0000 0.0583 0.0003
280.0000 0.0583 0.0003
285.0000 0.0612 0.0003
290.0000 0.0612 0.0003
295.0000 0.0612 0.0003
300.0000 0.0612 0.0003
305.0000 0.0612 0.0003
310.0000 0.0683 0.0004
315.0000 0.0761 0.0004
320.0000 0.0761 0.0004
325.0000 0.0816 0.0004
330.0000 0.0907 0.0005
335.0000 0.0907 0.0005
340.0000 0.0907 0.0005
345.0000 0.0907 0.0005
350.0000 0.0907 0.0005
355.0000 0.0907 0.0005
360.0000 0.0907 0.0005
365.0000 0.0907 0.0005
370.0000 0.0907 0.0005
375.0000 0.0907 0.0005
380.0000 0.0907 0.0005
385.0000 0.0938 0.0005
390.0000 0.0938 0.0005
395.0000 0.0938 0.0005
400.0000 0.0938 0.0005
405.0000 0.0938 0.0005
410.0000 0.0984 0.0005
415.0000 0.0984 0.0005
420.0000 0.1414 0.0022
425.0000 0.1414 0.0022
430.0000 0.1489 0.0023
435.0000 0.1532 0.0023
440.0000 0.1597 0.0023
445.0000 0.1842 0.0023
450.0000 0.1842 0.0023
455.0000 0.1842 0.0023
460.0000 0.1842 0.0023
465.0000 0.1899 0.0024
470.0000 0.1899 0.0024
475.0000 0.1899 0.0024
480.0000 0.2329 0.0040
485.0000 0.2369 0.0040
490.0000 0.2701 0.0050
495.0000 0.2743 0.0050
500.0000 0.2806 0.0050
505.0000 0.2806 0.0050
510.0000 0.2806 0.0050
515.0000 0.2947 0.0051
520.0000 0.2947 0.0051
525.0000 0.3355 0.0065
530.0000 0.3383 0.0065
535.0000 0.3424 0.0065
540.0000 0.4526 0.0155
545.0000 0.4578 0.0155
550.0000 0.4660 0.0155
555.0000 0.4660 0.0155
560.0000 0.4660 0.0155
565.0000 0.4660 0.0155
570.0000 0.4706 0.0155
575.0000 0.5104 0.0195
580.0000 0.5152 0.0194
585.0000 0.5152 0.0194
590.0000 0.5152 0.0194
595.0000 0.5152 0.0194
600.0000 0.5152 0.0194
605.0000 0.5253 0.0194
610.0000 0.5727 0.0242
615.0000 0.6153 0.0255
620.0000 0.6153 0.0255
625.0000 0.6188 0.0255
630.0000 0.6188 0.0255
635.0000 0.6188 0.0255
640.0000 0.6613 0.0260
645.0000 0.6613 0.0260
650.0000 0.6664 0.0260
655.0000 0.6664 0.0260
660.0000 0.6715 0.0260
665.0000 0.6803 0.0260
670.0000 0.6803 0.0260
675.0000 0.6882 0.0259
680.0000 0.6947 0.0258
685.0000 0.6947 0.0258
690.0000 0.6947 0.0258
695.0000 0.7420 0.0314
700.0000 0.7696 0.0318
705.0000 0.7732 0.0318
710.0000 0.8107 0.0323
715.0000 0.8188 0.0323
720.0000 0.8252 0.0323
725.0000 0.8417 0.0323
730.0000 0.8478 0.0325
735.0000 0.8478 0.0325
740.0000 0.8478 0.0325
745.0000 0.8890 0.0334
750.0000 0.9320 0.0381
755.0000 0.9320 0.0381
760.0000 0.9365 0.0380
765.0000 0.9365 0.0380
770.0000 0.9365 0.0380
775.0000 0.9497 0.0382
780.0000 0.9587 0.0381
785.0000 0.9675 0.0381
790.0000 0.9757 0.0383
795.0000 1.0166 0.0414
800.0000 1.0204 0.0414
805.0000 1.0204 0.0414
810.0000 1.0204 0.0414
815.0000 1.0236 0.0414
820.0000 1.0236 0.0414
825.0000 1.0778 0.0486
830.0000 1.0778 0.0486
835.0000 1.0778 0.0486
840.0000 1.0778 0.0486
845.0000 1.0778 0.0486
850.0000 1.0882 0.0488
855.0000 1.0987 0.0488
860.0000 1.0987 0.0488
865.0000 1.1029 0.0487
870.0000 1.1064 0.0487
875.0000 1.1106 0.0487
880.0000 1.1237 0.0487
885.0000 1.1405 0.0490
890.0000 1.1446 0.0491
895.0000 1.1564 0.0489
900.0000 1.1564 0.0489
905.0000 1.1611 0.0491
910.0000 1.1665 0.0492
915.0000 1.1706 0.0492
920.0000 1.1706 0.0492
925.0000 1.2279 0.0566
930.0000 1.2349 0.0566
935.0000 1.2349 0.0566
940.0000 1.2762 0.0672
945.0000 1.2762 0.0672
950.0000 1.2762 0.0672
955.0000 1.3495 0.0838
960.0000 1.3556 0.0839
965.0000 1.3592 0.0839
970.0000 1.3592 0.0839
975.0000 1.3592 0.0839
980.0000 1.3592 0.0839
985.0000 1.3647 0.0839
990.0000 1.3647 0.0839
995.0000 1.3647 0.0839
1000.0000 1.3647 0.0839
1005.0000 1.4009 0.0837
1010.0000 1.4009 0.0837
1015.0000 1.4009 0.0837
1020.0000 1.4048 0.0837
1025.0000 1.4473 0.0867
1030.0000 1.4473 0.0867
1035.0000 1.5050 0.0932
1040.0000 1.5536 0.0937
1045.0000 1.5536 0.0937
1050.0000 1.5536 0.0937
1055.0000 1.5536 0.0937
1060.0000 1.5586 0.0936
1065.0000 1.5646 0.0935
1070.0000 1.5646 0.0935
1075.0000 1.5646 0.0935
1080.0000 1.5692 0.0936
1085.0000 1.6531 0.1060
1090.0000 1.6848 0.1060
1095.0000 1.6848 0.1060
1100.0000 1.6939 0.1058
1105.0000 1.6980 0.1057
1110.0000 1.6980 0.1057
1115.0000 1.7046 0.1056
1120.0000 1.7408 0.1174
1125.0000 1.7468 0.1173
1130.0000 1.7468 0.1173
1135.0000 1.7504 0.1172
1140.0000 1.7653 0.1169
1145.0000 1.8081 0.1169
1150.0000 1.8507 0.1171
1155.0000 1.8933 0.1276
1160.0000 1.8933 0.1276
1165.0000 1.8933 0.1276
1170.0000 1.9019 0.1274
1175.0000 1.9077 0.1276
1180.0000 1.9077 0.1276
1185.0000 1.9508 0.1356
1190.0000 1.9508 0.1356
1195.0000 1.9508 0.1356
1200.0000 1.9830 0.1441
1205.0000 1.9918 0.1440
1210.0000 1.9918 0.1440
1215.0000 2.0002 0.1439
1220.0000 2.0038 0.1438
1225.0000 2.0164 0.1439
1230.0000 2.0164 0.1439
1235.0000 2.0164 0.1439
1240.0000 2.0262 0.1437
1245.0000 2.0307 0.1438
1250.0000 2.0719 0.1562
1255.0000 2.0780 0.1561
1260.0000 2.0780 0.1561
1265.0000 2.0780 0.1561
1270.0000 2.0780 0.1561
1275.0000 2.1179 0.1712
1280.0000 2.1216 0.1710
1285.0000 2.1252 0.1709
1290.0000 2.1614 0.1787
1295.0000 2.1948 0.1916
1300.0000 2.2350 0.2012
1305.0000 2.2389 0.2011
1310.0000 2.2422 0.2010
1315.0000 2.2582 0.2009
1320.0000 2.2699 0.2007
1325.0000 2.2779 0.2005
1330.0000 2.3749 0.2062
1335.0000 2.4082 0.2089
1340.0000 2.4448 0.2139
1345.0000 2.4448 0.2139
1350.0000 2.4448 0.2139
1355.0000 2.4448 0.2139
1360.0000 2.4448 0.2139
1365.0000 2.4891 0.2261
1370.0000 2.4891 0.2261
1375.0000 2.5218 0.2304
1380.0000 2.5596 0.2299
1385.0000 2.5724 0.2299
1390.0000 2.5778 0.2300
1395.0000 2.5778 0.2300
1400.0000 2.5778 0.2300
1405.0000 2.5824 0.2298
1410.0000 2.5865 0.2297
1415.0000 2.5865 0.2297
1420.0000 2.5865 0.2297
1425.0000 2.6290 0.2293
1430.0000 2.6385 0.2290
1435.0000 2.6427 0.2288
1440.0000 2.6427 0.2288
1445.0000 2.6525 0.2285
1450.0000 2.6565 0.2283
1455.0000 2.6565 0.2283
1460.0000 2.6651 0.2285
1465.0000 2.6700 0.2287
1470.0000 2.6780 0.2286
1475.0000 2.6780 0.2286
1480.0000 2.6878 0.2282
1485.0000 2.6878 0.2282
1490.0000 2.6915 0.2281
1495.0000 2.6915 0.2281
1500.0000 2.6981 0.2279
1505.0000 2.7270 0.2421
1510.0000 2.7270 0.2421
1515.0000 2.7270 0.2421
1520.0000 2.7363 0.2422
1525.0000 2.7430 0.2424
1530.0000 2.7510 0.2428
1535.0000 2.7556 0.2428
1540.0000 2.7636 0.2430
1545.0000 2.7690 0.2430
1550.0000 2.7690 0.2430
1555.0000 2.7724 0.2428
1560.0000 2.7762 0.2426
1565.0000 2.8189 0.2448
1570.0000 2.8971 0.2653
1575.0000 2.9080 0.2656
1580.0000 2.9686 0.2668
1585.0000 2.9737 0.2665
1590.0000 2.9737 0.2665
1595.0000 2.9770 0.2665
1600.0000 2.9770 0.2665
1605.0000 2.9770 0.2665
1610.0000 2.9770 0.2665
1615.0000 2.9770 0.2665
1620.0000 2.9832 0.2663
1625.0000 2.9832 0.2663
1630.0000 2.9832 0.2663
1635.0000 2.9949 0.2658
1640.0000 3.0015 0.2656
1645.0000 3.0015 0.2656
1650.0000 3.0015 0.2656
1655.0000 3.0205 0.2653
1660.0000 3.0531 0.2789
1665.0000 3.0610 0.2787
1670.0000 3.1135 0.2812
1675.0000 3.1135 0.2812
1680.0000 3.1135 0.2812
1685.0000 3.1169 0.2810
1690.0000 3.1211 0.2809
1695.0000 3.1290 0.2805
1700.0000 3.1389 0.2801
1705.0000 3.1508 0.2798
1710.0000 3.1535 0.2797
1715.0000 3.1535 0.2797
1720.0000 3.1535 0.2797
1725.0000 3.1573 0.2795
1730.0000 3.1573 0.2795
1735.0000 3.1709 0.2790
1740.0000 3.1763 0.2793
1745.0000 3.1763 0.2793
1750.0000 3.1897 0.2789
1755.0000 3.2022 0.2785
1760.0000 3.2065 0.2783
1765.0000 3.2065 0.2783
1770.0000 3.2170 0.2780
1775.0000 3.2221 0.2779
1780.0000 3.2932 0.2948
1785.0000 3.3249 0.2935
1790.0000 3.3504 0.2939
1795.0000 3.3504 0.2939
1800.0000 3.3504 0.2939
1805.0000 3.3504 0.2939
1810.0000 3.3504 0.2939
1815.0000 3.3756 0.2967
1820.0000 3.3756 0.2967
1825.0000 3.3811 0.2965
1830.0000 3.4302 0.3231
1835.0000 3.4365 0.3229
1840.0000 3.4365 0.3229
1845.0000 3.4476 0.3226
1850.0000 3.4586 0.3224
1855.0000 3.4586 0.3224
1860.0000 3.4842 0.3212
1865.0000 3.4842 0.3212
1870.0000 3.4871 0.3211
1875.0000 3.5000 0.3205
1880.0000 3.5049 0.3202
1885.0000 3.5533 0.3347
1890.0000 3.5612 0.3344
1895.0000 3.6462 0.3418
1900.0000 3.6462 0.3418
1905.0000 3.6489 0.3417
1910.0000 3.6521 0.3416
1915.0000 3.6561 0.3414
1920.0000 3.6561 0.3414
1925.0000 3.6561 0.3414
1930.0000 3.6561 0.3414
1935.0000 3.6561 0.3414
1940.0000 3.6561 0.3414
1945.0000 3.6561 0.3414
1950.0000 3.6561 0.3414
1955.0000 3.6622 0.3412
1960.0000 3.6668 0.3409
1965.0000 3.6727 0.3409
1970.0000 3.6799 0.3406
1975.0000 3.6799 0.3406
1980.0000 3.6799 0.3406
1985.0000 3.6971 0.3399
1990.0000 3.7170 0.3395
1995.0000 3.7170 0.3395
2000.0000 3.7290 0.3393
2005.0000 3.7344 0.3393
2010.0000 3.7402 0.3394
2015.0000 3.7402 0.3394
2020.0000 3.8064 0.3491
2025.0000 3.8777 0.3834
2030.0000 3.8777 0.3834
2035.0000 3.8777 0.3834
2040.0000 3.9168 0.3925
2045.0000 3.9168 0.3925
2050.0000 3.9605 0.3910
2055.0000 3.9646 0.3908
2060.0000 4.0072 0.3910
2065.0000 4.0111 0.3908
2070.0000 4.0247 0.3902
2075.0000 4.0471 0.3896
2080.0000 4.0471 0.3896
2085.0000 4.0471 0.3896
2090.0000 4.0564 0.3893
2095.0000 4.0922 0.3890
2100.0000 4.0922 0.3890
2105.0000 4.0922 0.3890
2110.0000 4.0972 0.3887
2115.0000 4.0972 0.3887
2120.0000 4.0972 0.3887
2125.0000 4.0972 0.3887
2130.0000 4.1409 0.3903
2135.0000 4.1409 0.3903
2140.0000 4.1409 0.3903
2145.0000 4.1409 0.3903
2150.0000 4.1503 0.3899
2155.0000 4.1503 0.3899
2160.0000 4.1503 0.3899
2165.0000 4.1596 0.3895
2170.0000 4.2002 0.3930
2175.0000 4.2257 0.3915
2180.0000 4.2432 0.3913
2185.0000 4.2862 0.3894
2190.0000 4.2862 0.3894
2195.0000 4.2898 0.3893
2200.0000 4.2898 0.3893
2205.0000 4.2898 0.3893
2210.0000 4.2954 0.3893
2215.0000 4.2998 0.3890
2220.0000 4.3026 0.3888
2225.0000 4.3026 0.3888
2230.0000 4.3079 0.3885
2235.0000 4.3173 0.3882
2240.0000 4.3173 0.3882
2245.0000 4.3173 0.3882
2250.0000 4.3173 0.3882
2255.0000 4.3202 0.3880
2260.0000 4.3202 0.3880
2265.0000 4.3718 0.4032
2270.0000 4.4060 0.4014
2275.0000 4.4111 0.4013
2280.0000 4.4111 0.4013
2285.0000 4.4111 0.4013
2290.0000 4.4534 0.4094
2295.0000 4.4616 0.4090
2300.0000 4.4784 0.4083
2305.0000 4.5067 0.4135
2310.0000 4.5067 0.4135
2315.0000 4.5391 0.4137
2320.0000 4.5391 0.4137
2325.0000 4.5391 0.4137
2330.0000 4.5917 0.4158
2335.0000 4.5959 0.4156
2340.0000 4.5959 0.4156
2345.0000 4.5959 0.4156
2350.0000 4.6478 0.4279
2355.0000 4.6540 0.4279
2360.0000 4.6581 0.4278
2365.0000 4.6581 0.4278
2370.0000 4.7089 0.4444
2375.0000 4.7089 0.4444
2380.0000 4.7135 0.4442
2385.0000 4.7135 0.4442
2390.0000 4.7174 0.4439
2395.0000 4.7213 0.4436
2400.0000 4.7357 0.4431
2405.0000 4.7357 0.4431
2410.0000 4.8155 0.4565
2415.0000 4.8587 0.4561
2420.0000 4.8658 0.4556
2425.0000 4.9417 0.4711
2430.0000 4.9918 0.4915
2435.0000 5.0409 0.5128
2440.0000 5.0456 0.5127
2445.0000 5.0456 0.5127
2450.0000 5.0456 0.5127
2455.0000 5.1204 0.5357
2460.0000 5.1204 0.5357
2465.0000 5.1356 0.5349
2470.0000 5.1356 0.5349
2475.0000 5.1435 0.5343
2480.0000 5.1435 0.5343
2485.0000 5.1435 0.5343
2490.0000 5.1435 0.5343
2495.0000 5.1435 0.5343
2500.0000 5.1499 0.5339
2505.0000 5.1732 0.5334
2510.0000 5.1767 0.5332
2515.0000 5.1812 0.5330
2520.0000 5.2184 0.5439
2525.0000 5.2184 0.5439
2530.0000 5.2279 0.5436
2535.0000 5.2323 0.5434
2540.0000 5.2373 0.5431
2545.0000 5.2479 0.5430
2550.0000 5.2664 0.5424
2555.0000 5.2750 0.5424
2560.0000 5.2796 0.5422
2565.0000 5.3383 0.5447
2570.0000 5.3510 0.5447
2575.0000 5.3560 0.5444
2580.0000 5.3560 0.5444
2585.0000 5.3672 0.5440
2590.0000 5.3722 0.5436
2595.0000 5.4214 0.5486
2600.0000 5.4385 0.5476
2605.0000 5.4534 0.5470
2610.0000 5.4657 0.5464
2615.0000 5.4738 0.5467
2620.0000 5.4771 0.5464
2625.0000 5.4771 0.5464
2630.0000 5.4821 0.5462
2635.0000 5.4821 0.5462
2640.0000 5.4860 0.5459
2645.0000 5.4898 0.5456
2650.0000 5.4989 0.5449
2655.0000 5.4989 0.5449
2660.0000 5.4989 0.5449
2665.0000 5.4989 0.5449
2670.0000 5.5305 0.5486
2675.0000 5.5305 0.5486
2680.0000 5.5305 0.5486
2685.0000 5.6019 0.5572
2690.0000 5.6593 0.5687
2695.0000 5.6818 0.5675
2700.0000 5.6902 0.5672
2705.0000 5.6966 0.5673
2710.0000 5.7567 0.5842
2715.0000 5.7567 0.5842
2720.0000 5.7567 0.5842
2725.0000 5.7567 0.5842
2730.0000 5.7654 0.5836
2735.0000 5.8138 0.6077
2740.0000 5.8565 0.6170
2745.0000 5.8565 0.6170
2750.0000 5.8637 0.6167
2755.0000 5.8678 0.6164
2760.0000 5.8678 0.6164
2765.0000 5.9276 0.6267
2770.0000 5.9593 0.6366
2775.0000 5.9725 0.6357
2780.0000 5.9774 0.6355
2785.0000 5.9836 0.6349
2790.0000 5.9836 0.6349
2795.0000 5.9942 0.6347
2800.0000 5.9942 0.6347
2805.0000 5.9942 0.6347
2810.0000 6.0003 0.6341
2815.0000 6.0059 0.6337
2820.0000 6.0059 0.6337
2825.0000 6.0059 0.6337
2830.0000 6.0059 0.6337
2835.0000 6.0059 0.6337
2840.0000 6.0128 0.6331
2845.0000 6.0181 0.6328
2850.0000 6.0596 0.6396
2855.0000 6.1477 0.6683
2860.0000 6.1477 0.6683
2865.0000 6.2303 0.7010
2870.0000 6.2303 0.7010
2875.0000 6.2303 0.7010
2880.0000 6.2353 0.7007
2885.0000 6.2398 0.7005
2890.0000 6.2437 0.7004
2895.0000 6.2503 0.7005
2900.0000 6.2555 0.7002
2905.0000 6.2882 0.7130
2910.0000 6.2882 0.7130
2915.0000 6.3412 0.7220
2920.0000 6.3860 0.7300
2925.0000 6.3913 0.7295
2930.0000 6.4018 0.7299
2935.0000 6.4068 0.7297
2940.0000 6.4117 0.7295
2945.0000 6.4117 0.7295
2950.0000 6.4117 0.7295
2955.0000 6.4504 0.7406
2960.0000 6.4823 0.7435
2965.0000 6.5288 0.7530
2970.0000 6.5353 0.7527
2975.0000 6.5438 0.7522
2980.0000 6.5438 0.7522
2985.0000 6.5474 0.7519
2990.0000 6.5474 0.7519
2995.0000 6.5958 0.7857
3000.0000 6.5958 0.7857
3005.0000 6.5958 0.7857
3010.0000 6.6094 0.7846
3015.0000 6.6094 0.7846
3020.0000 6.6662 0.8217
3025.0000 6.7242 0.8271
3030.0000 6.7354 0.8263
3035.0000 6.7442 0.8256
3040.0000 6.7495 0.8254
3045.0000 6.8133 0.8281
3050.0000 6.8179 0.8280
3055.0000 6.8578 0.8423
3060.0000 6.8627 0.8422
3065.0000 6.8677 0.8419
3070.0000 6.8755 0.8415
3075.0000 6.8835 0.8412
3080.0000 6.8835 0.8412
3085.0000 6.8835 0.8412
3090.0000 6.9090 0.8424
3095.0000 6.9090 0.8424
3100.0000 6.9904 0.8543
3105.0000 6.9973 0.8536
3110.0000 7.0076 0.8535
3115.0000 7.0123 0.8532
3120.0000 7.0168 0.8528
3125.0000 7.0449 0.8682
3130.0000 7.0840 0.8838
3135.0000 7.0840 0.8838
3140.0000 7.1229 0.8917
3145.0000 7.1229 0.8917
3150.0000 7.1545 0.9028
3155.0000 7.1942 0.9047
3160.0000 7.1942 0.9047
3165.0000 7.2389 0.9437
3170.0000 7.2389 0.9437
3175.0000 7.2435 0.9434
3180.0000 7.2435 0.9434
3185.0000 7.2480 0.9431
3190.0000 7.2551 0.9429
3195.0000 7.2592 0.9425
3200.0000 7.2592 0.9425
3205.0000 7.2592 0.9425
3210.0000 7.2592 0.9425
3215.0000 7.3077 0.9694
3220.0000 7.3567 0.9930
3225.0000 7.3935 1.0094
3230.0000 7.3973 1.0092
3235.0000 7.3973 1.0092
3240.0000 7.3973 1.0092
3245.0000 7.4438 1.0334
3250.0000 7.4837 1.0595
3255.0000 7.5237 1.0841
3260.0000 7.5287 1.0837
3265.0000 7.5329 1.0832
3270.0000 7.5329 1.0832
3275.0000 7.5329 1.0832
3280.0000 7.5593 1.0841
3285.0000 7.5593 1.0841
3290.0000 7.5940 1.0829
3295.0000 7.6031 1.0820
3300.0000 7.6118 1.0814
3305.0000 7.7028 1.0948
3310.0000 7.7460 1.1024
3315.0000 7.7595 1.1015
3320.0000 7.7595 1.1015
3325.0000 7.7868 1.0998
3330.0000 7.7964 1.0990
3335.0000 7.8021 1.0984
3340.0000 7.8021 1.0984
3345.0000 7.8565 1.1142
3350.0000 7.8565 1.1142
3355.0000 7.8565 1.1142
3360.0000 7.8565 1.1142
3365.0000 7.8565 1.1142
3370.0000 7.8565 1.1142
3375.0000 7.8674 1.1133
3380.0000 7.8748 1.1130
3385.0000 7.8748 1.1130
3390.0000 7.8776 1.1126
3395.0000 7.9603 1.1351
3400.0000 8.0093 1.1682
3405.0000 8.0580 1.1888
3410.0000 8.0580 1.1888
3415.0000 8.0901 1.2003
3420.0000 8.1696 1.2370
3425.0000 8.1872 1.2350
3430.0000 8.1933 1.2344
3435.0000 8.2052 1.2338
3440.0000 8.2147 1.2331
3445.0000 8.2258 1.2326
3450.0000 8.2289 1.2324
3455.0000 8.2289 1.2324
3460.0000 8.2289 1.2324
3465.0000 8.2289 1.2324
3470.0000 8.2289 1.2324
3475.0000 8.2655 1.2460
3480.0000 8.4134 1.2674
3485.0000 8.4255 1.2662
3490.0000 8.4315 1.2657
3495.0000 8.4497 1.2653
3500.0000 8.4566 1.2643
3505.0000 8.5156 1.2895
3510.0000 8.5465 1.3061
3515.0000 8.5465 1.3061
3520.0000 8.6252 1.3431
3525.0000 8.6309 1.3425
3530.0000 8.6309 1.3425
3535.0000 8.6798 1.3564
3540.0000 8.6839 1.3561
3545.0000 8.6933 1.3555
3550.0000 8.7045 1.3547
3555.0000 8.7583 1.3865
3560.0000 8.7669 1.3854
3565.0000 8.7735 1.3857
3570.0000 8.7882 1.3850
3575.0000 8.8291 1.4076
3580.0000 8.8291 1.4076
3585.0000 8.8322 1.4072
3590.0000 8.8742 1.4037
3595.0000 8.8742 1.4037
3600.0000 8.9893 1.4331
3605.0000 9.0623 1.4932
3610.0000 9.0623 1.4932
3615.0000 9.0623 1.4932
3620.0000 9.0731 1.4924
3625.0000 9.0731 1.4924
3630.0000 9.1056 1.4945
3635.0000 9.1056 1.4945
3640.0000 9.1056 1.4945
3645.0000 9.1114 1.4938
3650.0000 9.1114 1.4938
3655.0000 9.1155 1.4933
3660.0000 9.1207 1.4926
3665.0000 9.1303 1.4916
3670.0000 9.1303 1.4916
3675.0000 9.1593 1.5036
3680.0000 9.1940 1.5140
3685.0000 9.1940 1.5140
3690.0000 9.2329 1.5358
3695.0000 9.2862 1.5657
3700.0000 9.2923 1.5653
3705.0000 9.2923 1.5653
3710.0000 9.3338 1.5706
3715.0000 9.3389 1.5703
3720.0000 9.3431 1.5697
3725.0000 9.3490 1.5696
3730.0000 9.3556 1.5696
3735.0000 9.3693 1.5699
3740.0000 9.3750 1.5701
3745.0000 9.3830 1.5706
3750.0000 9.3910 1.5693
3755.0000 9.5080 1.5851
3760.0000 9.5529 1.5860
3765.0000 9.5994 1.5896
3770.0000 9.6054 1.5889
3775.0000 9.6601 1.6252
3780.0000 9.6679 1.6240
3785.0000 9.7429 1.6545
3790.0000 9.7429 1.6545
3795.0000 9.7429 1.6545
3800.0000 9.7759 1.6682
3805.0000 9.7853 1.6675
3810.0000 9.7985 1.6660
3815.0000 9.7985 1.6660
3820.0000 9.8783 1.7261
3825.0000 9.8830 1.7258
3830.0000 9.8830 1.7258
3835.0000 9.8830 1.7258
3840.0000 9.8830 1.7258
3845.0000 9.9245 1.7603
3850.0000 9.9292 1.7601
3855.0000 9.9370 1.7605
3860.0000 9.9370 1.7605
3865.0000 9.9459 1.7595
3870.0000 9.9716 1.7566
3875.0000 9.9804 1.7555
3880.0000 9.9851 1.7549
3885.0000 9.9851 1.7549
3890.0000 9.9897 1.7543
3895.0000 10.0249 1.7529
3900.0000 10.0733 1.7931
3905.0000 10.1415 1.8095
3910.0000 10.2197 1.8527
3915.0000 10.2621 1.8947
3920.0000 10.3409 1.9414
3925.0000 10.3607 1.9395
3930.0000 10.3715 1.9381
3935.0000 10.3977 1.9645
3940.0000 10.4524 1.9972
3945.0000 10.4524 1.9972
3950.0000 10.4524 1.9972
3955.0000 10.4617 1.9963
3960.0000 10.4681 1.9957
3965.0000 10.4681 1.9957
3970.0000 10.4681 1.9957
3975.0000 10.4681 1.9957
3980.0000 10.4681 1.9957
3985.0000 10.4681 1.9957
3990.0000 10.4732 1.9953
3995.0000 10.4766 1.9949
4000.0000 10.4766 1.9949
4005.0000 10.4766 1.9949
4010.0000 10.5240 1.9993
4015.0000 10.5277 1.9989
4020.0000 10.5277 1.9989
4025.0000 10.5319 1.9982
4030.0000 10.5376 1.9977
4035.0000 10.5447 1.9968
4040.0000 10.5508 1.9959
4045.0000 10.6025 2.0138
4050.0000 10.6281 2.0198
4055.0000 10.6817 2.0396
4060.0000 10.7365 2.0609
4065.0000 10.7587 2.0577
4070.0000 10.7640 2.0569
4075.0000 10.7640 2.0569
4080.0000 10.7780 2.0555
4085.0000 10.7888 2.0541
4090.0000 10.7888 2.0541
4095.0000 10.8312 2.0546
4100.0000 10.8353 2.0541
4105.0000 10.8353 2.0541
4110.0000 10.8353 2.0541
4115.0000 10.8353 2.0541
4120.0000 10.8353 2.0541
4125.0000 10.8353 2.0541
4130.0000 10.8385 2.0536
4135.0000 10.8481 2.0524
4140.0000 10.8678 2.0497
4145.0000 10.8678 2.0497
4150.0000 10.8678 2.0497
4155.0000 10.9081 2.0585
4160.0000 10.9137 2.0574
4165.0000 10.9514 2.0588
4170.0000 10.9839 2.0613
4175.0000 10.9839 2.0613
4180.0000 10.9929 2.0600
4185.0000 11.0021 2.0592
4190.0000 11.0087 2.0584
4195.0000 11.0139 2.0576
4200.0000 11.0139 2.0576
4205.0000 11.0139 2.0576
4210.0000 11.0207 2.0566
4215.0000 11.0358 2.0549
4220.0000 11.0384 2.0545
4225.0000 11.0384 2.0545
4230.0000 11.0427 2.0541
4235.0000 11.0427 2.0541
4240.0000 11.0427 2.0541
4245.0000 11.0427 2.0541
4250.0000 11.0517 2.0532
4255.0000 11.0554 2.0525
4260.0000 11.0600 2.0517
4265.0000 11.0695 2.0501
4270.0000 11.0805 2.0488
4275.0000 11.0878 2.0475
4280.0000 11.1000 2.0451
4285.0000 11.1291 2.0470
4290.0000 11.1731 2.0530
4295.0000 11.2207 2.0775
4300.0000 11.2207 2.0775
4305.0000 11.2207 2.0775
4310.0000 11.2640 2.1269
4315.0000 11.2640 2.1269
4320.0000 11.2671 2.1264
4325.0000 11.2766 2.1248
4330.0000 11.2868 2.1232
4335.0000 11.2925 2.1224
4340.0000 11.2984 2.1216
4345.0000 11.3390 2.1331
4350.0000 11.3390 2.1331
4355.0000 11.3427 2.1327
4360.0000 11.3928 2.1623
4365.0000 11.4379 2.1936
4370.0000 11.4796 2.2201
4375.0000 11.5095 2.2335
4380.0000 11.5585 2.2593
4385.0000 11.5585 2.2593
4390.0000 11.5957 2.2818
4395.0000 11.5957 2.2818
4400.0000 11.5982 2.2814
4405.0000 11.6027 2.2806
4410.0000 11.6027 2.2806
4415.0000 11.6027 2.2806
4420.0000 11.6061 2.2801
4425.0000 11.6392 2.2967
4430.0000 11.7297 2.3529
4435.0000 11.7700 2.3643
4440.0000 11.7762 2.3638
4445.0000 11.7762 2.3638
4450.0000 11.8391 2.4035
4455.0000 11.8391 2.4035
4460.0000 11.8438 2.4031
4465.0000 11.8867 2.4551
4470.0000 11.8867 2.4551
4475.0000 11.9338 2.4727
4480.0000 12.0136 2.4911
4485.0000 12.0906 2.5463
4490.0000 12.0906 2.5463
4495.0000 12.1379 2.5902
4500.0000 12.1765 2.6302
4505.0000 12.1806 2.6294
4510.0000 12.1968 2.6267
4515.0000 12.2025 2.6257
4520.0000 12.2605 2.6387
4525.0000 12.3037 2.6452
4530.0000 12.3037 2.6452
4535.0000 12.3515 2.6490
4540.0000 12.3788 2.6547
4545.0000 12.4369 2.6939
4550.0000 12.4710 2.7140
4555.0000 12.4773 2.7134
4560.0000 12.5103 2.7132
4565.0000 12.5147 2.7127
4570.0000 12.5492 2.7568
4575.0000 12.5492 2.7568
4580.0000 12.5963 2.7682
4585.0000 12.6632 2.8153
4590.0000 12.6753 2.8131
4595.0000 12.6903 2.8108
4600.0000 12.7034 2.8093
4605.0000 12.7197 2.8075
4610.0000 12.7251 2.8071
4615.0000 12.7320 2.8064
4620.0000 12.7665 2.8391
4625.0000 12.7847 2.8366
4630.0000 12.8577 2.8642
4635.0000 12.9337 2.8840
4640.0000 12.9390 2.8833
4645.0000 12.9482 2.8822
4650.0000 12.9526 2.8813
4655.0000 12.9526 2.8813
4660.0000 12.9526 2.8813
4665.0000 12.9587 2.8802
4670.0000 12.9587 2.8802
4675.0000 12.9587 2.8802
4680.0000 13.0061 2.9031
4685.0000 13.0139 2.9022
4690.0000 13.0139 2.9022
4695.0000 13.0184 2.9013
4700.0000 13.0184 2.9013
4705.0000 13.0184 2.9013
4710.0000 13.0595 2.9565
4715.0000 13.0595 2.9565
4720.0000 13.0595 2.9565
4725.0000 13.0658 2.9554
4730.0000 13.0683 2.9550
4735.0000 13.0683 2.9550
4740.0000 13.1061 2.9714
4745.0000 13.1115 2.9709
4750.0000 13.1115 2.9709
4755.0000 13.1239 2.9696
4760.0000 13.1239 2.9696
4765.0000 13.1239 2.9696
4770.0000 13.1638 3.0264
4775.0000 13.1675 3.0258
4780.0000 13.2059 3.0647
4785.0000 13.2577 3.1137
4790.0000 13.3062 3.1376
4795.0000 13.3484 3.1603
4800.0000 13.3940 3.1961
4805.0000 13.4154 3.1934
4810.0000 13.4205 3.1928
4815.0000 13.4205 3.1928
4820.0000 13.4653 3.2241
4825.0000 13.4653 3.2241
4830.0000 13.4653 3.2241
4835.0000 13.4653 3.2241
4840.0000 13.4653 3.2241
4845.0000 13.4698 3.2233
4850.0000 13.4743 3.2223
4855.0000 13.4792 3.2213
4860.0000 13.4867 3.2200
4865.0000 13.4867 3.2200
4870.0000 13.4867 3.2200
4875.0000 13.4867 3.2200
4880.0000 13.4966 3.2184
4885.0000 13.5337 3.2440
4890.0000 13.5337 3.2440
4895.0000 13.5337 3.2440
4900.0000 13.5369 3.2434
4905.0000 13.5744 3.2644
4910.0000 13.6341 3.2809
4915.0000 13.6471 3.2794
4920.0000 13.6540 3.2787
4925.0000 13.6710 3.2754
4930.0000 13.6793 3.2737
4935.0000 13.6937 3.2714
4940.0000 13.7012 3.2701
4945.0000 13.7012 3.2701
4950.0000 13.7060 3.2691
4955.0000 13.7356 3.3028
4960.0000 13.7461 3.3013
4965.0000 13.7545 3.3000
4970.0000 13.7597 3.2994
4975.0000 13.7677 3.2981
4980.0000 13.7782 3.2969
4985.0000 13.7782 3.2969
4990.0000 13.7782 3.2969
4995.0000 13.7814 3.2964
5000.0000 13.7859 3.2956
5005.0000 13.8010 3.2942
5010.0000 13.8010 3.2942
5015.0000 13.8010 3.2942
5020.0000 13.8069 3.2931
5025.0000 13.8656 3.3095
5030.0000 13.8867 3.3069
5035.0000 13.8867 3.3069
5040.0000 13.8934 3.3060
5045.0000 13.8982 3.3056
5050.0000 13.9108 3.3047
5055.0000 13.9108 3.3047
5060.0000 13.9108 3.3047
5065.0000 13.9108 3.3047
5070.0000 13.9148 3.3043
5075.0000 13.9148 3.3043
5080.0000 13.9148 3.3043
5085.0000 13.9286 3.3021
5090.0000 13.9318 3.3014
5095.0000 13.9318 3.3014
5100.0000 13.9318 3.3014
5105.0000 13.9752 3.3288
5110.0000 13.9752 3.3288
5115.0000 13.9860 3.3269
5120.0000 14.0164 3.3410
5125.0000 14.0215 3.3404
5130.0000 14.0610 3.3582
5135.0000 14.1034 3.3701
5140.0000 14.1431 3.3800
5145.0000 14.1495 3.3791
5150.0000 14.1849 3.4010
5155.0000 14.2579 3.4354
5160.0000 14.2608 3.4349
5165.0000 14.2642 3.4346
5170.0000 14.2720 3.4336
5175.0000 14.2806 3.4330
5180.0000 14.2806 3.4330
5185.0000 14.3381 3.4742
5190.0000 14.3742 3.4931
5195.0000 14.3742 3.4931
5200.0000 14.4316 3.5251
5205.0000 14.4677 3.5524
5210.0000 14.4677 3.5524
5215.0000 14.4677 3.5524
5220.0000 14.4677 3.5524
5225.0000 14.4677 3.5524
5230.0000 14.4677 3.5524
5235.0000 14.5077 3.5866
5240.0000 14.5399 3.5999
5245.0000 14.5544 3.5977
5250.0000 14.5625 3.5970
5255.0000 14.6185 3.6188
5260.0000 14.6625 3.6471
5265.0000 14.6625 3.6471
5270.0000 14.6710 3.6460
5275.0000 14.6710 3.6460
5280.0000 14.7229 3.6688
5285.0000 14.7272 3.6679
5290.0000 14.7460 3.6655
5295.0000 14.8278 3.7377
5300.0000 14.8360 3.7369
5305.0000 14.8456 3.7362
5310.0000 14.8497 3.7359
5315.0000 14.8588 3.7355
5320.0000 14.9100 3.7772
5325.0000 14.9577 3.8210
5330.0000 14.9577 3.8210
5335.0000 14.9735 3.8191
5340.0000 15.0492 3.8972
5345.0000 15.0562 3.8957
5350.0000 15.1434 3.9614
5355.0000 15.1920 4.0169
5360.0000 15.2008 4.0157
5365.0000 15.2836 4.0552
5370.0000 15.2836 4.0552
5375.0000 15.3451 4.1027
5380.0000 15.3451 4.1027
5385.0000 15.3579 4.1015
5390.0000 15.4249 4.1665
5395.0000 15.4519 4.2069
5400.0000 15.4570 4.2064
5405.0000 15.4625 4.2059
5410.0000 15.5022 4.2269
5415.0000 15.5094 4.2254
5420.0000 15.5144 4.2245
5425.0000 15.5258 4.2223
5430.0000 15.5299 4.2213
5435.0000 15.5731 4.2516
5440.0000 15.5731 4.2516
5445.0000 15.5731 4.2516
5450.0000 15.5809 4.2510
5455.0000 15.6151 4.2510
5460.0000 15.6203 4.2500
5465.0000 15.6547 4.2701
5470.0000 15.6547 4.2701
5475.0000 15.6996 4.2976
5480.0000 15.6996 4.2976
5485.0000 15.7132 4.2954
5490.0000 15.7863 4.3253
5495.0000 15.8121 4.3471
5500.0000 15.8215 4.3449
5505.0000 15.8264 4.3435
5510.0000 15.8264 4.3435
5515.0000 15.8809 4.3931
5520.0000 15.9547 4.4490
5525.0000 16.0458 4.5152
5530.0000 16.0988 4.5579
5535.0000 16.1083 4.5552
5540.0000 16.1575 4.5847
5545.0000 16.1763 4.5821
5550.0000 16.1856 4.5808
5555.0000 16.2153 4.5824
5560.0000 16.2153 4.5824
5565.0000 16.2630 4.5885
5570.0000 16.2824 4.5868
5575.0000 16.2891 4.5858
5580.0000 16.2949 4.5851
5585.0000 16.3044 4.5831
5590.0000 16.3907 4.5922
5595.0000 16.3954 4.5914
5600.0000 16.4676 4.6106
5605.0000 16.5214 4.6241
5610.0000 16.5214 4.6241
5615.0000 16.5470 4.6346
5620.0000 16.5903 4.6379
5625.0000 16.6006 4.6381
5630.0000 16.6006 4.6381
5635.0000 16.6006 4.6381
5640.0000 16.6006 4.6381
5645.0000 16.6819 4.6950
5650.0000 16.7155 4.7302
5655.0000 16.7686 4.7892
5660.0000 16.8258 4.8494
5665.0000 16.8657 4.9072
5670.0000 16.8712 4.9060
5675.0000 16.9537 4.9179
5680.0000 16.9617 4.9159
5685.0000 16.9701 4.9143
5690.0000 16.9751 4.9134
5695.0000 16.9859 4.9112
5700.0000 17.0323 4.9362
5705.0000 17.0365 4.9354
5710.0000 17.0397 4.9347
5715.0000 17.0465 4.9330
5720.0000 17.1082 4.9753
5725.0000 17.1119 4.9745
5730.0000 17.1156 4.9739
5735.0000 17.1156 4.9739
5740.0000 17.1156 4.9739
5745.0000 17.1197 4.9735
5750.0000 17.1197 4.9735
5755.0000 17.1197 4.9735
5760.0000 17.1587 5.0149
5765.0000 17.2018 5.0265
5770.0000 17.2127 5.0254
5775.0000 17.2286 5.0228
5780.0000 17.2323 5.0220
5785.0000 17.2751 5.0663
5790.0000 17.2876 5.0648
5795.0000 17.2941 5.0641
5800.0000 17.3324 5.0968
5805.0000 17.4078 5.1664
5810.0000 17.4118 5.1653
5815.0000 17.4167 5.1648
5820.0000 17.4969 5.2602
5825.0000 17.5003 5.2595
5830.0000 17.5003 5.2595
5835.0000 17.5444 5.3134
5840.0000 17.5773 5.3362
5845.0000 17.5820 5.3353
5850.0000 17.5820 5.3353
5855.0000 17.5820 5.3353
5860.0000 17.5892 5.3337
5865.0000 17.5948 5.3325
5870.0000 17.5948 5.3325
5875.0000 17.5948 5.3325
5880.0000 17.5948 5.3325
5885.0000 17.6042 5.3303
5890.0000 17.6491 5.3386
5895.0000 17.7380 5.4029
5900.0000 17.7930 5.4538
5905.0000 17.8336 5.4810
5910.0000 17.8336 5.4810
5915.0000 17.8380 5.4799
5920.0000 17.8417 5.4789
5925.0000 17.8505 5.4771
5930.0000 17.8629 5.4742
5935.0000 17.8629 5.4742
5940.0000 17.8629 5.4742
5945.0000 17.9067 5.5057
5950.0000 17.9159 5.5039
5955.0000 17.9159 5.5039
5960.0000 17.9270 5.5026
5965.0000 17.9270 5.5026
5970.0000 17.9270 5.5026
5975.0000 17.9541 5.5222
5980.0000 17.9607 5.5209
5985.0000 17.9607 5.5209
5990.0000 17.9607 5.5209
5995.0000 17.9943 5.5266
6000.0000 17.9988 5.5256
6005.0000 18.0036 5.5248
6010.0000 18.0036 5.5248
6015.0000 17.9599 5.4564
6020.0000 17.9651 5.4555
6025.0000 17.9732 5.4540
6030.0000 18.0540 5.4835
6035.0000 18.0540 5.4835
6040.0000 18.0573 5.4827
6045.0000 18.0614 5.4820
6050.0000 18.0716 5.4803
6055.0000 18.0835 5.4790
6060.0000 17.9587 5.3791
6065.0000 17.7436 5.3125
6070.0000 17.7486 5.3112
6075.0000 17.7553 5.3107
6080.0000 17.8050 5.3889
6085.0000 17.8050 5.3889
6090.0000 17.8050 5.3889
6095.0000 17.8352 5.4125
6100.0000 17.9240 5.4927
6105.0000 17.9280 5.4919
6110.0000 17.9329 5.4911
6115.0000 17.9329 5.4911
6120.0000 17.9788 5.5103
6125.0000 17.9788 5.5103
6130.0000 17.9883 5.5080
6135.0000 17.9950 5.5069
6140.0000 18.0006 5.5064
6145.0000 18.0109 5.5045
6150.0000 18.0442 5.5473
6155.0000 18.0489 5.5466
6160.0000 18.0579 5.5450
6165.0000 18.0579 5.5450
6170.0000 18.1320 5.5478
6175.0000 18.1839 5.5676
6180.0000 18.1059 5.5782
6185.0000 17.7541 5.4150
6190.0000 17.7529 5.4161
6195.0000 17.7650 5.4149
6200.0000 17.7986 5.4606
6205.0000 17.8016 5.4599
6210.0000 17.8016 5.4599
6215.0000 17.8016 5.4599
6220.0000 17.8116 5.4579
6225.0000 17.8210 5.4549
6230.0000 17.8256 5.4541
6235.0000 17.8256 5.4541
6240.0000 17.8195 5.4555
6245.0000 17.7724 5.4333
6250.0000 17.7817 5.4313
6255.0000 17.7768 5.4104
6260.0000 17.7816 5.4178
6265.0000 17.8088 5.4456
6270.0000 17.8088 5.4456
6275.0000 17.8610 5.4825
6280.0000 17.8669 5.4817
6285.0000 17.8669 5.4817
6290.0000 17.8669 5.4817
6295.0000 17.9156 5.5588
6300.0000 17.8718 5.5679
6305.0000 17.8313 5.5677
6310.0000 17.8263 5.5689
6315.0000 17.8599 5.6123
6320.0000 17.8281 5.5313
6325.0000 17.8759 5.5490
6330.0000 17.9030 5.5719
6335.0000 17.9659 5.6207
6340.0000 17.9692 5.6200
6345.0000 18.0008 5.6596
6350.0000 18.0008 5.6596
6355.0000 18.0090 5.6575
6360.0000 18.0289 5.6688
6365.0000 18.0371 5.6813
6370.0000 18.0377 5.6813
6375.0000 18.0377 5.6813
6380.0000 18.0377 5.6813
6385.0000 18.1112 5.7222
6390.0000 18.1255 5.7189
6395.0000 18.1305 5.7182
6400.0000 18.1763 5.7903
6405.0000 18.1763 5.7903
6410.0000 18.2325 5.8358
6415.0000 18.3170 5.8885
6420.0000 18.2562 5.8440
6425.0000 18.1119 5.7708
6430.0000 18.1092 5.7699
6435.0000 18.1501 5.7734
6440.0000 18.1501 5.7734
6445.0000 18.1550 5.7725
6450.0000 18.1643 5.7699
6455.0000 18.1820 5.7668
6460.0000 18.2363 5.7947
6465.0000 18.2421 5.7934
6470.0000 18.2421 5.7934
6475.0000 18.2569 5.7479
6480.0000 18.2350 5.7465
6485.0000 17.9999 5.5778
6490.0000 18.0017 5.5777
6495.0000 18.0107 5.5759
6500.0000 18.0107 5.5759
6505.0000 18.0107 5.5759
6510.0000 18.0148 5.5748
6515.0000 18.0245 5.5721
6520.0000 18.0245 5.5721
6525.0000 18.0245 5.5721
6530.0000 18.0245 5.5721
6535.0000 18.0283 5.5716
6540.0000 17.8884 5.4604
6545.0000 17.8560 5.4546
6550.0000 17.8478 5.4541
6555.0000 17.8478 5.4541
6560.0000 17.8554 5.4530
6565.0000 17.9190 5.4791
6570.0000 17.9190 5.4791
6575.0000 17.9598 5.5229
6580.0000 17.9598 5.5229
6585.0000 17.9598 5.5229
6590.0000 17.9695 5.5209
6595.0000 17.9695 5.5209
6600.0000 17.9367 5.5141
6605.0000 17.9395 5.5333
6610.0000 17.9307 5.5342
6615.0000 17.9307 5.5342
6620.0000 17.9738 5.5662
6625.0000 18.0550 5.6325
6630.0000 18.0999 5.6832
6635.0000 18.1111 5.6809
6640.0000 18.1151 5.6799
6645.0000 18.1193 5.6791
6650.0000 18.1703 5.6879
6655.0000 18.2114 5.6928
6660.0000 18.1851 5.6998
6665.0000 18.1121 5.6631
6670.0000 18.1089 5.6639
6675.0000 18.1089 5.6639
6680.0000 18.1213 5.6829
6685.0000 18.1254 5.6372
6690.0000 18.1291 5.6363
6695.0000 18.1332 5.6352
6700.0000 18.1662 5.6796
6705.0000 18.1662 5.6796
6710.0000 18.1765 5.6771
6715.0000 18.2202 5.7040
6720.0000 18.1549 5.6661
6725.0000 17.9575 5.6191
6730.0000 17.9692 5.6174
6735.0000 17.9692 5.6174
6740.0000 17.9692 5.6174
6745.0000 17.9721 5.6169
6750.0000 17.9795 5.6158
6755.0000 18.0271 5.6649
6760.0000 18.0400 5.6634
6765.0000 18.0429 5.6629
6770.0000 18.0774 5.6704
6775.0000 18.0774 5.6704
6780.0000 18.0579 5.6762
6785.0000 18.0454 5.6786
6790.0000 18.0820 5.6958
6795.0000 18.1510 5.7072
6800.0000 18.1510 5.7072
6805.0000 18.1774 5.7403
6810.0000 18.1800 5.7398
6815.0000 18.2296 5.8091
6820.0000 18.2296 5.8091
6825.0000 18.1903 5.7333
6830.0000 18.2358 5.8014
6835.0000 18.2358 5.8014
6840.0000 18.1739 5.7573
6845.0000 17.9756 5.7165
6850.0000 17.9480 5.7188
6855.0000 17.9480 5.7188
6860.0000 17.9878 5.7503
6865.0000 17.9878 5.7503
6870.0000 18.0140 5.7816
6875.0000 18.0186 5.7802
6880.0000 18.0305 5.7771
6885.0000 18.0305 5.7771
6890.0000 18.0305 5.7771
6895.0000 18.0305 5.7771
6900.0000 17.9724 5.7147
6905.0000 17.9564 5.7181
6910.0000 17.9543 5.7185
6915.0000 17.9599 5.7178
6920.0000 17.9721 5.7170
6925.0000 17.9721 5.7170
6930.0000 17.9721 5.7170
6935.0000 17.9761 5.7165
6940.0000 17.9917 5.7152
6945.0000 17.9741 5.6700
6950.0000 17.9741 5.6700
6955.0000 18.0225 5.6984
6960.0000 18.0286 5.7270
6965.0000 17.8340 5.6705
6970.0000 17.8286 5.6714
6975.0000 17.8738 5.6986
6980.0000 17.9002 5.7316
6985.0000 17.9138 5.7311
6990.0000 17.9292 5.7285
6995.0000 17.9768 5.7581
7000.0000 17.9967 5.7544
7005.0000 18.0160 5.7505
7010.0000 18.0233 5.7487
7015.0000 18.0276 5.7477
7020.0000 18.0126 5.7509
7025.0000 17.9147 5.7505
7030.0000 17.9343 5.7689
7035.0000 17.9343 5.7689
7040.0000 17.9781 5.8066
7045.0000 18.0604 5.8648
7050.0000 18.1044 5.8943
7055.0000 18.1108 5.8934
7060.0000 18.1145 5.8924
7065.0000 18.1214 5.8910
7070.0000 18.1692 5.8796
7075.0000 18.2212 5.9186
7080.0000 18.1848 5.9273
7085.0000 18.0431 5.8279
7090.0000 18.0241 5.8302
7095.0000 18.0241 5.8302
7100.0000 18.0274 5.8292
7105.0000 18.0769 5.8525
7110.0000 18.0769 5.8525
7115.0000 18.0769 5.8525
7120.0000 18.1142 5.8823
7125.0000 18.1175 5.8817
7130.0000 18.1175 5.8817
7135.0000 18.1626 5.8781
7140.0000 18.1480 5.8810
7145.0000 18.0883 5.8855
7150.0000 18.0957 5.8843
7155.0000 18.0957 5.8843
7160.0000 18.0957 5.8843
7165.0000 18.1230 5.9087
7170.0000 18.1691 5.9198
7175.0000 18.1800 5.9184
7180.0000 18.2293 5.9422
7185.0000 18.2643 5.9516
7190.0000 18.2695 5.9507
7195.0000 18.2854 5.9479
7200.0000 18.1815 5.8662
7205.0000 17.9978 5.7940
7210.0000 17.9884 5.7958
7215.0000 17.9884 5.7958
7220.0000 17.9884 5.7958
7225.0000 18.0221 5.7936
7230.0000 18.0653 5.8082
7235.0000 18.0976 5.8415
7240.0000 18.1270 5.8527
7245.0000 18.1346 5.8507
7250.0000 18.1404 5.8493
7255.0000 18.2190 5.9043
7260.0000 18.2218 5.9479
7265.0000 18.1775 5.9467
7270.0000 18.2094 5.9631
7275.0000 18.2197 5.9609
7280.0000 18.2632 6.0038
7285.0000 18.2732 6.0008
7290.0000 18.2825 5.9986
7295.0000 18.2978 5.9969
7300.0000 18.3010 5.9959
7305.0000 18.3186 5.9922
7310.0000 18.3186 5.9922
7315.0000 18.3271 5.9903
7320.0000 18.2731 5.9503
7325.0000 18.2648 5.9527
7330.0000 18.2615 5.9537
7335.0000 18.2615 5.9537
7340.0000 18.2703 5.9514
7345.0000 18.2756 5.9496
7350.0000 18.2802 5.9482
7355.0000 18.2879 5.9461
7360.0000 18.2879 5.9461
7365.0000 18.3306 5.9715
7370.0000 18.3746 6.0125
7375.0000 18.3795 6.0119
7380.0000 18.3173 6.0088
7385.0000 18.2877 5.9914
7390.0000 18.2893 5.9909
7395.0000 18.2893 5.9909
7400.0000 18.2893 5.9909
7405.0000 18.2893 5.9909
7410.0000 18.3034 5.9884
7415.0000 18.3107 5.9870
7420.0000 18.3195 5.9851
7425.0000 18.4003 6.0549
7430.0000 18.4003 6.0549
7435.0000 18.4003 6.0549
7440.0000 18.4221 6.0909
7445.0000 18.3936 6.0977
7450.0000 18.3936 6.0977
7455.0000 18.3936 6.0977
7460.0000 18.4302 6.1161
7465.0000 18.4302 6.1161
7470.0000 18.4405 6.1142
7475.0000 18.4563 6.1112
7480.0000 18.5027 6.1113
7485.0000 18.5027 6.1113
7490.0000 18.5122 6.1093
7495.0000 18.5122 6.1093
7500.0000 18.3332 5.9422
7505.0000 17.9609 5.7126
7510.0000 17.9518 5.7142
7515.0000 17.9899 5.7378
7520.0000 17.9899 5.7378
7525.0000 17.9899 5.7378
7530.0000 17.9899 5.7378
7535.0000 17.9948 5.7366
7540.0000 17.9985 5.7358
7545.0000 18.0133 5.7322
7550.0000 18.0566 5.7301
7555.0000 18.0566 5.7301
7560.0000 18.0566 5.7301
7565.0000 18.0566 5.7301
7570.0000 18.0624 5.7288
7575.0000 18.0724 5.7265
7580.0000 18.0758 5.7258
7585.0000 18.1149 5.7560
7590.0000 18.1149 5.7560
7595.0000 18.1517 5.7829
7600.0000 18.1639 5.7797
7605.0000 18.1837 5.7744
7610.0000 18.1837 5.7744
7615.0000 18.1880 5.7736
7620.0000 18.1719 5.8001
7625.0000 17.8282 5.6263
7630.0000 17.7887 5.5664
7635.0000 17.7949 5.5651
7640.0000 17.7949 5.5651
7645.0000 17.7949 5.5651
7650.0000 17.7949 5.5651
7655.0000 17.7949 5.5651
7660.0000 17.7949 5.5651
7665.0000 17.7949 5.5651
7670.0000 17.8246 5.5554
7675.0000 17.8680 5.5918
7680.0000 17.8609 5.5924
7685.0000 17.8511 5.5945
7690.0000 17.8904 5.6699
7695.0000 17.9249 5.7046
7700.0000 17.9301 5.7037
7705.0000 17.9353 5.7029
7710.0000 17.9420 5.7020
7715.0000 17.9420 5.7020
7720.0000 18.0019 5.7555
7725.0000 18.0082 5.7544
7730.0000 18.0082 5.7544
7735.0000 18.0620 5.7699
7740.0000 18.0511 5.7111
7745.0000 17.9019 5.6273
7750.0000 17.8724 5.5836
7755.0000 17.8783 5.5826
7760.0000 17.8884 5.5810
7765.0000 17.8884 5.5810
7770.0000 17.8884 5.5810
7775.0000 17.8967 5.5798
7780.0000 17.9353 5.6216
7785.0000 17.9474 5.6197
7790.0000 17.9556 5.6179
7795.0000 17.9611 5.6165
7800.0000 17.9282 5.5939
7805.0000 17.7875 5.5330
7810.0000 17.7815 5.5352
7815.0000 17.7922 5.5319
7820.0000 17.8285 5.5249
7825.0000 17.8285 5.5249
7830.0000 17.8285 5.5249
7835.0000 17.8285 5.5249
7840.0000 17.8750 5.5504
7845.0000 17.8750 5.5504
7850.0000 17.9074 5.5829
7855.0000 17.9551 5.6346
7860.0000 17.9620 5.6434
7865.0000 17.8964 5.6526
7870.0000 17.9429 5.7063
7875.0000 17.9429 5.7063
7880.0000 17.9557 5.7030
7885.0000 17.9627 5.7014
7890.0000 18.0161 5.7398
7895.0000 18.0161 5.7398
7900.0000 18.0227 5.7388
7905.0000 18.0306 5.7378
7910.0000 18.0372 5.6999
7915.0000 18.0425 5.6985
7920.0000 17.9641 5.6147
7925.0000 17.7346 5.4892
7930.0000 17.7319 5.4896
7935.0000 17.8580 5.5691
7940.0000 17.8580 5.5691
7945.0000 17.9457 5.5941
7950.0000 17.9857 5.6559
7955.0000 17.9857 5.6559
7960.0000 17.9857 5.6559
7965.0000 18.0295 5.6797
7970.0000 18.0295 5.6797
7975.0000 18.0295 5.6797
7980.0000 18.0282 5.6798
7985.0000 17.9203 5.6213
7990.0000 17.9611 5.6684
7995.0000 17.9611 5.6684
8000.0000 17.9655 5.6678
8005.0000 17.9970 5.6669
8010.0000 18.0016 5.6664
8015.0000 18.0421 5.6866
8020.0000 18.0421 5.6866
8025.0000 18.0458 5.6863
8030.0000 18.0584 5.6842
8035.0000 18.0701 5.6809
8040.0000 17.9440 5.6241
8045.0000 17.8195 5.5714
8050.0000 17.8195 5.5714
8055.0000 17.8538 5.5893
8060.0000 17.8538 5.5893
8065.0000 17.8538 5.5893
8070.0000 17.8538 5.5893
8075.0000 17.8577 5.5882
8080.0000 17.8621 5.5872
8085.0000 17.8258 5.5242
8090.0000 17.8346 5.5222
8095.0000 17.8346 5.5222
8100.0000 17.8346 5.5222
8105.0000 17.8406 5.5208
8110.0000 17.8449 5.5201
8115.0000 17.8449 5.5201
8120.0000 17.8449 5.5201
8125.0000 17.8512 5.5190
8130.0000 17.8945 5.5744
8135.0000 17.8980 5.5739
8140.0000 17.9194 5.5694
8145.0000 17.9286 5.5667
8150.0000 17.9564 5.5066
8155.0000 17.9981 5.5286
8160.0000 17.9195 5.4887
8165.0000 17.7764 5.4277
8170.0000 17.7692 5.4088
8175.0000 17.8182 5.4516
8180.0000 17.8730 5.4743
8185.0000 17.8766 5.4739
8190.0000 17.8766 5.4739
8195.0000 17.9398 5.4969
8200.0000 17.9880 5.5142
8205.0000 17.9971 5.5121
8210.0000 18.0080 5.5098
8215.0000 18.0080 5.5098
8220.0000 18.0436 5.5040
8225.0000 18.0637 5.5007
8230.0000 18.0156 5.4456
8235.0000 18.0939 5.4537
8240.0000 18.0939 5.4537
8245.0000 18.0939 5.4537
8250.0000 18.1162 5.4494
8255.0000 18.1321 5.4467
8260.0000 18.1321 5.4467
8265.0000 18.1435 5.4451
8270.0000 18.2218 5.4971
8275.0000 18.2587 5.5440
8280.0000 18.0840 5.4514
8285.0000 18.0843 5.4736
8290.0000 18.1233 5.5048
8295.0000 18.1276 5.5035
8300.0000 18.2240 5.5420
8305.0000 18.2284 5.5408
8310.0000 18.3105 5.6074
8315.0000 18.3259 5.6046
8320.0000 18.2896 5.5270
8325.0000 18.3208 5.5393
8330.0000 18.3318 5.5374
8335.0000 18.3768 5.5730
8340.0000 18.2673 5.4822
8345.0000 18.1845 5.4080
8350.0000 18.1727 5.4110
8355.0000 18.1727 5.4110
8360.0000 18.1727 5.4110
8365.0000 18.1887 5.4082
8370.0000 18.1979 5.4063
8375.0000 18.2008 5.4056
8380.0000 18.2468 5.4317
8385.0000 18.2528 5.4312
8390.0000 18.2759 5.4282
8395.0000 18.3236 5.4897
8400.0000 18.2711 5.4761
8405.0000 18.2040 5.4132
8410.0000 18.2179 5.4290
8415.0000 18.2725 5.4560
8420.0000 18.2770 5.4552
8425.0000 18.2836 5.4542
8430.0000 18.2836 5.4542
8435.0000 18.3307 5.4733
8440.0000 18.3754 5.5349
8445.0000 18.3754 5.5349
8450.0000 18.3754 5.5349
8455.0000 18.4283 5.5779
8460.0000 18.3827 5.5466
8465.0000 18.3222 5.5405
8470.0000 18.3234 5.5390
8475.0000 18.3234 5.5390
8480.0000 18.3288 5.5382
8485.0000 18.3384 5.5356
8490.0000 18.3384 5.5356
8495.0000 18.3384 5.5356
8500.0000 18.3421 5.5351
8505.0000 18.4056 5.5662
8510.0000 18.4398 5.5819
8515.0000 18.4471 5.5799
8520.0000 18.4732 5.6120
8525.0000 18.4711 5.6682
8530.0000 18.4479 5.6305
8535.0000 18.4479 5.6305
8540.0000 18.4537 5.6297
8545.0000 18.4586 5.6283
8550.0000 18.4866 5.6581
8555.0000 18.5251 5.7174
8560.0000 18.6156 5.7363
8565.0000 18.6156 5.7363
8570.0000 18.6156 5.7363
8575.0000 18.6245 5.7344
8580.0000 18.5088 5.6457
8585.0000 18.3301 5.5314
8590.0000 18.3352 5.5564
8595.0000 18.3352 5.5564
8600.0000 18.3450 5.5544
8605.0000 18.3637 5.5501
8610.0000 18.3827 5.5446
8615.0000 18.3859 5.5441
8620.0000 18.3892 5.5433
8625.0000 18.3937 5.5423
8630.0000 18.4383 5.5876
8635.0000 18.4383 5.5876
8640.0000 18.4260 5.5901
8645.0000 18.3009 5.4780
8650.0000 18.2973 5.4780
8655.0000 18.3076 5.4765
8660.0000 18.3563 5.5375
8665.0000 18.3624 5.5367
8670.0000 18.3875 5.5479
8675.0000 18.4207 5.5635
8680.0000 18.4207 5.5635
8685.0000 18.4323 5.5615
8690.0000 18.4323 5.5615
8695.0000 18.5511 5.6208
8700.0000 18.5146 5.6345
8705.0000 18.3959 5.5703
8710.0000 18.3424 5.5062
8715.0000 18.3521 5.5036
8720.0000 18.3808 5.5185
8725.0000 18.3886 5.5172
8730.0000 18.4309 5.5760
8735.0000 18.4309 5.5760
8740.0000 18.4309 5.5760
8745.0000 18.4309 5.5760
8750.0000 18.4309 5.5760
8755.0000 18.4356 5.5754
8760.0000 18.3375 5.4902
8765.0000 18.1700 5.3915
8770.0000 18.1443 5.3697
8775.0000 18.1476 5.3692
8780.0000 18.1645 5.3667
8785.0000 18.1645 5.3667
8790.0000 18.1645 5.3667
8795.0000 18.1688 5.3656
8800.0000 18.1688 5.3656
8805.0000 18.2475 5.4376
8810.0000 18.2819 5.4555
8815.0000 18.2529 5.4108
8820.0000 18.1965 5.3720
8825.0000 18.0462 5.2658
8830.0000 18.0005 5.2147
8835.0000 18.0059 5.2133
8840.0000 18.0059 5.2133
8845.0000 18.0059 5.2133
8850.0000 18.0059 5.2133
8855.0000 18.0335 5.2432
8860.0000 18.0620 5.2844
8865.0000 18.1444 5.3357
8870.0000 18.1502 5.3350
8875.0000 18.1502 5.3350
8880.0000 18.1611 5.3393
8885.0000 18.0611 5.2860
8890.0000 18.0104 5.2469
8895.0000 18.0432 5.2964
8900.0000 18.0432 5.2964
8905.0000 18.0535 5.2946
8910.0000 18.0658 5.2936
8915.0000 18.1214 5.2961
8920.0000 18.1214 5.2961
8925.0000 18.1300 5.2945
8930.0000 18.1336 5.2936
8935.0000 18.1336 5.2936
8940.0000 18.1351 5.2942
8945.0000 18.1082 5.2974
8950.0000 18.0868 5.2692
8955.0000 18.0868 5.2692
8960.0000 18.0868 5.2692
8965.0000 18.0868 5.2692
8970.0000 18.0919 5.2681
8975.0000 18.0919 5.2681
8980.0000 18.1264 5.2733
8985.0000 18.1317 5.2722
8990.0000 18.1317 5.2722
8995.0000 18.1345 5.2715
9000.0000 18.1055 5.2778
9005.0000 18.0253 5.2199
9010.0000 18.0022 5.1971
9015.0000 18.0022 5.1971
9020.0000 18.0022 5.1971
9025.0000 18.0398 5.2301
9030.0000 18.0525 5.2276
9035.0000 18.0910 5.2283
9040.0000 18.0910 5.2283
9045.0000 18.1073 5.2258
9050.0000 18.1106 5.2249
9055.0000 18.1196 5.2228
9060.0000 18.0739 5.2483
9065.0000 17.8773 5.0335
9070.0000 17.8816 5.0319
9075.0000 17.8924 5.0304
9080.0000 17.8924 5.0304
9085.0000 17.9331 5.0360
9090.0000 17.9386 5.0356
9095.0000 17.9800 5.0605
9100.0000 18.0077 5.0968
9105.0000 18.0225 5.0934
9110.0000 18.0225 5.0934
9115.0000 18.0502 5.1112
9120.0000 18.0156 5.0622
9125.0000 17.9062 5.0052
9130.0000 17.9113 5.0053
9135.0000 17.9213 5.0035
9140.0000 17.9245 5.0029
9145.0000 17.9670 5.0187
9150.0000 18.0412 5.0500
9155.0000 18.0412 5.0500
9160.0000 18.0412 5.0500
9165.0000 18.0412 5.0500
9170.0000 18.0412 5.0500
9175.0000 18.0711 5.0701
9180.0000 18.0109 5.0311
9185.0000 17.8912 5.0033
9190.0000 17.8949 5.0031
9195.0000 17.9025 5.0026
9200.0000 17.9508 5.0533
9205.0000 17.9598 5.0514
9210.0000 17.9664 5.0503
9215.0000 17.9723 5.0494
9220.0000 17.9789 5.0484
9225.0000 17.9833 5.0472
9230.0000 18.0344 5.0987
9235.0000 18.0344 5.0987
9240.0000 18.0204 5.1010
9245.0000 17.8966 5.0413
9250.0000 17.8447 4.9887
9255.0000 17.8447 4.9887
9260.0000 17.9007 5.0414
9265.0000 17.9182 5.0371
9270.0000 17.9303 5.0344
9275.0000 17.9358 5.0334
9280.0000 17.9785 5.0743
9285.0000 18.0380 5.0863
9290.0000 18.0380 5.0863
9295.0000 18.1168 5.1412
9300.0000 18.1072 5.1580
9305.0000 18.0843 5.1786
9310.0000 18.0386 5.1241
9315.0000 18.0386 5.1241
9320.0000 18.0386 5.1241
9325.0000 18.0486 5.1213
9330.0000 18.0678 5.1170
9335.0000 18.0763 5.1147
9340.0000 18.1084 5.1290
9345.0000 18.1146 5.1279
9350.0000 18.1179 5.1274
9355.0000 18.1204 5.1269
9360.0000 18.1115 5.1227
9365.0000 17.9030 4.9763
9370.0000 17.9029 4.9761
9375.0000 17.9094 4.9743
9380.0000 17.9204 4.9728
9385.0000 18.0025 5.0700
9390.0000 18.0316 5.0889
9395.0000 18.0590 5.0895
9400.0000 18.0981 5.1224
9405.0000 18.0981 5.1224
9410.0000 18.1518 5.1756
9415.0000 18.2117 5.1926
9420.0000 18.1769 5.1996
9425.0000 18.1556 5.2151
9430.0000 18.2302 5.2968
9435.0000 18.2814 5.3239
9440.0000 18.2906 5.3212
9445.0000 18.2999 5.3192
9450.0000 18.3049 5.3181
9455.0000 18.3049 5.3181
9460.0000 18.3049 5.3181
9465.0000 18.3424 5.3201
9470.0000 18.3424 5.3201
9475.0000 18.3424 5.3201
9480.0000 18.2327 5.2316
9485.0000 18.1613 5.2103
9490.0000 18.1559 5.2109
9495.0000 18.1559 5.2109
9500.0000 18.1559 5.2109
9505.0000 18.1598 5.2100
9510.0000 18.1903 5.2447
9515.0000 18.2707 5.3071
9520.0000 18.2707 5.3071
9525.0000 18.2978 5.3458
9530.0000 18.3022 5.3445
9535.0000 18.3070 5.3430
9540.0000 18.2649 5.3220
9545.0000 18.2028 5.3053
9550.0000 18.2412 5.3247
9555.0000 18.2446 5.3238
9560.0000 18.2446 5.3238
9565.0000 18.2523 5.3217
9570.0000 18.2584 5.3202
9575.0000 18.2660 5.3191
9580.0000 18.3115 5.3396
9585.0000 18.3115 5.3396
9590.0000 18.3432 5.3793
9595.0000 18.3885 5.4061
9600.0000 18.2633 5.3257
9605.0000 18.2036 5.3330
9610.0000 18.1966 5.3358
9615.0000 18.1966 5.3358
9620.0000 18.2177 5.3310
9625.0000 18.2216 5.3301
9630.0000 18.2296 5.3282
9635.0000 18.2343 5.3276
9640.0000 18.2507 5.3248
9645.0000 18.2658 5.3213
9650.0000 18.2713 5.3200
9655.0000 18.3027 5.3497
9660.0000 18.2574 5.3242
9665.0000 18.2816 5.3679
9670.0000 18.3661 5.4535
9675.0000 18.4039 5.4820
9680.0000 18.4893 5.5654
9685.0000 18.5216 5.6032
9690.0000 18.5304 5.6011
9695.0000 18.5304 5.6011
9700.0000 18.5304 5.6011
9705.0000 18.5492 5.5971
9710.0000 18.5524 5.5962
9715.0000 18.5556 5.5953
9720.0000 18.5147 5.5615
9725.0000 18.3941 5.5380
9730.0000 18.4651 5.6219
9735.0000 18.4651 5.6219
9740.0000 18.4729 5.6201
9745.0000 18.4796 5.6187
9750.0000 18.4959 5.6154
9755.0000 18.5093 5.6124
9760.0000 18.5216 5.6092
9765.0000 18.5297 5.6070
9770.0000 18.5493 5.6031
9775.0000 18.6000 5.6354
9780.0000 18.5986 5.6367
9785.0000 18.5752 5.6414
9790.0000 18.5401 5.6200
9795.0000 18.5441 5.6190
9800.0000 18.5545 5.6171
9805.0000 18.5634 5.6156
9810.0000 18.5739 5.6132
9815.0000 18.5781 5.6126
9820.0000 18.5409 5.5507
9825.0000 18.5563 5.5737
9830.0000 18.5613 5.5721
9835.0000 18.5946 5.6236
9840.0000 18.5818 5.6180
9845.0000 18.5067 5.5837
9850.0000 18.4932 5.5766
9855.0000 18.5122 5.5722
9860.0000 18.5226 5.5698
9865.0000 18.5271 5.5690
9870.0000 18.5453 5.5652
9875.0000 18.5756 5.5784
9880.0000 18.6051 5.5959
9885.0000 18.6218 5.5917
9890.0000 18.6364 5.5885
9895.0000 18.6471 5.5855
9900.0000 18.5871 5.5600
9905.0000 18.5344 5.5858
9910.0000 18.5443 5.5851
9915.0000 18.5399 5.5861
9920.0000 18.5399 5.5861
9925.0000 18.5511 5.5841
9930.0000 18.5561 5.5829
9935.0000 18.5561 5.5829
9940.0000 18.5943 5.6346
9945.0000 18.6354 5.6524
9950.0000 18.6487 5.6500
9955.0000 18.6539 5.6488
9960.0000 18.6926 5.7164
9965.0000 18.6819 5.7048
9970.0000 18.7075 5.7197
9975.0000 18.7478 5.7362
9980.0000 18.7577 5.7336
9985.0000 18.7577 5.7336
9990.0000 18.7577 5.7336
9995.0000 18.7954 5.7671
10000.0000 18.8598 5.8504
10005.0000 18.8650 5.8492
10010.0000 18.8696 5.8481
10015.0000 18.8991 5.8730
10020.0000 18.8898 5.8996
10025.0000 18.7264 5.8937
10030.0000 18.7256 5.8941
10035.0000 18.7394 5.8907
10040.0000 18.8541 5.9930
10045.0000 18.8982 6.0510
10050.0000 18.8982 6.0510
10055.0000 18.8982 6.0510
10060.0000 18.9541 6.1261
10065.0000 18.9602 6.1251
10070.0000 18.9663 6.1238
10075.0000 19.0184 6.1439
10080.0000 19.0287 6.1446
10085.0000 18.9460 6.0867
10090.0000 18.9816 6.1156
10095.0000 18.9854 6.1151
10100.0000 18.9854 6.1151
10105.0000 18.9889 6.1144
10110.0000 19.0043 6.1114
10115.0000 19.0043 6.1114
10120.0000 19.0043 6.1114
10125.0000 19.0043 6.1114
10130.0000 19.0043 6.1114
10135.0000 19.0043 6.1114
10140.0000 19.0098 6.1336
10145.0000 18.8480 6.0172
10150.0000 18.8422 6.0178
10155.0000 18.8422 6.0178
10160.0000 18.8810 6.0348
10165.0000 18.9171 6.0497
10170.0000 18.9171 6.0497
10175.0000 18.9171 6.0497
10180.0000 18.9463 6.0915
10185.0000 18.9463 6.0915
10190.0000 18.9728 6.1045
10195.0000 18.9418 6.0444
10200.0000 18.9137 6.0271
10205.0000 18.8074 5.9882
10210.0000 18.7541 5.9399
10215.0000 18.8233 5.9867
10220.0000 18.8233 5.9867
10225.0000 18.8547 6.0342
10230.0000 18.8615 6.0336
10235.0000 18.8615 6.0336
10240.0000 18.8682 6.0325
10245.0000 18.8682 6.0325
10250.0000 18.8682 6.0325
10255.0000 19.0214 6.1492
10260.0000 18.8544 5.9436
10265.0000 18.7541 5.9196
10270.0000 18.7450 5.9223
10275.0000 18.7809 5.9853
10280.0000 18.7809 5.9853
10285.0000 18.7719 5.9715
10290.0000 18.8413 6.0437
10295.0000 18.8899 6.0683
10300.0000 18.8953 6.0669
10305.0000 18.8994 6.0659
10310.0000 18.8632 6.0007
10315.0000 18.9119 6.0456
10320.0000 18.9110 6.0465
10325.0000 18.8715 6.0676
10330.0000 18.8774 6.0667
10335.0000 18.9794 6.1309
10340.0000 19.0558 6.1923
10345.0000 19.1575 6.2698
10350.0000 19.1655 6.2687
10355.0000 19.1655 6.2687
10360.0000 19.1655 6.2687
10365.0000 19.1655 6.2687
10370.0000 19.1655 6.2687
10375.0000 19.1655 6.2687
10380.0000 19.1019 6.2364
10385.0000 18.8767 6.1117
10390.0000 18.8706 6.1131
10395.0000 18.9434 6.1708
10400.0000 18.9770 6.1914
10405.0000 19.0351 6.2272
10410.0000 19.0923 6.2647
10415.0000 19.0923 6.2647
10420.0000 19.0979 6.2631
10425.0000 19.1237 6.2724
10430.0000 19.1563 6.2952
10435.0000 19.1563 6.2952
10440.0000 19.1887 6.3013
10445.0000 19.1068 6.2000
10450.0000 19.0856 6.1789
10455.0000 19.1225 6.2273
10460.0000 19.1634 6.2546
10465.0000 19.1758 6.2528
10470.0000 19.1899 6.2499
10475.0000 19.1899 6.2499
10480.0000 19.1899 6.2499
10485.0000 19.1945 6.2486
10490.0000 19.1945 6.2486
10495.0000 19.2038 6.2474
10500.0000 19.1540 6.2162
10505.0000 18.9706 6.1003
10510.0000 18.9209 6.0275
10515.0000 18.9209 6.0275
10520.0000 19.0264 6.1304
10525.0000 19.0264 6.1304
10530.0000 19.0616 6.1482
10535.0000 19.0670 6.1479
10540.0000 19.1157 6.1943
10545.0000 19.1157 6.1943
10550.0000 19.1585 6.2306
10555.0000 19.2062 6.2436
10560.0000 19.1783 6.2290
10565.0000 19.1073 6.2155
10570.0000 19.0600 6.1971
10575.0000 19.0995 6.2315
10580.0000 19.1167 6.2277
10585.0000 19.1323 6.2234
10590.0000 19.1795 6.2519
10595.0000 19.1959 6.2488
10600.0000 19.2382 6.2801
10605.0000 19.2784 6.3181
10610.0000 19.2843 6.3167
10615.0000 19.2885 6.3159
10620.0000 19.3104 6.3503
10625.0000 19.2110 6.2610
10630.0000 19.1548 6.2392
10635.0000 19.1486 6.2407
10640.0000 19.1486 6.2407
10645.0000 19.1531 6.2398
10650.0000 19.1663 6.2369
10655.0000 19.2213 6.2706
10660.0000 19.3012 6.3319
10665.0000 19.3050 6.3309
10670.0000 19.3134 6.3288
10675.0000 19.3459 6.3606
10680.0000 19.3441 6.3609
10685.0000 19.0794 6.2358
10690.0000 19.0520 6.2250
10695.0000 19.1005 6.2544
10700.0000 19.1005 6.2544
10705.0000 19.1005 6.2544
10710.0000 19.1055 6.2532
10715.0000 19.1091 6.2521
10720.0000 19.1091 6.2521
10725.0000 19.1394 6.2662
10730.0000 19.1394 6.2662
10735.0000 19.1685 6.2842
10740.0000 19.2032 6.2962
10745.0000 19.1671 6.3085
10750.0000 19.1303 6.2987
10755.0000 19.1320 6.2983
10760.0000 19.1706 6.3009
10765.0000 19.1706 6.3009
10770.0000 19.1706 6.3009
10775.0000 19.1706 6.3009
10780.0000 19.2060 6.3169
10785.0000 19.2133 6.3148
10790.0000 19.2133 6.3148
10795.0000 19.2308 6.3108
10800.0000 19.1927 6.2705
10805.0000 19.1867 6.3142
10810.0000 19.1876 6.3149
10815.0000 19.1831 6.3161
10820.0000 19.2303 6.3233
10825.0000 19.2303 6.3233
10830.0000 19.3156 6.3874
10835.0000 19.3214 6.3865
10840.0000 19.3618 6.4246
10845.0000 19.3618 6.4246
10850.0000 19.3618 6.4246
10855.0000 19.3618 6.4246
10860.0000 19.3561 6.4341
10865.0000 19.1760 6.2996
10870.0000 19.1184 6.2285
10875.0000 19.1184 6.2285
10880.0000 19.1184 6.2285
10885.0000 19.2175 6.3115
10890.0000 19.2221 6.3103
10895.0000 19.2221 6.3103
10900.0000 19.2221 6.3103
10905.0000 19.2654 6.3225
10910.0000 19.2923 6.3185
10915.0000 19.2971 6.3173
10920.0000 19.2522 6.2663
10925.0000 19.1907 6.2598
10930.0000 19.2205 6.2746
10935.0000 19.2205 6.2746
10940.0000 19.2300 6.2730
10945.0000 19.2621 6.2966
10950.0000 19.4228 6.4284
10955.0000 19.4342 6.4256
10960.0000 19.4725 6.4382
10965.0000 19.4725 6.4382
10970.0000 19.4725 6.4382
10975.0000 19.4725 6.4382
10980.0000 19.4790 6.4368
10985.0000 19.3587 6.3534
10990.0000 19.3354 6.3576
10995.0000 19.3481 6.3543
11000.0000 19.3548 6.3527
11005.0000 19.3976 6.4003
11010.0000 19.4300 6.4247
11015.0000 19.5100 6.4875
11020.0000 19.5185 6.4853
11025.0000 19.5185 6.4853
11030.0000 19.5185 6.4853
11035.0000 19.5217 6.4843
11040.0000 19.5177 6.4851
11045.0000 19.3261 6.3101
11050.0000 19.3131 6.3125
11055.0000 19.3287 6.3098
11060.0000 19.3623 6.3492
11065.0000 19.3623 6.3492
11070.0000 19.3690 6.3481
11075.0000 19.3690 6.3481
11080.0000 19.3690 6.3481
11085.0000 19.3690 6.3481
11090.0000 19.3977 6.3775
11095.0000 19.4016 6.3762
11100.0000 19.3793 6.3397
11105.0000 19.3394 6.3496
11110.0000 19.3233 6.3522
11115.0000 19.4056 6.4433
11120.0000 19.5243 6.5382
11125.0000 19.5295 6.5364
11130.0000 19.5388 6.5339
11135.0000 19.5388 6.5339
11140.0000 19.5656 6.5453
11145.0000 19.5709 6.5435
11150.0000 19.5709 6.5435
11155.0000 19.5775 6.5425
11160.0000 19.5840 6.5459
11165.0000 19.4397 6.4142
11170.0000 19.4871 6.4623
11175.0000 19.4919 6.4609
11180.0000 19.5303 6.4771
11185.0000 19.5725 6.5264
11190.0000 19.6300 6.5855
11195.0000 19.6300 6.5855
11200.0000 19.6673 6.6069
11205.0000 19.6965 6.6421
11210.0000 19.7010 6.6407
11215.0000 19.7088 6.6391
11220.0000 19.6407 6.5782
11225.0000 19.5140 6.5280
11230.0000 19.5015 6.5300
11235.0000 19.5516 6.5882
11240.0000 19.5624 6.5854
11245.0000 19.5624 6.5854
11250.0000 19.5972 6.6319
11255.0000 19.5972 6.6319
11260.0000 19.6379 6.6869
11265.0000 19.6752 6.7402
11270.0000 19.7010 6.7573
11275.0000 19.7064 6.7565
11280.0000 19.6740 6.7069
11285.0000 19.5928 6.6418
11290.0000 19.5775 6.6447
11295.0000 19.5775 6.6447
11300.0000 19.5775 6.6447
11305.0000 19.6204 6.6687
11310.0000 19.6692 6.7337
11315.0000 19.6991 6.7584
11320.0000 19.7079 6.7572
11325.0000 19.7560 6.7880
11330.0000 19.7669 6.7865
11335.0000 19.7992 6.8148
11340.0000 19.8055 6.8131
11345.0000 19.4677 6.5455
11350.0000 19.5043 6.5606
11355.0000 19.5043 6.5606
11360.0000 19.5527 6.5905
11365.0000 19.5527 6.5905
11370.0000 19.5577 6.5889
11375.0000 19.5663 6.5870
11380.0000 19.5743 6.5858
11385.0000 19.5845 6.5834
11390.0000 19.5894 6.5827
11395.0000 19.5894 6.5827
11400.0000 19.4958 6.5110
11405.0000 19.3627 6.4451
11410.0000 19.3179 6.4101
11415.0000 19.3219 6.4089
11420.0000 19.3336 6.4081
11425.0000 19.3361 6.4075
11430.0000 19.3361 6.4075
11435.0000 19.3399 6.4066
11440.0000 19.3399 6.4066
11445.0000 19.3490 6.4047
11450.0000 19.3888 6.4501
11455.0000 19.3888 6.4501
11460.0000 19.3117 6.3911
11465.0000 19.1678 6.2670
11470.0000 19.1712 6.2662
11475.0000 19.2280 6.3168
11480.0000 19.2714 6.3518
11485.0000 19.2714 6.3518
11490.0000 19.3236 6.3669
11495.0000 19.3846 6.3870
11500.0000 19.3846 6.3870
11505.0000 19.4242 6.4152
11510.0000 19.4411 6.4260
11515.0000 19.4447 6.4253
11520.0000 19.4434 6.4260
11525.0000 19.3574 6.4003
11530.0000 19.3326 6.4055
11535.0000 19.3326 6.4055
11540.0000 19.3326 6.4055
11545.0000 19.3373 6.4045
11550.0000 19.3434 6.4033
11555.0000 19.3588 6.4008
11560.0000 19.3657 6.3999
11565.0000 19.3729 6.3984
11570.0000 19.3881 6.3959
11575.0000 19.4410 6.4334
11580.0000 19.4194 6.4143
11585.0000 19.4101 6.3916
11590.0000 19.4030 6.3929
11595.0000 19.4348 6.4129
11600.0000 19.4477 6.4110
11605.0000 19.4971 6.4355
11610.0000 19.5256 6.4629
11615.0000 19.5256 6.4629
11620.0000 19.5256 6.4629
11625.0000 19.5290 6.4618
11630.0000 19.6184 6.5436
11635.0000 19.6336 6.5407
11640.0000 19.5705 6.5053
11645.0000 19.2942 6.3226
11650.0000 19.2443 6.2854
11655.0000 19.2489 6.2842
11660.0000 19.2489 6.2842
11665.0000 19.2538 6.2833
11670.0000 19.2620 6.2816
11675.0000 19.2620 6.2816
11680.0000 19.3399 6.3149
11685.0000 19.3457 6.3135
11690.0000 19.3718 6.3498
11695.0000 19.3843 6.3474
11700.0000 19.4294 6.3779
11705.0000 19.3804 6.3732
11710.0000 19.4008 6.3706
11715.0000 19.4413 6.4020
11720.0000 19.4675 6.4422
11725.0000 19.5194 6.4936
11730.0000 19.5654 6.5398
11735.0000 19.5734 6.5385
11740.0000 19.5827 6.5368
11745.0000 19.5905 6.5346
11750.0000 19.5905 6.5346
11755.0000 19.5905 6.5346
11760.0000 19.5385 6.4899
11765.0000 19.4472 6.4496
11770.0000 19.3608 6.3496
11775.0000 19.4106 6.4160
11780.0000 19.4169 6.4150
11785.0000 19.4169 6.4150
11790.0000 19.4223 6.4143
11795.0000 19.4223 6.4143
11800.0000 19.4223 6.4143
11805.0000 19.4223 6.4143
11810.0000 19.4560 6.4448
11815.0000 19.4560 6.4448
11820.0000 19.4224 6.4296
11825.0000 19.3355 6.3855
11830.0000 19.3255 6.3873
11835.0000 19.3669 6.4104
11840.0000 19.4039 6.4298
11845.0000 19.4608 6.4382
11850.0000 19.4911 6.4499
11855.0000 19.4911 6.4499
11860.0000 19.4338 6.3629
11865.0000 19.4769 6.3957
11870.0000 19.5329 6.4566
11875.0000 19.5365 6.4562
11880.0000 19.5846 6.4963
11885.0000 19.4345 6.4151
11890.0000 19.4739 6.4377
11895.0000 19.4915 6.4337
11900.0000 19.5410 6.4587
11905.0000 19.5410 6.4587
11910.0000 19.5467 6.4569
11915.0000 19.5467 6.4569
11920.0000 19.5519 6.4558
11925.0000 19.5596 6.4546
11930.0000 19.5663 6.4542
11935.0000 19.6230 6.5374
11940.0000 19.5822 6.4929
11945.0000 19.3742 6.3545
11950.0000 19.3650 6.3547
11955.0000 19.3231 6.2912
11960.0000 19.3231 6.2912
11965.0000 19.3292 6.2903
11970.0000 19.3409 6.2887
11975.0000 19.3409 6.2887
11980.0000 19.3807 6.2931
11985.0000 19.4170 6.3370
11990.0000 19.4237 6.3361
11995.0000 19.4677 6.3633
12000.0000 19.4344 6.3454
12005.0000 19.3294 6.2665
12010.0000 19.3158 6.2688
12015.0000 19.3215 6.2678
12020.0000 19.3700 6.2949
12025.0000 19.3700 6.2949
12030.0000 19.3700 6.2949
12035.0000 19.3746 6.2936
12040.0000 19.3746 6.2936
12045.0000 19.3746 6.2936
12050.0000 19.3820 6.2915
12055.0000 19.3820 6.2915
12060.0000 19.4185 6.3307
12065.0000 19.3873 6.3385
12070.0000 19.3648 6.3443
12075.0000 19.3732 6.3424
12080.0000 19.3430 6.2962
12085.0000 19.3275 6.2732
12090.0000 19.3275 6.2732
12095.0000 19.3342 6.2717
12100.0000 19.3403 6.2708
12105.0000 19.3460 6.2694
12110.0000 19.3460 6.2694
12115.0000 19.3460 6.2694
12120.0000 19.3421 6.2697
12125.0000 19.1563 6.1693
12130.0000 19.1569 6.1705
12135.0000 19.1616 6.1696
12140.0000 19.1741 6.1671
12145.0000 19.1809 6.1656
12150.0000 19.1913 6.1642
12155.0000 19.1913 6.1642
12160.0000 19.1913 6.1642
12165.0000 19.1913 6.1642
12170.0000 19.1938 6.1637
12175.0000 19.2276 6.1912
12180.0000 19.1672 6.1745
12185.0000 19.1800 6.2289
12190.0000 19.1287 6.1730
12195.0000 19.1340 6.1722
12200.0000 19.1783 6.2144
12205.0000 19.1910 6.2111
12210.0000 19.2053 6.2073
12215.0000 19.2367 6.1991
12220.0000 19.2416 6.1979
12225.0000 19.2448 6.1970
12230.0000 19.2448 6.1970
12235.0000 19.2494 6.1963
12240.0000 19.2412 6.1984
12245.0000 19.1079 6.1010
12250.0000 19.0642 6.0448
12255.0000 19.0677 6.0437
12260.0000 19.0677 6.0437
12265.0000 19.0730 6.0424
12270.0000 19.0842 6.0397
12275.0000 19.1438 6.0877
12280.0000 19.1816 6.1124
12285.0000 19.1975 6.1098
12290.0000 19.2007 6.1094
12295.0000 19.2132 6.1060
12300.0000 19.1660 6.0633
12305.0000 19.0318 6.0438
12310.0000 18.9477 5.9611
12315.0000 18.9967 6.0216
12320.0000 19.0010 6.0205
12325.0000 19.0127 6.0173
12330.0000 19.0127 6.0173
12335.0000 19.0468 6.0493
12340.0000 19.0468 6.0493
12345.0000 19.0574 6.0465
12350.0000 19.1107 6.0791
12355.0000 19.1107 6.0791
12360.0000 19.1107 6.0791
12365.0000 18.9799 5.9767
12370.0000 18.9353 5.9532
12375.0000 18.9302 5.9528
12380.0000 18.9342 5.9519
12385.0000 18.9342 5.9519
12390.0000 18.9342 5.9519
12395.0000 18.9404 5.9511
12400.0000 18.9527 5.9496
12405.0000 18.9618 5.9473
12410.0000 18.9685 5.9457
12415.0000 18.9825 5.9426
12420.0000 18.9498 5.9310
12425.0000 18.9221 5.9613
12430.0000 18.8982 5.9887
12435.0000 18.9145 5.9848
12440.0000 18.9235 5.9824
12445.0000 18.9344 5.9798
12450.0000 18.9452 5.9777
12455.0000 18.9566 5.9758
12460.0000 18.9706 5.9729
12465.0000 18.9773 5.9719
12470.0000 19.0226 6.0125
12475.0000 19.0335 6.0109
12480.0000 19.0370 6.0103
12485.0000 18.8542 5.8536
12490.0000 18.8456 5.8551
12495.0000 18.8468 5.8551
12500.0000 18.8520 5.8543
12505.0000 18.8601 5.8527
12510.0000 18.8663 5.8511
12515.0000 18.8251 5.7829
12520.0000 18.8717 5.8261
12525.0000 18.9104 5.8401
12530.0000 18.9578 5.8975
12535.0000 18.9703 5.8958
12540.0000 18.9942 5.9450
12545.0000 19.0130 5.9634
12550.0000 18.9804 5.9407
12555.0000 19.0100 5.9562
12560.0000 19.0151 5.9556
12565.0000 19.0232 5.9534
12570.0000 19.0348 5.9506
12575.0000 19.0348 5.9506
12580.0000 19.0407 5.9495
12585.0000 19.0463 5.9490
12590.0000 19.0601 5.9454
12595.0000 19.0802 5.9415
12600.0000 19.0642 5.9453
12605.0000 18.8220 5.8069
12610.0000 18.8185 5.8067
12615.0000 18.8636 5.8614
12620.0000 18.8743 5.8591
12625.0000 18.8868 5.8555
12630.0000 18.8904 5.8544
12635.0000 18.9716 5.9117
12640.0000 18.9858 5.9080
12645.0000 19.0012 5.9048
12650.0000 19.0188 5.9003
12655.0000 19.0188 5.9003
12660.0000 19.0169 5.9013
12665.0000 18.9883 5.9071
12670.0000 19.0408 5.9583
12675.0000 19.0408 5.9583
12680.0000 18.9704 5.8402
12685.0000 18.9773 5.8391
12690.0000 18.9850 5.8375
12695.0000 18.9850 5.8375
12700.0000 18.9982 5.8354
12705.0000 19.0043 5.8345
12710.0000 19.0919 5.9077
12715.0000 19.1040 5.9058
12720.0000 19.0548 5.8647
12725.0000 18.9011 5.8207
12730.0000 18.8440 5.7867
12735.0000 18.9241 5.8629
12740.0000 18.9603 5.8746
12745.0000 18.9646 5.8736
12750.0000 18.9772 5.8724
12755.0000 18.9836 5.8719
12760.0000 19.0005 5.8674
12765.0000 19.0040 5.8665
12770.0000 19.0432 5.9087
12775.0000 19.1421 5.9240
12780.0000 19.1466 5.9226
12785.0000 19.0826 5.9015
12790.0000 19.0922 5.8997
12795.0000 19.0922 5.8997
12800.0000 19.1004 5.8975
12805.0000 19.1933 5.9675
12810.0000 19.1694 5.9138
12815.0000 19.1607 5.8919
12820.0000 19.1657 5.8913
12825.0000 19.1735 5.8900
12830.0000 19.1851 5.8875
12835.0000 19.2325 5.9389
12840.0000 19.2386 5.9373
12845.0000 19.1252 5.8560
12850.0000 19.1493 5.8462
12855.0000 19.1504 5.8462
12860.0000 19.1944 5.8805
12865.0000 19.1994 5.8792
12870.0000 19.3160 6.0246
12875.0000 19.3126 6.0194
12880.0000 19.3524 6.0726
12885.0000 19.3629 6.0701
12890.0000 19.3629 6.0701
12895.0000 19.3934 6.0938
12900.0000 19.4175 6.1175
12905.0000 19.2476 6.0707
12910.0000 19.2763 6.1097
12915.0000 19.2681 6.1115
12920.0000 19.3096 6.0998
12925.0000 19.3154 6.0986
12930.0000 19.3216 6.0974
12935.0000 19.3216 6.0974
12940.0000 19.3328 6.0948
12945.0000 19.3410 6.0927
12950.0000 19.3869 6.1407
12955.0000 19.3918 6.1391
12960.0000 19.4278 6.1650
12965.0000 19.3912 6.1269
12970.0000 19.3546 6.1108
12975.0000 19.3272 6.0504
12980.0000 19.3508 6.0458
12985.0000 19.3869 6.0533
12990.0000 19.3968 6.0507
12995.0000 19.4117 6.0475
13000.0000 19.4641 6.1129
13005.0000 19.4641 6.1129
13010.0000 19.4970 6.1060
13015.0000 19.5015 6.1052
13020.0000 19.4477 6.0748
13025.0000 19.3271 6.0122
13030.0000 19.2449 5.9659
13035.0000 19.2466 5.9655
13040.0000 19.2466 5.9655
13045.0000 19.2466 5.9655
13050.0000 19.2498 5.9646
13055.0000 19.3020 5.9993
13060.0000 19.3020 5.9993
13065.0000 19.3020 5.9993
13070.0000 19.3076 5.9981
13075.0000 19.3352 6.0128
13080.0000 19.3773 6.0462
13085.0000 19.3614 6.0496
13090.0000 19.3253 6.0151
13095.0000 19.3219 6.0160
13100.0000 19.3316 6.0134
13105.0000 19.3768 6.0221
13110.0000 19.3768 6.0221
13115.0000 19.3820 6.0201
13120.0000 19.3820 6.0201
13125.0000 19.3820 6.0201
13130.0000 19.3820 6.0201
13135.0000 19.4208 6.0432
13140.0000 19.3885 6.0145
13145.0000 19.1687 5.8702
13150.0000 19.1459 5.8836
13155.0000 19.1541 5.8820
13160.0000 19.2155 5.9328
13165.0000 19.2266 5.9306
13170.0000 19.2327 5.9288
13175.0000 19.2327 5.9288
13180.0000 19.2327 5.9288
13185.0000 19.2444 5.9270
13190.0000 19.3009 5.9874
13195.0000 19.3037 5.9866
13200.0000 19.3083 5.9856
13205.0000 19.3083 5.9856
13210.0000 19.3083 5.9856
13215.0000 19.3957 6.0275
13220.0000 19.3957 6.0275
13225.0000 19.4336 6.0833
13230.0000 19.4441 6.0808
13235.0000 19.4601 6.1058
13240.0000 19.5292 6.1701
13245.0000 19.5353 6.1695
13250.0000 19.5461 6.1679
13255.0000 19.5574 6.1664
13260.0000 19.5482 6.1680
13265.0000 19.3323 6.0377
13270.0000 19.3098 6.0410
13275.0000 19.3115 6.0409
13280.0000 19.3480 6.0805
13285.0000 19.3833 6.0781
13290.0000 19.3833 6.0781
13295.0000 19.3880 6.0771
13300.0000 19.3880 6.0771
13305.0000 19.3950 6.0758
13310.0000 19.3950 6.0758
13315.0000 19.3950 6.0758
13320.0000 19.3854 6.0781
13325.0000 19.2347 6.0067
13330.0000 19.1682 5.9487
13335.0000 19.1682 5.9495
13340.0000 19.2108 5.9882
13345.0000 19.2108 5.9882
13350.0000 19.2363 5.9881
13355.0000 19.3231 6.0223
13360.0000 19.3172 6.0128
13365.0000 19.3296 6.0114
13370.0000 19.3996 6.0652
13375.0000 19.3996 6.0652
13380.0000 19.3996 6.0652
13385.0000 19.2589 5.9746
13390.0000 19.1996 5.9629
13395.0000 19.2054 5.9619
13400.0000 19.2054 5.9619
13405.0000 19.2111 5.9608
13410.0000 19.2159 5.9596
13415.0000 19.2411 5.9622
13420.0000 19.2580 5.9590
13425.0000 19.2693 5.9561
13430.0000 19.3363 6.0055
13435.0000 19.3363 6.0055
13440.0000 19.2564 5.9337
13445.0000 19.0267 5.7671
13450.0000 19.0163 5.7817
13455.0000 19.0575 5.8163
13460.0000 19.1091 5.8722
13465.0000 19.1161 5.8710
13470.0000 19.1696 5.8786
13475.0000 19.1696 5.8786
13480.0000 19.1763 5.8767
13485.0000 19.1763 5.8767
13490.0000 19.2241 5.8905
13495.0000 19.2241 5.8905
13500.0000 19.2548 5.9164
13505.0000 19.2650 5.9223
13510.0000 19.2650 5.9223
13515.0000 19.2650 5.9223
13520.0000 19.2677 5.9215
13525.0000 19.2994 5.9432
13530.0000 19.3062 5.9420
13535.0000 19.3507 5.9773
13540.0000 19.4054 6.0055
13545.0000 19.4115 6.0042
13550.0000 19.4230 6.0021
13555.0000 19.4816 6.0377
13560.0000 19.4214 5.9729
13565.0000 19.2212 5.9170
13570.0000 19.0693 5.7789
13575.0000 19.0695 5.7799
13580.0000 19.0695 5.7799
13585.0000 19.0695 5.7799
13590.0000 19.0775 5.7793
13595.0000 19.0820 5.7790
13600.0000 19.0868 5.7783
13605.0000 19.1318 5.8234
13610.0000 19.1318 5.8234
13615.0000 19.1383 5.8223
13620.0000 19.1783 5.8843
13625.0000 19.0910 5.8121
13630.0000 19.0938 5.8117
13635.0000 19.1278 5.8446
13640.0000 19.1325 5.8438
13645.0000 19.1325 5.8438
13650.0000 19.1656 5.8524
13655.0000 19.1656 5.8524
13660.0000 19.2072 5.8756
13665.0000 19.2072 5.8756
13670.0000 19.2573 5.9111
13675.0000 19.2620 5.9103
13680.0000 19.2109 5.8668
13685.0000 19.0379 5.7397
13690.0000 18.9875 5.7400
13695.0000 18.9954 5.7389
13700.0000 19.0285 5.7529
13705.0000 19.0759 5.8039
13710.0000 19.0759 5.8039
13715.0000 19.0877 5.8009
13720.0000 19.1458 5.8286
13725.0000 19.1889 5.8551
13730.0000 19.1962 5.8528
13735.0000 19.1962 5.8528
13740.0000 19.1620 5.8474
13745.0000 19.0768 5.7910
13750.0000 19.0254 5.7463
13755.0000 19.0253 5.7461
13760.0000 19.0289 5.7438
13765.0000 19.0289 5.7438
13770.0000 19.0709 5.8041
13775.0000 19.0808 5.8022
13780.0000 19.1060 5.8311
13785.0000 19.1109 5.8293
13790.0000 19.1142 5.8283
13795.0000 19.1142 5.8283
13800.0000 19.1142 5.8283
13805.0000 18.9853 5.7499
13810.0000 18.9338 5.7477
13815.0000 18.9373 5.7469
13820.0000 18.9471 5.7448
13825.0000 18.9590 5.7437
13830.0000 19.0261 5.7932
13835.0000 19.0801 5.8340
13840.0000 19.0801 5.8340
13845.0000 19.1244 5.8748
13850.0000 19.1244 5.8748
13855.0000 19.1244 5.8748
13860.0000 19.0833 5.8354
13865.0000 18.7273 5.6679
13870.0000 18.6869 5.6717
13875.0000 18.6824 5.6727
13880.0000 18.7013 5.6689
13885.0000 18.7143 5.6661
13890.0000 18.7143 5.6661
13895.0000 18.7143 5.6661
13900.0000 18.7230 5.6644
13905.0000 18.7230 5.6644
13910.0000 18.7230 5.6644
13915.0000 18.7267 5.6638
13920.0000 18.7614 5.6853
13925.0000 18.7600 5.6862
13930.0000 18.7552 5.6881
13935.0000 18.7807 5.6851
13940.0000 18.7807 5.6851
13945.0000 18.7842 5.6844
13950.0000 18.7940 5.6824
13955.0000 18.8080 5.6797
13960.0000 18.8080 5.6797
13965.0000 18.8080 5.6797
13970.0000 18.8171 5.6784
13975.0000 18.8273 5.6768
13980.0000 18.8647 5.7293
13985.0000 18.7991 5.7326
13990.0000 18.7774 5.7344
13995.0000 18.7858 5.7337
14000.0000 18.7985 5.7315
14005.0000 18.8432 5.7794
14010.0000 18.8481 5.7782
14015.0000 18.8481 5.7782
14020.0000 18.8860 5.8113
14025.0000 18.8860 5.8113
14030.0000 18.8860 5.8113
14035.0000 18.9308 5.8434
14040.0000 18.9268 5.8441
14045.0000 18.9173 5.8467
14050.0000 18.9206 5.8470
14055.0000 18.9015 5.8513
14060.0000 18.9063 5.8508
14065.0000 18.9490 5.8436
14070.0000 18.9620 5.8411
14075.0000 18.9732 5.8384
14080.0000 18.9839 5.8366
14085.0000 18.9976 5.8341
14090.0000 19.0187 5.8306
14095.0000 19.0187 5.8306
14100.0000 19.0512 5.8404
14105.0000 18.9158 5.8034
14110.0000 18.9086 5.8047
14115.0000 18.9114 5.8044
14120.0000 18.9114 5.8044
14125.0000 18.9195 5.8025
14130.0000 18.9400 5.7984
14135.0000 18.9480 5.7964
14140.0000 18.9550 5.7944
14145.0000 18.9630 5.7922
14150.0000 19.0524 5.8927
14155.0000 19.1206 5.9799
14160.0000 19.0498 5.9217
14165.0000 18.7709 5.8034
14170.0000 18.7074 5.7788
14175.0000 18.7001 5.7680
14180.0000 18.7129 5.7870
14185.0000 18.7129 5.7870
14190.0000 18.7129 5.7870
14195.0000 18.7129 5.7870
14200.0000 18.7177 5.7860
14205.0000 18.7834 5.8436
14210.0000 18.7834 5.8436
14215.0000 18.7899 5.8425
14220.0000 18.7533 5.8155
14225.0000 18.6951 5.7994
14230.0000 18.5760 5.6670
14235.0000 18.5829 5.6654
14240.0000 18.5829 5.6654
14245.0000 18.6192 5.6893
14250.0000 18.6555 5.7162
14255.0000 18.6598 5.7152
14260.0000 18.7141 5.7452
14265.0000 18.7243 5.7425
14270.0000 18.7772 5.8139
14275.0000 18.7364 5.7437
14280.0000 18.7861 5.8140
14285.0000 18.7527 5.8239
14290.0000 18.7410 5.8597
14295.0000 18.7450 5.8590
14300.0000 18.8129 5.8980
14305.0000 18.8468 5.9060
14310.0000 18.8504 5.9053
14315.0000 18.8549 5.9043
14320.0000 18.8602 5.9035
14325.0000 18.8639 5.9028
14330.0000 18.8639 5.9028
14335.0000 18.8686 5.9021
14340.0000 18.8393 5.8601
14345.0000 18.6615 5.7928
14350.0000 18.5769 5.7239
14355.0000 18.5893 5.7433
14360.0000 18.6365 5.7834
14365.0000 18.7054 5.7904
14370.0000 18.7054 5.7904
14375.0000 18.7094 5.7894
14380.0000 18.7094 5.7894
14385.0000 18.7094 5.7894
14390.0000 18.7094 5.7894
14395.0000 18.7424 5.8076
14400.0000 18.8253 5.8612
14405.0000 18.7712 5.8563
14410.0000 18.6553 5.7276
14415.0000 18.7073 5.7826
14420.0000 18.7140 5.7822
14425.0000 18.7140 5.7822
14430.0000 18.7213 5.7815
14435.0000 18.7213 5.7815
14440.0000 18.7652 5.8111
14445.0000 18.7652 5.8111
14450.0000 18.7795 5.8100
14455.0000 18.7795 5.8100
14460.0000 18.7691 5.8130
14465.0000 18.7089 5.8171
14470.0000 18.6731 5.7995
14475.0000 18.6857 5.7981
14480.0000 18.6890 5.7973
14485.0000 18.6996 5.7960
14490.0000 18.7118 5.7940
14495.0000 18.7118 5.7940
14500.0000 18.7493 5.8402
14505.0000 18.7493 5.8402
14510.0000 18.7833 5.8376
14515.0000 18.7892 5.8362
14520.0000 18.7892 5.8362
14525.0000 18.7023 5.8147
14530.0000 18.5824 5.6551
14535.0000 18.5781 5.6559
14540.0000 18.6092 5.6710
14545.0000 18.6092 5.6710
14550.0000 18.6092 5.6710
14555.0000 18.6522 5.6784
14560.0000 18.7177 5.7089
14565.0000 18.7221 5.7077
14570.0000 18.7533 5.7211
14575.0000 18.7607 5.7197
14580.0000 18.7543 5.7213
14585.0000 18.7122 5.6654
14590.0000 18.7339 5.7317
14595.0000 18.7999 5.7531
14600.0000 18.7696 5.6893
14605.0000 18.8136 5.7569
14610.0000 18.8136 5.7569
14615.0000 18.8136 5.7569
14620.0000 18.8249 5.7555
14625.0000 18.9048 5.8082
14630.0000 18.9389 5.8363
14635.0000 18.9389 5.8363
14640.0000 18.9196 5.7926
14645.0000 18.7849 5.7373
14650.0000 18.7139 5.7080
14655.0000 18.7103 5.7087
14660.0000 18.7103 5.7087
14665.0000 18.7146 5.7082
14670.0000 18.7458 5.7253
14675.0000 18.7539 5.7234
14680.0000 18.7583 5.7227
14685.0000 18.7658 5.7207
14690.0000 18.8104 5.7548
14695.0000 18.8192 5.7527
14700.0000 18.7628 5.7019
14705.0000 18.7720 5.7865
14710.0000 18.7971 5.7859
14715.0000 18.8260 5.8079
14720.0000 18.8919 5.8632
14725.0000 18.9639 5.9283
14730.0000 18.9774 5.9252
14735.0000 18.9822 5.9248
14740.0000 19.0252 5.9707
14745.0000 19.0337 5.9687
14750.0000 19.0463 5.9670
14755.0000 19.0830 6.0080
14760.0000 19.0897 6.0073
14765.0000 19.0207 5.9544
14770.0000 18.9637 5.9059
14775.0000 18.9565 5.9074
14780.0000 18.9599 5.9071
14785.0000 19.0054 5.9595
14790.0000 19.0395 6.0066
14795.0000 19.0395 6.0066
14800.0000 19.1115 6.1137
14805.0000 19.1583 6.1220
14810.0000 19.2593 6.2014
14815.0000 19.3610 6.3159
14820.0000 19.4635 6.4257
14825.0000 19.4137 6.4425
14830.0000 19.3354 6.3736
14835.0000 19.3527 6.3701
14840.0000 19.3814 6.3640
14845.0000 19.3767 6.3217
14850.0000 19.4003 6.3168
14855.0000 19.4117 6.3144
14860.0000 19.4171 6.3129
14865.0000 19.4340 6.3096
14870.0000 19.4468 6.3078
14875.0000 19.4561 6.3057
14880.0000 19.4457 6.3088
14885.0000 19.3255 6.2763
14890.0000 19.3098 6.2794
14895.0000 19.3045 6.2805
14900.0000 19.3045 6.2805
14905.0000 19.3045 6.2805
14910.0000 19.2832 6.2469
14915.0000 19.3893 6.3711
14920.0000 19.4208 6.4017
14925.0000 19.4208 6.4017
14930.0000 19.4208 6.4017
14935.0000 19.4208 6.4017
14940.0000 19.4397 6.4346
14945.0000 19.3929 6.4384
14950.0000 19.3715 6.4255
14955.0000 19.4000 6.4244
14960.0000 19.4117 6.4218
14965.0000 19.4171 6.4214
14970.0000 19.4266 6.4189
14975.0000 19.4664 6.4392
14980.0000 19.4717 6.4386
14985.0000 19.5350 6.4844
14990.0000 19.5855 6.5370
14995.0000 19.5855 6.5370
15000.0000 19.5855 6.5370
15005.0000 19.4616 6.4918
15010.0000 19.5258 6.5290
15015.0000 19.5874 6.5910
15020.0000 19.6228 6.6590
15025.0000 19.6622 6.6914
15030.0000 19.6668 6.6904
15035.0000 19.6621 6.6572
15040.0000 19.5978 6.5585
15045.0000 19.5978 6.5585
15050.0000 19.5978 6.5585
15055.0000 19.6405 6.5775
15060.0000 19.6636 6.6040
15065.0000 19.6150 6.6060
15070.0000 19.3554 6.3208
15075.0000 19.4438 6.4035
15080.0000 19.4435 6.4027
15085.0000 19.4569 6.4015
15090.0000 19.5024 6.4057
15095.0000 19.5728 6.4475
15100.0000 19.5832 6.4459
15105.0000 19.5343 6.3717
15110.0000 19.5343 6.3717
15115.0000 19.6228 6.3804
15120.0000 19.7160 6.4292
15125.0000 19.7107 6.4314
15130.0000 19.6520 6.4024
15135.0000 19.6550 6.4018
15140.0000 19.6941 6.4436
15145.0000 19.7068 6.4401
15150.0000 19.7122 6.4384
15155.0000 19.7215 6.4364
15160.0000 19.7254 6.4357
15165.0000 19.7294 6.4344
15170.0000 19.7782 6.4686
15175.0000 19.7892 6.4673
15180.0000 19.8105 6.4622
15185.0000 19.5217 6.2898
15190.0000 19.4355 6.1951
15195.0000 19.4421 6.1947
15200.0000 19.4641 6.1902
15205.0000 19.4641 6.1902
15210.0000 19.4641 6.1902
15215.0000 19.5517 6.2391
15220.0000 19.5605 6.2366
15225.0000 19.5652 6.2354
15230.0000 19.5732 6.2332
15235.0000 19.5821 6.2309
15240.0000 19.5483 6.1799
15245.0000 19.4996 6.1689
15250.0000 19.4259 6.1255
15255.0000 19.4657 6.1356
15260.0000 19.5603 6.1737
15265.0000 19.6087 6.1947
15270.0000 19.6483 6.1990
15275.0000 19.6612 6.1975
15280.0000 19.6897 6.1967
15285.0000 19.6897 6.1967
15290.0000 19.7497 6.2413
15295.0000 19.7743 6.2362
15300.0000 19.7159 6.1914
15305.0000 19.6342 6.1815
15310.0000 19.6521 6.2028
15315.0000 19.6561 6.2014
15320.0000 19.6626 6.2006
15325.0000 19.6687 6.1992
15330.0000 19.6687 6.1992
15335.0000 19.6687 6.1992
15340.0000 19.7158 6.2517
15345.0000 19.7217 6.2504
15350.0000 19.7329 6.2480
15355.0000 19.7383 6.2469
15360.0000 19.7383 6.2469
15365.0000 19.6274 6.1773
15370.0000 19.4880 6.0766
15375.0000 19.4952 6.0752
15380.0000 19.4939 6.0740
15385.0000 19.4939 6.0740
15390.0000 19.5079 6.0705
15395.0000 19.5708 6.1088
15400.0000 19.6286 6.1084
15405.0000 19.6419 6.1059
15410.0000 19.6585 6.1026
15415.0000 19.6951 6.1305
15420.0000 19.6197 6.0711
15425.0000 19.5408 6.0457
15430.0000 19.5029 6.0459
15435.0000 19.4958 6.0475
15440.0000 19.4958 6.0475
15445.0000 19.5352 6.0823
15450.0000 19.5352 6.0823
15455.0000 19.5352 6.0823
15460.0000 19.5396 6.0810
15465.0000 19.5396 6.0810
15470.0000 19.5477 6.0803
15475.0000 19.5477 6.0803
15480.0000 19.5940 6.1260
15485.0000 19.4799 6.0551
15490.0000 19.3877 5.9863
15495.0000 19.4415 6.0256
15500.0000 19.4415 6.0256
15505.0000 19.4579 6.0225
15510.0000 19.4668 6.0199
15515.0000 19.4839 6.0172
15520.0000 19.4839 6.0172
15525.0000 19.4839 6.0172
15530.0000 19.4894 6.0167
15535.0000 19.5038 6.0134
15540.0000 19.5068 6.0127
15545.0000 19.3085 5.8641
15550.0000 19.2963 5.8659
15555.0000 19.2918 5.8663
15560.0000 19.3046 5.8639
15565.0000 19.3099 5.8627
15570.0000 19.3241 5.8604
15575.0000 19.3765 5.8967
15580.0000 19.3873 5.8945
15585.0000 19.3873 5.8945
15590.0000 19.3873 5.8945
15595.0000 19.3962 5.8929
15600.0000 19.3688 5.8682
15605.0000 19.2646 5.8182
15610.0000 19.1617 5.7402
15615.0000 19.1560 5.7414
15620.0000 19.1560 5.7414
15625.0000 19.2008 5.7808
15630.0000 19.3223 5.8251
15635.0000 19.3351 5.8218
15640.0000 19.3383 5.8208
15645.0000 19.3474 5.8179
15650.0000 19.3920 5.8419
15655.0000 19.3960 5.8409
15660.0000 19.3884 5.8107
15665.0000 19.2539 5.7418
15670.0000 19.1564 5.6819
15675.0000 19.1663 5.6804
15680.0000 19.1672 5.6792
15685.0000 19.2594 5.7444
15690.0000 19.3145 5.7802
15695.0000 19.3381 5.7774
15700.0000 19.3381 5.7774
15705.0000 19.3765 5.8090
15710.0000 19.3765 5.8090
15715.0000 19.3765 5.8090
15720.0000 19.3540 5.7805
15725.0000 19.2969 5.7331
15730.0000 19.2196 5.7104
15735.0000 19.2151 5.7108
15740.0000 19.2151 5.7108
15745.0000 19.2151 5.7108
15750.0000 19.2195 5.7099
15755.0000 19.2493 5.7350
15760.0000 19.2468 5.6703
15765.0000 19.2930 5.6721
15770.0000 19.2930 5.6721
15775.0000 19.3226 5.6673
15780.0000 19.3112 5.6429
15785.0000 19.2051 5.5290
15790.0000 19.2377 5.6119
15795.0000 19.2738 5.6114
15800.0000 19.2918 5.6082
15805.0000 19.3422 5.6537
15810.0000 19.3696 5.6582
15815.0000 19.3752 5.6564
15820.0000 19.3867 5.6530
15825.0000 19.3919 5.6518
15830.0000 19.4019 5.6513
15835.0000 19.4114 5.6503
15840.0000 19.4214 5.6484
15845.0000 19.2241 5.4760
15850.0000 19.1393 5.4308
15855.0000 19.1393 5.4308
15860.0000 19.1479 5.4280
15865.0000 19.1536 5.4263
15870.0000 19.1958 5.4279
15875.0000 19.1995 5.4272
15880.0000 19.2589 5.4360
15885.0000 19.2731 5.4320
15890.0000 19.3211 5.4802
15895.0000 19.4069 5.5153
15900.0000 19.4857 5.5548
15905.0000 19.4854 5.5860
15910.0000 19.4509 5.5564
15915.0000 19.4578 5.5544
15920.0000 19.4581 5.5541
15925.0000 19.5663 5.6876
15930.0000 19.5663 5.6876
15935.0000 19.5956 5.7238
15940.0000 19.6588 5.7758
15945.0000 19.6862 5.7700
15950.0000 19.7033 5.7658
15955.0000 19.7033 5.7658
15960.0000 19.6692 5.7265
15965.0000 19.6211 5.7070
15970.0000 19.6043 5.6869
15975.0000 19.5720 5.6316
15980.0000 19.6555 5.7303
15985.0000 19.6647 5.7277
15990.0000 19.7326 5.7815
15995.0000 19.7072 5.7146
16000.0000 19.7411 5.7440
16005.0000 19.7860 5.8039
16010.0000 19.7927 5.8024
16015.0000 19.8039 5.7995
16020.0000 19.8560 5.8044
16025.0000 19.6498 5.7442
16030.0000 19.5687 5.7075
16035.0000 19.6093 5.7415
16040.0000 19.6204 5.7402
16045.0000 19.6345 5.7373
16050.0000 19.6417 5.7374
16055.0000 19.6445 5.7364
16060.0000 19.6488 5.7354
16065.0000 19.6521 5.7346
16070.0000 19.6882 5.7343
16075.0000 19.6882 5.7343
16080.0000 19.6882 5.7343
16085.0000 19.5999 5.6645
16090.0000 19.5592 5.6772
16095.0000 19.5525 5.6778
16100.0000 19.5640 5.6757
16105.0000 19.5743 5.6736
16110.0000 19.5787 5.6727
16115.0000 19.5787 5.6727
16120.0000 19.5787 5.6727
16125.0000 19.5787 5.6727
16130.0000 19.6105 5.6772
16135.0000 19.6105 5.6772
16140.0000 19.6105 5.6772
16145.0000 19.5592 5.6659
16150.0000 19.5101 5.6393
16155.0000 19.5101 5.6393
16160.0000 19.5128 5.6388
16165.0000 19.5128 5.6388
16170.0000 19.5259 5.6362
16175.0000 19.5321 5.6351
16180.0000 19.5732 5.6781
16185.0000 19.5808 5.6765
16190.0000 19.5946 5.6734
16195.0000 19.5946 5.6734
16200.0000 19.5946 5.6734
16205.0000 19.4060 5.5912
16210.0000 19.3623 5.5299
16215.0000 19.3592 5.5315
16220.0000 19.3592 5.5315
16225.0000 19.3592 5.5315
16230.0000 19.4120 5.5819
16235.0000 19.4254 5.5809
16240.0000 19.4405 5.5780
16245.0000 19.4921 5.6151
16250.0000 19.4921 5.6151
16255.0000 19.4977 5.6140
16260.0000 19.4715 5.5540
16265.0000 19.4174 5.5085
16270.0000 19.4034 5.5117
16275.0000 19.4346 5.5293
16280.0000 19.4505 5.5254
16285.0000 19.4626 5.5223
16290.0000 19.5143 5.5534
16295.0000 19.5143 5.5534
16300.0000 19.5143 5.5534
16305.0000 19.5215 5.5522
16310.0000 19.5289 5.5509
16315.0000 19.5445 5.5481
16320.0000 19.5519 5.5466
16325.0000 19.4343 5.4802
16330.0000 19.3779 5.4928
16335.0000 19.3737 5.4932
16340.0000 19.4154 5.5533
16345.0000 19.4154 5.5533
16350.0000 19.4223 5.5525
16355.0000 19.4223 5.5525
16360.0000 19.4223 5.5525
16365.0000 19.4223 5.5525
16370.0000 19.4590 5.5755
16375.0000 19.4622 5.5749
16380.0000 19.3970 5.5093
16385.0000 19.3291 5.4828
16390.0000 19.2730 5.4495
16395.0000 19.3014 5.4667
16400.0000 19.3219 5.4994
16405.0000 19.3330 5.4977
16410.0000 19.3330 5.4977
16415.0000 19.3387 5.4959
16420.0000 19.3440 5.4949
16425.0000 19.3647 5.4917
16430.0000 19.3857 5.4877
16435.0000 19.3906 5.4872
16440.0000 19.3076 5.3863
16445.0000 19.2127 5.3283
16450.0000 19.1584 5.3090
16455.0000 19.1622 5.3080
16460.0000 19.1536 5.3097
16465.0000 19.1536 5.3097
16470.0000 19.1852 5.3165
16475.0000 19.2445 5.3573
16480.0000 19.2445 5.3573
16485.0000 19.2961 5.4020
16490.0000 19.3379 5.4206
16495.0000 19.3421 5.4194
16500.0000 19.3563 5.4149
16505.0000 19.1172 5.2715
16510.0000 19.0899 5.2726
16515.0000 19.0877 5.2730
16520.0000 19.0877 5.2730
16525.0000 19.0877 5.2730
16530.0000 19.0877 5.2730
16535.0000 19.1287 5.2729
16540.0000 19.1694 5.2790
16545.0000 19.1725 5.2780
16550.0000 19.2107 5.2847
16555.0000 19.2107 5.2847
16560.0000 19.2105 5.2854
16565.0000 19.0041 5.1636
16570.0000 18.9854 5.1657
16575.0000 18.9786 5.1664
16580.0000 18.9825 5.1649
16585.0000 18.9859 5.1641
16590.0000 18.9859 5.1641
16595.0000 18.9946 5.1623
16600.0000 18.9946 5.1623
16605.0000 18.9946 5.1623
16610.0000 19.0031 5.1603
16615.0000 19.0076 5.1599
16620.0000 18.9362 5.0734
16625.0000 18.7719 4.9221
16630.0000 18.7381 4.8956
16635.0000 18.7213 4.8988
16640.0000 18.7164 4.8998
16645.0000 18.7164 4.8998
16650.0000 18.7164 4.8998
16655.0000 18.7164 4.8998
16660.0000 18.7523 4.9216
16665.0000 18.7621 4.9187
16670.0000 18.7686 4.9182
16675.0000 18.8184 4.9292
16680.0000 18.8184 4.9292
16685.0000 18.7289 4.8745
16690.0000 18.7373 4.8730
16695.0000 18.8071 4.9300
16700.0000 18.8406 4.9650
16705.0000 18.8450 4.9640
16710.0000 18.8877 5.0259
16715.0000 18.8877 5.0259
16720.0000 18.8877 5.0259
16725.0000 18.9042 5.0249
16730.0000 18.9042 5.0249
16735.0000 18.9414 5.0710
16740.0000 18.9426 5.0721
16745.0000 18.7539 4.9766
16750.0000 18.7342 4.9811
16755.0000 18.7127 4.9839
16760.0000 18.7171 4.9831
16765.0000 18.7562 5.0329
16770.0000 18.7930 5.0407
16775.0000 18.7930 5.0407
16780.0000 18.7930 5.0407
16785.0000 18.8216 5.0380
16790.0000 18.8559 5.0571
16795.0000 18.8677 5.0558
16800.0000 18.8664 5.0559
16805.0000 18.8273 5.0476
16810.0000 18.8251 5.0479
16815.0000 18.8251 5.0479
16820.0000 18.8182 5.0483
16825.0000 18.8327 5.0464
16830.0000 18.8484 5.0443
16835.0000 18.8541 5.0445
16840.0000 18.8541 5.0445
16845.0000 18.8843 5.0434
16850.0000 18.8942 5.0414
16855.0000 18.8990 5.0404
16860.0000 18.9739 5.0672
16865.0000 18.8973 5.0389
16870.0000 18.7854 5.0067
16875.0000 18.7993 5.0328
16880.0000 18.8327 5.0347
16885.0000 18.8363 5.0336
16890.0000 18.8799 5.0437
16895.0000 18.9148 5.0559
16900.0000 18.9524 5.0761
16905.0000 18.9524 5.0761
16910.0000 18.9910 5.0991
16915.0000 19.0408 5.1028
16920.0000 19.0644 5.0978
16925.0000 19.0148 5.0797
16930.0000 18.9963 5.0821
16935.0000 19.0040 5.0815
16940.0000 18.9979 5.0828
16945.0000 18.9979 5.0828
16950.0000 18.9305 4.9673
16955.0000 18.9699 5.0173
16960.0000 19.0174 5.0474
16965.0000 19.0174 5.0474
16970.0000 19.0174 5.0474
16975.0000 19.0174 5.0474
16980.0000 19.0176 5.0477
16985.0000 18.8819 4.9888
16990.0000 18.8630 4.9910
16995.0000 18.8660 4.9903
17000.0000 18.8632 4.9901
17005.0000 18.8763 4.9876
17010.0000 18.9135 4.9949
17015.0000 18.9526 5.0100
17020.0000 18.9918 5.0406
17025.0000 19.0297 5.0725
17030.0000 19.0809 5.0917
17035.0000 19.1162 5.1254
17040.0000 19.0881 5.0922
17045.0000 19.0573 5.0973
17050.0000 18.9708 5.0567
17055.0000 18.9839 5.0549
17060.0000 18.9839 5.0549
17065.0000 18.9888 5.0541
17070.0000 18.9950 5.0534
17075.0000 19.0084 5.0509
17080.0000 19.0164 5.0495
17085.0000 19.0164 5.0495
17090.0000 19.0455 5.0667
17095.0000 19.0500 5.0658
17100.0000 19.0004 5.0338
17105.0000 18.7975 4.9181
17110.0000 18.7644 4.8892
17115.0000 18.7795 4.8867
17120.0000 18.7844 4.8863
17125.0000 18.7844 4.8863
17130.0000 18.7844 4.8863
17135.0000 18.8231 4.9091
17140.0000 18.8231 4.9091
17145.0000 18.8558 4.9354
17150.0000 18.8626 4.9344
17155.0000 18.8714 4.9326
17160.0000 18.8361 4.8861
17165.0000 18.7080 4.7946
17170.0000 18.7293 4.8176
17175.0000 18.7189 4.8186
17180.0000 18.7229 4.8179
17185.0000 18.7271 4.8169
17190.0000 18.7693 4.8365
17195.0000 18.7742 4.8362
17200.0000 18.8327 4.8630
17205.0000 18.8382 4.8627
17210.0000 18.8458 4.8606
17215.0000 18.8493 4.8593
17220.0000 18.8491 4.8597
17225.0000 18.6784 4.7570
17230.0000 18.6196 4.7562
17235.0000 18.6474 4.7768
17240.0000 18.6513 4.7761
17245.0000 18.6797 4.7948
17250.0000 18.6797 4.7948
17255.0000 18.6873 4.7936
17260.0000 18.7136 4.8144
17265.0000 18.7136 4.8144
17270.0000 18.7136 4.8144
17275.0000 18.7136 4.8144
17280.0000 18.7136 4.8144
17285.0000 18.5905 4.7544
17290.0000 18.5051 4.6832
17295.0000 18.4979 4.6841
17300.0000 18.4979 4.6841
17305.0000 18.5103 4.6822
17310.0000 18.5580 4.7062
17315.0000 18.5611 4.7055
17320.0000 18.5611 4.7055
17325.0000 18.5611 4.7055
17330.0000 18.5611 4.7055
17335.0000 18.5918 4.7389
17340.0000 18.5875 4.7402
17345.0000 18.5059 4.6999
17350.0000 18.3909 4.6854
17355.0000 18.4672 4.7447
17360.0000 18.4592 4.7455
17365.0000 18.4649 4.7449
17370.0000 18.5056 4.7722
17375.0000 18.5056 4.7722
17380.0000 18.5056 4.7722
17385.0000 18.5056 4.7722
17390.0000 18.5178 4.7713
17395.0000 18.5519 4.7892
17400.0000 18.5954 4.8222
17405.0000 18.5597 4.7922
17410.0000 18.5033 4.7948
17415.0000 18.5067 4.7945
17420.0000 18.5067 4.7945
17425.0000 18.5696 4.8373
17430.0000 18.5808 4.8359
17435.0000 18.6035 4.8323
17440.0000 18.6081 4.8317
17445.0000 18.6081 4.8317
17450.0000 18.6081 4.8317
17455.0000 18.6547 4.8650
17460.0000 18.6003 4.8193
17465.0000 18.2952 4.6643
17470.0000 18.2327 4.6528
17475.0000 18.2295 4.6534
17480.0000 18.2295 4.6534
17485.0000 18.2295 4.6534
17490.0000 18.2295 4.6534
17495.0000 18.2348 4.6522
17500.0000 18.2348 4.6522
17505.0000 18.2775 4.6726
17510.0000 18.2806 4.6720
17515.0000 18.2856 4.6710
17520.0000 18.2573 4.6418
17525.0000 18.2018 4.6123
17530.0000 18.1285 4.5821
17535.0000 18.1204 4.5835
17540.0000 18.1204 4.5835
17545.0000 18.1537 4.6167
17550.0000 18.1586 4.6161
17555.0000 18.1586 4.6161
17560.0000 18.1671 4.6143
17565.0000 18.1671 4.6143
17570.0000 18.2043 4.6377
17575.0000 18.2085 4.6371
17580.0000 18.1566 4.6074
17585.0000 18.0149 4.5850
17590.0000 17.9958 4.5898
17595.0000 18.0235 4.6133
17600.0000 18.0552 4.6353
17605.0000 18.0584 4.6347
17610.0000 18.1007 4.6576
17615.0000 18.1181 4.6547
17620.0000 18.1381 4.6516
17625.0000 18.1524 4.6493
17630.0000 18.1571 4.6485
17635.0000 18.1660 4.6469
17640.0000 18.1945 4.6632
17645.0000 18.1395 4.6685
17650.0000 18.0893 4.6752
17655.0000 18.0857 4.6758
17660.0000 18.1214 4.6695
17665.0000 18.1285 4.6680
17670.0000 18.1588 4.7108
17675.0000 18.1640 4.7099
17680.0000 18.1640 4.7099
17685.0000 18.1723 4.7081
17690.0000 18.1798 4.7065
17695.0000 18.1850 4.7055
17700.0000 18.2312 4.7253
17705.0000 18.2192 4.7298
17710.0000 18.1498 4.7065
17715.0000 18.1498 4.7065
17720.0000 18.1561 4.7054
17725.0000 18.1860 4.7264
17730.0000 18.2129 4.7443
17735.0000 18.2185 4.7426
17740.0000 18.2256 4.7414
17745.0000 18.2623 4.7614
17750.0000 18.2680 4.7606
17755.0000 18.2897 4.7574
17760.0000 18.3137 4.7919
17765.0000 18.1665 4.7217
17770.0000 18.0491 4.6697
17775.0000 18.0420 4.6710
17780.0000 18.0518 4.6696
17785.0000 18.0987 4.7034
17790.0000 18.0987 4.7034
17795.0000 18.0987 4.7034
17800.0000 18.1042 4.7025
17805.0000 18.1414 4.7230
17810.0000 18.1414 4.7230
17815.0000 18.1414 4.7230
17820.0000 18.1414 4.7230
17825.0000 18.0824 4.6992
17830.0000 18.0968 4.7249
17835.0000 18.0957 4.7257
17840.0000 18.1075 4.7243
17845.0000 18.1075 4.7243
17850.0000 18.2003 4.8565
17855.0000 18.2087 4.8549
17860.0000 18.2087 4.8549
17865.0000 18.2087 4.8549
17870.0000 18.2087 4.8549
17875.0000 18.2136 4.8545
17880.0000 18.2190 4.8541
17885.0000 18.1175 4.7586
17890.0000 18.0678 4.7799
17895.0000 18.0510 4.7829
17900.0000 18.1628 4.8805
17905.0000 18.2668 4.9412
17910.0000 18.2752 4.9395
17915.0000 18.2752 4.9395
17920.0000 18.2752 4.9395
17925.0000 18.3026 4.9602
17930.0000 18.3138 4.9586
17935.0000 18.3174 4.9582
17940.0000 18.3131 4.9581
17945.0000 18.1979 4.8260
17950.0000 18.1624 4.8221
17955.0000 18.1546 4.8235
17960.0000 18.1715 4.8653
17965.0000 18.1968 4.8812
17970.0000 18.2049 4.8802
17975.0000 18.2553 4.9139
17980.0000 18.2677 4.9110
17985.0000 18.2815 4.9084
17990.0000 18.2965 4.9063
17995.0000 18.3036 4.9051
18000.0000 18.3716 4.9259
18005.0000 18.3287 4.9237
18010.0000 18.2676 4.8874
18015.0000 18.2920 4.9198
18020.0000 18.2972 4.9191
18025.0000 18.2972 4.9191
18030.0000 18.3013 4.9182
18035.0000 18.3013 4.9182
18040.0000 18.3104 4.9163
18045.0000 18.3195 4.9139
18050.0000 18.3323 4.9103
18055.0000 18.3435 4.9084
18060.0000 18.3652 4.9329
18065.0000 18.3355 4.9394
18070.0000 18.2455 4.9343
18075.0000 18.2354 4.9364
18080.0000 18.2485 4.9347
18085.0000 18.2535 4.9340
18090.0000 18.2602 4.9327
18095.0000 18.3008 4.9683
18100.0000 18.3008 4.9683
18105.0000 18.3524 5.0055
18110.0000 18.3524 5.0055
18115.0000 18.3822 5.0268
18120.0000 18.3697 5.0286
18125.0000 18.3885 5.0367
18130.0000 18.2817 4.9613
18135.0000 18.2762 4.9620
18140.0000 18.2762 4.9620
18145.0000 18.2762 4.9620
18150.0000 18.3079 4.9814
18155.0000 18.3229 4.9797
18160.0000 18.2837 4.8834
18165.0000 18.2969 4.8862
18170.0000 18.3040 4.8859
18175.0000 18.3269 4.8844
18180.0000 18.3411 4.8827
18185.0000 18.3280 4.8780
18190.0000 18.2142 4.8115
18195.0000 18.2110 4.8122
18200.0000 18.2218 4.8107
18205.0000 18.2266 4.8102
18210.0000 18.2609 4.8408
18215.0000 18.2609 4.8408
18220.0000 18.2995 4.8385
18225.0000 18.3076 4.8370
18230.0000 18.3544 4.8657
18235.0000 18.3623 4.8645
18240.0000 18.4053 4.8959
18245.0000 18.3232 4.8516
18250.0000 18.2125 4.7824
18255.0000 18.1972 4.7845
18260.0000 18.2245 4.8343
18265.0000 18.2433 4.8307
18270.0000 18.2692 4.8606
18275.0000 18.3027 4.8805
18280.0000 18.3400 4.9036
18285.0000 18.3400 4.9036
18290.0000 18.3791 4.9271
18295.0000 18.4239 4.9535
18300.0000 18.4311 4.9525
18305.0000 18.3929 4.9031
18310.0000 18.4135 4.9046
18315.0000 18.4159 4.9049
18320.0000 18.5034 4.9954
18325.0000 18.5116 4.9941
18330.0000 18.5852 5.0515
18335.0000 18.6767 5.0591
18340.0000 18.7121 5.0666
18345.0000 18.7121 5.0666
18350.0000 18.7121 5.0666
18355.0000 18.7167 5.0654
18360.0000 18.7012 5.0475
18365.0000 18.6144 4.9542
18370.0000 18.5044 4.9116
18375.0000 18.5372 4.9318
18380.0000 18.5260 4.9329
18385.0000 18.5392 4.9490
18390.0000 18.5471 4.9483
18395.0000 18.5874 4.9765
18400.0000 18.5943 4.9754
18405.0000 18.5943 4.9754
18410.0000 18.6232 5.0006
18415.0000 18.7064 5.0843
18420.0000 18.7489 5.1258
18425.0000 18.7514 5.1255
18430.0000 18.7057 5.1282
18435.0000 18.7104 5.1273
18440.0000 18.7065 5.1284
18445.0000 18.7180 5.1279
18450.0000 18.7280 5.1261
18455.0000 18.7315 5.1254
18460.0000 18.7689 5.1722
18465.0000 18.8212 5.2356
18470.0000 18.8297 5.2339
18475.0000 18.8738 5.2586
18480.0000 18.8624 5.2612
18485.0000 18.7521 5.2269
18490.0000 18.7926 5.2685
18495.0000 18.7983 5.2685
18500.0000 18.7949 5.2692
18505.0000 18.8584 5.2975
18510.0000 18.8618 5.2969
18515.0000 18.9036 5.3291
18520.0000 18.9150 5.3287
18525.0000 18.9150 5.3287
18530.0000 18.9194 5.3270
18535.0000 18.9244 5.3252
18540.0000 18.9318 5.3226
18545.0000 18.7002 5.1885
18550.0000 18.6366 5.1621
18555.0000 18.6232 5.1638
18560.0000 18.6232 5.1638
18565.0000 18.6305 5.1623
18570.0000 18.6338 5.1615
18575.0000 18.6843 5.1766
18580.0000 18.6907 5.1756
18585.0000 18.6907 5.1756
18590.0000 18.7454 5.1827
18595.0000 18.7454 5.1827
18600.0000 18.7454 5.1827
18605.0000 18.7599 5.1898
18610.0000 18.7366 5.1962
18615.0000 18.7310 5.1969
18620.0000 18.7371 5.1968
18625.0000 18.7433 5.1953
18630.0000 18.7470 5.1945
18635.0000 18.7508 5.1934
18640.0000 18.7614 5.1917
18645.0000 18.7758 5.1912
18650.0000 18.7812 5.1911
18655.0000 18.8219 5.2110
18660.0000 18.7770 5.1864
18665.0000 18.6048 5.1184
18670.0000 18.4126 5.0133
18675.0000 18.4578 5.0330
18680.0000 18.4629 5.0323
18685.0000 18.4934 5.0371
18690.0000 18.4934 5.0371
18695.0000 18.5313 5.0496
18700.0000 18.5352 5.0492
18705.0000 18.5352 5.0492
18710.0000 18.5352 5.0492
18715.0000 18.5352 5.0492
18720.0000 18.4828 4.9619
18725.0000 18.4719 4.9627
18730.0000 18.2893 4.8566
18735.0000 18.2833 4.8578
18740.0000 18.2783 4.8585
18745.0000 18.2783 4.8585
18750.0000 18.2696 4.8456
18755.0000 18.2756 4.8545
18760.0000 18.2756 4.8545
18765.0000 18.2795 4.8538
18770.0000 18.3065 4.8765
18775.0000 18.3127 4.8757
18780.0000 18.3428 4.8932
18785.0000 18.2835 4.8810
18790.0000 18.1788 4.8135
18795.0000 18.1817 4.8130
18800.0000 18.2495 4.8761
18805.0000 18.2495 4.8761
18810.0000 18.2495 4.8761
18815.0000 18.3292 4.9356
18820.0000 18.3292 4.9356
18825.0000 18.3319 4.9346
18830.0000 18.3391 4.9345
18835.0000 18.3391 4.9345
18840.0000 18.3391 4.9345
18845.0000 18.2072 4.8540
18850.0000 18.1195 4.8179
18855.0000 18.1160 4.8186
18860.0000 18.1160 4.8186
18865.0000 18.1160 4.8186
18870.0000 18.1553 4.8277
18875.0000 18.1812 4.8538
18880.0000 18.1849 4.8533
18885.0000 18.1916 4.8528
18890.0000 18.2013 4.8527
18895.0000 18.2013 4.8527
18900.0000 18.2013 4.8527
18905.0000 18.1594 4.8230
18910.0000 18.0967 4.7998
18915.0000 18.1291 4.8310
18920.0000 18.1130 4.8341
18925.0000 18.1130 4.8341
18930.0000 18.1329 4.8312
18935.0000 18.1405 4.8307
18940.0000 18.1405 4.8307
18945.0000 18.1727 4.8388
18950.0000 18.1755 4.8383
18955.0000 18.1794 4.8376
18960.0000 18.1842 4.8368
18965.0000 18.0401 4.7558
18970.0000 17.9477 4.7258
18975.0000 17.9252 4.7288
18980.0000 18.0004 4.7677
18985.0000 18.0509 4.8372
18990.0000 18.0509 4.8372
18995.0000 18.0556 4.8361
19000.0000 18.0735 4.8330
19005.0000 18.1491 4.8899
19010.0000 18.1538 4.8891
19015.0000 18.1669 4.8861
19020.0000 18.1348 4.8631
19025.0000 18.1102 4.8545
19030.0000 18.0544 4.8267
19035.0000 18.0724 4.8245
19040.0000 18.1065 4.8569
19045.0000 18.1484 4.9124
19050.0000 18.1389 4.8865
19055.0000 18.1389 4.8865
19060.0000 18.1440 4.8864
19065.0000 18.1551 4.8854
19070.0000 18.1978 4.9120
19075.0000 18.1978 4.9120
19080.0000 18.2377 4.9587
19085.0000 18.1191 4.9242
19090.0000 18.0575 4.8790
19095.0000 18.0412 4.8822
19100.0000 18.0491 4.8806
19105.0000 18.0946 4.9348
19110.0000 18.1272 4.9758
19115.0000 18.1364 4.9744
19120.0000 18.1616 4.9973
19125.0000 18.1616 4.9973
19130.0000 18.1616 4.9973
19135.0000 18.1723 4.9968
19140.0000 18.2179 5.0414
19145.0000 18.0808 5.0044
19150.0000 17.9732 4.9191
19155.0000 17.9723 4.9195
19160.0000 17.9754 4.9191
19165.0000 17.9790 4.9186
19170.0000 17.9790 4.9186
19175.0000 17.9790 4.9186
19180.0000 17.9790 4.9186
19185.0000 17.9790 4.9186
19190.0000 17.9790 4.9186
19195.0000 17.9886 4.9170
19200.0000 17.9999 4.9149
19205.0000 17.9475 4.8973
19210.0000 17.6635 4.7134
19215.0000 17.6474 4.7152
19220.0000 17.6474 4.7152
19225.0000 17.6510 4.7151
19230.0000 17.6814 4.7203
19235.0000 17.6814 4.7203
19240.0000 17.6814 4.7203
19245.0000 17.6872 4.7185
19250.0000 17.6872 4.7185
19255.0000 17.6926 4.7182
19260.0000 17.7185 4.7435
19265.0000 17.7478 4.7959
19270.0000 17.7434 4.7970
19275.0000 17.7450 4.7972
19280.0000 17.7426 4.7977
19285.0000 17.7426 4.7977
19290.0000 17.7426 4.7977
19295.0000 17.7426 4.7977
19300.0000 17.7499 4.7968
19305.0000 17.7579 4.7958
19310.0000 17.7899 4.8249
19315.0000 17.7899 4.8249
19320.0000 17.7857 4.8256
19325.0000 17.6083 4.7190
19330.0000 17.4939 4.6279
19335.0000 17.5235 4.6437
19340.0000 17.4991 4.5955
19345.0000 17.5330 4.6437
19350.0000 17.5330 4.6437
19355.0000 17.5807 4.6999
19360.0000 17.6207 4.7372
19365.0000 17.6207 4.7372
19370.0000 17.6207 4.7372
19375.0000 17.6460 4.7625
19380.0000 17.6554 4.7618
19385.0000 17.5927 4.7576
19390.0000 17.3904 4.6463
19395.0000 17.3726 4.6473
19400.0000 17.4445 4.6786
19405.0000 17.4709 4.7064
19410.0000 17.4745 4.7058
19415.0000 17.5200 4.7610
19420.0000 17.5364 4.7604
19425.0000 17.5418 4.7605
19430.0000 17.5418 4.7605
19435.0000 17.5462 4.7597
19440.0000 17.6209 4.8258
19445.0000 17.5277 4.7903
19450.0000 17.3972 4.6810
19455.0000 17.4180 4.6791
19460.0000 17.4324 4.6785
19465.0000 17.4354 4.6779
19470.0000 17.4354 4.6779
19475.0000 17.4297 4.6497
19480.0000 17.4361 4.6498
19485.0000 17.4424 4.6486
19490.0000 17.4424 4.6486
19495.0000 17.4469 4.6478
19500.0000 17.4039 4.5994
19505.0000 17.3589 4.6027
19510.0000 17.2941 4.5780
19515.0000 17.2974 4.5775
19520.0000 17.3383 4.5887
19525.0000 17.4366 4.6135
19530.0000 17.4405 4.6126
19535.0000 17.4730 4.6467
19540.0000 17.4789 4.6455
19545.0000 17.4838 4.6444
19550.0000 17.4871 4.6437
19555.0000 17.5354 4.6839
19560.0000 17.5464 4.6849
19565.0000 17.5574 4.6843
19570.0000 17.5099 4.6261
19575.0000 17.5795 4.6751
19580.0000 17.5798 4.6764
19585.0000 17.6103 4.7045
19590.0000 17.6103 4.7045
19595.0000 17.6103 4.7045
19600.0000 17.6477 4.7333
19605.0000 17.6837 4.7716
19610.0000 17.6871 4.7706
19615.0000 17.7358 4.7898
19620.0000 17.7448 4.7882
19625.0000 17.7207 4.8093
19630.0000 17.5036 4.6604
19635.0000 17.4895 4.6602
19640.0000 17.4895 4.6602
19645.0000 17.4895 4.6602
19650.0000 17.4895 4.6602
19655.0000 17.5201 4.6809
19660.0000 17.5201 4.6809
19665.0000 17.5201 4.6809
19670.0000 17.5233 4.6803
19675.0000 17.5233 4.6803
19680.0000 17.5745 4.7114
19685.0000 17.5699 4.7122
19690.0000 17.5347 4.7152
19695.0000 17.5301 4.7161
19700.0000 17.5264 4.7169
19705.0000 17.5688 4.7541
19710.0000 17.6202 4.8032
19715.0000 17.6558 4.8250
19720.0000 17.6609 4.8246
19725.0000 17.6609 4.8246
19730.0000 17.6641 4.8238
19735.0000 17.6780 4.8229
19740.0000 17.5988 4.7309
19745.0000 17.5136 4.7174
19750.0000 17.4587 4.6823
19755.0000 17.4919 4.7018
19760.0000 17.4894 4.7025
19765.0000 17.5374 4.7389
19770.0000 17.5447 4.7375
19775.0000 17.5823 4.7455
19780.0000 17.5823 4.7455
19785.0000 17.5823 4.7455
19790.0000 17.5823 4.7455
19795.0000 17.5882 4.7456
19800.0000 17.5630 4.7190
19805.0000 17.5561 4.7202
19810.0000 17.4774 4.6736
19815.0000 17.4830 4.6722
19820.0000 17.4840 4.6718
19825.0000 17.5194 4.7017
19830.0000 17.5243 4.7003
19835.0000 17.5243 4.7003
19840.0000 17.5243 4.7003
19845.0000 17.5289 4.6997
19850.0000 17.5289 4.6997
19855.0000 17.5550 4.7200
19860.0000 17.5494 4.6919
19865.0000 17.4838 4.6775
19870.0000 17.3347 4.5729
19875.0000 17.3147 4.5759
19880.0000 17.3097 4.5766
19885.0000 17.3145 4.5756
19890.0000 17.3200 4.5747
19895.0000 17.3658 4.5893
19900.0000 17.4100 4.6197
19905.0000 17.4100 4.6197
19910.0000 17.4158 4.6190
19915.0000 17.4158 4.6190
19920.0000 17.3795 4.5833
19925.0000 17.3412 4.5714
19930.0000 17.3102 4.5441
19935.0000 17.2959 4.5462
19940.0000 17.2997 4.5469
19945.0000 17.3046 4.5464
19950.0000 17.3095 4.5453
19955.0000 17.3148 4.5440
19960.0000 17.3320 4.5413
19965.0000 17.3755 4.5586
19970.0000 17.3963 4.5549
19975.0000 17.4117 4.5527
19980.0000 17.3902 4.5249
19985.0000 17.3441 4.4982
19990.0000 17.2789 4.4847
19995.0000 17.2701 4.4865
20000.0000 17.2701 4.4865
20005.0000 17.2768 4.4854
20010.0000 17.2951 4.4819
20015.0000 17.2951 4.4819
20020.0000 17.3458 4.5336
20025.0000 17.4657 4.6505
20030.0000 17.5255 4.7098
20035.0000 17.5699 4.7482
20040.0000 17.6227 4.7867
20045.0000 17.5124 4.7523
20050.0000 17.3721 4.6622
20055.0000 17.3619 4.6637
20060.0000 17.3567 4.6650
20065.0000 17.3654 4.6637
20070.0000 17.3767 4.6631
20075.0000 17.3835 4.6613
20080.0000 17.4033 4.6504
20085.0000 17.4067 4.6498
20090.0000 17.4397 4.6869
20095.0000 17.4397 4.6869
20100.0000 17.4378 4.6865
20105.0000 17.3723 4.6745
20110.0000 17.2817 4.6424
20115.0000 17.3823 4.6863
20120.0000 17.4015 4.6829
20125.0000 17.4661 4.7164
20130.0000 17.4802 4.7150
20135.0000 17.4960 4.7126
20140.0000 17.4960 4.7126
20145.0000 17.4960 4.7126
20150.0000 17.5049 4.7115
20155.0000 17.5146 4.7095
20160.0000 17.5011 4.7119
20165.0000 17.4332 4.6534
20170.0000 17.3198 4.5983
20175.0000 17.3243 4.5984
20180.0000 17.3498 4.6127
20185.0000 17.3807 4.6346
20190.0000 17.3807 4.6346
20195.0000 17.3807 4.6346
20200.0000 17.3852 4.6333
20205.0000 17.3895 4.6324
20210.0000 17.4012 4.6305
20215.0000 17.4112 4.6289
20220.0000 17.3866 4.6028
20225.0000 17.3630 4.6092
20230.0000 17.3071 4.5811
20235.0000 17.3255 4.5803
20240.0000 17.3415 4.5774
20245.0000 17.3415 4.5774
20250.0000 17.3415 4.5774
20255.0000 17.3415 4.5774
20260.0000 17.3415 4.5774
20265.0000 17.3415 4.5774
20270.0000 17.3556 4.5752
20275.0000 17.3593 4.5744
20280.0000 17.2921 4.5108
20285.0000 17.2242 4.4854
20290.0000 17.0822 4.4149
20295.0000 17.0702 4.4167
20300.0000 17.0577 4.4191
20305.0000 17.0866 4.4507
20310.0000 17.0969 4.4486
20315.0000 17.1717 4.4969
20320.0000 17.1851 4.4945
20325.0000 17.1896 4.4936
20330.0000 17.1943 4.4927
20335.0000 17.2070 4.4913
20340.0000 17.2172 4.4915
20345.0000 17.2125 4.4949
20350.0000 17.1630 4.4569
20355.0000 17.1630 4.4569
20360.0000 17.1675 4.4559
20365.0000 17.1737 4.4547
20370.0000 17.1737 4.4547
20375.0000 17.1737 4.4547
20380.0000 17.1833 4.4520
20385.0000 17.1871 4.4518
20390.0000 17.1915 4.4514
20395.0000 17.2264 4.4492
20400.0000 17.2142 4.4532
20405.0000 17.0356 4.3645
20410.0000 17.0053 4.3650
20415.0000 17.0442 4.4029
20420.0000 17.0442 4.4029
20425.0000 17.0524 4.4015
20430.0000 17.0601 4.4003
20435.0000 17.0954 4.4204
20440.0000 17.1390 4.4101
20445.0000 17.1531 4.4074
20450.0000 17.2041 4.4454
20455.0000 17.2098 4.4445
20460.0000 17.1555 4.4138
20465.0000 17.0127 4.3412
20470.0000 17.0238 4.3645
20475.0000 17.0067 4.3669
20480.0000 17.0079 4.3666
20485.0000 17.0125 4.3657
20490.0000 17.0234 4.3630
20495.0000 17.0285 4.3627
20500.0000 17.0285 4.3627
20505.0000 17.0346 4.3616
20510.0000 17.0403 4.3607
20515.0000 17.0445 4.3595
20520.0000 17.0190 4.3261
20525.0000 16.9641 4.3018
20530.0000 16.9885 4.2939
20535.0000 16.9805 4.2941
20540.0000 16.9805 4.2941
20545.0000 16.9959 4.2934
20550.0000 17.0427 4.3448
20555.0000 17.0427 4.3448
20560.0000 17.0427 4.3448
20565.0000 17.0489 4.3435
20570.0000 17.0555 4.3434
20575.0000 17.0633 4.3426
20580.0000 17.1120 4.3705
20585.0000 16.9644 4.3139
20590.0000 16.9592 4.3170
20595.0000 17.0186 4.3946
20600.0000 17.0319 4.3940
20605.0000 17.0489 4.3907
20610.0000 17.0551 4.3895
20615.0000 17.0599 4.3883
20620.0000 17.0599 4.3883
20625.0000 17.0599 4.3883
20630.0000 17.0599 4.3883
20635.0000 17.0599 4.3883
20640.0000 17.0669 4.3863
20645.0000 16.8790 4.2789
20650.0000 16.8252 4.2882
20655.0000 16.9115 4.3930
20660.0000 16.9172 4.3919
20665.0000 16.9207 4.3911
20670.0000 16.9641 4.3887
20675.0000 16.9984 4.4046
20680.0000 16.9984 4.4046
20685.0000 16.9984 4.4046
20690.0000 17.0041 4.4046
20695.0000 17.0370 4.4318
20700.0000 16.9887 4.4029
20705.0000 16.9515 4.4164
20710.0000 16.8418 4.3183
20715.0000 16.8247 4.3206
20720.0000 16.8071 4.3234
20725.0000 16.8071 4.3234
20730.0000 16.8114 4.3222
20735.0000 16.8532 4.3563
20740.0000 16.8869 4.3615
20745.0000 16.8869 4.3615
20750.0000 16.8869 4.3615
20755.0000 16.8949 4.3606
20760.0000 16.8989 4.3607
20765.0000 16.8372 4.3271
20770.0000 16.8781 4.3066
20775.0000 16.9415 4.3450
20780.0000 16.9451 4.3439
20785.0000 16.9451 4.3439
20790.0000 16.9715 4.3480
20795.0000 16.9715 4.3480
20800.0000 16.9772 4.3466
20805.0000 16.9828 4.3450
20810.0000 16.9911 4.3431
20815.0000 17.0950 4.4415
20820.0000 17.1005 4.4405
20825.0000 17.0024 4.4246
20830.0000 16.8769 4.3257
20835.0000 16.8526 4.3283
20840.0000 16.8570 4.3271
20845.0000 16.8706 4.3483
20850.0000 16.8839 4.3472
20855.0000 16.8839 4.3472
20860.0000 16.8839 4.3472
20865.0000 16.8839 4.3472
20870.0000 16.8882 4.3473
20875.0000 16.9363 4.3870
20880.0000 16.9363 4.3870
20885.0000 16.9363 4.3870
20890.0000 16.9363 4.3870
20895.0000 16.9443 4.3862
20900.0000 16.9443 4.3862
20905.0000 16.9539 4.3840
20910.0000 16.9592 4.3827
20915.0000 16.9639 4.3818
20920.0000 17.0009 4.3740
20925.0000 17.0138 4.3730
20930.0000 17.0213 4.3731
20935.0000 17.0264 4.3724
20940.0000 16.9791 4.3236
20945.0000 16.8397 4.3265
20950.0000 16.7868 4.3313
20955.0000 16.7725 4.3348
20960.0000 16.7730 4.3343
20965.0000 16.7822 4.3329
20970.0000 16.7822 4.3329
20975.0000 16.8196 4.3627
20980.0000 16.8196 4.3627
20985.0000 16.8689 4.4138
20990.0000 16.9227 4.4251
20995.0000 16.9227 4.4251
21000.0000 16.9227 4.4251
21005.0000 16.9002 4.4361
21010.0000 16.9555 4.4476
21015.0000 17.0040 4.4884
21020.0000 17.0364 4.5325
21025.0000 17.0364 4.5325
21030.0000 17.0364 4.5325
21035.0000 17.0364 4.5325
21040.0000 17.0364 4.5325
21045.0000 17.0364 4.5325
21050.0000 17.0418 4.5322
21055.0000 17.0461 4.5312
21060.0000 17.0400 4.5332
21065.0000 16.9867 4.5293
21070.0000 16.8207 4.4887
21075.0000 16.8245 4.4885
21080.0000 16.8245 4.4885
21085.0000 16.8245 4.4885
21090.0000 16.8245 4.4885
21095.0000 16.8245 4.4885
21100.0000 16.8245 4.4885
21105.0000 16.8383 4.4855
21110.0000 16.8490 4.4837
21115.0000 16.8745 4.4796
21120.0000 16.8995 4.5124
21125.0000 16.8164 4.4440
21130.0000 16.7886 4.4364
21135.0000 16.7599 4.4389
21140.0000 16.7563 4.4394
21145.0000 16.7618 4.4387
21150.0000 16.7688 4.4380
21155.0000 16.7740 4.4380
21160.0000 16.7821 4.4384
21165.0000 16.7821 4.4384
21170.0000 16.8378 4.4901
21175.0000 16.9048 4.5100
21180.0000 16.9096 4.5088
21185.0000 16.8784 4.4777
21190.0000 16.8459 4.4401
21195.0000 16.8459 4.4401
21200.0000 16.8877 4.4393
21205.0000 16.8877 4.4393
21210.0000 16.8908 4.4388
21215.0000 16.9217 4.4750
21220.0000 16.9870 4.5172
21225.0000 17.0174 4.5230
21230.0000 17.0267 4.5213
21235.0000 17.0296 4.5207
21240.0000 17.0597 4.5367
21245.0000 16.9136 4.5271
21250.0000 16.7409 4.4272
21255.0000 16.7739 4.4513
21260.0000 16.7613 4.4539
21265.0000 16.7664 4.4542
21270.0000 16.7838 4.4540
21275.0000 16.8025 4.4492
21280.0000 16.8081 4.4475
21285.0000 16.8470 4.4481
21290.0000 16.8571 4.4465
21295.0000 16.8619 4.4462
21300.0000 16.8619 4.4462
21305.0000 16.8660 4.4449
21310.0000 16.8697 4.4438
21315.0000 16.8693 4.4427
21320.0000 16.8599 4.4443
21325.0000 16.8633 4.4438
21330.0000 16.8633 4.4438
21335.0000 16.8733 4.4422
21340.0000 16.8838 4.4414
21345.0000 16.9233 4.4627
21350.0000 16.9658 4.4711
21355.0000 16.9698 4.4697
21360.0000 16.9763 4.4692
21365.0000 16.8561 4.4382
21370.0000 16.8117 4.4429
21375.0000 16.8038 4.4441
21380.0000 16.8100 4.4430
21385.0000 16.8196 4.4411
21390.0000 16.8237 4.4407
21395.0000 16.8287 4.4399
21400.0000 16.9147 4.5000
21405.0000 16.9732 4.5164
21410.0000 17.0059 4.5345
21415.0000 17.0059 4.5345
21420.0000 17.0059 4.5345
21425.0000 17.0313 4.5649
21430.0000 16.8930 4.5369
21435.0000 16.8813 4.5382
21440.0000 16.8694 4.5403
21445.0000 16.8694 4.5403
21450.0000 16.9111 4.5520
21455.0000 16.9604 4.5732
21460.0000 17.0222 4.5976
21465.0000 17.0337 4.5954
21470.0000 17.0638 4.6162
21475.0000 17.0638 4.6162
21480.0000 17.0712 4.6147
21485.0000 17.0716 4.6157
21490.0000 17.0256 4.6010
21495.0000 17.0234 4.5995
21500.0000 17.0200 4.6003
21505.0000 17.0556 4.6313
21510.0000 17.0619 4.6314
21515.0000 17.1055 4.6411
21520.0000 17.1314 4.6444
21525.0000 17.1314 4.6444
21530.0000 17.2083 4.6693
21535.0000 17.2384 4.7023
21540.0000 17.2384 4.7023
21545.0000 17.3129 4.7897
21550.0000 17.2176 4.7849
21555.0000 17.2237 4.7862
21560.0000 17.2296 4.7863
21565.0000 17.2763 4.8247
21570.0000 17.2841 4.8232
21575.0000 17.3252 4.8178
21580.0000 17.3301 4.8170
21585.0000 17.3402 4.8149
21590.0000 17.3495 4.8135
21595.0000 17.4181 4.8644
21600.0000 17.4572 4.9158
21605.0000 17.4413 4.8830
21610.0000 17.3809 4.8495
21615.0000 17.4379 4.9019
21620.0000 17.4297 4.9035
21625.0000 17.4761 4.9376
21630.0000 17.4761 4.9376
21635.0000 17.5097 4.9810
21640.0000 17.5132 4.9803
21645.0000 17.5274 4.9779
21650.0000 17.5308 4.9771
21655.0000 17.5357 4.9760
21660.0000 17.6033 5.0175
21665.0000 17.4205 4.8574
21670.0000 17.3938 4.8608
21675.0000 17.3614 4.8638
21680.0000 17.3614 4.8638
21685.0000 17.3614 4.8638
21690.0000 17.4144 4.8869
21695.0000 17.4144 4.8869
21700.0000 17.4144 4.8869
21705.0000 17.4144 4.8869
21710.0000 17.4144 4.8869
21715.0000 17.4144 4.8869
21720.0000 17.4144 4.8869
21725.0000 17.3196 4.8353
21730.0000 17.2877 4.7830
21735.0000 17.2751 4.7841
21740.0000 17.3052 4.8234
21745.0000 17.3320 4.8246
21750.0000 17.3320 4.8246
21755.0000 17.3320 4.8246
21760.0000 17.3320 4.8246
21765.0000 17.3320 4.8246
21770.0000 17.3410 4.8228
21775.0000 17.3820 4.8642
21780.0000 17.3947 4.8624
21785.0000 17.3422 4.8474
21790.0000 17.2100 4.7690
21795.0000 17.2100 4.7690
21800.0000 17.2954 4.8786
21805.0000 17.2994 4.8777
21810.0000 17.3077 4.8757
21815.0000 17.3147 4.8742
21820.0000 17.3266 4.8724
21825.0000 17.3346 4.8713
21830.0000 17.3346 4.8713
21835.0000 17.3346 4.8713
21840.0000 17.3955 4.9428
21845.0000 17.2415 4.8364
21850.0000 17.0636 4.7799
21855.0000 17.0580 4.7806
21860.0000 17.0824 4.8127
21865.0000 17.0919 4.8112
21870.0000 17.1013 4.8099
21875.0000 17.1151 4.8085
21880.0000 17.1205 4.8072
21885.0000 17.1230 4.8067
21890.0000 17.1575 4.8189
21895.0000 17.1575 4.8189
21900.0000 17.1575 4.8189
21905.0000 17.1525 4.8194
21910.0000 17.1851 4.8853
21915.0000 17.1744 4.8863
21920.0000 17.2086 4.8845
21925.0000 17.2154 4.8827
21930.0000 17.2211 4.8814
21935.0000 17.2751 4.9270
21940.0000 17.2825 4.9258
21945.0000 17.2913 4.9242
21950.0000 17.3255 4.9527
21955.0000 17.3318 4.9518
21960.0000 17.3351 4.9529
21965.0000 17.2857 4.9391
21970.0000 17.2065 4.9100
21975.0000 17.2005 4.9120
21980.0000 17.1932 4.9125
21985.0000 17.2004 4.9117
21990.0000 17.2004 4.9117
21995.0000 17.2393 4.9548
22000.0000 17.2459 4.9534
22005.0000 17.2537 4.9517
22010.0000 17.2234 4.9046
22015.0000 17.2348 4.9221
22020.0000 17.2313 4.9231
22025.0000 17.1489 4.8733
22030.0000 17.0749 4.8528
22035.0000 17.0560 4.8546
22040.0000 17.0519 4.8556
22045.0000 17.0945 4.8638
22050.0000 17.0984 4.8629
22055.0000 17.1063 4.8611
22060.0000 17.1506 4.8608
22065.0000 17.2026 4.9134
22070.0000 17.2877 4.9644
22075.0000 17.3904 5.0612
22080.0000 17.4397 5.1302
22085.0000 17.3591 5.1217
22090.0000 17.2353 4.9753
22095.0000 17.2408 4.9834
22100.0000 17.2408 4.9834
22105.0000 17.2408 4.9834
22110.0000 17.2460 4.9828
22115.0000 17.2932 5.0126
22120.0000 17.2968 5.0118
22125.0000 17.2968 5.0118
22130.0000 17.2968 5.0118
22135.0000 17.3343 5.0438
22140.0000 17.3655 5.0549
22145.0000 17.1982 4.9289
22150.0000 17.1656 4.9809
22155.0000 17.2051 5.0694
22160.0000 17.2023 5.0701
22165.0000 17.2023 5.0701
22170.0000 17.2023 5.0701
22175.0000 17.2114 5.0765
22180.0000 17.1388 4.9564
22185.0000 17.1784 4.9932
22190.0000 17.1821 4.9925
22195.0000 17.1868 4.9930
22200.0000 17.2335 5.0395
22205.0000 17.2649 5.0760
22210.0000 17.2761 5.0757
22215.0000 17.2922 5.0735
22220.0000 17.3430 5.1119
22225.0000 17.3689 5.1416
22230.0000 17.3729 5.1407
22235.0000 17.3774 5.1400
22240.0000 17.4122 5.1746
22245.0000 17.4161 5.1740
22250.0000 17.4991 5.2792
22255.0000 17.5386 5.3329
22260.0000 17.5209 5.2849
22265.0000 17.4785 5.2835
22270.0000 17.3969 5.2883
22275.0000 17.3735 5.2905
22280.0000 17.3831 5.2894
22285.0000 17.4406 5.3277
22290.0000 17.4406 5.3277
22295.0000 17.4483 5.3255
22300.0000 17.4531 5.3257
22305.0000 17.4799 5.3658
22310.0000 17.5057 5.3682
22315.0000 17.5057 5.3682
22320.0000 17.5106 5.3673
22325.0000 17.4318 5.3394
22330.0000 17.3681 5.2834
22335.0000 17.3674 5.2830
22340.0000 17.3911 5.3181
22345.0000 17.4301 5.3219
22350.0000 17.4301 5.3219
22355.0000 17.4301 5.3219
22360.0000 17.4782 5.3738
22365.0000 17.4895 5.3716
22370.0000 17.4895 5.3716
22375.0000 17.4935 5.3704
22380.0000 17.5318 5.3949
22385.0000 17.4913 5.4074
22390.0000 17.4598 5.4130
22395.0000 17.4877 5.4330
22400.0000 17.4931 5.4335
22405.0000 17.4979 5.4327
22410.0000 17.5302 5.4515
22415.0000 17.5302 5.4515
22420.0000 17.5768 5.4725
22425.0000 17.5829 5.4714
22430.0000 17.5829 5.4714
22435.0000 17.5893 5.4702
22440.0000 17.5984 5.4683
22445.0000 17.4884 5.4036
22450.0000 17.3970 5.3624
22455.0000 17.3817 5.3649
22460.0000 17.3950 5.3642
22465.0000 17.4013 5.3640
22470.0000 17.4412 5.4137
22475.0000 17.4850 5.4215
22480.0000 17.4897 5.4211
22485.0000 17.5625 5.5023
22490.0000 17.5748 5.5004
22495.0000 17.6093 5.5283
22500.0000 17.6747 5.5809
22505.0000 17.6376 5.5322
22510.0000 17.6296 5.5286
22515.0000 17.6303 5.5288
22520.0000 17.6341 5.5281
22525.0000 17.6425 5.5269
22530.0000 17.6553 5.5243
22535.0000 17.6714 5.5213
22540.0000 17.6790 5.5193
22545.0000 17.6842 5.5179
22550.0000 17.6842 5.5179
22555.0000 17.7957 5.5724
22560.0000 17.8357 5.5985
22565.0000 17.7765 5.5498
22570.0000 17.7384 5.5365
22575.0000 17.7172 5.5401
22580.0000 17.6973 5.5434
22585.0000 17.7020 5.5423
22590.0000 17.7062 5.5414
22595.0000 17.7111 5.5402
22600.0000 17.7432 5.5567
22605.0000 17.7432 5.5567
22610.0000 17.7565 5.5566
22615.0000 17.8040 5.5739
22620.0000 17.8066 5.5734
22625.0000 17.7140 5.4941
22630.0000 17.7159 5.5426
22635.0000 17.7225 5.5564
22640.0000 17.7270 5.5558
22645.0000 17.7526 5.5968
22650.0000 17.6973 5.4996
22655.0000 17.7499 5.5290
22660.0000 17.7499 5.5290
22665.0000 17.7577 5.5278
22670.0000 17.8165 5.5396
22675.0000 17.8255 5.5381
22680.0000 17.8598 5.5589
22685.0000 17.8909 5.5758
22690.0000 17.7243 5.4835
22695.0000 17.7282 5.4828
22700.0000 17.7205 5.4841
22705.0000 17.7205 5.4841
22710.0000 17.7205 5.4841
22715.0000 17.7251 5.4833
22720.0000 17.7300 5.4818
22725.0000 17.7300 5.4818
22730.0000 17.7705 5.5054
22735.0000 17.7306 5.4427
22740.0000 17.7673 5.5002
22745.0000 17.7401 5.4636
22750.0000 17.5838 5.4237
22755.0000 17.5827 5.4232
22760.0000 17.6196 5.4356
22765.0000 17.6101 5.3882
22770.0000 17.6101 5.3882
22775.0000 17.6168 5.3871
22780.0000 17.6168 5.3871
22785.0000 17.6207 5.3867
22790.0000 17.6335 5.3851
22795.0000 17.6430 5.3834
22800.0000 17.6582 5.3824
22805.0000 17.6023 5.3232
22810.0000 17.5330 5.2917
22815.0000 17.5243 5.2928
22820.0000 17.5477 5.3077
22825.0000 17.5477 5.3077
22830.0000 17.5477 5.3077
22835.0000 17.5523 5.3076
22840.0000 17.5847 5.3579
22845.0000 17.5935 5.3564
22850.0000 17.5935 5.3564
22855.0000 17.5969 5.3559
22860.0000 17.6249 5.3563
22865.0000 17.5226 5.2888
22870.0000 17.4584 5.2517
22875.0000 17.4454 5.2545
22880.0000 17.4269 5.2573
22885.0000 17.4269 5.2573
22890.0000 17.4269 5.2573
22895.0000 17.4269 5.2573
22900.0000 17.4742 5.2993
22905.0000 17.4774 5.2986
22910.0000 17.5526 5.3310
22915.0000 17.5526 5.3310
22920.0000 17.5587 5.3306
22925.0000 17.4520 5.2583
22930.0000 17.3921 5.2275
22935.0000 17.3810 5.2297
22940.0000 17.3707 5.2313
22945.0000 17.3707 5.2313
22950.0000 17.4073 5.2616
22955.0000 17.4140 5.2605
22960.0000 17.4554 5.2629
22965.0000 17.4615 5.2622
22970.0000 17.4659 5.2608
22975.0000 17.4707 5.2595
22980.0000 17.5024 5.2740
22985.0000 17.4143 5.2344
22990.0000 17.2654 5.2002
22995.0000 17.2618 5.2005
23000.0000 17.2321 5.1540
23005.0000 17.2397 5.1526
23010.0000 17.2429 5.1520
23015.0000 17.2429 5.1520
23020.0000 17.3187 5.1623
23025.0000 17.3558 5.1780
23030.0000 17.3558 5.1780
23035.0000 17.3668 5.1782
23040.0000 17.3962 5.2224
23045.0000 17.3323 5.1995
23050.0000 17.1670 5.1234
23055.0000 17.1671 5.1236
23060.0000 17.1578 5.1255
23065.0000 17.1976 5.1656
23070.0000 17.2092 5.1630
23075.0000 17.2225 5.1596
23080.0000 17.2598 5.1522
23085.0000 17.3309 5.2056
23090.0000 17.3341 5.2047
23095.0000 17.3390 5.2039
23100.0000 17.3390 5.2039
23105.0000 17.2998 5.2103
23110.0000 17.1369 5.0833
23115.0000 17.1234 5.0855
23120.0000 17.1217 5.0855
23125.0000 17.1272 5.0845
23130.0000 17.1272 5.0845
23135.0000 17.1338 5.0844
23140.0000 17.1725 5.1114
23145.0000 17.1725 5.1114
23150.0000 17.1810 5.1103
23155.0000 17.1853 5.1098
23160.0000 17.1940 5.1085
23165.0000 17.1085 5.0275
23170.0000 16.9494 4.9252
23175.0000 16.9690 4.9415
23180.0000 17.0450 5.0597
23185.0000 17.0706 5.0793
23190.0000 17.2113 5.1641
23195.0000 17.2330 5.1621
23200.0000 17.2666 5.1592
23205.0000 17.2978 5.1750
23210.0000 17.3020 5.1743
23215.0000 17.3020 5.1743
23220.0000 17.3020 5.1743
23225.0000 17.2481 5.1383
23230.0000 17.2083 5.1260
23235.0000 17.2184 5.1403
23240.0000 17.2184 5.1403
23245.0000 17.2184 5.1403
23250.0000 17.1881 5.0847
23255.0000 17.2226 5.0882
23260.0000 17.2226 5.0882
23265.0000 17.2322 5.0875
23270.0000 17.2797 5.1496
23275.0000 17.2956 5.1465
23280.0000 17.2956 5.1465
23285.0000 17.2219 5.0934
23290.0000 17.0929 5.0890
23295.0000 17.0851 5.0904
23300.0000 17.1866 5.1247
23305.0000 17.2191 5.1583
23310.0000 17.2191 5.1583
23315.0000 17.2191 5.1583
23320.0000 17.2285 5.1568
23325.0000 17.2332 5.1559
23330.0000 17.2375 5.1548
23335.0000 17.2411 5.1539
23340.0000 17.2411 5.1539
23345.0000 17.2022 5.1372
23350.0000 17.2075 5.1238
23355.0000 17.2428 5.1292
23360.0000 17.2658 5.1493
23365.0000 17.3457 5.2104
23370.0000 17.3598 5.2082
23375.0000 17.4089 5.2393
23380.0000 17.4089 5.2393
23385.0000 17.4089 5.2393
23390.0000 17.4089 5.2393
23395.0000 17.4089 5.2393
23400.0000 17.4540 5.2581
23405.0000 17.3884 5.2584
23410.0000 17.3654 5.2450
23415.0000 17.3613 5.2458
23420.0000 17.3515 5.2469
23425.0000 17.3620 5.2449
23430.0000 17.3663 5.2442
23435.0000 17.3708 5.2436
23440.0000 17.3744 5.2428
23445.0000 17.4122 5.2644
23450.0000 17.4622 5.2632
23455.0000 17.4667 5.2619
23460.0000 17.4783 5.2602
23465.0000 17.3420 5.1426
23470.0000 17.3458 5.1522
23475.0000 17.3490 5.1524
23480.0000 17.3495 5.1520
23485.0000 17.3495 5.1520
23490.0000 17.3495 5.1520
23495.0000 17.3592 5.1496
23500.0000 17.3917 5.1529
23505.0000 17.4704 5.2259
23510.0000 17.5135 5.2344
23515.0000 17.5135 5.2344
23520.0000 17.5135 5.2344
23525.0000 17.4702 5.1953
23530.0000 17.4011 5.1959
23535.0000 17.4213 5.2380
23540.0000 17.4256 5.2373
23545.0000 17.4284 5.2367
23550.0000 17.5167 5.2681
23555.0000 17.5167 5.2681
23560.0000 17.5320 5.2649
23565.0000 17.5736 5.2743
23570.0000 17.5736 5.2743
23575.0000 17.5736 5.2743
23580.0000 17.5736 5.2743
23585.0000 17.5533 5.2778
23590.0000 17.4569 5.1842
23595.0000 17.4420 5.1882
23600.0000 17.4422 5.1884
23605.0000 17.4752 5.2142
23610.0000 17.4799 5.2132
23615.0000 17.5279 5.2174
23620.0000 17.5315 5.2167
23625.0000 17.5315 5.2167
23630.0000 17.5315 5.2167
23635.0000 17.5364 5.2157
23640.0000 17.5420 5.2147
23645.0000 17.5746 5.2422
23650.0000 17.5347 5.2251
23655.0000 17.5390 5.2243
23660.0000 17.5915 5.2678
23665.0000 17.6312 5.2833
23670.0000 17.6700 5.3131
23675.0000 17.7106 5.3474
23680.0000 17.7106 5.3474
23685.0000 17.7106 5.3474
23690.0000 17.7197 5.3460
23695.0000 17.7250 5.3457
23700.0000 17.7508 5.3554
23705.0000 17.7261 5.3600
23710.0000 17.6378 5.3477
23715.0000 17.6235 5.3489
23720.0000 17.6321 5.3470
23725.0000 17.6416 5.3453
23730.0000 17.6861 5.3623
23735.0000 17.6893 5.3615
23740.0000 17.6999 5.3590
23745.0000 17.6999 5.3590
23750.0000 17.7043 5.3582
23755.0000 17.7484 5.3755
23760.0000 17.7456 5.3765
23765.0000 17.7380 5.3784
23770.0000 17.6823 5.3532
23775.0000 17.7293 5.3850
23780.0000 17.7322 5.3841
23785.0000 17.7322 5.3841
23790.0000 17.7417 5.3826
23795.0000 17.7526 5.3807
23800.0000 17.7526 5.3807
23805.0000 17.7634 5.3779
23810.0000 17.7634 5.3779
23815.0000 17.7715 5.3767
23820.0000 17.7715 5.3767
23825.0000 17.6642 5.3213
23830.0000 17.6009 5.2565
23835.0000 17.6361 5.2864
23840.0000 17.6668 5.3456
23845.0000 17.6852 5.3433
23850.0000 17.7296 5.4126
23855.0000 17.7675 5.4177
23860.0000 17.7704 5.4171
23865.0000 17.8076 5.4272
23870.0000 17.8076 5.4272
23875.0000 17.8605 5.4328
23880.0000 17.8642 5.4318
23885.0000 17.8129 5.4114
23890.0000 17.7669 5.4453
23895.0000 17.7672 5.4464
23900.0000 17.7757 5.4452
23905.0000 17.7757 5.4452
23910.0000 17.7757 5.4452
23915.0000 17.7757 5.4452
23920.0000 17.7827 5.4440
23925.0000 17.7965 5.4428
23930.0000 17.8018 5.4414
23935.0000 17.8072 5.4405
23940.0000 17.8134 5.4395
23945.0000 17.7272 5.3795
23950.0000 17.6848 5.3165
23955.0000 17.7145 5.3506
23960.0000 17.7077 5.3516
23965.0000 17.7077 5.3516
23970.0000 17.7331 5.3500
23975.0000 17.7393 5.3487
23980.0000 17.7519 5.3454
23985.0000 17.7635 5.3423
23990.0000 17.7764 5.3390
23995.0000 17.8201 5.3363
24000.0000 17.8246 5.3352
24005.0000 17.8003 5.3169
24010.0000 17.6780 5.2721
24015.0000 17.6691 5.2731
24020.0000 17.6662 5.2739
24025.0000 17.6662 5.2739
24030.0000 17.7124 5.3072
24035.0000 17.7124 5.3072
24040.0000 17.7124 5.3072
24045.0000 17.7124 5.3072
24050.0000 17.7151 5.3067
24055.0000 17.7245 5.3059
24060.0000 17.7574 5.3110
24065.0000 17.7574 5.3110
24070.0000 17.6588 5.2360
24075.0000 17.6654 5.2331
24080.0000 17.6694 5.2322
24085.0000 17.6722 5.2315
24090.0000 17.6807 5.2300
24095.0000 17.7225 5.2355
24100.0000 17.7713 5.2474
24105.0000 17.7934 5.2436
24110.0000 17.7987 5.2430
24115.0000 17.7987 5.2430
24120.0000 17.7949 5.2440
24125.0000 17.7361 5.2397
24130.0000 17.6033 5.1481
24135.0000 17.5908 5.1508
24140.0000 17.5811 5.1527
24145.0000 17.5811 5.1527
24150.0000 17.5811 5.1527
24155.0000 17.5811 5.1527
24160.0000 17.5811 5.1527
24165.0000 17.5811 5.1527
24170.0000 17.6286 5.1513
24175.0000 17.6362 5.1505
24180.0000 17.6687 5.1523
24185.0000 17.7044 5.1718
24190.0000 17.7369 5.1715
24195.0000 17.7336 5.1724
24200.0000 17.7299 5.1730
24205.0000 17.7411 5.1706
24210.0000 17.7411 5.1706
24215.0000 17.7665 5.1779
24220.0000 17.7739 5.1758
24225.0000 17.7739 5.1758
24230.0000 17.7799 5.1749
24235.0000 17.7845 5.1742
24240.0000 17.7915 5.1723
24245.0000 17.6250 5.1156
24250.0000 17.5338 5.0914
24255.0000 17.5697 5.1318
24260.0000 17.5535 5.1341
24265.0000 17.5592 5.1333
24270.0000 17.5639 5.1328
24275.0000 17.5639 5.1328
24280.0000 17.5639 5.1328
24285.0000 17.5669 5.1321
24290.0000 17.5737 5.1318
24295.0000 17.5772 5.1311
24300.0000 17.5869 5.1298
24305.0000 17.6293 5.1655
24310.0000 17.5689 5.1444
24315.0000 17.5711 5.1443
24320.0000 17.5754 5.1432
24325.0000 17.6234 5.1861
24330.0000 17.6234 5.1861
24335.0000 17.6607 5.2266
24340.0000 17.6607 5.2266
24345.0000 17.6607 5.2266
24350.0000 17.7558 5.2738
24355.0000 17.7604 5.2731
24360.0000 17.7604 5.2731
24365.0000 17.6267 5.1746
24370.0000 17.5767 5.1270
24375.0000 17.5767 5.1270
24380.0000 17.5767 5.1270
24385.0000 17.5920 5.1246
24390.0000 17.6412 5.1338
24395.0000 17.6450 5.1327
24400.0000 17.6450 5.1327
24405.0000 17.6504 5.1320
24410.0000 17.6626 5.1315
24415.0000 17.6763 5.1291
24420.0000 17.7329 5.1839
24425.0000 17.7215 5.1854
24430.0000 17.6450 5.1931
24435.0000 17.6342 5.1947
24440.0000 17.6145 5.1986
24445.0000 17.6476 5.2003
24450.0000 17.6525 5.1997
24455.0000 17.7083 5.2026
24460.0000 17.7383 5.2011
24465.0000 17.7383 5.2011
24470.0000 17.7383 5.2011
24475.0000 17.7467 5.1997
24480.0000 17.7596 5.1973
24485.0000 17.7109 5.1722
24490.0000 17.7351 5.1860
24495.0000 17.7351 5.1860
24500.0000 17.7394 5.1850
24505.0000 17.7561 5.1823
24510.0000 17.7603 5.1813
24515.0000 17.8085 5.2158
24520.0000 17.8507 5.2703
24525.0000 17.8546 5.2690
24530.0000 17.8626 5.2676
24535.0000 17.8753 5.2662
24540.0000 17.8697 5.2680
24545.0000 17.8460 5.1864
24550.0000 17.7393 5.0998
24555.0000 17.7174 5.1040
24560.0000 17.7012 5.1067
24565.0000 17.7047 5.1057
24570.0000 17.7047 5.1057
24575.0000 17.7076 5.1050
24580.0000 17.7205 5.1019
24585.0000 17.7245 5.1010
24590.0000 17.7245 5.1010
24595.0000 17.7278 5.1001
24600.0000 17.7313 5.0993
24605.0000 17.6439 4.9785
24610.0000 17.6627 5.0177
24615.0000 17.6548 5.0193
24620.0000 17.6406 5.0219
24625.0000 17.6453 5.0209
24630.0000 17.6453 5.0209
24635.0000 17.6453 5.0209
24640.0000 17.6514 5.0195
24645.0000 17.7071 5.0533
24650.0000 17.7071 5.0533
24655.0000 17.7848 5.0777
24660.0000 17.7894 5.0765
24665.0000 17.6415 4.9681
24670.0000 17.5888 4.9248
24675.0000 17.6105 4.9745
24680.0000 17.6105 4.9745
24685.0000 17.6105 4.9745
24690.0000 17.7417 5.0533
24695.0000 17.8514 5.1454
24700.0000 17.8982 5.1658
24705.0000 17.9438 5.1668
24710.0000 17.9469 5.1659
24715.0000 17.9823 5.2116
24720.0000 18.0153 5.2615
24725.0000 17.9167 5.1571
24730.0000 17.8363 5.1229
24735.0000 17.8243 5.1248
24740.0000 17.8288 5.1242
24745.0000 17.8288 5.1242
24750.0000 17.8376 5.1232
24755.0000 17.8435 5.1226
24760.0000 17.8435 5.1226
24765.0000 17.8909 5.1956
24770.0000 17.8983 5.1953
24775.0000 17.9025 5.1946
24780.0000 17.9053 5.1942
24785.0000 17.8705 5.1510
24790.0000 17.8237 5.1582
24795.0000 17.8189 5.1591
24800.0000 17.8189 5.1591
24805.0000 17.8189 5.1591
24810.0000 17.8189 5.1591
24815.0000 17.8189 5.1591
24820.0000 17.8189 5.1591
24825.0000 17.8685 5.1798
24830.0000 17.8685 5.1798
24835.0000 17.9083 5.2043
24840.0000 17.9506 5.2390
24845.0000 17.8400 5.1433
24850.0000 17.7429 5.0787
24855.0000 17.7630 5.0846
24860.0000 17.7500 5.0861
24865.0000 17.7500 5.0861
24870.0000 17.7547 5.0852
24875.0000 17.7606 5.0842
24880.0000 17.8011 5.0988
24885.0000 17.8011 5.0988
24890.0000 17.8011 5.0988
24895.0000 17.8011 5.0988
24900.0000 17.8011 5.0988
24905.0000 17.7576 5.0481
24910.0000 17.7189 5.0454
24915.0000 17.7224 5.0446
24920.0000 17.7224 5.0446
24925.0000 17.7292 5.0435
24930.0000 17.7292 5.0435
24935.0000 17.7341 5.0422
24940.0000 17.7578 5.0403
24945.0000 17.7626 4.9954
24950.0000 17.7662 4.9950
24955.0000 17.7710 4.9945
24960.0000 17.7697 4.9950
24965.0000 17.6848 4.9615
24970.0000 17.5414 4.8857
24975.0000 17.5848 4.9024
24980.0000 17.5784 4.9030
24985.0000 17.6193 4.9211
24990.0000 17.6193 4.9211
24995.0000 17.6193 4.9211
25000.0000 17.6193 4.9211
25005.0000 17.6248 4.9201
25010.0000 17.6733 4.9493
25015.0000 17.6774 4.9480
25020.0000 17.6814 4.9468
25025.0000 17.6384 4.9025
25030.0000 17.6650 4.9342
25035.0000 17.6974 4.9724
25040.0000 17.7478 5.0180
25045.0000 17.8242 5.0594
25050.0000 17.8724 5.0750
25055.0000 17.9021 5.0930
25060.0000 17.9021 5.0930
25065.0000 17.9021 5.0930
25070.0000 17.9021 5.0930
25075.0000 17.9021 5.0930
25080.0000 17.8969 5.0945
25085.0000 17.8125 5.0329
25090.0000 17.6572 4.9314
25095.0000 17.6624 4.9304
25100.0000 17.6706 4.9286
25105.0000 17.6740 4.9279
25110.0000 17.6775 4.9271
25115.0000 17.6775 4.9271
25120.0000 17.6775 4.9271
25125.0000 17.6775 4.9271
25130.0000 17.6847 4.9256
25135.0000 17.6987 4.9222
25140.0000 17.7387 4.9446
25145.0000 17.7680 4.9396
25150.0000 17.7491 4.9430
25155.0000 17.7795 4.9505
25160.0000 17.7886 4.9488
25165.0000 17.7886 4.9488
25170.0000 17.7969 4.9478
25175.0000 17.7969 4.9478
25180.0000 17.8005 4.9468
25185.0000 17.8101 4.9452
25190.0000 17.8291 4.9420
25195.0000 17.8726 4.9491
25200.0000 17.8726 4.9491
25205.0000 17.7125 4.7653
25210.0000 17.5333 4.6673
25215.0000 17.6033 4.7011
25220.0000 17.5960 4.7020
25225.0000 17.5960 4.7020
25230.0000 17.6080 4.7031
25235.0000 17.6080 4.7031
25240.0000 17.6844 4.7694
25245.0000 17.7348 4.7773
25250.0000 17.7396 4.7762
25255.0000 17.7396 4.7762
25260.0000 17.7451 4.7751
25265.0000 17.6898 4.7217
25270.0000 17.6681 4.7268
25275.0000 17.6547 4.7281
25280.0000 17.6980 4.7426
25285.0000 17.6980 4.7426
25290.0000 17.7023 4.7414
25295.0000 17.7127 4.7383
25300.0000 17.7500 4.7771
25305.0000 17.7500 4.7771
25310.0000 17.8029 4.7810
25315.0000 17.8084 4.7798
25320.0000 17.8114 4.7792
25325.0000 17.5612 4.5688
25330.0000 17.5391 4.5710
25335.0000 17.5462 4.5689
25340.0000 17.5515 4.5679
25345.0000 17.5633 4.5663
25350.0000 17.5669 4.5658
25355.0000 17.6016 4.5888
25360.0000 17.6016 4.5888
25365.0000 17.6016 4.5888
25370.0000 17.6016 4.5888
25375.0000 17.6568 4.6378
25380.0000 17.6611 4.6369
25385.0000 17.6031 4.5791
25390.0000 17.5903 4.6053
25395.0000 17.5669 4.6084
25400.0000 17.5942 4.6607
25405.0000 17.6316 4.6940
25410.0000 17.6724 4.7302
25415.0000 17.7072 4.7636
25420.0000 17.7585 4.8082
25425.0000 17.7941 4.8205
25430.0000 17.8434 4.8383
25435.0000 17.9023 4.8833
25440.0000 17.9410 4.9259
25445.0000 17.8586 4.8544
25450.0000 17.8226 4.8068
25455.0000 17.8338 4.8044
25460.0000 17.8407 4.8032
25465.0000 17.8407 4.8032
25470.0000 17.8495 4.8020
25475.0000 17.8661 4.7979
25480.0000 17.8661 4.7979
25485.0000 17.8661 4.7979
25490.0000 17.9673 4.9072
25495.0000 17.9927 4.9279
25500.0000 17.9880 4.9295
25505.0000 17.8768 4.8579
25510.0000 17.7846 4.8201
25515.0000 17.7558 4.7846
25520.0000 17.7480 4.7859
25525.0000 17.7480 4.7859
25530.0000 17.7053 4.7200
25535.0000 17.7444 4.7316
25540.0000 17.7469 4.7311
25545.0000 17.7559 4.7292
25550.0000 17.7737 4.7263
25555.0000 17.7893 4.7230
25560.0000 17.8979 4.7796
25565.0000 17.8628 4.7495
25570.0000 17.7881 4.7082
25575.0000 17.8221 4.7388
25580.0000 17.8397 4.7366
25585.0000 17.8518 4.7354
25590.0000 17.8567 4.7348
25595.0000 17.8567 4.7348
25600.0000 17.8567 4.7348
25605.0000 17.8726 4.7310
25610.0000 17.8726 4.7310
25615.0000 17.9705 4.8152
25620.0000 17.9673 4.8167
25625.0000 17.9024 4.7839
25630.0000 17.8655 4.7719
25635.0000 17.8593 4.7727
25640.0000 17.8655 4.7714
25645.0000 17.8770 4.7685
25650.0000 17.8882 4.7661
25655.0000 17.9768 4.8156
25660.0000 17.9836 4.8167
25665.0000 17.9836 4.8167
25670.0000 17.9885 4.8151
25675.0000 18.0450 4.8274
25680.0000 18.0406 4.8287
25685.0000 17.9385 4.7563
25690.0000 17.9192 4.8237
25695.0000 17.9373 4.8518
25700.0000 17.9296 4.8538
25705.0000 17.9296 4.8538
25710.0000 17.9296 4.8538
25715.0000 17.9452 4.8510
25720.0000 17.9612 4.8491
25725.0000 18.0042 4.8802
25730.0000 18.0098 4.8785
25735.0000 18.0206 4.8754
25740.0000 18.0206 4.8754
25745.0000 17.9792 4.8585
25750.0000 17.9451 4.8654
25755.0000 17.9285 4.8689
25760.0000 17.9294 4.8682
25765.0000 17.9759 4.8829
25770.0000 17.9987 4.8783
25775.0000 18.0221 4.8731
25780.0000 18.0458 4.8673
25785.0000 18.0998 4.9087
25790.0000 18.0998 4.9087
25795.0000 18.0998 4.9087
25800.0000 18.0998 4.9087
25805.0000 17.9138 4.7590
25810.0000 17.8574 4.7284
25815.0000 17.8528 4.7292
25820.0000 17.9023 4.7656
25825.0000 17.9556 4.8077
25830.0000 17.9604 4.8069
25835.0000 17.9989 4.8288
25840.0000 17.9989 4.8288
25845.0000 17.9989 4.8288
25850.0000 17.9989 4.8288
25855.0000 18.0441 4.8397
25860.0000 18.0296 4.8460
25865.0000 17.9765 4.8147
25870.0000 17.9139 4.8175
25875.0000 17.9416 4.8664
25880.0000 17.9908 4.9234
25885.0000 18.0138 4.9209
25890.0000 18.0179 4.9201
25895.0000 18.0559 4.9417
25900.0000 18.0559 4.9417
25905.0000 18.0559 4.9417
25910.0000 18.0918 4.9781
25915.0000 18.0918 4.9781
25920.0000 18.1340 5.0109
25925.0000 17.9901 4.8880
25930.0000 17.9809 4.8890
25935.0000 17.9740 4.8905
25940.0000 17.9697 4.8910
25945.0000 17.9697 4.8910
25950.0000 17.9697 4.8910
25955.0000 18.0034 4.9347
25960.0000 18.0946 5.0060
25965.0000 18.1468 5.0229
25970.0000 18.1942 5.0763
25975.0000 18.2673 5.1347
25980.0000 18.2755 5.1328
25985.0000 18.1138 5.0366
25990.0000 18.1065 5.0931
25995.0000 18.1090 5.0928
26000.0000 18.1016 5.0935
26005.0000 18.1016 5.0935
26010.0000 18.1167 5.0907
26015.0000 18.1216 5.0895
26020.0000 18.1216 5.0895
26025.0000 18.1216 5.0895
26030.0000 18.1216 5.0895
26035.0000 18.1543 5.1073
26040.0000 18.1984 5.1212
26045.0000 18.1853 5.1240
26050.0000 18.1169 5.0833
26055.0000 18.1801 5.1937
26060.0000 18.1964 5.1928
26065.0000 18.1783 5.1463
26070.0000 18.1840 5.1454
26075.0000 18.1840 5.1454
26080.0000 18.1928 5.1430
26085.0000 18.2566 5.2178
26090.0000 18.3408 5.3238
26095.0000 18.4654 5.4185
26100.0000 18.4774 5.3791
26105.0000 18.4963 5.3997
26110.0000 18.4491 5.3826
26115.0000 18.4582 5.3808
26120.0000 18.4575 5.3813
26125.0000 18.4575 5.3813
26130.0000 18.5038 5.4383
26135.0000 18.5038 5.4383
26140.0000 18.5038 5.4383
26145.0000 18.5038 5.4383
26150.0000 18.5038 5.4383
26155.0000 18.5038 5.4383
26160.0000 18.5142 5.4365
26165.0000 18.3398 5.2881
26170.0000 18.2274 5.1742
26175.0000 18.2268 5.1748
26180.0000 18.2780 5.2120
26185.0000 18.2780 5.2120
26190.0000 18.2876 5.2102
26195.0000 18.3733 5.2802
26200.0000 18.3733 5.2802
26205.0000 18.3773 5.2798
26210.0000 18.4212 5.2953
26215.0000 18.4602 5.2944
26220.0000 18.4602 5.2944
26225.0000 18.4607 5.2941
26230.0000 18.4073 5.2922
26235.0000 18.3579 5.2435
26240.0000 18.3836 5.2579
26245.0000 18.3936 5.2556
26250.0000 18.4036 5.2540
26255.0000 18.4193 5.2495
26260.0000 18.4308 5.2463
26265.0000 18.4333 5.2456
26270.0000 18.4659 5.2538
26275.0000 18.4888 5.2494
26280.0000 18.5011 5.2472
26285.0000 18.4895 5.2080
26290.0000 18.3656 5.1881
26295.0000 18.3729 5.1863
26300.0000 18.4230 5.2382
26305.0000 18.4346 5.2365
26310.0000 18.4407 5.2346
26315.0000 18.4756 5.2664
26320.0000 18.5444 5.3078
26325.0000 18.5500 5.3074
26330.0000 18.5583 5.3056
26335.0000 18.5583 5.3056
26340.0000 18.6016 5.3517
26345.0000 18.5161 5.2935
26350.0000 18.5072 5.2949
26355.0000 18.4709 5.2597
26360.0000 18.5147 5.3218
26365.0000 18.5194 5.3208
26370.0000 18.5231 5.3200
26375.0000 18.5257 5.3194
26380.0000 18.5257 5.3194
26385.0000 18.5579 5.3158
26390.0000 18.6244 5.3900
26395.0000 18.6647 5.4436
26400.0000 18.6903 5.4578
26405.0000 18.5820 5.3888
26410.0000 18.6036 5.4004
26415.0000 18.6043 5.3989
26420.0000 18.7177 5.4991
26425.0000 18.7212 5.4984
26430.0000 18.7678 5.5507
26435.0000 18.7746 5.5496
26440.0000 18.7845 5.5475
26445.0000 18.7935 5.5457
26450.0000 18.8553 5.5775
26455.0000 18.8553 5.5775
26460.0000 18.8553 5.5775
26465.0000 18.7940 5.5599
26470.0000 18.7970 5.5613
26475.0000 18.7505 5.5181
26480.0000 18.7506 5.5175
26485.0000 18.7506 5.5175
26490.0000 18.8009 5.5440
26495.0000 18.8215 5.5421
26500.0000 18.8342 5.5393
26505.0000 18.8342 5.5393
26510.0000 18.8621 5.5561
26515.0000 18.8662 5.5554
26520.0000 18.8921 5.5724
26525.0000 18.9160 5.5897
26530.0000 18.9853 5.6641
26535.0000 18.9782 5.6653
26540.0000 18.9690 5.6914
26545.0000 18.9690 5.6914
26550.0000 18.9735 5.6903
26555.0000 18.9796 5.6883
26560.0000 19.0360 5.7208
26565.0000 19.0825 5.7680
26570.0000 19.1131 5.7723
26575.0000 19.1204 5.7712
26580.0000 19.1185 5.7721
26585.0000 18.9426 5.6582
26590.0000 19.0192 5.8003
26595.0000 19.0152 5.8012
26600.0000 19.1175 5.9246
26605.0000 19.1267 5.9225
26610.0000 19.1684 5.9308
26615.0000 19.1684 5.9308
26620.0000 19.1713 5.9300
26625.0000 19.1831 5.9273
26630.0000 19.1831 5.9273
26635.0000 19.1906 5.9264
26640.0000 19.2292 5.9474
26645.0000 19.1735 5.9279
26650.0000 19.0099 5.7592
26655.0000 19.0896 5.8167
26660.0000 19.0063 5.7122
26665.0000 19.0063 5.7122
26670.0000 19.0209 5.7093
26675.0000 19.0629 5.7096
26680.0000 19.1236 5.7524
26685.0000 19.1271 5.7519
26690.0000 19.1792 5.7889
26695.0000 19.2074 5.8135
26700.0000 19.2021 5.8153
26705.0000 18.9159 5.6078
26710.0000 18.8603 5.6102
26715.0000 18.8809 5.6466
26720.0000 18.8834 5.6456
26725.0000 18.8927 5.6433
26730.0000 18.9047 5.6411
26735.0000 18.9090 5.6401
26740.0000 18.9538 5.6378
26745.0000 18.9538 5.6378
26750.0000 18.9538 5.6378
26755.0000 18.9855 5.6767
26760.0000 18.9855 5.6767
26765.0000 18.9305 5.6033
26770.0000 18.8795 5.5750
26775.0000 18.8795 5.5750
26780.0000 18.8945 5.5721
26785.0000 18.8990 5.5707
26790.0000 18.9039 5.5692
26795.0000 18.9197 5.5664
26800.0000 18.9276 5.5646
26805.0000 18.9700 5.6182
26810.0000 18.9700 5.6182
26815.0000 18.9700 5.6182
26820.0000 19.0066 5.6360
26825.0000 18.9271 5.5827
26830.0000 18.8639 5.5222
26835.0000 18.8640 5.5218
26840.0000 18.8448 5.5257
26845.0000 18.8510 5.5245
26850.0000 18.8868 5.5296
26855.0000 18.9730 5.6018
26860.0000 19.0518 5.6912
26865.0000 19.0518 5.6912
26870.0000 19.0567 5.6898
26875.0000 19.0632 5.6880
26880.0000 19.0826 5.6829
26885.0000 19.0111 5.6742
26890.0000 18.9952 5.6759
26895.0000 18.9766 5.6795
26900.0000 18.9464 5.6855
26905.0000 19.0373 5.7386
26910.0000 19.0373 5.7386
26915.0000 19.0445 5.7371
26920.0000 19.0497 5.7363
26925.0000 19.0719 5.7335
26930.0000 19.0719 5.7335
26935.0000 19.1079 5.7579
26940.0000 19.1313 5.7733
26945.0000 19.0421 5.7547
26950.0000 18.9715 5.7323
26955.0000 18.9633 5.7332
26960.0000 18.9826 5.7476
26965.0000 18.9826 5.7476
26970.0000 19.0255 5.7455
26975.0000 19.0255 5.7455
26980.0000 19.0676 5.7733
26985.0000 19.0763 5.7710
26990.0000 19.0763 5.7710
26995.0000 19.0763 5.7710
27000.0000 19.0763 5.7710
27005.0000 18.9283 5.7466
27010.0000 18.8964 5.7558
27015.0000 18.9356 5.8135
27020.0000 18.9609 5.8306
27025.0000 18.9609 5.8306
27030.0000 18.9650 5.8302
27035.0000 18.9650 5.8302
27040.0000 18.9977 5.8716
27045.0000 19.0019 5.8704
27050.0000 18.9760 5.8302
27055.0000 19.0193 5.8981
27060.0000 19.0193 5.8981
27065.0000 18.8532 5.8259
27070.0000 18.7784 5.7582
27075.0000 18.8006 5.7680
27080.0000 18.7959 5.7689
27085.0000 18.8219 5.7629
27090.0000 18.8314 5.7610
27095.0000 18.8416 5.7589
27100.0000 18.8849 5.8066
27105.0000 18.8914 5.8052
27110.0000 18.9295 5.8567
27115.0000 18.9588 5.8557
27120.0000 18.9293 5.7975
27125.0000 18.8311 5.7357
27130.0000 18.7735 5.6827
27135.0000 18.8123 5.7242
27140.0000 18.8013 5.7255
27145.0000 18.8013 5.7255
27150.0000 18.8057 5.7243
27155.0000 18.8057 5.7243
27160.0000 18.8057 5.7243
27165.0000 18.8427 5.7643
27170.0000 18.8427 5.7643
27175.0000 18.8882 5.7983
27180.0000 18.8882 5.7983
27185.0000 18.7694 5.7331
27190.0000 18.7182 5.7085
27195.0000 18.7617 5.7210
27200.0000 18.7903 5.7853
27205.0000 18.7975 5.7841
27210.0000 18.8324 5.8028
27215.0000 18.8683 5.8124
27220.0000 18.8739 5.8116
27225.0000 18.8469 5.7706
27230.0000 18.8952 5.8374
27235.0000 18.9243 5.8424
27240.0000 18.9243 5.8424
27245.0000 18.7740 5.7734
27250.0000 18.7129 5.7269
27255.0000 18.7098 5.7274
27260.0000 18.7119 5.7264
27265.0000 18.7168 5.7248
27270.0000 18.7168 5.7248
27275.0000 18.7168 5.7248
27280.0000 18.7862 5.8018
27285.0000 18.7862 5.8018
27290.0000 18.7862 5.8018
27295.0000 18.7918 5.8003
27300.0000 18.8052 5.7977
27305.0000 18.6514 5.7403
27310.0000 18.5757 5.7285
27315.0000 18.5962 5.7145
27320.0000 18.6582 5.7332
27325.0000 18.6606 5.7330
27330.0000 18.6928 5.7449
27335.0000 18.6997 5.7432
27340.0000 18.7090 5.7409
27345.0000 18.6741 5.6721
27350.0000 18.7177 5.7392
27355.0000 18.7214 5.7382
27360.0000 18.7685 5.7687
27365.0000 18.7377 5.7739
27370.0000 18.7089 5.7632
27375.0000 18.7459 5.7635
27380.0000 18.7856 5.7669
27385.0000 18.8212 5.7788
27390.0000 18.8212 5.7788
27395.0000 18.8212 5.7788
27400.0000 18.8212 5.7788
27405.0000 18.8247 5.7781
27410.0000 18.8344 5.7766
27415.0000 18.8344 5.7766
27420.0000 18.8376 5.7760
27425.0000 18.7534 5.7405
27430.0000 18.6701 5.7062
27435.0000 18.6566 5.6868
27440.0000 18.7395 5.7130
27445.0000 18.8231 5.7530
27450.0000 18.9622 5.8348
27455.0000 18.9670 5.8333
27460.0000 18.9732 5.8314
27465.0000 18.9732 5.8314
27470.0000 18.9770 5.8305
27475.0000 18.9853 5.8276
27480.0000 19.0211 5.8394
27485.0000 19.0211 5.8394
27490.0000 19.0211 5.8394
27495.0000 19.0844 5.8498
27500.0000 19.0803 5.8507
27505.0000 19.1364 5.8828
27510.0000 19.1434 5.8813
27515.0000 19.1489 5.8804
27520.0000 19.1552 5.8786
27525.0000 19.1712 5.8747
27530.0000 19.2047 5.8830
27535.0000 19.2123 5.8808
27540.0000 19.2089 5.8828
27545.0000 19.1258 5.8390
27550.0000 19.0755 5.8330
27555.0000 19.0367 5.7832
27560.0000 19.0332 5.7836
27565.0000 19.0364 5.7825
27570.0000 19.0364 5.7825
27575.0000 19.0494 5.7805
27580.0000 19.0494 5.7805
27585.0000 19.0494 5.7805
27590.0000 19.1168 5.8317
27595.0000 19.1168 5.8317
27600.0000 19.1168 5.8317
27605.0000 19.0791 5.7889
27610.0000 19.0161 5.7550
27615.0000 18.9600 5.7039
27620.0000 18.9649 5.7025
27625.0000 18.9526 5.7047
27630.0000 18.9613 5.7030
27635.0000 18.9613 5.7030
27640.0000 18.9613 5.7030
27645.0000 18.9685 5.7021
27650.0000 18.9827 5.7004
27655.0000 18.9943 5.6975
27660.0000 19.0036 5.6960
27665.0000 18.9042 5.6490
27670.0000 18.8368 5.5880
27675.0000 18.8363 5.5881
27680.0000 18.8316 5.5892
27685.0000 18.8364 5.5882
27690.0000 18.8437 5.5866
27695.0000 18.8437 5.5866
27700.0000 18.8437 5.5866
27705.0000 18.8856 5.6024
27710.0000 18.8901 5.6019
27715.0000 18.8941 5.6009
27720.0000 18.8946 5.6015
27725.0000 18.8063 5.5357
27730.0000 18.7537 5.5082
27735.0000 18.7415 5.5116
27740.0000 18.7675 5.5231
27745.0000 18.7744 5.5216
27750.0000 18.8277 5.5384
27755.0000 18.8358 5.5364
27760.0000 18.8358 5.5364
27765.0000 18.8415 5.5357
27770.0000 18.8506 5.5332
27775.0000 18.8635 5.5299
27780.0000 18.8635 5.5299
27785.0000 18.9026 5.5921
27790.0000 18.9206 5.5885
27795.0000 18.9390 5.5845
27800.0000 18.9390 5.5845
27805.0000 18.9991 5.6215
27810.0000 19.0064 5.6206
27815.0000 19.0119 5.6191
27820.0000 19.0268 5.6153
27825.0000 19.0363 5.6136
27830.0000 19.0432 5.6119
27835.0000 19.0482 5.6109
27840.0000 19.0482 5.6109
27845.0000 18.8364 5.4651
27850.0000 18.7794 5.4530
27855.0000 18.7137 5.3915
27860.0000 18.6943 5.3953
27865.0000 18.7064 5.3927
27870.0000 18.7064 5.3927
27875.0000 18.7064 5.3927
27880.0000 18.7113 5.3920
27885.0000 18.7219 5.3901
27890.0000 18.7325 5.3878
27895.0000 18.7366 5.3871
27900.0000 18.7366 5.3871
27905.0000 18.7366 5.3871
27910.0000 18.7366 5.3871
27915.0000 18.7311 5.3886
27920.0000 18.7271 5.3896
27925.0000 18.7271 5.3896
27930.0000 18.7601 5.4059
27935.0000 18.7634 5.4053
27940.0000 18.7634 5.4053
27945.0000 18.7634 5.4053
27950.0000 18.7634 5.4053
27955.0000 18.7634 5.4053
27960.0000 18.8045 5.4366
27965.0000 18.7829 5.4412
27970.0000 18.4682 5.2118
27975.0000 18.4534 5.1995
27980.0000 18.4490 5.2005
27985.0000 18.4862 5.2110
27990.0000 18.4862 5.2110
27995.0000 18.4862 5.2110
28000.0000 18.4862 5.2110
28005.0000 18.5201 5.2435
28010.0000 18.5201 5.2435
28015.0000 18.5201 5.2435
28020.0000 18.5698 5.3042
28025.0000 18.5732 5.3037
28030.0000 18.4902 5.2376
28035.0000 18.4451 5.1985
28040.0000 18.4289 5.2008
28045.0000 18.4289 5.2008
28050.0000 18.4289 5.2008
28055.0000 18.4289 5.2008
28060.0000 18.4289 5.2008
28065.0000 18.4658 5.2163
28070.0000 18.4779 5.2143
28075.0000 18.4779 5.2143
28080.0000 18.4779 5.2143
28085.0000 18.2902 5.0986
28090.0000 18.2150 5.0715
28095.0000 18.2141 5.0711
28100.0000 18.2210 5.0698
28105.0000 18.2202 5.0697
28110.0000 18.2614 5.0734
28115.0000 18.2665 5.0725
28120.0000 18.2665 5.0725
28125.0000 18.2742 5.0714
28130.0000 18.2831 5.0697
28135.0000 18.2918 5.0677
28140.0000 18.3352 5.0850
28145.0000 18.3244 5.0614
28150.0000 18.2249 4.9899
28155.0000 18.2446 5.0015
28160.0000 18.2340 5.0037
28165.0000 18.2223 5.0057
28170.0000 18.2223 5.0057
28175.0000 18.2285 5.0046
28180.0000 18.2285 5.0046
28185.0000 18.2740 5.0611
28190.0000 18.2781 5.0603
28195.0000 18.2873 5.0592
28200.0000 18.2873 5.0592
28205.0000 18.2816 5.0605
28210.0000 18.2209 5.0483
28215.0000 18.1629 5.0070
28220.0000 18.1668 5.0061
28225.0000 18.1953 5.0582
28230.0000 18.2336 5.0881
28235.0000 18.2426 5.0669
28240.0000 18.2899 5.0568
28245.0000 18.3189 5.0514
28250.0000 18.3189 5.0514
28255.0000 18.3760 5.0452
28260.0000 18.3881 5.0429
28265.0000 18.1908 4.9008
28270.0000 18.1074 4.8186
28275.0000 18.1475 4.8670
28280.0000 18.1276 4.8702
28285.0000 18.1700 4.8847
28290.0000 18.1853 4.8823
28295.0000 18.1909 4.8810
28300.0000 18.1909 4.8810
28305.0000 18.2302 4.8894
28310.0000 18.2334 4.8886
28315.0000 18.2334 4.8886
28320.0000 18.2334 4.8886
28325.0000 18.1420 4.8381
28330.0000 18.1777 4.8754
28335.0000 18.1777 4.8754
28340.0000 18.1730 4.8760
28345.0000 18.1781 4.8756
28350.0000 18.1911 4.8715
28355.0000 18.1911 4.8715
28360.0000 18.1936 4.8707
28365.0000 18.2041 4.8673
28370.0000 18.2089 4.8658
28375.0000 18.2089 4.8658
28380.0000 18.2046 4.8674
28385.0000 18.1408 4.8029
28390.0000 18.0559 4.7039
28395.0000 18.0908 4.7286
28400.0000 18.1402 4.7835
28405.0000 18.1324 4.7848
28410.0000 18.1324 4.7848
28415.0000 18.1663 4.7905
28420.0000 18.1981 4.8079
28425.0000 18.2033 4.8070
28430.0000 18.2146 4.8050
28435.0000 18.2189 4.8053
28440.0000 18.2257 4.8047
28445.0000 18.1832 4.8009
28450.0000 18.1851 4.8011
28455.0000 18.1359 4.7763
28460.0000 18.2610 4.8717
28465.0000 18.2925 4.8933
28470.0000 18.2980 4.8920
28475.0000 18.3048 4.8903
28480.0000 18.3520 4.9406
28485.0000 18.3520 4.9406
28490.0000 18.3962 4.9797
28495.0000 18.3962 4.9797
28500.0000 18.3962 4.9797
28505.0000 18.3833 4.9663
28510.0000 18.3896 5.0167
28515.0000 18.3886 5.0168
28520.0000 18.3935 5.0162
28525.0000 18.3983 5.0154
28530.0000 18.4086 5.0131
28535.0000 18.4149 5.0118
28540.0000 18.4222 5.0106
28545.0000 18.4631 5.0098
28550.0000 18.4631 5.0098
28555.0000 18.4631 5.0098
28560.0000 18.4631 5.0098
28565.0000 18.4124 4.9796
28570.0000 18.3354 4.9084
28575.0000 18.3394 4.9030
28580.0000 18.3719 4.9205
28585.0000 18.4162 4.9311
28590.0000 18.4215 4.9306
28595.0000 18.4215 4.9306
28600.0000 18.4262 4.9293
28605.0000 18.4262 4.9293
28610.0000 18.4314 4.9282
28615.0000 18.4797 4.9443
28620.0000 18.4830 4.9436
28625.0000 18.4891 4.9706
28630.0000 18.4852 4.9713
28635.0000 18.5632 5.0164
28640.0000 18.5632 5.0164
28645.0000 18.5703 5.0157
28650.0000 18.5703 5.0157
28655.0000 18.5703 5.0157
28660.0000 18.6239 5.0355
28665.0000 18.7067 5.1151
28670.0000 18.7067 5.1151
28675.0000 18.7113 5.1135
28680.0000 18.7426 5.1066
28685.0000 18.5698 4.9952
28690.0000 18.4609 4.9115
28695.0000 18.4590 4.9116
28700.0000 18.4405 4.9149
28705.0000 18.4449 4.9139
28710.0000 18.4535 4.9120
28715.0000 18.4584 4.9109
28720.0000 18.4584 4.9109
28725.0000 18.4584 4.9109
28730.0000 18.5027 4.9623
28735.0000 18.5027 4.9623
28740.0000 18.5038 4.9633
28745.0000 18.5754 5.0439
28750.0000 18.4511 4.9212
28755.0000 18.4488 4.9225
28760.0000 18.4518 4.9217
28765.0000 18.4518 4.9217
28770.0000 18.4518 4.9217
28775.0000 18.4550 4.9207
28780.0000 18.5289 4.9556
28785.0000 18.5289 4.9556
28790.0000 18.5394 4.9534
28795.0000 18.5775 4.9593
28800.0000 18.5824 4.9583
28805.0000 18.5236 4.9261
28810.0000 18.4872 4.9191
28815.0000 18.5268 4.9465
28820.0000 18.5163 4.9479
28825.0000 18.5163 4.9479
28830.0000 18.5584 4.9895
28835.0000 18.6093 5.0527
28840.0000 18.6459 5.0713
28845.0000 18.6953 5.0996
28850.0000 18.6953 5.0996
28855.0000 18.7209 5.0993
28860.0000 18.7197 5.1002
28865.0000 18.6533 5.0893
28870.0000 18.6041 5.0464
28875.0000 18.5980 5.0482
28880.0000 18.5737 5.0529
28885.0000 18.5724 5.0529
28890.0000 18.5786 5.0509
28895.0000 18.5875 5.0485
28900.0000 18.5875 5.0485
28905.0000 18.5977 5.0470
28910.0000 18.6523 5.0824
28915.0000 18.6523 5.0824
28920.0000 18.6581 5.0817
28925.0000 18.5195 5.0109
28930.0000 18.4794 5.0137
28935.0000 18.4856 5.0124
28940.0000 18.5120 5.0443
28945.0000 18.5077 5.0451
28950.0000 18.5077 5.0451
28955.0000 18.5905 5.0691
28960.0000 18.6058 5.0924
28965.0000 18.6520 5.1652
28970.0000 18.6790 5.1587
28975.0000 18.7165 5.1810
28980.0000 18.8166 5.2475
28985.0000 18.7732 5.2285
28990.0000 18.7038 5.1673
28995.0000 18.7062 5.1659
29000.0000 18.7019 5.1663
29005.0000 18.7048 5.1661
29010.0000 18.7106 5.1650
29015.0000 18.7106 5.1650
29020.0000 18.7504 5.1844
29025.0000 18.7564 5.1833
29030.0000 18.7625 5.1826
29035.0000 18.7625 5.1826
29040.0000 18.7664 5.1817
29045.0000 18.6759 5.0948
29050.0000 18.6578 5.1107
29055.0000 18.6562 5.1399
29060.0000 18.6952 5.1617
29065.0000 18.6892 5.1628
29070.0000 18.6892 5.1628
29075.0000 18.6892 5.1628
29080.0000 18.6892 5.1628
29085.0000 18.7000 5.1605
29090.0000 18.7038 5.1592
29095.0000 18.7080 5.1583
29100.0000 18.7142 5.1571
29105.0000 18.5845 5.0838
29110.0000 18.5037 5.0374
29115.0000 18.4854 5.0562
29120.0000 18.4772 5.0573
29125.0000 18.5435 5.1437
29130.0000 18.5493 5.1431
29135.0000 18.5493 5.1431
29140.0000 18.5546 5.1417
29145.0000 18.5546 5.1417
29150.0000 18.6138 5.1686
29155.0000 18.6989 5.2246
29160.0000 18.7497 5.2259
29165.0000 18.7059 5.1579
29170.0000 18.7361 5.2240
29175.0000 18.6765 5.1979
29180.0000 18.6648 5.1996
29185.0000 18.5820 5.0892
29190.0000 18.6223 5.1500
29195.0000 18.6775 5.1795
29200.0000 18.7353 5.1763
29205.0000 18.7406 5.1753
29210.0000 18.7473 5.1743
29215.0000 18.7473 5.1743
29220.0000 18.7507 5.1740
29225.0000 18.6532 5.1224
29230.0000 18.4412 4.9397
29235.0000 18.4204 4.9423
29240.0000 18.4096 4.9434
29245.0000 18.4249 4.9397
29250.0000 18.4287 4.9387
29255.0000 18.4422 4.9365
29260.0000 18.4473 4.9357
29265.0000 18.4473 4.9357
29270.0000 18.4932 4.9516
29275.0000 18.4973 4.9506
29280.0000 18.5292 4.9741
29285.0000 18.5131 4.9691
29290.0000 18.4316 4.9255
29295.0000 18.4393 4.9244
29300.0000 18.4419 4.9244
29305.0000 18.4671 4.9513
29310.0000 18.4719 4.9504
29315.0000 18.4756 4.9495
29320.0000 18.4977 4.9470
29325.0000 18.5684 5.0038
29330.0000 18.5786 5.0014
29335.0000 18.5979 4.9973
29340.0000 18.6208 4.9931
29345.0000 18.5382 4.9468
29350.0000 18.4756 4.9105
29355.0000 18.4887 4.8946
29360.0000 18.5235 4.9325
29365.0000 18.5272 4.9320
29370.0000 18.5681 4.9497
29375.0000 18.5749 4.9489
29380.0000 18.6145 4.9723
29385.0000 18.6145 4.9723
29390.0000 18.6281 4.9704
29395.0000 18.6281 4.9704
29400.0000 18.6281 4.9704
29405.0000 18.5822 4.9591
29410.0000 18.5700 4.9629
29415.0000 18.5333 4.9345
29420.0000 18.5317 4.9338
29425.0000 18.5361 4.9328
29430.0000 18.5361 4.9328
29435.0000 18.5464 4.9312
29440.0000 18.5793 4.9575
29445.0000 18.5838 4.9562
29450.0000 18.5838 4.9562
29455.0000 18.5838 4.9562
29460.0000 18.5838 4.9562
29465.0000 18.4889 4.9167
29470.0000 18.4602 4.8760
29475.0000 18.4472 4.8786
29480.0000 18.4472 4.8786
29485.0000 18.4472 4.8786
29490.0000 18.4472 4.8786
29495.0000 18.4526 4.8779
29500.0000 18.5015 4.9238
29505.0000 18.5112 4.9220
29510.0000 18.5196 4.9211
29515.0000 18.5196 4.9211
29520.0000 18.5657 4.9644
29525.0000 18.4463 4.9124
29530.0000 18.3639 4.8319
29535.0000 18.3519 4.8340
29540.0000 18.3408 4.8356
29545.0000 18.3726 4.8386
29550.0000 18.3726 4.8386
29555.0000 18.3726 4.8386
29560.0000 18.3726 4.8386
29565.0000 18.4179 4.8491
29570.0000 18.4179 4.8491
29575.0000 18.4179 4.8491
29580.0000 18.4214 4.8482
29585.0000 18.3739 4.8491
29590.0000 18.2972 4.7740
29595.0000 18.3015 4.7733
29600.0000 18.3015 4.7733
29605.0000 18.2899 4.7754
29610.0000 18.2952 4.7742
29615.0000 18.3018 4.7726
29620.0000 18.3073 4.7718
29625.0000 18.3110 4.7714
29630.0000 18.3161 4.7707
29635.0000 18.3279 4.7686
29640.0000 18.3279 4.7686
29645.0000 18.2833 4.8282
29650.0000 18.2458 4.7671
29655.0000 18.2044 4.7430
29660.0000 18.1953 4.7449
29665.0000 18.1991 4.7438
29670.0000 18.2485 4.7733
29675.0000 18.2893 4.7848
29680.0000 18.3655 4.8251
29685.0000 18.3655 4.8251
29690.0000 18.4012 4.8779
29695.0000 18.3915 4.8633
29700.0000 18.3947 4.8626
29705.0000 18.3981 4.8616
29710.0000 18.4006 4.8606
29715.0000 18.3515 4.8354
29720.0000 18.3851 4.8472
29725.0000 18.3790 4.8488
29730.0000 18.4097 4.8697
29735.0000 18.4135 4.8685
29740.0000 18.4178 4.8675
29745.0000 18.4178 4.8675
29750.0000 18.4178 4.8675
29755.0000 18.4219 4.8669
29760.0000 18.4219 4.8669
29765.0000 18.2889 4.7597
29770.0000 18.1177 4.6446
29775.0000 18.1066 4.6467
29780.0000 18.1037 4.6474
29785.0000 18.1037 4.6474
29790.0000 18.1037 4.6474
29795.0000 18.1037 4.6474
29800.0000 18.1037 4.6474
29805.0000 18.1084 4.6465
29810.0000 18.1389 4.6695
29815.0000 18.1445 4.6693
29820.0000 18.1536 4.6676
29825.0000 17.9541 4.4984
29830.0000 17.8256 4.4316
29835.0000 17.8692 4.4623
29840.0000 17.8448 4.4670
29845.0000 17.8773 4.4909
29850.0000 17.8773 4.4909
29855.0000 17.8852 4.4897
29860.0000 17.9346 4.5080
29865.0000 17.9980 4.5338
29870.0000 18.0019 4.5334
29875.0000 18.0487 4.5469
29880.0000 18.0961 4.6176
29885.0000 18.0540 4.5743
29890.0000 18.0470 4.5746
29895.0000 18.0332 4.5770
29900.0000 18.0285 4.5781
29905.0000 18.0340 4.5778
29910.0000 18.0379 4.5768
29915.0000 18.0379 4.5768
29920.0000 18.0828 4.6123
29925.0000 18.0828 4.6123
29930.0000 18.0869 4.6122
29935.0000 18.0869 4.6122
29940.0000 18.0869 4.6122
29945.0000 18.0490 4.5856
29950.0000 17.9745 4.5543
29955.0000 17.9627 4.5561
29960.0000 17.9543 4.5574
29965.0000 17.9549 4.5565
29970.0000 17.9607 4.5550
29975.0000 17.9607 4.5550
29980.0000 17.9607 4.5550
29985.0000 17.9607 4.5550
29990.0000 17.9640 4.5541
29995.0000 17.9719 4.5519
30000.0000 17.9834 4.5492
30005.0000 17.9834 4.5492
30010.0000 17.9929 4.5477
30015.0000 17.9932 4.5482
30020.0000 17.9996 4.5460
30025.0000 17.9936 4.5471
30030.0000 17.9936 4.5471
30035.0000 18.0077 4.5437
30040.0000 18.0077 4.5437
30045.0000 18.0077 4.5437
30050.0000 18.0077 4.5437
30055.0000 18.0077 4.5437
30060.0000 18.0602 4.5562
30065.0000 17.9613 4.5119
30070.0000 17.7857 4.4192
30075.0000 17.8479 4.4643
30080.0000 17.8850 4.4970
30085.0000 17.8876 4.4964
30090.0000 17.8876 4.4964
30095.0000 17.8876 4.4964
30100.0000 17.8921 4.4967
30105.0000 17.8921 4.4967
30110.0000 17.8921 4.4967
30115.0000 17.8921 4.4967
30120.0000 17.9030 4.4953
30125.0000 17.9485 4.5174
30130.0000 17.8939 4.4650
30135.0000 17.8360 4.4377
30140.0000 17.8202 4.4403
30145.0000 17.8250 4.4386
30150.0000 17.8314 4.4375
30155.0000 17.8314 4.4375
30160.0000 17.8314 4.4375
30165.0000 17.8370 4.4369
30170.0000 17.8433 4.4352
30175.0000 17.8433 4.4352
30180.0000 17.8531 4.4342
30185.0000 17.7951 4.3943
30190.0000 17.7505 4.3243
30195.0000 17.7505 4.3243
30200.0000 17.7468 4.3254
30205.0000 17.7468 4.3254
30210.0000 17.7576 4.3231
30215.0000 17.7632 4.3244
30220.0000 17.7632 4.3244
30225.0000 17.8585 4.4505
30230.0000 17.8623 4.4496
30235.0000 17.8688 4.4483
30240.0000 17.8688 4.4483
30245.0000 17.8496 4.4533
30250.0000 17.6332 4.3170
30255.0000 17.6125 4.3206
30260.0000 17.6317 4.3378
30265.0000 17.6292 4.3386
30270.0000 17.6292 4.3386
30275.0000 17.6323 4.3376
30280.0000 17.6370 4.3361
30285.0000 17.6558 4.3316
30290.0000 17.6558 4.3316
30295.0000 17.6558 4.3316
30300.0000 17.6558 4.3316
30305.0000 17.6114 4.3013
30310.0000 17.5980 4.2471
30315.0000 17.6806 4.3193
30320.0000 17.6918 4.3183
30325.0000 17.7439 4.3805
30330.0000 17.7439 4.3805
30335.0000 17.8213 4.4367
30340.0000 17.8248 4.4357
30345.0000 17.8248 4.4357
30350.0000 17.9035 4.4859
30355.0000 17.9932 4.5906
30360.0000 17.9932 4.5906
30365.0000 17.9217 4.5391
30370.0000 17.7050 4.3702
30375.0000 17.6520 4.3436
30380.0000 17.6328 4.3474
30385.0000 17.6280 4.3485
30390.0000 17.6280 4.3485
30395.0000 17.6280 4.3485
30400.0000 17.6336 4.3473
30405.0000 17.6336 4.3473
30410.0000 17.6336 4.3473
30415.0000 17.6402 4.3461
30420.0000 17.6578 4.3435
30425.0000 17.6259 4.3386
30430.0000 17.5840 4.3057
30435.0000 17.6127 4.3491
30440.0000 17.6102 4.3498
30445.0000 17.6388 4.3638
30450.0000 17.6388 4.3638
30455.0000 17.6805 4.4020
30460.0000 17.6843 4.4006
30465.0000 17.6985 4.3969
30470.0000 17.7064 4.3943
30475.0000 17.7126 4.3924
30480.0000 17.7206 4.3910
30485.0000 17.6722 4.4005
30490.0000 17.6443 4.3698
30495.0000 17.6656 4.4081
30500.0000 17.6607 4.4092
30505.0000 17.7051 4.4406
30510.0000 17.7051 4.4406
30515.0000 17.7089 4.4395
30520.0000 17.7089 4.4395
30525.0000 17.7189 4.4378
30530.0000 17.7525 4.4453
30535.0000 17.8098 4.4774
30540.0000 17.8572 4.5193
30545.0000 17.8538 4.5137
30550.0000 17.6540 4.3481
30555.0000 17.6388 4.3508
30560.0000 17.7135 4.4136
30565.0000 17.7101 4.4143
30570.0000 17.7453 4.4362
30575.0000 17.7453 4.4362
30580.0000 17.7453 4.4362
30585.0000 17.7453 4.4362
30590.0000 17.7453 4.4362
30595.0000 17.7631 4.4326
30600.0000 17.7734 4.4306
30605.0000 17.7202 4.4045
30610.0000 17.5196 4.3030
30615.0000 17.5477 4.3535
30620.0000 17.5429 4.3547
30625.0000 17.5429 4.3547
30630.0000 17.5429 4.3547
30635.0000 17.5938 4.4296
30640.0000 17.5991 4.4293
30645.0000 17.6169 4.4243
30650.0000 17.6169 4.4243
30655.0000 17.6282 4.4244
30660.0000 17.5820 4.3506
30665.0000 17.3611 4.2366
30670.0000 17.2945 4.2184
30675.0000 17.3363 4.2372
30680.0000 17.3474 4.2565
30685.0000 17.3813 4.2853
30690.0000 17.4166 4.3132
30695.0000 17.4276 4.3107
30700.0000 17.4431 4.3072
30705.0000 17.4582 4.3033
30710.0000 17.4645 4.3021
30715.0000 17.4645 4.3021
30720.0000 17.4747 4.3005
30725.0000 17.4255 4.2797
30730.0000 17.2892 4.2340
30735.0000 17.2941 4.2332
30740.0000 17.2734 4.2365
30745.0000 17.2734 4.2365
30750.0000 17.2778 4.2354
30755.0000 17.2946 4.2325
30760.0000 17.3003 4.2315
30765.0000 17.3748 4.2690
30770.0000 17.3748 4.2690
30775.0000 17.3781 4.2679
30780.0000 17.3822 4.2676
30785.0000 17.3508 4.2536
30790.0000 17.1883 4.1379
30795.0000 17.1712 4.1412
30800.0000 17.1459 4.1459
30805.0000 17.1832 4.2052
30810.0000 17.1983 4.2025
30815.0000 17.2077 4.2016
30820.0000 17.2077 4.2016
30825.0000 17.2077 4.2016
30830.0000 17.2180 4.2004
30835.0000 17.2248 4.1986
30840.0000 17.2325 4.1975
30845.0000 17.1910 4.1722
30850.0000 17.1910 4.1722
30855.0000 17.1628 4.1868
30860.0000 17.1555 4.1876
30865.0000 17.1519 4.1877
30870.0000 17.1605 4.1850
30875.0000 17.1659 4.1833
30880.0000 17.1744 4.1816
30885.0000 17.1876 4.1788
30890.0000 17.1876 4.1788
30895.0000 17.1876 4.1788
30900.0000 17.2278 4.2137
30905.0000 17.1058 4.1695
30910.0000 16.9312 4.0792
30915.0000 16.9734 4.0982
30920.0000 17.0339 4.1320
30925.0000 17.0504 4.1284
30930.0000 17.0594 4.1276
30935.0000 17.0635 4.1265
30940.0000 17.1037 4.1197
30945.0000 17.0832 4.0386
30950.0000 17.0960 4.0360
30955.0000 17.0960 4.0360
30960.0000 17.0960 4.0360
30965.0000 16.9905 3.9867
30970.0000 16.9876 3.9869
30975.0000 17.0102 4.0059
30980.0000 17.0005 4.0074
30985.0000 17.0005 4.0074
30990.0000 17.0005 4.0074
30995.0000 17.0005 4.0074
31000.0000 17.0005 4.0074
31005.0000 17.0353 4.0119
31010.0000 17.0353 4.0119
31015.0000 17.0420 4.0112
31020.0000 17.0850 4.0457
31025.0000 17.0991 4.0442
31030.0000 16.9597 4.0003
31035.0000 16.9545 4.0005
31040.0000 16.9592 4.0002
31045.0000 16.9638 3.9997
31050.0000 16.9788 3.9979
31055.0000 16.9840 3.9972
31060.0000 16.9840 3.9972
31065.0000 16.9886 3.9958
31070.0000 17.0169 4.0114
31075.0000 17.0234 4.0101
31080.0000 17.0295 4.0091
31085.0000 16.9840 4.0037
31090.0000 16.8093 3.9347
31095.0000 16.7213 3.8830
31100.0000 16.7482 3.8991
31105.0000 16.7022 3.8347
31110.0000 16.7022 3.8347
31115.0000 16.7460 3.9036
31120.0000 16.7598 3.9016
31125.0000 16.7655 3.9007
31130.0000 16.8354 3.9625
31135.0000 16.8354 3.9625
31140.0000 16.8354 3.9625
31145.0000 16.8036 3.9183
31150.0000 16.7423 3.9075
31155.0000 16.6836 3.8721
31160.0000 16.6685 3.8749
31165.0000 16.7428 3.9341
31170.0000 16.7461 3.9334
31175.0000 16.7899 3.9703
31180.0000 16.7957 3.9690
31185.0000 16.7957 3.9690
31190.0000 16.7957 3.9690
31195.0000 16.7957 3.9690
31200.0000 16.7957 3.9690
31205.0000 16.7798 3.9765
31210.0000 16.7603 3.9801
31215.0000 16.7578 3.9809
31220.0000 16.7681 3.9794
31225.0000 16.7632 3.9801
31230.0000 16.7959 4.0081
31235.0000 16.8292 4.0268
31240.0000 16.8292 4.0268
31245.0000 16.8292 4.0268
31250.0000 16.8292 4.0268
31255.0000 16.8617 4.0506
31260.0000 16.8617 4.0506
31265.0000 16.8421 4.0307
31270.0000 16.8776 4.0600
31275.0000 16.8544 4.0626
31280.0000 16.8438 4.0638
31285.0000 16.8909 4.1195
31290.0000 16.8909 4.1195
31295.0000 16.8909 4.1195
31300.0000 16.8909 4.1195
31305.0000 16.9027 4.1171
31310.0000 16.9157 4.1144
31315.0000 16.9331 4.1112
31320.0000 16.9380 4.1102
31325.0000 16.8433 4.0725
31330.0000 16.6997 3.9438
31335.0000 16.7042 3.9430
31340.0000 16.6875 3.9460
31345.0000 16.7258 3.9814
31350.0000 16.7258 3.9814
31355.0000 16.7298 3.9806
31360.0000 16.7361 3.9801
31365.0000 16.7361 3.9801
31370.0000 16.7817 4.0122
31375.0000 16.8103 4.0343
31380.0000 16.8113 4.0351
31385.0000 16.7836 4.0204
31390.0000 16.6890 3.9993
31395.0000 16.6810 4.0013
31400.0000 16.6632 4.0034
31405.0000 16.6632 4.0034
31410.0000 16.6690 4.0022
31415.0000 16.7018 4.0233
31420.0000 16.7309 4.0410
31425.0000 16.7409 4.0396
31430.0000 16.7459 4.0391
31435.0000 16.7507 4.0383
31440.0000 16.7938 4.0653
31445.0000 16.7357 4.0561
31450.0000 16.6497 4.0110
31455.0000 16.6138 3.9887
31460.0000 16.6131 3.9889
31465.0000 16.6505 4.0175
31470.0000 16.6505 4.0175
31475.0000 16.6505 4.0175
31480.0000 16.6530 4.0170
31485.0000 16.6644 4.0149
31490.0000 16.6694 4.0140
31495.0000 16.7036 4.0266
31500.0000 16.7036 4.0266
31505.0000 16.6588 4.0085
31510.0000 16.5352 3.9921
31515.0000 16.5269 4.0716
31520.0000 16.5209 4.0730
31525.0000 16.5209 4.0730
31530.0000 16.5251 4.0718
31535.0000 16.5251 4.0718
31540.0000 16.5608 4.0888
31545.0000 16.5666 4.0880
31550.0000 16.6250 4.1049
31555.0000 16.6250 4.1049
31560.0000 16.6349 4.1043
31565.0000 16.7347 4.1780
31570.0000 16.7433 4.1775
31575.0000 16.7514 4.1758
31580.0000 16.7938 4.2044
31585.0000 16.8479 4.2392
31590.0000 16.8479 4.2392
31595.0000 16.8540 4.2387
31600.0000 16.8578 4.2379
31605.0000 16.9316 4.2664
31610.0000 16.9316 4.2664
31615.0000 16.9316 4.2664
31620.0000 16.9409 4.2655
31625.0000 16.9110 4.2660
31630.0000 16.7253 4.1815
31635.0000 16.6929 4.1699
31640.0000 16.6877 4.1716
31645.0000 16.6969 4.1703
31650.0000 16.6926 4.1635
31655.0000 16.7225 4.1792
31660.0000 16.7349 4.1930
31665.0000 16.7349 4.1930
31670.0000 16.8074 4.2557
31675.0000 16.8107 4.2551
31680.0000 16.8362 4.2658
31685.0000 16.8362 4.2658
31690.0000 16.8321 4.2696
31695.0000 16.8321 4.2696
31700.0000 16.8271 4.2710
31705.0000 16.8271 4.2710
31710.0000 16.8766 4.3008
31715.0000 16.8849 4.2996
31720.0000 16.9185 4.3031
31725.0000 16.9963 4.3734
31730.0000 17.0006 4.3726
31735.0000 17.0006 4.3726
31740.0000 16.9963 4.3739
31745.0000 16.9014 4.3445
31750.0000 16.7352 4.2573
31755.0000 16.6814 4.2139
31760.0000 16.7590 4.2948
31765.0000 16.7858 4.3094
31770.0000 16.7858 4.3094
31775.0000 16.7858 4.3094
31780.0000 16.7858 4.3094
31785.0000 16.8060 4.2517
31790.0000 16.8621 4.2863
31795.0000 16.9069 4.3106
31800.0000 16.9188 4.3090
31805.0000 16.9156 4.3138
31810.0000 16.8380 4.2676
31815.0000 16.7587 4.2366
31820.0000 16.7543 4.2376
31825.0000 16.7543 4.2376
31830.0000 16.7543 4.2376
31835.0000 16.7669 4.2355
31840.0000 16.7761 4.2350
31845.0000 16.7761 4.2350
31850.0000 16.7761 4.2350
31855.0000 16.8071 4.2290
31860.0000 16.8607 4.2428
31865.0000 16.8656 4.2780
31870.0000 16.7559 4.1887
31875.0000 16.7774 4.1840
31880.0000 16.7664 4.1868
31885.0000 16.7689 4.1873
31890.0000 16.7828 4.1854
31895.0000 16.7899 4.1841
31900.0000 16.8319 4.2048
31905.0000 16.8319 4.2048
31910.0000 16.8319 4.2048
31915.0000 16.8361 4.2045
31920.0000 16.8387 4.2052
31925.0000 16.8395 4.2287
31930.0000 16.7859 4.1897
31935.0000 16.7264 4.1478
31940.0000 16.7292 4.1476
31945.0000 16.7292 4.1476
31950.0000 16.7594 4.1558
31955.0000 16.7628 4.1551
31960.0000 16.7683 4.1535
31965.0000 16.7771 4.1515
31970.0000 16.8243 4.2098
31975.0000 16.8314 4.2082
31980.0000 16.8685 4.2223
31985.0000 16.7964 4.2096
31990.0000 16.7582 4.1933
31995.0000 16.7825 4.2070
32000.0000 16.7792 4.2100
32005.0000 16.7732 4.2109
32010.0000 16.7775 4.2099
32015.0000 16.8098 4.2171
32020.0000 16.8558 4.2407
32025.0000 16.8558 4.2407
32030.0000 16.8826 4.2644
32035.0000 16.8826 4.2644
32040.0000 16.9085 4.2771
32045.0000 16.9562 4.2956
32050.0000 16.8400 4.2331
32055.0000 16.7903 4.1902
32060.0000 16.7816 4.1915
32065.0000 16.7902 4.1898
32070.0000 16.8334 4.2211
32075.0000 16.8373 4.2203
32080.0000 16.8468 4.2182
32085.0000 16.8468 4.2182
32090.0000 16.8511 4.2169
32095.0000 16.9261 4.2533
32100.0000 16.9261 4.2533
32105.0000 16.9210 4.2545
32110.0000 16.8939 4.2223
32115.0000 16.9083 4.2198
32120.0000 16.9063 4.2204
32125.0000 16.9062 4.2202
32130.0000 16.9184 4.2182
32135.0000 16.9275 4.2169
32140.0000 16.9275 4.2169
32145.0000 16.9275 4.2169
32150.0000 16.9275 4.2169
32155.0000 16.9275 4.2169
32160.0000 16.9682 4.2265
32165.0000 16.8595 4.2295
32170.0000 16.7161 4.1994
32175.0000 16.7288 4.2058
32180.0000 16.7215 4.2073
32185.0000 16.8030 4.2213
32190.0000 16.8389 4.2526
32195.0000 16.8440 4.2518
32200.0000 16.8440 4.2518
32205.0000 16.8809 4.2718
32210.0000 16.9572 4.3091
32215.0000 17.0006 4.3135
32220.0000 17.0041 4.3129
32225.0000 16.9736 4.3189
32230.0000 16.8686 4.2398
32235.0000 16.8687 4.2395
32240.0000 16.8621 4.2404
32245.0000 16.8621 4.2404
32250.0000 16.9022 4.2784
32255.0000 16.9847 4.3087
32260.0000 17.0562 4.3409
32265.0000 17.0562 4.3409
32270.0000 17.1177 4.4126
32275.0000 17.1310 4.4096
32280.0000 17.1451 4.4072
32285.0000 17.1396 4.4146
32290.0000 17.1444 4.4136
32295.0000 17.1622 4.4106
32300.0000 17.1986 4.4397
32305.0000 17.2863 4.4474
32310.0000 17.2972 4.4451
32315.0000 17.3511 4.4675
32320.0000 17.4296 4.5094
32325.0000 17.4713 4.5721
32330.0000 17.4759 4.5710
32335.0000 17.5083 4.5742
32340.0000 17.5127 4.5732
32345.0000 17.4331 4.5327
32350.0000 17.3848 4.4646
32355.0000 17.3965 4.5245
32360.0000 17.4051 4.5227
32365.0000 17.4113 4.5216
32370.0000 17.4217 4.5188
32375.0000 17.5076 4.5722
32380.0000 17.4897 4.5148
32385.0000 17.5495 4.5207
32390.0000 17.5823 4.5467
32395.0000 17.6255 4.5908
32400.0000 17.6528 4.6068
32405.0000 17.6270 4.6280
32410.0000 17.7200 4.6773
32415.0000 17.7326 4.6732
32420.0000 17.7409 4.6696
32425.0000 17.8004 4.6936
32430.0000 17.8084 4.6923
32435.0000 17.8126 4.6917
32440.0000 17.8520 4.7255
32445.0000 17.8520 4.7255
32450.0000 17.8861 4.7505
32455.0000 17.8861 4.7505
32460.0000 17.9294 4.7944
32465.0000 17.8937 4.7868
32470.0000 17.7451 4.6888
32475.0000 17.7106 4.6451
32480.0000 17.7531 4.7101
32485.0000 17.7576 4.7096
32490.0000 17.7091 4.6411
32495.0000 17.7288 4.6562
32500.0000 17.7613 4.6849
32505.0000 17.8784 4.7947
32510.0000 17.8985 4.7907
32515.0000 17.9334 4.7965
32520.0000 17.9378 4.7957
32525.0000 17.9039 4.7896
32530.0000 17.8314 4.7736
32535.0000 17.8224 4.7750
32540.0000 17.8115 4.7761
32545.0000 17.8349 4.7854
32550.0000 17.8349 4.7854
32555.0000 17.8472 4.7832
32560.0000 17.8531 4.7824
32565.0000 17.8139 4.7214
32570.0000 17.8574 4.7761
32575.0000 17.8679 4.7751
32580.0000 17.8734 4.7746
32585.0000 17.8924 4.7727
32590.0000 17.9467 4.7966
32595.0000 17.9701 4.7912
32600.0000 17.9745 4.7895
32605.0000 17.9724 4.7897
32610.0000 17.9826 4.7868
32615.0000 17.9876 4.7854
32620.0000 17.9952 4.7834
32625.0000 17.9982 4.7828
32630.0000 17.9982 4.7828
32635.0000 18.0362 4.8291
32640.0000 18.0362 4.8291
32645.0000 18.0544 4.8393
32650.0000 18.0508 4.8400
32655.0000 18.0350 4.7988
32660.0000 18.0396 4.7981
32665.0000 18.0283 4.8002
32670.0000 18.0283 4.8002
32675.0000 18.0283 4.8002
32680.0000 18.0326 4.7991
32685.0000 18.1090 4.8528
32690.0000 18.1484 4.8951
32695.0000 18.1532 4.8942
32700.0000 18.1869 4.9229
32705.0000 18.0869 4.9286
32710.0000 18.0008 4.9074
32715.0000 17.9667 4.8949
32720.0000 17.9533 4.8975
32725.0000 18.0016 4.9334
32730.0000 18.1190 5.0502
32735.0000 18.1716 5.1027
32740.0000 18.1716 5.1027
32745.0000 18.1814 5.1000
32750.0000 18.1893 5.0980
32755.0000 18.2248 5.1047
32760.0000 18.2278 5.1039
32765.0000 18.0816 5.0999
32770.0000 18.0245 5.0729
32775.0000 18.0204 5.0723
32780.0000 18.0103 5.0741
32785.0000 18.0432 5.1063
32790.0000 18.0685 5.1372
32795.0000 18.0685 5.1372
32800.0000 18.0720 5.1366
32805.0000 18.0765 5.1360
32810.0000 18.0836 5.1354
32815.0000 18.0836 5.1354
32820.0000 18.1216 5.1455
32825.0000 18.0510 5.1679
32830.0000 17.9409 5.0899
32835.0000 17.9323 5.0822
32840.0000 18.0001 5.1285
32845.0000 18.0479 5.1566
32850.0000 18.0479 5.1566
32855.0000 18.0523 5.1554
32860.0000 18.0572 5.1544
32865.0000 18.0617 5.1535
32870.0000 18.0617 5.1535
32875.0000 18.0739 5.1510
32880.0000 18.0773 5.1501
32885.0000 18.0707 5.1517
32890.0000 17.9564 4.9786
32895.0000 17.8546 4.8801
32900.0000 17.8474 4.8810
32905.0000 17.8554 4.8831
32910.0000 17.8980 4.8964
32915.0000 17.9094 4.8939
32920.0000 17.9365 4.9026
32925.0000 17.9365 4.9026
32930.0000 17.9715 4.9308
32935.0000 17.9756 4.9298
32940.0000 18.0252 4.9598
32945.0000 18.0573 4.9987
32950.0000 17.9885 4.9442
32955.0000 17.9764 4.9450
32960.0000 17.9659 4.9467
32965.0000 17.9594 4.9497
32970.0000 17.9600 4.9494
32975.0000 17.9600 4.9494
32980.0000 18.0007 4.9760
32985.0000 18.0007 4.9760
32990.0000 18.0007 4.9760
32995.0000 18.0007 4.9760
33000.0000 18.0021 4.9762
33005.0000 18.0195 5.0181
33010.0000 18.0654 5.0478
33015.0000 18.0741 5.0473
33020.0000 18.1097 5.0987
33025.0000 18.1097 5.0987
33030.0000 18.1250 5.0964
33035.0000 18.1324 5.0946
33040.0000 18.1324 5.0946
33045.0000 18.1324 5.0946
33050.0000 18.1408 5.0926
33055.0000 18.1565 5.0886
33060.0000 18.2210 5.1657
33065.0000 18.1421 5.1700
33070.0000 18.0906 5.1597
33075.0000 17.9944 5.0631
33080.0000 17.9710 5.0658
33085.0000 17.9649 5.0672
33090.0000 17.9595 5.0682
33095.0000 17.9595 5.0682
33100.0000 17.9595 5.0682
33105.0000 17.9595 5.0682
33110.0000 17.9933 5.0789
33115.0000 18.0343 5.1011
33120.0000 18.0809 5.1466
33125.0000 18.0908 5.1441
33130.0000 18.0949 5.1433
33135.0000 18.0984 5.1426
33140.0000 18.1057 5.1406
33145.0000 18.1167 5.1383
33150.0000 18.1739 5.1786
33155.0000 18.2096 5.1945
33160.0000 18.2096 5.1945
33165.0000 18.2096 5.1945
33170.0000 18.2137 5.1936
33175.0000 18.2137 5.1936
33180.0000 18.2093 5.1951
33185.0000 18.1178 5.1741
33190.0000 18.0263 5.1268
33195.0000 17.9977 5.1308
33200.0000 17.9819 5.1321
33205.0000 17.9916 5.1307
33210.0000 18.0650 5.1900
33215.0000 18.1213 5.1921
33220.0000 18.1367 5.1896
33225.0000 18.1810 5.1984
33230.0000 18.1810 5.1984
33235.0000 18.2475 5.1892
33240.0000 18.2927 5.2023
33245.0000 18.2670 5.2044
33250.0000 18.2450 5.1612
33255.0000 18.2337 5.1633
33260.0000 18.2129 5.1670
33265.0000 18.2083 5.1681
33270.0000 18.2083 5.1681
33275.0000 18.2750 5.2294
33280.0000 18.2750 5.2294
33285.0000 18.2750 5.2294
33290.0000 18.3303 5.2921
33295.0000 18.3303 5.2921
33300.0000 18.3303 5.2921
33305.0000 18.3039 5.2666
33310.0000 18.2988 5.2680
33315.0000 18.2603 5.2127
33320.0000 18.3122 5.2909
33325.0000 18.3224 5.2884
33330.0000 18.3755 5.2810
33335.0000 18.3848 5.2788
33340.0000 18.4379 5.3130
33345.0000 18.4832 5.3543
33350.0000 18.4832 5.3543
33355.0000 18.4925 5.3522
33360.0000 18.5076 5.3492
33365.0000 18.5001 5.3510
33370.0000 18.5001 5.3510
33375.0000 18.4925 5.3520
33380.0000 18.4779 5.3541
33385.0000 18.4778 5.3551
33390.0000 18.4895 5.3531
33395.0000 18.5464 5.3520
33400.0000 18.6005 5.4130
33405.0000 18.6052 5.4121
33410.0000 18.6134 5.4108
33415.0000 18.6241 5.4094
33420.0000 18.6311 5.4087
33425.0000 18.6003 5.4155
33430.0000 18.5719 5.3534
33435.0000 18.6170 5.3504
33440.0000 18.6065 5.3518
33445.0000 18.6143 5.3498
33450.0000 18.6143 5.3498
33455.0000 18.6143 5.3498
33460.0000 18.6205 5.3487
33465.0000 18.6580 5.3505
33470.0000 18.6698 5.3489
33475.0000 18.6754 5.3479
33480.0000 18.6819 5.3467
33485.0000 18.6438 5.3415
33490.0000 18.5749 5.3121
33495.0000 18.5546 5.2883
33500.0000 18.5339 5.2922
33505.0000 18.5248 5.2951
33510.0000 18.5640 5.3228
33515.0000 18.5640 5.3228
33520.0000 18.6149 5.3772
33525.0000 18.6149 5.3772
33530.0000 18.6179 5.3763
33535.0000 18.6179 5.3763
33540.0000 18.6179 5.3763
33545.0000 18.6434 5.4377
33550.0000 18.6114 5.3866
33555.0000 18.6565 5.4292
33560.0000 18.6565 5.4292
33565.0000 18.6521 5.4297
33570.0000 18.6599 5.4283
33575.0000 18.6703 5.4267
33580.0000 18.6853 5.4238
33585.0000 18.7226 5.4729
33590.0000 18.7661 5.5098
33595.0000 18.8230 5.5562
33600.0000 18.8173 5.5572
33605.0000 18.7627 5.5371
33610.0000 18.6460 5.3893
33615.0000 18.6550 5.4147
33620.0000 18.7011 5.4723
33625.0000 18.7519 5.5510
33630.0000 18.8359 5.6413
33635.0000 18.8453 5.6390
33640.0000 18.8561 5.6365
33645.0000 18.8592 5.6355
33650.0000 18.8759 5.6329
33655.0000 18.8809 5.6323
33660.0000 18.8809 5.6323
33665.0000 18.9188 5.6825
33670.0000 18.8408 5.6577
33675.0000 18.7736 5.6130
33680.0000 18.7549 5.6171
33685.0000 18.8013 5.6263
33690.0000 18.8044 5.6256
33695.0000 18.8107 5.6241
33700.0000 18.8244 5.6218
33705.0000 18.8380 5.6202
33710.0000 18.8867 5.6630
33715.0000 18.9915 5.7156
33720.0000 19.0111 5.7508
33725.0000 18.8405 5.6298
33730.0000 18.7742 5.5850
33735.0000 18.7727 5.5845
33740.0000 18.7727 5.5845
33745.0000 18.7770 5.5837
33750.0000 18.7818 5.5824
33755.0000 18.7957 5.5789
33760.0000 18.8346 5.6091
33765.0000 18.8422 5.6071
33770.0000 18.8422 5.6071
33775.0000 18.8422 5.6071
33780.0000 18.8422 5.6071
33785.0000 18.7939 5.6117
33790.0000 18.7684 5.6489
33795.0000 18.7203 5.6062
33800.0000 18.7226 5.6056
33805.0000 18.7325 5.6053
33810.0000 18.7390 5.5768
33815.0000 18.7767 5.6251
33820.0000 18.7896 5.6221
33825.0000 18.7949 5.6235
33830.0000 18.8385 5.6319
33835.0000 18.8385 5.6319
33840.0000 18.8276 5.6358
33845.0000 18.8600 5.6773
33850.0000 18.8527 5.6784
33855.0000 18.8904 5.7302
33860.0000 18.9248 5.7455
33865.0000 18.9216 5.7463
33870.0000 18.9216 5.7463
33875.0000 18.9343 5.7430
33880.0000 18.9829 5.7511
33885.0000 18.9859 5.7504
33890.0000 18.9859 5.7504
33895.0000 18.9896 5.7497
33900.0000 18.9944 5.7488
33905.0000 18.9975 5.7491
33910.0000 18.8578 5.6042
33915.0000 18.8299 5.6089
33920.0000 18.8485 5.6511
33925.0000 18.8452 5.6515
33930.0000 18.8768 5.6902
33935.0000 18.8768 5.6902
33940.0000 18.8878 5.6897
33945.0000 18.8916 5.6891
33950.0000 18.8964 5.6879
33955.0000 18.8964 5.6879
33960.0000 18.8964 5.6879
33965.0000 18.9005 5.6868
33970.0000 18.9147 5.6844
33975.0000 18.8860 5.6492
33980.0000 18.8882 5.6496
33985.0000 18.8955 5.6491
33990.0000 18.9082 5.6476
33995.0000 18.9082 5.6476
34000.0000 18.9147 5.6464
34005.0000 19.0184 5.7915
34010.0000 19.0275 5.8048
34015.0000 19.0773 5.8725
34020.0000 19.1076 5.9048
34025.0000 19.0831 5.9316
34030.0000 19.0751 5.9335
34035.0000 18.9059 5.7490
34040.0000 18.8956 5.7509
34045.0000 18.8962 5.7512
34050.0000 18.9008 5.7501
34055.0000 18.9061 5.7488
34060.0000 18.9120 5.7470
34065.0000 18.9120 5.7470
34070.0000 18.9120 5.7470
34075.0000 18.9120 5.7470
34080.0000 18.9208 5.7449
34085.0000 18.9511 5.7930
34090.0000 18.9163 5.7464
34095.0000 18.9241 5.7460
34100.0000 18.9519 5.7425
34105.0000 18.9320 5.7495
34110.0000 18.9619 5.7638
34115.0000 18.9733 5.7632
34120.0000 18.9733 5.7632
34125.0000 18.9838 5.7612
34130.0000 19.0365 5.7609
34135.0000 19.0411 5.7599
34140.0000 19.0467 5.7584
34145.0000 18.9835 5.7402
34150.0000 18.9925 5.7067
34155.0000 18.9160 5.6484
34160.0000 18.9105 5.6495
34165.0000 18.9040 5.6508
34170.0000 18.9872 5.7104
34175.0000 18.9987 5.7073
34180.0000 18.9987 5.7073
34185.0000 18.9987 5.7073
34190.0000 19.0306 5.7454
34195.0000 19.0413 5.7434
34200.0000 19.0413 5.7434
34205.0000 18.9303 5.7424
34210.0000 18.8856 5.7140
34215.0000 18.8761 5.7151
34220.0000 18.8722 5.7158
34225.0000 18.8722 5.7158
34230.0000 18.8802 5.7143
34235.0000 18.8941 5.7128
34240.0000 18.8987 5.7120
34245.0000 18.9202 5.7097
34250.0000 18.9202 5.7097
34255.0000 18.9499 5.7131
34260.0000 18.9499 5.7131
34265.0000 18.9323 5.7152
34270.0000 18.8861 5.6852
34275.0000 18.8368 5.6292
34280.0000 18.8547 5.6467
34285.0000 18.8490 5.6480
34290.0000 18.8441 5.6492
34295.0000 18.8441 5.6492
34300.0000 18.8441 5.6492
34305.0000 18.8480 5.6485
34310.0000 18.8480 5.6485
34315.0000 18.8553 5.6472
34320.0000 18.8824 5.6738
34325.0000 18.8859 5.6642
34330.0000 18.8141 5.5332
34335.0000 18.7087 5.4215
34340.0000 18.6880 5.4248
34345.0000 18.6880 5.4248
34350.0000 18.6880 5.4248
34355.0000 18.6961 5.4234
34360.0000 18.7054 5.4212
34365.0000 18.7121 5.4202
34370.0000 18.7200 5.4185
34375.0000 18.7246 5.4174
34380.0000 18.7295 5.4162
34385.0000 18.7295 5.4162
34390.0000 18.6172 5.3574
34395.0000 18.5619 5.3203
34400.0000 18.5619 5.3203
34405.0000 18.5673 5.3191
34410.0000 18.5673 5.3191
34415.0000 18.5673 5.3191
34420.0000 18.5715 5.3185
34425.0000 18.5715 5.3185
34430.0000 18.6080 5.3344
34435.0000 18.6501 5.3467
34440.0000 18.6501 5.3467
34445.0000 18.5447 5.3537
34450.0000 18.5115 5.2946
34455.0000 18.5319 5.3481
34460.0000 18.5227 5.3498
34465.0000 18.5323 5.3475
34470.0000 18.5402 5.3459
34475.0000 18.5490 5.3443
34480.0000 18.5595 5.3428
34485.0000 18.5888 5.3557
34490.0000 18.5917 5.3552
34495.0000 18.5690 5.2978
34500.0000 18.5657 5.2989
34505.0000 18.5631 5.3075
34510.0000 18.5108 5.2319
34515.0000 18.4990 5.2331
34520.0000 18.4895 5.2353
34525.0000 18.4973 5.2336
34530.0000 18.4973 5.2336
34535.0000 18.4973 5.2336
34540.0000 18.4973 5.2336
34545.0000 18.4973 5.2336
34550.0000 18.4973 5.2336
34555.0000 18.4973 5.2336
34560.0000 18.5716 5.3124
34565.0000 18.4562 5.2842
34570.0000 18.3351 5.1933
34575.0000 18.2832 5.1547
34580.0000 18.2852 5.1538
34585.0000 18.2852 5.1538
34590.0000 18.2852 5.1538
34595.0000 18.3341 5.2286
34600.0000 18.3341 5.2286
34605.0000 18.3341 5.2286
34610.0000 18.3430 5.2266
34615.0000 18.3430 5.2266
34620.0000 18.3430 5.2266
34625.0000 18.2797 5.1648
34630.0000 18.1968 5.0916
34635.0000 18.1189 4.9990
34640.0000 18.1125 5.0003
34645.0000 18.1125 5.0003
34650.0000 18.1090 5.0011
34655.0000 18.1121 5.0004
34660.0000 18.1659 5.0478
34665.0000 18.1659 5.0478
34670.0000 18.1765 5.0451
34675.0000 18.2084 5.0488
34680.0000 18.2113 5.0399
34685.0000 18.1685 5.0373
34690.0000 18.1721 5.0368
34695.0000 18.1901 5.0899
34700.0000 18.1693 5.0939
34705.0000 18.1738 5.0930
34710.0000 18.2217 5.1321
34715.0000 18.2301 5.1298
34720.0000 18.2046 5.0807
34725.0000 18.2106 5.0790
34730.0000 18.2234 5.0771
34735.0000 18.2267 5.0765
34740.0000 18.2316 5.0757
34745.0000 18.1765 5.0671
34750.0000 18.0369 4.9771
34755.0000 18.0021 4.9392
34760.0000 17.9766 4.9440
34765.0000 18.0473 5.0592
34770.0000 18.0454 5.0597
34775.0000 18.0965 5.0773
34780.0000 18.1046 5.0750
34785.0000 18.1096 5.0743
34790.0000 18.1199 5.0733
34795.0000 18.1560 5.1050
34800.0000 18.1606 5.1039
34805.0000 18.1679 5.1023
34810.0000 18.1216 5.0510
34815.0000 18.1127 5.0525
34820.0000 18.1251 5.0506
34825.0000 18.1299 5.0496
34830.0000 18.1345 5.0487
34835.0000 18.1485 5.0479
34840.0000 18.1485 5.0479
34845.0000 18.1485 5.0479
34850.0000 18.1979 5.1018
34855.0000 18.2382 5.1502
34860.0000 18.2319 5.1525
34865.0000 18.1725 5.1707
34870.0000 18.0890 5.1348
34875.0000 17.9954 5.0417
34880.0000 17.9814 5.0443
34885.0000 17.9815 5.0454
34890.0000 17.9815 5.0454
34895.0000 18.0318 5.0488
34900.0000 18.0398 5.0470
34905.0000 18.0784 5.0872
34910.0000 18.0866 5.0863
34915.0000 18.0912 5.0851
34920.0000 18.1277 5.1415
34925.0000 18.1042 5.1473
34930.0000 18.0239 5.0709
34935.0000 18.0542 5.1153
34940.0000 18.0430 5.1176
34945.0000 18.0790 5.1599
34950.0000 18.0850 5.1583
34955.0000 18.0397 5.0887
34960.0000 18.0774 5.1243
34965.0000 18.0831 5.1234
34970.0000 18.1071 5.1186
34975.0000 18.1321 5.1129
34980.0000 18.1908 5.1170
34985.0000 18.1011 5.1151
34990.0000 18.0043 5.0904
34995.0000 18.0082 5.0894
35000.0000 18.0081 5.0918
35005.0000 18.0021 5.0929
35010.0000 18.0021 5.0929
35015.0000 18.0066 5.0921
35020.0000 18.0164 5.0903
35025.0000 18.0164 5.0903
35030.0000 18.0209 5.0892
35035.0000 18.0568 5.1440
35040.0000 18.0897 5.1851
35045.0000 18.0946 5.1840
35050.0000 18.0447 5.1731
35055.0000 17.8742 5.0618
35060.0000 17.8742 5.0618
35065.0000 17.9164 5.0731
35070.0000 17.9277 5.0703
35075.0000 17.9334 5.0685
35080.0000 17.9663 5.0840
35085.0000 17.9663 5.0840
35090.0000 17.9663 5.0840
35095.0000 17.9727 5.0820
35100.0000 17.9792 5.0801
35105.0000 17.9443 5.0711
35110.0000 17.9893 5.0817
35115.0000 17.9660 5.0771
35120.0000 17.9722 5.0757
35125.0000 17.9722 5.0757
35130.0000 17.9763 5.0749
35135.0000 17.9863 5.0731
35140.0000 18.0079 5.0701
35145.0000 18.0151 5.0688
35150.0000 18.0151 5.0688
35155.0000 18.0942 5.1318
35160.0000 18.0942 5.1318
35165.0000 18.0109 5.0679
35170.0000 17.8567 4.9899
35175.0000 17.8119 4.9457
35180.0000 17.7934 4.9490
35185.0000 17.7900 4.9548
35190.0000 17.7900 4.9548
35195.0000 17.8243 4.9538
35200.0000 17.8285 4.9531
35205.0000 17.8285 4.9531
35210.0000 17.8671 5.0118
35215.0000 17.8671 5.0118
35220.0000 17.8726 5.0109
35225.0000 17.8535 5.0114
35230.0000 17.8498 5.0124
35235.0000 17.8498 5.0124
35240.0000 17.8428 5.0136
35245.0000 17.8520 5.0117
35250.0000 17.9003 5.0257
35255.0000 17.9548 5.0735
35260.0000 17.9678 5.0707
35265.0000 17.9678 5.0707
35270.0000 18.0051 5.0930
35275.0000 18.0320 5.0883
35280.0000 18.0851 5.1148
35285.0000 17.9591 5.1116
35290.0000 17.8881 4.9951
35295.0000 17.8510 4.9574
35300.0000 17.8682 4.9990
35305.0000 17.8713 4.9984
35310.0000 17.8713 4.9984
35315.0000 17.8713 4.9984
35320.0000 17.8770 4.9973
35325.0000 17.9099 5.0474
35330.0000 17.9099 5.0474
35335.0000 17.9151 5.0468
35340.0000 17.9202 5.0464
35345.0000 17.9913 5.0736
35350.0000 17.9855 5.0747
35355.0000 17.9240 5.0324
35360.0000 17.9150 5.0339
35365.0000 17.9360 5.0369
35370.0000 17.9360 5.0369
35375.0000 17.9360 5.0369
35380.0000 17.9402 5.0363
35385.0000 17.9492 5.0351
35390.0000 17.9526 5.0347
35395.0000 18.0035 5.0459
35400.0000 18.0133 5.0501
35405.0000 18.0482 5.0948
35410.0000 17.9920 5.0538
35415.0000 17.8829 4.9761
35420.0000 17.8878 4.9760
35425.0000 17.8878 4.9760
35430.0000 17.8827 4.9768
35435.0000 17.8934 4.9754
35440.0000 17.8934 4.9754
35445.0000 17.8934 4.9754
35450.0000 17.9000 4.9749
35455.0000 17.9000 4.9749
35460.0000 17.9433 5.0385
35465.0000 17.9639 5.0494
35470.0000 17.9105 5.0274
35475.0000 17.9105 5.0274
35480.0000 17.9040 5.0289
35485.0000 17.9357 5.0391
35490.0000 17.9321 5.0400
35495.0000 17.9439 5.0390
35500.0000 17.9889 5.0602
35505.0000 18.0304 5.0604
35510.0000 18.0403 5.0583
35515.0000 18.0503 5.0564
35520.0000 18.0600 5.0542
35525.0000 18.0314 5.0501
35530.0000 17.9328 4.9128
35535.0000 17.9083 4.9169
35540.0000 17.9083 4.9169
35545.0000 17.9083 4.9169
35550.0000 17.9604 4.9195
35555.0000 17.9604 4.9195
35560.0000 17.9604 4.9195
35565.0000 17.9667 4.9185
35570.0000 18.0084 4.9164
35575.0000 18.0390 4.9332
35580.0000 18.0434 4.9323
35585.0000 18.0220 4.9354
35590.0000 17.9333 4.8987
35595.0000 17.7813 4.7935
35600.0000 17.8136 4.7956
35605.0000 17.7985 4.7981
35610.0000 17.8046 4.7971
35615.0000 17.8097 4.7970
35620.0000 17.8097 4.7970
35625.0000 17.8171 4.7952
35630.0000 17.8604 4.7981
35635.0000 17.9079 4.8547
35640.0000 17.9405 4.8550
35645.0000 17.9405 4.8550
35650.0000 17.8470 4.8573
35655.0000 17.7062 4.7438
35660.0000 17.7062 4.7438
35665.0000 17.7457 4.7533
35670.0000 17.8056 4.8019
35675.0000 17.8438 4.8068
35680.0000 17.8483 4.8062
35685.0000 17.8608 4.8044
35690.0000 17.8640 4.8037
35695.0000 17.9105 4.8155
35700.0000 17.9144 4.8142
35705.0000 17.9054 4.8343
35710.0000 17.7937 4.7994
35715.0000 17.7470 4.7398
35720.0000 17.7470 4.7398
35725.0000 17.7537 4.7397
35730.0000 17.7628 4.7387
35735.0000 17.7667 4.7373
35740.0000 17.7720 4.7355
35745.0000 17.8011 4.7394
35750.0000 17.8011 4.7394
35755.0000 17.8011 4.7394
35760.0000 17.8074 4.7395
35765.0000 17.8515 4.7869
35770.0000 17.7078 4.7840
35775.0000 17.7287 4.7928
35780.0000 17.7533 4.8126
35785.0000 17.7486 4.8139
35790.0000 17.7439 4.8147
35795.0000 17.7439 4.8147
35800.0000 17.7498 4.8133
35805.0000 17.7781 4.8372
35810.0000 17.7932 4.8354
35815.0000 17.8295 4.8525
35820.0000 17.8569 4.8672
35825.0000 17.8371 4.8717
35830.0000 17.7707 4.8425
35835.0000 17.7356 4.8267
35840.0000 17.7356 4.8267
35845.0000 17.7843 4.8491
35850.0000 17.7843 4.8491
35855.0000 17.7843 4.8491
35860.0000 17.8029 4.8686
35865.0000 17.7915 4.8509
35870.0000 17.8304 4.8686
35875.0000 17.8304 4.8686
35880.0000 17.8344 4.8672
35885.0000 17.7492 4.8464
35890.0000 17.7062 4.7969
35895.0000 17.7254 4.8014
35900.0000 17.7124 4.8038
35905.0000 17.7078 4.8046
35910.0000 17.7113 4.8039
35915.0000 17.7904 4.8521
35920.0000 17.8449 4.8687
35925.0000 17.8512 4.8671
35930.0000 17.8557 4.8660
35935.0000 17.8625 4.8645
35940.0000 17.8642 4.8648
35945.0000 17.8642 4.8648
35950.0000 17.8239 4.8559
35955.0000 17.7705 4.8267
35960.0000 17.7558 4.8294
35965.0000 17.7763 4.8608
35970.0000 17.7833 4.8610
35975.0000 17.8140 4.8794
35980.0000 17.8140 4.8794
35985.0000 17.8140 4.8794
35990.0000 17.8188 4.8789
35995.0000 17.8252 4.8784
36000.0000 17.8385 4.8764
36005.0000 17.8141 4.8811
36010.0000 17.8431 4.9182
36015.0000 17.6660 4.7897
36020.0000 17.6795 4.7622
36025.0000 17.6911 4.7600
36030.0000 17.7086 4.7556
36035.0000 17.7086 4.7556
36040.0000 17.7176 4.7539
36045.0000 17.7850 4.7820
36050.0000 17.7896 4.7814
36055.0000 17.8504 4.8185
36060.0000 17.8504 4.8185
36065.0000 17.8504 4.8185
36070.0000 17.8110 4.7994
36075.0000 17.7722 4.7754
36080.0000 17.7693 4.7758
36085.0000 17.7924 4.7944
36090.0000 17.8313 4.8188
36095.0000 17.8371 4.8180
36100.0000 17.8487 4.8164
36105.0000 17.8884 4.8437
36110.0000 17.9386 4.8446
36115.0000 17.9441 4.8436
36120.0000 17.9520 4.8428
36125.0000 17.9466 4.8433
36130.0000 17.9021 4.7770
36135.0000 17.7934 4.7240
36140.0000 17.7795 4.7268
36145.0000 17.7837 4.7252
36150.0000 17.7864 4.7244
36155.0000 17.7864 4.7244
36160.0000 17.8566 4.7815
36165.0000 17.8566 4.7815
36170.0000 17.8566 4.7815
36175.0000 17.8607 4.7801
36180.0000 17.8607 4.7801
36185.0000 17.8649 4.7800
36190.0000 17.7619 4.7477
36195.0000 17.7197 4.7273
36200.0000 17.7152 4.7284
36205.0000 17.7206 4.7274
36210.0000 17.7286 4.7256
36215.0000 17.7334 4.7242
36220.0000 17.7334 4.7242
36225.0000 17.7334 4.7242
36230.0000 17.7334 4.7242
36235.0000 17.7371 4.7235
36240.0000 17.7371 4.7235
36245.0000 17.7199 4.7269
36250.0000 17.6362 4.6909
36255.0000 17.6292 4.6924
36260.0000 17.6636 4.7447
36265.0000 17.7518 4.7685
36270.0000 17.7518 4.7685
36275.0000 17.8360 4.7807
36280.0000 17.8750 4.7845
36285.0000 17.8813 4.7843
36290.0000 17.8850 4.7836
36295.0000 17.8850 4.7836
36300.0000 17.8905 4.7840
36305.0000 17.8781 4.7888
36310.0000 17.7791 4.7755
36315.0000 17.6072 4.6565
36320.0000 17.6110 4.6558
36325.0000 17.6048 4.6560
36330.0000 17.6076 4.6555
36335.0000 17.6127 4.6540
36340.0000 17.6507 4.6989
36345.0000 17.6545 4.6978
36350.0000 17.6545 4.6978
36355.0000 17.6545 4.6978
36360.0000 17.6545 4.6978
36365.0000 17.6103 4.6957
36370.0000 17.5642 4.6386
36375.0000 17.5091 4.6103
36380.0000 17.4949 4.6133
36385.0000 17.5342 4.6388
36390.0000 17.5381 4.6391
36395.0000 17.5804 4.6554
36400.0000 17.5848 4.6550
36405.0000 17.5848 4.6550
36410.0000 17.5848 4.6550
36415.0000 17.5848 4.6550
36420.0000 17.6042 4.6551
36425.0000 17.5803 4.6544
36430.0000 17.4812 4.6076
36435.0000 17.4438 4.5936
36440.0000 17.4384 4.5946
36445.0000 17.4413 4.5939
36450.0000 17.4408 4.5937
36455.0000 17.4461 4.5924
36460.0000 17.4461 4.5924
36465.0000 17.4461 4.5924
36470.0000 17.4461 4.5924
36475.0000 17.4843 4.6116
36480.0000 17.4843 4.6116
36485.0000 17.4796 4.6120
36490.0000 17.4575 4.6013
36495.0000 17.4592 4.5618
36500.0000 17.4894 4.5867
36505.0000 17.5186 4.6120
36510.0000 17.5148 4.6130
36515.0000 17.5148 4.6130
36520.0000 17.5148 4.6130
36525.0000 17.5204 4.6129
36530.0000 17.5204 4.6129
36535.0000 17.5535 4.6140
36540.0000 17.5580 4.6130
36545.0000 17.5592 4.6135
36550.0000 17.5646 4.6121
36555.0000 17.4918 4.5828
36560.0000 17.5184 4.6414
36565.0000 17.5420 4.6550
36570.0000 17.5769 4.6996
36575.0000 17.5811 4.6988
36580.0000 17.5868 4.6977
36585.0000 17.5868 4.6977
36590.0000 17.5934 4.6959
36595.0000 17.6416 4.7166
36600.0000 17.6495 4.7145
36605.0000 17.6427 4.7155
36610.0000 17.5710 4.6785
36615.0000 17.5374 4.6965
36620.0000 17.5387 4.6965
36625.0000 17.5559 4.6933
36630.0000 17.5689 4.6921
36635.0000 17.5689 4.6921
36640.0000 17.5737 4.6913
36645.0000 17.6048 4.6992
36650.0000 17.6094 4.6987
36655.0000 17.6187 4.6973
36660.0000 17.6381 4.6940
36665.0000 17.6520 4.6932
36670.0000 17.7212 4.6746
36675.0000 17.6166 4.6376
36680.0000 17.6002 4.6409
36685.0000 17.5879 4.6426
36690.0000 17.5767 4.6448
36695.0000 17.5815 4.6443
36700.0000 17.6166 4.6601
36705.0000 17.6199 4.6595
36710.0000 17.6295 4.6578
36715.0000 17.7399 4.6493
36720.0000 17.7717 4.6453
36725.0000 17.7988 4.6664
36730.0000 17.8001 4.6673
36735.0000 17.7108 4.6067
36740.0000 17.7182 4.6061
36745.0000 17.7512 4.6511
36750.0000 17.7512 4.6511
36755.0000 17.7544 4.6506
36760.0000 17.7604 4.6492
36765.0000 17.7678 4.6479
36770.0000 17.7678 4.6479
36775.0000 17.7678 4.6479
36780.0000 17.7678 4.6479
36785.0000 17.7161 4.6552
36790.0000 17.6138 4.5826
36795.0000 17.4776 4.4244
36800.0000 17.4577 4.4283
36805.0000 17.4463 4.4295
36810.0000 17.4424 4.4307
36815.0000 17.4424 4.4307
36820.0000 17.4424 4.4307
36825.0000 17.4742 4.4463
36830.0000 17.4839 4.4457
36835.0000 17.4871 4.4450
36840.0000 17.5252 4.4663
36845.0000 17.5345 4.4655
36850.0000 17.5419 4.4639
36855.0000 17.5201 4.4661
36860.0000 17.5201 4.4661
36865.0000 17.5156 4.4659
36870.0000 17.5332 4.4631
36875.0000 17.5370 4.4625
36880.0000 17.5832 4.4779
36885.0000 17.5892 4.4762
36890.0000 17.5946 4.4747
36895.0000 17.6542 4.4973
36900.0000 17.6688 4.4951
36905.0000 17.6570 4.4979
36910.0000 17.4473 4.3930
36915.0000 17.4252 4.3954
36920.0000 17.4219 4.3963
36925.0000 17.4289 4.3947
36930.0000 17.4674 4.4072
36935.0000 17.4674 4.4072
36940.0000 17.4674 4.4072
36945.0000 17.4971 4.4509
36950.0000 17.5305 4.4668
36955.0000 17.6139 4.5122
36960.0000 17.6194 4.5122
36965.0000 17.6300 4.5118
36970.0000 17.6128 4.4719
36975.0000 17.5507 4.4201
36980.0000 17.5372 4.4222
36985.0000 17.5383 4.4214
36990.0000 17.5382 4.4214
36995.0000 17.5382 4.4214
37000.0000 17.5434 4.4209
37005.0000 17.5434 4.4209
37010.0000 17.5689 4.4506
37015.0000 17.5689 4.4506
37020.0000 17.5689 4.4506
37025.0000 17.5557 4.4525
37030.0000 17.4530 4.3834
37035.0000 17.3802 4.3048
37040.0000 17.4318 4.3760
37045.0000 17.4611 4.3951
37050.0000 17.4601 4.3959
37055.0000 17.5408 4.4493
37060.0000 17.5927 4.5082
37065.0000 17.6394 4.5651
37070.0000 17.6477 4.5637
37075.0000 17.6477 4.5637
37080.0000 17.6620 4.5598
37085.0000 17.6625 4.5594
37090.0000 17.4961 4.4605
37095.0000 17.3987 4.4028
37100.0000 17.3939 4.4039
37105.0000 17.4334 4.4301
37110.0000 17.4424 4.4283
37115.0000 17.4500 4.4266
37120.0000 17.4795 4.4637
37125.0000 17.5163 4.4622
37130.0000 17.5677 4.4775
37135.0000 17.5865 4.4744
37140.0000 17.6179 4.4711
37145.0000 17.6190 4.4722
37150.0000 17.5034 4.3856
37155.0000 17.5336 4.4059
37160.0000 17.5195 4.4084
37165.0000 17.5195 4.4084
37170.0000 17.5540 4.4403
37175.0000 17.6115 4.4681
37180.0000 17.6584 4.4951
37185.0000 17.7255 4.5392
37190.0000 17.7255 4.5392
37195.0000 17.7358 4.5376
37200.0000 17.7511 4.5365
37205.0000 17.7403 4.5398
37210.0000 17.6278 4.4294
37215.0000 17.5831 4.4365
37220.0000 17.6021 4.4540
37225.0000 17.6072 4.4524
37230.0000 17.6106 4.4515
37235.0000 17.6341 4.4486
37240.0000 17.6398 4.4471
37245.0000 17.6398 4.4471
37250.0000 17.7019 4.4755
37255.0000 17.7019 4.4755
37260.0000 17.7434 4.5025
37265.0000 17.7429 4.5027
37270.0000 17.6147 4.4257
37275.0000 17.5279 4.3284
37280.0000 17.5368 4.3265
37285.0000 17.5330 4.3269
37290.0000 17.5371 4.3269
37295.0000 17.5419 4.3258
37300.0000 17.5463 4.3249
37305.0000 17.5733 4.3255
37310.0000 17.6279 4.3635
37315.0000 17.6351 4.3622
37320.0000 17.6351 4.3622
37325.0000 17.5445 4.3219
37330.0000 17.5341 4.2991
37335.0000 17.5272 4.3009
37340.0000 17.5189 4.3019
37345.0000 17.5150 4.3029
37350.0000 17.5569 4.3053
37355.0000 17.5569 4.3053
37360.0000 17.5863 4.3487
37365.0000 17.6199 4.3837
37370.0000 17.6199 4.3837
37375.0000 17.6270 4.3829
37380.0000 17.6330 4.3817
37385.0000 17.6234 4.3843
37390.0000 17.5298 4.3732
37395.0000 17.4645 4.3406
37400.0000 17.4563 4.3421
37405.0000 17.4503 4.3435
37410.0000 17.4503 4.3435
37415.0000 17.4794 4.3415
37420.0000 17.5213 4.3475
37425.0000 17.5213 4.3475
37430.0000 17.5902 4.4072
37435.0000 17.5968 4.4075
37440.0000 17.5976 4.4080
37445.0000 17.6816 4.5001
37450.0000 17.6176 4.4292
37455.0000 17.6033 4.4055
37460.0000 17.6105 4.4033
37465.0000 17.6284 4.3993
37470.0000 17.7108 4.5039
37475.0000 17.7246 4.5014
37480.0000 17.7370 4.5000
37485.0000 17.7452 4.4991
37490.0000 17.7491 4.4987
37495.0000 17.7607 4.4962
37500.0000 17.7641 4.4953
37505.0000 17.7585 4.4961
37510.0000 17.6585 4.4285
37515.0000 17.6326 4.4080
37520.0000 17.6183 4.4101
37525.0000 17.6261 4.4088
37530.0000 17.6232 4.4096
37535.0000 17.6328 4.4078
37540.0000 17.6366 4.4071
37545.0000 17.6746 4.4107
37550.0000 17.7129 4.4579
37555.0000 17.7129 4.4579
37560.0000 17.7256 4.4587
37565.0000 17.7236 4.4611
37570.0000 17.6890 4.3912
37575.0000 17.6319 4.3589
37580.0000 17.6950 4.3953
37585.0000 17.7366 4.4020
37590.0000 17.7366 4.4020
37595.0000 17.7366 4.4020
37600.0000 17.7449 4.3994
37605.0000 17.7586 4.3966
37610.0000 17.7723 4.3939
37615.0000 17.8059 4.4290
37620.0000 17.8395 4.4663
37625.0000 17.8428 4.4656
37630.0000 17.6787 4.3396
37635.0000 17.6213 4.3187
37640.0000 17.6213 4.3187
37645.0000 17.6213 4.3187
37650.0000 17.6178 4.3193
37655.0000 17.6706 4.3305
37660.0000 17.7146 4.3672
37665.0000 17.7146 4.3672
37670.0000 17.7146 4.3672
37675.0000 17.7643 4.3774
37680.0000 17.7643 4.3774
37685.0000 17.8069 4.3671
37690.0000 17.8069 4.3671
37695.0000 17.8487 4.3970
37700.0000 17.8783 4.4288
37705.0000 17.9646 4.4542
37710.0000 17.9777 4.4510
37715.0000 17.9814 4.4507
37720.0000 17.9910 4.4475
37725.0000 18.0394 4.4827
37730.0000 18.1633 4.5384
37735.0000 18.1691 4.5368
37740.0000 18.1749 4.5361
37745.0000 18.1860 4.5850
37750.0000 18.0970 4.5590
37755.0000 17.9309 4.4402
37760.0000 17.9309 4.4402
37765.0000 17.9309 4.4402
37770.0000 17.9404 4.4393
37775.0000 17.9404 4.4393
37780.0000 17.9404 4.4393
37785.0000 17.9985 4.4776
37790.0000 18.0042 4.4776
37795.0000 18.0183 4.4752
37800.0000 18.0227 4.4745
37805.0000 18.0142 4.4769
37810.0000 17.8006 4.3456
37815.0000 17.7870 4.3258
37820.0000 17.7829 4.3267
37825.0000 17.7895 4.3253
37830.0000 17.7948 4.3242
37835.0000 17.8047 4.3215
37840.0000 17.8184 4.3182
37845.0000 17.8184 4.3182
37850.0000 17.8543 4.3470
37855.0000 17.8643 4.3454
37860.0000 17.8676 4.3450
37865.0000 17.8601 4.3464
37870.0000 17.8977 4.3531
37875.0000 17.8445 4.3194
37880.0000 17.8498 4.3211
37885.0000 17.8579 4.3197
37890.0000 17.8956 4.3327
37895.0000 17.8956 4.3327
37900.0000 17.9004 4.3320
37905.0000 17.9004 4.3320
37910.0000 17.9046 4.3313
37915.0000 17.9309 4.3690
37920.0000 17.9353 4.3681
37925.0000 17.8959 4.3578
37930.0000 17.7875 4.3094
37935.0000 17.7129 4.2700
37940.0000 17.7324 4.2660
37945.0000 17.7664 4.2635
37950.0000 17.7615 4.2642
37955.0000 17.8488 4.2969
37960.0000 17.8488 4.2969
37965.0000 17.8627 4.2964
37970.0000 17.9129 4.3482
37975.0000 17.9172 4.3479
37980.0000 17.9967 4.4703
37985.0000 17.9967 4.4703
37990.0000 17.8988 4.3961
37995.0000 17.8648 4.3649
38000.0000 17.8657 4.3644
38005.0000 17.8980 4.3780
38010.0000 17.9090 4.3750
38015.0000 17.9194 4.3723
38020.0000 17.9251 4.3709
38025.0000 17.9295 4.3703
38030.0000 17.9586 4.4024
38035.0000 17.9713 4.4012
38040.0000 17.9756 4.4003
38045.0000 17.9280 4.3898
38050.0000 17.8931 4.3538
38055.0000 17.7693 4.2702
38060.0000 17.7558 4.2731
38065.0000 17.7558 4.2731
38070.0000 17.7953 4.2882
38075.0000 17.8007 4.2869
38080.0000 17.8046 4.2860
38085.0000 17.8046 4.2860
38090.0000 17.8702 4.3263
38095.0000 17.8782 4.3255
38100.0000 17.8870 4.3235
38105.0000 17.8898 4.3232
38110.0000 17.8172 4.2984
38115.0000 17.8266 4.2653
38120.0000 17.8266 4.2653
38125.0000 17.8798 4.3160
38130.0000 17.8821 4.3148
38135.0000 17.8919 4.3131
38140.0000 17.8993 4.3111
38145.0000 17.8993 4.3111
38150.0000 17.9037 4.3105
38155.0000 17.9037 4.3105
38160.0000 17.9037 4.3105
38165.0000 17.8819 4.3158
38170.0000 17.8271 4.2683
38175.0000 17.7002 4.1273
38180.0000 17.6899 4.1300
38185.0000 17.6890 4.1303
38190.0000 17.6890 4.1303
38195.0000 17.6890 4.1303
38200.0000 17.7311 4.1782
38205.0000 17.7942 4.2655
38210.0000 17.8040 4.2659
38215.0000 17.8484 4.2852
38220.0000 17.9279 4.3416
38225.0000 18.0502 4.4587
38230.0000 17.9589 4.4238
38235.0000 17.9375 4.4267
38240.0000 17.9408 4.4256
38245.0000 17.9699 4.4588
38250.0000 17.9799 4.4569
38255.0000 17.9843 4.4565
38260.0000 17.9843 4.4565
38265.0000 17.9843 4.4565
38270.0000 17.9967 4.4556
38275.0000 17.9967 4.4556
38280.0000 18.0029 4.4550
38285.0000 17.9996 4.4558
38290.0000 17.9878 4.4560
38295.0000 17.9016 4.4105
38300.0000 17.8881 4.4131
38305.0000 17.8916 4.4129
38310.0000 17.8916 4.4129
38315.0000 17.8961 4.4121
38320.0000 17.9020 4.4106
38325.0000 17.9020 4.4106
38330.0000 17.9538 4.4302
38335.0000 17.9600 4.4298
38340.0000 17.9635 4.4293
38345.0000 17.9603 4.4297
38350.0000 17.8426 4.3775
38355.0000 17.7902 4.3692
38360.0000 17.8063 4.3680
38365.0000 17.8336 4.3890
38370.0000 17.8297 4.3895
38375.0000 17.8346 4.3884
38380.0000 17.8346 4.3884
38385.0000 17.8719 4.4167
38390.0000 17.8719 4.4167
38395.0000 17.8719 4.4167
38400.0000 17.8798 4.4152
38405.0000 17.8760 4.4169
38410.0000 17.9500 4.4959
38415.0000 17.9583 4.5246
38420.0000 17.9586 4.5250
38425.0000 17.9761 4.5293
38430.0000 17.9814 4.5297
38435.0000 17.9970 4.5283
38440.0000 17.9970 4.5283
38445.0000 18.0439 4.5549
38450.0000 18.0484 4.5543
38455.0000 18.0484 4.5543
38460.0000 18.0773 4.5886
38465.0000 18.1244 4.6160
38470.0000 18.1136 4.6150
38475.0000 17.9177 4.4256
38480.0000 17.9056 4.4284
38485.0000 17.9091 4.4276
38490.0000 17.9319 4.4507
38495.0000 17.9319 4.4507
38500.0000 17.9319 4.4507
38505.0000 17.9319 4.4507
38510.0000 17.9395 4.4484
38515.0000 17.9509 4.4473
38520.0000 17.9606 4.4448
38525.0000 17.9352 4.4273
38530.0000 17.8515 4.3686
38535.0000 17.7804 4.2975
38540.0000 17.7765 4.2993
38545.0000 17.7750 4.3003
38550.0000 17.7750 4.3003
38555.0000 17.7750 4.3003
38560.0000 17.7750 4.3003
38565.0000 17.8259 4.3414
38570.0000 17.8259 4.3414
38575.0000 17.8259 4.3414
38580.0000 17.8198 4.3430
38585.0000 17.8522 4.3809
38590.0000 17.7296 4.3381
38595.0000 17.7157 4.3408
38600.0000 17.7105 4.3421
38605.0000 17.7105 4.3421
38610.0000 17.7105 4.3421
38615.0000 17.7105 4.3421
38620.0000 17.7105 4.3421
38625.0000 17.7463 4.3690
38630.0000 17.7580 4.3677
38635.0000 17.7614 4.3670
38640.0000 17.7648 4.3669
38645.0000 17.7612 4.3679
38650.0000 17.6562 4.3464
38655.0000 17.5607 4.2580
38660.0000 17.5467 4.2607
38665.0000 17.5467 4.2607
38670.0000 17.5408 4.2616
38675.0000 17.5459 4.2603
38680.0000 17.5843 4.2920
38685.0000 17.6381 4.3453
38690.0000 17.6866 4.3641
38695.0000 17.6916 4.3630
38700.0000 17.6916 4.3630
38705.0000 17.6881 4.3656
38710.0000 17.6039 4.3506
38715.0000 17.5792 4.3549
38720.0000 17.5792 4.3549
38725.0000 17.5734 4.3561
38730.0000 17.5734 4.3561
38735.0000 17.5811 4.3555
38740.0000 17.5854 4.3546
38745.0000 17.5972 4.3521
38750.0000 17.6339 4.3513
38755.0000 17.6339 4.3513
38760.0000 17.6339 4.3513
38765.0000 17.5438 4.2779
38770.0000 17.4644 4.2590
38775.0000 17.3708 4.1864
38780.0000 17.3682 4.1886
38785.0000 17.4174 4.2463
38790.0000 17.4070 4.2480
38795.0000 17.4124 4.2472
38800.0000 17.4124 4.2472
38805.0000 17.4522 4.2803
38810.0000 17.4522 4.2803
38815.0000 17.4522 4.2803
38820.0000 17.4954 4.3197
38825.0000 17.4603 4.3091
38830.0000 17.4097 4.2928
38835.0000 17.3992 4.2951
38840.0000 17.4413 4.2951
38845.0000 17.4454 4.2950
38850.0000 17.4508 4.2950
38855.0000 17.4559 4.2937
38860.0000 17.4614 4.2923
38865.0000 17.4665 4.2921
38870.0000 17.4702 4.2914
38875.0000 17.4702 4.2914
38880.0000 17.4702 4.2914
38885.0000 17.4082 4.2734
38890.0000 17.2471 4.2547
38895.0000 17.2172 4.2608
38900.0000 17.2038 4.2637
38905.0000 17.1979 4.2635
38910.0000 17.1979 4.2635
38915.0000 17.1979 4.2635
38920.0000 17.1979 4.2635
38925.0000 17.2027 4.2629
38930.0000 17.2027 4.2629
38935.0000 17.2027 4.2629
38940.0000 17.2027 4.2629
38945.0000 17.2043 4.2626
38950.0000 17.1823 4.2638
38955.0000 17.1540 4.2329
38960.0000 17.1446 4.2346
38965.0000 17.1831 4.2654
38970.0000 17.1891 4.2653
38975.0000 17.1891 4.2653
38980.0000 17.1891 4.2653
38985.0000 17.1891 4.2653
38990.0000 17.1891 4.2653
38995.0000 17.1891 4.2653
39000.0000 17.1891 4.2653
39005.0000 17.1056 4.2246
39010.0000 16.9911 4.1533
39015.0000 16.9270 4.1253
39020.0000 16.9219 4.1267
39025.0000 16.9183 4.1277
39030.0000 16.9544 4.1606
39035.0000 16.9586 4.1595
39040.0000 16.9624 4.1587
39045.0000 16.9677 4.1579
39050.0000 16.9677 4.1579
39055.0000 16.9677 4.1579
39060.0000 17.0147 4.1527
39065.0000 16.9933 4.1314
39070.0000 16.9810 4.1323
39075.0000 16.7323 3.8937
39080.0000 16.7214 3.8957
39085.0000 16.7194 3.8959
39090.0000 16.7527 3.9364
39095.0000 16.7527 3.9364
39100.0000 16.7564 3.9355
39105.0000 16.8041 3.9481
39110.0000 16.8095 3.9470
39115.0000 16.8210 3.9448
39120.0000 16.8158 3.9461
39125.0000 16.8586 3.9866
39130.0000 16.8253 3.9476
39135.0000 16.7875 3.9385
39140.0000 16.7824 3.9400
39145.0000 16.8324 3.9870
39150.0000 16.8513 3.9855
39155.0000 16.8582 3.9847
39160.0000 16.8661 3.9829
39165.0000 16.8764 3.9812
39170.0000 16.8812 3.9800
39175.0000 16.8812 3.9800
39180.0000 16.9135 3.9785
39185.0000 16.9078 3.9799
39190.0000 16.7971 3.9280
39195.0000 16.7323 3.8598
39200.0000 16.7055 3.8647
39205.0000 16.7403 3.8757
39210.0000 16.7860 3.8879
39215.0000 16.7860 3.8879
39220.0000 16.7896 3.8872
39225.0000 16.7939 3.8859
39230.0000 16.8396 3.9291
39235.0000 16.8441 3.9279
39240.0000 16.8492 3.9265
39245.0000 16.8931 3.9674
39250.0000 16.8913 3.9667
39255.0000 16.8908 3.9977
39260.0000 16.9172 4.0105
39265.0000 16.9172 4.0105
39270.0000 16.9492 4.0084
39275.0000 16.9641 4.0075
39280.0000 16.9715 4.0062
39285.0000 16.9715 4.0062
39290.0000 16.9715 4.0062
39295.0000 16.9754 4.0056
39300.0000 16.9853 4.0041
39305.0000 16.8595 3.9638
39310.0000 16.8591 3.9640
39315.0000 16.7674 3.8656
39320.0000 16.8049 3.8872
39325.0000 16.8504 3.9524
39330.0000 16.8347 3.9550
39335.0000 16.8743 3.9595
39340.0000 16.9065 4.0071
39345.0000 16.9065 4.0071
39350.0000 16.9462 4.0071
39355.0000 16.9462 4.0071
39360.0000 16.9462 4.0071
39365.0000 16.9462 4.0071
39370.0000 16.8891 3.9913
39375.0000 16.8405 3.9385
39380.0000 16.8821 3.9440
39385.0000 16.8745 3.9454
39390.0000 16.9144 3.9588
39395.0000 16.9144 3.9588
39400.0000 16.9144 3.9588
39405.0000 16.9570 3.9921
39410.0000 16.9623 3.9911
39415.0000 16.9623 3.9911
39420.0000 16.9556 3.9929
39425.0000 16.9549 3.9939
39430.0000 16.9173 3.9630
39435.0000 16.8923 3.9742
39440.0000 16.8849 3.9757
39445.0000 16.9127 4.0083
39450.0000 16.9165 4.0079
39455.0000 16.9165 4.0079
39460.0000 16.9225 4.0068
39465.0000 16.9304 4.0056
39470.0000 16.9304 4.0056
39475.0000 16.9660 4.0314
39480.0000 17.0373 4.0315
39485.0000 17.0401 4.0325
39490.0000 17.0192 4.0283
39495.0000 16.9117 3.9460
39500.0000 16.8991 3.9483
39505.0000 16.8915 3.9497
39510.0000 16.9003 3.9502
39515.0000 16.9495 3.9531
39520.0000 16.9999 3.9583
39525.0000 17.0276 3.9690
39530.0000 17.0661 3.9693
39535.0000 17.0661 3.9693
39540.0000 17.0661 3.9693
39545.0000 17.0362 3.9640
39550.0000 17.0258 3.9658
39555.0000 16.9429 3.8975
39560.0000 16.9419 3.8974
39565.0000 16.9811 3.9268
39570.0000 16.9853 3.9260
39575.0000 16.9943 3.9235
39580.0000 16.9997 3.9220
39585.0000 17.0423 3.9531
39590.0000 17.0423 3.9531
39595.0000 17.0477 3.9514
39600.0000 17.0936 4.0010
39605.0000 17.0711 4.0021
39610.0000 17.0202 4.0059
39615.0000 16.9306 3.9601
39620.0000 16.9201 3.9620
39625.0000 16.9201 3.9620
39630.0000 16.9534 3.9703
39635.0000 17.0268 4.0479
39640.0000 17.0624 4.0911
39645.0000 17.0959 4.1310
39650.0000 17.1388 4.1811
39655.0000 17.1737 4.2126
39660.0000 17.2481 4.2513
39665.0000 17.2553 4.2973
39670.0000 17.2509 4.2971
39675.0000 17.1789 4.2658
39680.0000 17.1648 4.2690
39685.0000 17.1708 4.2687
39690.0000 17.1679 4.2693
39695.0000 17.1679 4.2693
39700.0000 17.1726 4.2682
39705.0000 17.1803 4.2668
39710.0000 17.1803 4.2668
39715.0000 17.1803 4.2668
39720.0000 17.2234 4.2756
39725.0000 17.2175 4.2773
39730.0000 17.2116 4.2786
39735.0000 17.1107 4.2137
39740.0000 17.0904 4.1812
39745.0000 17.1366 4.2241
39750.0000 17.1778 4.2668
39755.0000 17.1835 4.2651
39760.0000 17.1835 4.2651
39765.0000 17.1835 4.2651
39770.0000 17.1835 4.2651
39775.0000 17.1835 4.2651
39780.0000 17.1835 4.2651
39785.0000 17.1857 4.2645
39790.0000 17.1893 4.2637
39795.0000 17.1137 4.2221
39800.0000 17.0462 4.1846
39805.0000 17.0832 4.2239
39810.0000 17.1823 4.2643
39815.0000 17.2082 4.2773
39820.0000 17.2630 4.3160
39825.0000 17.3436 4.4065
39830.0000 17.3436 4.4065
39835.0000 17.3725 4.4315
39840.0000 17.3725 4.4315
39845.0000 17.3690 4.4330
39850.0000 17.3697 4.4332
39855.0000 17.3736 4.4438
39860.0000 17.3928 4.4844
39865.0000 17.3974 4.4833
39870.0000 17.3974 4.4833
39875.0000 17.3974 4.4833
39880.0000 17.3974 4.4833
39885.0000 17.4398 4.4846
39890.0000 17.4398 4.4846
39895.0000 17.4431 4.4839
39900.0000 17.4682 4.5147
39905.0000 17.4769 4.5428
39910.0000 17.4284 4.5086
39915.0000 17.4417 4.5569
39920.0000 17.4331 4.5574
39925.0000 17.4712 4.5997
39930.0000 17.4665 4.6006
39935.0000 17.4665 4.6006
39940.0000 17.4665 4.6006
39945.0000 17.4732 4.5997
39950.0000 17.5257 4.6546
39955.0000 17.5338 4.6524
39960.0000 17.5456 4.6502
39965.0000 17.5456 4.6502
39970.0000 17.5171 4.6551
39975.0000 17.4916 4.6594
39980.0000 17.4870 4.6606
39985.0000 17.5743 4.7316
39990.0000 17.5678 4.7329
39995.0000 17.5711 4.7320
40000.0000 17.5759 4.7313
40005.0000 17.5793 4.7306
40010.0000 17.5793 4.7306
40015.0000 17.6243 4.7325
40020.0000 17.6243 4.7325
40025.0000 17.5829 4.6841
40030.0000 17.5844 4.6882
40035.0000 17.4382 4.5374
40040.0000 17.4204 4.5413
40045.0000 17.4463 4.5603
40050.0000 17.4523 4.5591
40055.0000 17.4583 4.5585
40060.0000 17.4833 4.5920
40065.0000 17.4833 4.5920
40070.0000 17.4864 4.5912
40075.0000 17.5255 4.5961
40080.0000 17.5213 4.5973
40085.0000 17.5143 4.5993
40090.0000 17.5088 4.6009
40095.0000 17.4529 4.5435
40100.0000 17.4784 4.5723
40105.0000 17.4685 4.5740
40110.0000 17.4685 4.5740
40115.0000 17.5041 4.6191
40120.0000 17.5041 4.6191
40125.0000 17.5129 4.6190
40130.0000 17.5129 4.6190
40135.0000 17.5129 4.6190
40140.0000 17.5129 4.6190
40145.0000 17.4848 4.6077
40150.0000 17.4045 4.5186
40155.0000 17.3790 4.4817
40160.0000 17.3441 4.4644
40165.0000 17.3756 4.4934
40170.0000 17.3812 4.4940
40175.0000 17.3855 4.4934
40180.0000 17.3855 4.4934
40185.0000 17.4553 4.5741
40190.0000 17.4944 4.6312
40195.0000 17.4990 4.6300
40200.0000 17.4990 4.6300
40205.0000 17.4944 4.6308
40210.0000 17.5226 4.6604
40215.0000 17.4573 4.6246
40220.0000 17.4457 4.6268
40225.0000 17.4457 4.6268
40230.0000 17.5386 4.7065
40235.0000 17.5835 4.7188
40240.0000 17.6085 4.7550
40245.0000 17.6085 4.7550
40250.0000 17.6130 4.7540
40255.0000 17.6130 4.7540
40260.0000 17.6190 4.7540
40265.0000 17.5614 4.7629
40270.0000 17.4909 4.7386
40275.0000 17.5302 4.7601
40280.0000 17.5300 4.7599
40285.0000 17.5316 4.7590
40290.0000 17.5398 4.7569
40295.0000 17.5552 4.7548
40300.0000 17.6075 4.7716
40305.0000 17.6533 4.8077
40310.0000 17.6590 4.8067
40315.0000 17.6630 4.8058
40320.0000 17.7021 4.8089
40325.0000 17.7206 4.8195
40330.0000 17.6543 4.7931
40335.0000 17.6096 4.7239
40340.0000 17.6137 4.7232
40345.0000 17.5903 4.7276
40350.0000 17.6427 4.7631
40355.0000 17.6825 4.7930
40360.0000 17.6825 4.7930
40365.0000 17.7383 4.8564
40370.0000 17.7427 4.8556
40375.0000 17.7789 4.8952
40380.0000 17.8114 4.9330
40385.0000 17.8066 4.9345
40390.0000 17.7303 4.9177
40395.0000 17.7303 4.9177
40400.0000 17.7249 4.9188
40405.0000 17.7283 4.9181
40410.0000 17.7324 4.9170
40415.0000 17.7324 4.9170
40420.0000 17.7324 4.9170
40425.0000 17.7324 4.9170
40430.0000 17.7436 4.9152
40435.0000 17.7436 4.9152
40440.0000 17.7506 4.9155
40445.0000 17.7862 4.9544
40450.0000 17.7728 4.9567
40455.0000 17.6712 4.8363
40460.0000 17.6679 4.8370
40465.0000 17.6770 4.8347
40470.0000 17.6804 4.8338
40475.0000 17.6804 4.8338
40480.0000 17.7252 4.8759
40485.0000 17.7315 4.8759
40490.0000 17.7315 4.8759
40495.0000 17.7315 4.8759
40500.0000 17.7374 4.8753
40505.0000 17.7645 4.8974
40510.0000 17.7110 4.8769
40515.0000 17.6879 4.8750
40520.0000 17.6879 4.8750
40525.0000 17.6857 4.8751
40530.0000 17.7210 4.8880
40535.0000 17.7571 4.9341
40540.0000 17.7632 4.9326
40545.0000 17.7709 4.9308
40550.0000 17.7782 4.9288
40555.0000 17.7826 4.9276
40560.0000 17.8344 5.0010
40565.0000 17.7924 4.9708
40570.0000 17.7479 4.9562
40575.0000 17.7450 4.9518
40580.0000 17.7757 4.9894
40585.0000 17.8290 5.0023
40590.0000 17.8757 5.0127
40595.0000 17.8973 5.0204
40600.0000 17.9038 5.0193
40605.0000 17.9468 5.0503
40610.0000 17.9468 5.0503
40615.0000 17.9505 5.0492
40620.0000 17.9445 5.0513
40625.0000 17.9303 5.0557
40630.0000 17.9179 5.0587
40635.0000 17.9143 5.0597
40640.0000 17.9163 5.0589
40645.0000 17.9950 5.1200
40650.0000 17.9878 5.1219
40655.0000 17.9878 5.1219
40660.0000 18.0281 5.1591
40665.0000 18.0281 5.1591
40670.0000 18.0281 5.1591
40675.0000 18.0281 5.1591
40680.0000 18.0306 5.1606
40685.0000 18.0223 5.1633
40690.0000 18.0035 5.1667
40695.0000 17.9153 5.0700
40700.0000 17.9381 5.0954
40705.0000 17.9828 5.1418
40710.0000 17.9824 5.1433
40715.0000 17.9859 5.1427
40720.0000 18.0184 5.1565
40725.0000 18.0603 5.1611
40730.0000 18.0604 5.1396
40735.0000 18.0788 5.1593
40740.0000 18.1126 5.2013
40745.0000 18.1166 5.2560
40750.0000 18.0315 5.2211
40755.0000 17.8990 5.1454
40760.0000 17.8105 5.0606
40765.0000 17.8005 5.0606
40770.0000 17.8431 5.0855
40775.0000 17.8563 5.0833
40780.0000 17.8656 5.0813
40785.0000 17.9521 5.1674
40790.0000 17.9631 5.1648
40795.0000 17.9234 5.0879
40800.0000 17.9180 5.0729
40805.0000 17.8823 5.0094
40810.0000 17.8778 5.0095
40815.0000 17.8503 4.9993
40820.0000 17.8790 5.0508
40825.0000 17.8841 5.0497
40830.0000 17.9153 5.0490
40835.0000 17.9204 5.0479
40840.0000 17.9302 5.0482
40845.0000 17.9423 5.0488
40850.0000 17.9486 5.0492
40855.0000 17.9690 5.0498
40860.0000 17.9853 5.0474
40865.0000 17.9948 5.0463
40870.0000 17.8519 5.0335
40875.0000 17.7909 4.9622
40880.0000 17.7165 4.8576
40885.0000 17.7079 4.8575
40890.0000 17.7079 4.8575
40895.0000 17.7046 4.8582
40900.0000 17.7325 4.8874
40905.0000 17.7385 4.8864
40910.0000 17.7440 4.8856
40915.0000 17.7440 4.8856
40920.0000 17.7478 4.8848
40925.0000 17.7869 4.9358
40930.0000 17.8005 4.9324
40935.0000 17.8255 4.9408
40940.0000 17.8299 4.9398
40945.0000 17.8774 5.0001
40950.0000 17.8717 5.0013
40955.0000 17.8746 5.0006
40960.0000 17.8746 5.0006
40965.0000 17.8841 4.9978
40970.0000 17.9376 5.0644
40975.0000 17.9412 5.0634
40980.0000 17.9512 5.0611
40985.0000 17.9470 5.0625
40990.0000 17.8516 5.0473
40995.0000 17.7406 4.9310
41000.0000 17.6923 4.8889
41005.0000 17.7604 4.9418
41010.0000 17.7705 4.9395
41015.0000 17.7750 4.9385
41020.0000 17.7854 4.9356
41025.0000 17.7854 4.9356
41030.0000 17.7942 4.9337
41035.0000 17.7942 4.9337
41040.0000 17.8517 4.9582
41045.0000 17.7966 4.9170
41050.0000 17.7536 4.9170
41055.0000 17.7460 4.9107
41060.0000 17.7261 4.9159
41065.0000 17.7050 4.9155
41070.0000 17.6993 4.9168
41075.0000 17.7040 4.9156
41080.0000 17.7040 4.9156
41085.0000 17.7040 4.9156
41090.0000 17.7150 4.9131
41095.0000 17.7256 4.9135
41100.0000 17.7931 4.9202
41105.0000 17.8000 4.9556
41110.0000 17.7173 5.0000
41115.0000 17.6747 4.9699
41120.0000 17.7038 5.0015
41125.0000 17.7091 5.0001
41130.0000 17.7145 4.9987
41135.0000 17.7719 5.0137
41140.0000 17.7757 5.0128
41145.0000 17.7881 5.0101
41150.0000 17.8186 5.0136
41155.0000 17.8294 5.0126
41160.0000 17.8343 5.0121
41165.0000 17.7961 4.9767
41170.0000 17.8274 5.0438
41175.0000 17.7522 5.0066
41180.0000 17.6782 4.9477
41185.0000 17.6646 4.9465
41190.0000 17.6592 4.9477
41195.0000 17.7162 4.9540
41200.0000 17.7162 4.9540
41205.0000 17.7162 4.9540
41210.0000 17.7162 4.9540
41215.0000 17.7162 4.9540
41220.0000 17.7162 4.9540
41225.0000 17.6827 4.9278
41230.0000 17.6412 4.9208
41235.0000 17.5655 4.8678
41240.0000 17.5562 4.8700
41245.0000 17.5486 4.8717
41250.0000 17.5400 4.8737
41255.0000 17.5400 4.8737
41260.0000 17.5400 4.8737
41265.0000 17.5556 4.8703
41270.0000 17.5556 4.8703
41275.0000 17.5556 4.8703
41280.0000 17.5865 4.8983
41285.0000 17.5559 4.8781
41290.0000 17.5622 4.9166
41295.0000 17.3767 4.7738
41300.0000 17.3404 4.7379
41305.0000 17.3454 4.7401
41310.0000 17.3530 4.7392
41315.0000 17.3624 4.7363
41320.0000 17.3702 4.7346
41325.0000 17.3779 4.7324
41330.0000 17.3828 4.7311
41335.0000 17.3828 4.7311
41340.0000 17.3828 4.7311
41345.0000 17.3784 4.7318
41350.0000 17.4532 4.7878
41355.0000 17.4677 4.7923
41360.0000 17.4819 4.7898
41365.0000 17.5490 4.8435
41370.0000 17.5666 4.8421
41375.0000 17.5676 4.8444
41380.0000 17.5676 4.8444
41385.0000 17.5676 4.8444
41390.0000 17.5676 4.8444
41395.0000 17.5704 4.8439
41400.0000 17.5831 4.8437
41405.0000 17.5831 4.8437
41410.0000 17.5180 4.7916
41415.0000 17.5336 4.7997
41420.0000 17.5394 4.7989
41425.0000 17.5442 4.8075
41430.0000 17.5489 4.8063
41435.0000 17.5489 4.8063
41440.0000 17.5533 4.8051
41445.0000 17.6616 4.8255
41450.0000 17.6665 4.8242
41455.0000 17.6665 4.8242
41460.0000 17.6737 4.8235
41465.0000 17.6771 4.8229
41470.0000 17.5978 4.8230
41475.0000 17.6381 4.8668
41480.0000 17.6484 4.8654
41485.0000 17.6496 4.8653
41490.0000 17.6372 4.8676
41495.0000 17.6462 4.8660
41500.0000 17.6496 4.8653
41505.0000 17.6496 4.8653
41510.0000 17.6543 4.8647
41515.0000 17.6543 4.8647
41520.0000 17.6454 4.8676
41525.0000 17.4964 4.7763
41530.0000 17.5500 4.8479
41535.0000 17.4504 4.7497
41540.0000 17.4449 4.7512
41545.0000 17.4681 4.7761
41550.0000 17.4805 4.7735
41555.0000 17.4862 4.7723
41560.0000 17.4931 4.7709
41565.0000 17.5291 4.8167
41570.0000 17.5346 4.8162
41575.0000 17.5400 4.8158
41580.0000 17.5514 4.8144
41585.0000 17.5128 4.7976
41590.0000 17.4753 4.8048
41595.0000 17.3650 4.6998
41600.0000 17.3607 4.7008
41605.0000 17.3564 4.7011
41610.0000 17.3564 4.7011
41615.0000 17.3989 4.7033
41620.0000 17.5488 4.8951
41625.0000 17.5488 4.8951
41630.0000 17.5557 4.8938
41635.0000 17.5989 4.9443
41640.0000 17.5989 4.9443
41645.0000 17.6019 4.9438
41650.0000 17.5983 4.9338
41655.0000 17.5913 4.9349
41660.0000 17.5505 4.9032
41665.0000 17.5083 4.8641
41670.0000 17.5486 4.9048
41675.0000 17.5583 4.9025
41680.0000 17.5583 4.9025
41685.0000 17.5682 4.9004
41690.0000 17.6117 4.9337
41695.0000 17.6500 4.9767
41700.0000 17.6555 4.9755
41705.0000 17.5213 4.9298
41710.0000 17.4858 4.9223
41715.0000 17.3974 4.8272
41720.0000 17.3974 4.8272
41725.0000 17.3900 4.8265
41730.0000 17.3900 4.8265
41735.0000 17.3932 4.8257
41740.0000 17.3932 4.8257
41745.0000 17.4021 4.8246
41750.0000 17.4084 4.8253
41755.0000 17.4725 4.8677
41760.0000 17.5266 4.9189
41765.0000 17.4827 4.8962
41770.0000 17.4246 4.8927
41775.0000 17.2701 4.7650
41780.0000 17.1869 4.6639
41785.0000 17.1690 4.6439
41790.0000 17.1764 4.6423
41795.0000 17.2218 4.6794
41800.0000 17.2309 4.6779
41805.0000 17.2340 4.6769
41810.0000 17.2394 4.6754
41815.0000 17.2394 4.6754
41820.0000 17.2394 4.6754
41825.0000 17.2619 4.6996
41830.0000 17.2236 4.6967
41835.0000 17.1966 4.6993
41840.0000 17.1916 4.7003
41845.0000 17.2131 4.7243
41850.0000 17.2694 4.7139
41855.0000 17.2968 4.7222
41860.0000 17.3667 4.7452
41865.0000 17.3973 4.7539
41870.0000 17.4030 4.7533
41875.0000 17.4067 4.7530
41880.0000 17.4067 4.7530
41885.0000 17.4032 4.7536
41890.0000 17.4008 4.7550
41895.0000 17.3562 4.7313
41900.0000 17.3226 4.6916
41905.0000 17.3184 4.6923
41910.0000 17.3557 4.7516
41915.0000 17.3655 4.7497
41920.0000 17.4203 4.7399
41925.0000 17.4203 4.7399
41930.0000 17.4203 4.7399
41935.0000 17.4203 4.7399
41940.0000 17.4292 4.7386
41945.0000 17.4334 4.7380
41950.0000 17.4653 4.7392
41955.0000 17.4872 4.7536
41960.0000 17.4716 4.7225
41965.0000 17.4493 4.7250
41970.0000 17.4540 4.7238
41975.0000 17.4480 4.7250
41980.0000 17.4480 4.7250
41985.0000 17.4480 4.7250
41990.0000 17.4524 4.7239
41995.0000 17.4984 4.7375
42000.0000 17.4984 4.7375
42005.0000 17.4604 4.7262
42010.0000 17.4152 4.7011
42015.0000 17.4058 4.7037
42020.0000 17.4358 4.7005
42025.0000 17.4641 4.7109
42030.0000 17.5015 4.7300
42035.0000 17.5072 4.7291
42040.0000 17.5179 4.7280
42045.0000 17.5179 4.7280
42050.0000 17.4797 4.6515
42055.0000 17.5264 4.7154
42060.0000 17.5535 4.7270
42065.0000 17.5402 4.7302
42070.0000 17.5554 4.7291
42075.0000 17.5009 4.6915
42080.0000 17.4697 4.6511
42085.0000 17.4542 4.6532
42090.0000 17.4895 4.6500
42095.0000 17.4851 4.6512
42100.0000 17.4851 4.6512
42105.0000 17.4851 4.6512
42110.0000 17.5232 4.6736
42115.0000 17.5232 4.6736
42120.0000 17.5232 4.6736
42125.0000 17.4937 4.6627
42130.0000 17.5321 4.6669
42135.0000 17.5153 4.6274
42140.0000 17.5687 4.6793
42145.0000 17.6066 4.7443
42150.0000 17.6012 4.7447
42155.0000 17.6012 4.7447
42160.0000 17.6012 4.7447
42165.0000 17.6052 4.7438
42170.0000 17.6146 4.7417
42175.0000 17.6146 4.7417
42180.0000 17.6146 4.7417
42185.0000 17.6053 4.7443
42190.0000 17.5858 4.7474
42195.0000 17.3975 4.6024
42200.0000 17.3844 4.6056
42205.0000 17.4258 4.6227
42210.0000 17.4292 4.6222
42215.0000 17.4372 4.6211
42220.0000 17.4372 4.6211
42225.0000 17.4419 4.6200
42230.0000 17.4419 4.6200
42235.0000 17.4901 4.6620
42240.0000 17.4971 4.6612
42245.0000 17.5921 4.7129
42250.0000 17.5497 4.7092
42255.0000 17.5501 4.7083
42260.0000 17.5604 4.6922
42265.0000 17.5834 4.7132
42270.0000 17.5942 4.7121
42275.0000 17.6005 4.7116
42280.0000 17.6234 4.7079
42285.0000 17.6275 4.7074
42290.0000 17.6325 4.7068
42295.0000 17.6383 4.7052
42300.0000 17.6238 4.7100
42305.0000 17.5812 4.7006
42310.0000 17.5812 4.7006
42315.0000 17.5334 4.6839
42320.0000 17.5252 4.6859
42325.0000 17.5831 4.6965
42330.0000 17.5831 4.6965
42335.0000 17.5831 4.6965
42340.0000 17.5875 4.6956
42345.0000 17.5921 4.6949
42350.0000 17.6080 4.6920
42355.0000 17.6139 4.6911
42360.0000 17.6252 4.6897
42365.0000 17.5942 4.6617
42370.0000 17.5604 4.6090
42375.0000 17.5272 4.5806
42380.0000 17.5213 4.5821
42385.0000 17.5291 4.5794
42390.0000 17.5730 4.6228
42395.0000 17.5730 4.6228
42400.0000 17.5730 4.6228
42405.0000 17.5817 4.6212
42410.0000 17.5935 4.6213
42415.0000 17.5935 4.6213
42420.0000 17.6268 4.6227
42425.0000 17.6161 4.6100
42430.0000 17.5832 4.6084
42435.0000 17.5733 4.6120
42440.0000 17.5934 4.6404
42445.0000 17.5935 4.6386
42450.0000 17.5985 4.6370
42455.0000 17.5985 4.6370
42460.0000 17.6258 4.6640
42465.0000 17.6308 4.6632
42470.0000 17.6308 4.6632
42475.0000 17.6844 4.6534
42480.0000 17.6887 4.6528
42485.0000 17.6073 4.6299
42490.0000 17.4962 4.5308
42495.0000 17.4308 4.4806
42500.0000 17.4228 4.4742
42505.0000 17.3900 4.4763
42510.0000 17.4004 4.4753
42515.0000 17.4004 4.4753
42520.0000 17.4004 4.4753
42525.0000 17.4004 4.4753
42530.0000 17.4186 4.4740
42535.0000 17.4431 4.4715
42540.0000 17.4905 4.5203
42545.0000 17.5286 4.5602
42550.0000 17.6454 4.6509
42555.0000 17.6008 4.6169
42560.0000 17.5972 4.6178
42565.0000 17.5961 4.6168
42570.0000 17.5929 4.6174
42575.0000 17.6366 4.6650
42580.0000 17.6469 4.6633
42585.0000 17.6525 4.6621
42590.0000 17.6525 4.6621
42595.0000 17.6905 4.6646
42600.0000 17.6911 4.6656
42605.0000 17.6905 4.6666
42610.0000 17.7207 4.6654
42615.0000 17.6583 4.6501
42620.0000 17.6066 4.6206
42625.0000 17.6028 4.6214
42630.0000 17.6336 4.6507
42635.0000 17.6374 4.6501
42640.0000 17.6451 4.6485
42645.0000 17.6495 4.6478
42650.0000 17.6845 4.6949
42655.0000 17.7246 4.7437
42660.0000 17.7768 4.7518
42665.0000 17.7469 4.7442
42670.0000 17.7644 4.7381
42675.0000 17.8223 4.8096
42680.0000 17.7870 4.7624
42685.0000 17.7847 4.7625
42690.0000 17.7469 4.7122
42695.0000 17.7560 4.7117
42700.0000 17.7664 4.7105
42705.0000 17.8514 4.7656
42710.0000 17.9572 4.8665
42715.0000 17.9572 4.8665
42720.0000 17.9638 4.8658
42725.0000 17.9916 4.8923
42730.0000 17.9991 4.9063
42735.0000 18.0137 4.9394
42740.0000 18.0137 4.9394
42745.0000 18.0017 4.9406
42750.0000 17.9906 4.9420
42755.0000 17.9861 4.9433
42760.0000 17.9916 4.9419
42765.0000 17.9994 4.9427
42770.0000 18.0510 4.9779
42775.0000 18.0549 4.9772
42780.0000 18.0549 4.9772
42785.0000 18.0279 4.9612
42790.0000 17.9804 4.9287
42795.0000 17.9849 4.9277
42800.0000 17.9810 4.9286
42805.0000 18.0293 4.9440
42810.0000 18.0579 4.9467
42815.0000 18.0579 4.9467
42820.0000 18.0624 4.9456
42825.0000 18.0878 4.9695
42830.0000 18.0958 4.9686
42835.0000 18.0958 4.9686
42840.0000 18.0958 4.9686
42845.0000 18.0534 4.9665
42850.0000 18.0162 4.9164
42855.0000 17.9713 4.8857
42860.0000 17.9755 4.8856
42865.0000 17.9692 4.8857
42870.0000 17.9692 4.8857
42875.0000 17.9692 4.8857
42880.0000 17.9803 4.8829
42885.0000 17.9865 4.8811
42890.0000 18.0526 4.9398
42895.0000 18.0633 4.9396
42900.0000 18.1135 4.9524
42905.0000 18.1440 4.9787
42910.0000 18.1437 4.9791
42915.0000 18.1040 4.9418
42920.0000 18.0743 4.9153
42925.0000 18.0743 4.9153
42930.0000 18.0863 4.9173
42935.0000 18.0819 4.9187
42940.0000 18.0872 4.9182
42945.0000 18.0938 4.9177
42950.0000 18.1499 4.9745
42955.0000 18.1855 4.9958
42960.0000 18.2520 5.0248
42965.0000 18.1543 4.9437
42970.0000 18.1125 4.9065
42975.0000 18.0669 4.8512
42980.0000 18.0654 4.8517
42985.0000 18.0906 4.8803
42990.0000 18.1258 4.9323
42995.0000 18.1660 4.9644
43000.0000 18.2006 5.0143
43005.0000 18.2006 5.0143
43010.0000 18.2006 5.0143
43015.0000 18.2113 5.0124
43020.0000 18.2242 5.0094
43025.0000 18.1835 5.0078
43030.0000 18.1694 5.0204
43035.0000 18.0095 4.8778
43040.0000 18.0446 4.9130
43045.0000 18.0478 4.9148
43050.0000 18.0879 4.9668
43055.0000 18.0928 4.9658
43060.0000 18.1352 4.9700
43065.0000 18.1471 4.9680
43070.0000 18.2267 5.0598
43075.0000 18.2267 5.0598
43080.0000 18.2316 5.0582
43085.0000 18.2452 5.0568
43090.0000 18.1947 4.9930
43095.0000 18.1907 4.9942
43100.0000 18.1819 4.9851
43105.0000 18.1650 4.9874
43110.0000 18.1694 4.9860
43115.0000 18.1746 4.9848
43120.0000 18.1746 4.9848
43125.0000 18.2093 5.0146
43130.0000 18.2093 5.0146
43135.0000 18.2093 5.0146
43140.0000 18.2015 5.0174
43145.0000 18.1606 5.0120
43150.0000 18.1266 5.0117
43155.0000 18.0334 4.9683
43160.0000 17.9752 4.9017
43165.0000 17.9695 4.9045
43170.0000 18.0016 4.9081
43175.0000 18.0016 4.9081
43180.0000 18.0326 4.9100
43185.0000 18.0369 4.9092
43190.0000 18.0547 4.9061
43195.0000 18.0547 4.9061
43200.0000 18.0547 4.9061
