5.0000 0.0000 0.0000
10.0000 0.0000 0.0000
15.0000 0.0274 0.0001
20.0000 0.0318 0.0002
25.0000 0.0574 0.0003
30.0000 0.0640 0.0004
35.0000 0.1064 0.0018
40.0000 0.1254 0.0019
45.0000 0.1254 0.0019
50.0000 0.1499 0.0019
55.0000 0.1499 0.0019
60.0000 0.1764 0.0020
65.0000 0.1764 0.0020
70.0000 0.2161 0.0029
75.0000 0.2332 0.0029
80.0000 0.2332 0.0029
85.0000 0.2925 0.0041
90.0000 0.2925 0.0041
95.0000 0.3158 0.0043
100.0000 0.3158 0.0043
105.0000 0.3293 0.0043
110.0000 0.3443 0.0044
115.0000 0.4134 0.0058
120.0000 0.4272 0.0059
125.0000 0.4727 0.0076
130.0000 0.5156 0.0077
135.0000 0.5575 0.0090
140.0000 0.5784 0.0091
145.0000 0.6005 0.0093
150.0000 0.6131 0.0094
155.0000 0.6323 0.0096
160.0000 0.6410 0.0096
165.0000 0.6616 0.0099
170.0000 0.6719 0.0100
175.0000 0.6866 0.0101
180.0000 0.7288 0.0145
185.0000 0.7380 0.0144
190.0000 0.7542 0.0145
195.0000 0.7586 0.0145
200.0000 0.7697 0.0146
205.0000 0.7849 0.0148
210.0000 0.8336 0.0170
215.0000 0.8417 0.0172
220.0000 0.8817 0.0172
225.0000 0.8945 0.0172
230.0000 0.9573 0.0213
235.0000 1.0037 0.0280
240.0000 1.0079 0.0280
245.0000 1.0294 0.0281
250.0000 1.0294 0.0281
255.0000 1.0568 0.0284
260.0000 1.0657 0.0283
265.0000 1.0871 0.0288
270.0000 1.1072 0.0290
275.0000 1.1103 0.0290
280.0000 1.1689 0.0298
285.0000 1.2032 0.0302
290.0000 1.2287 0.0305
295.0000 1.2287 0.0305
300.0000 1.2470 0.0306
305.0000 1.2531 0.0306
310.0000 1.2650 0.0310
315.0000 1.2853 0.0312
320.0000 1.3045 0.0320
325.0000 1.3289 0.0326
330.0000 1.3289 0.0326
335.0000 1.3488 0.0329
340.0000 1.3523 0.0329
345.0000 1.3801 0.0328
350.0000 1.3986 0.0333
355.0000 1.3986 0.0333
360.0000 1.4225 0.0337
365.0000 1.4688 0.0444
370.0000 1.4972 0.0450
375.0000 1.4972 0.0450
380.0000 1.5576 0.0456
385.0000 1.5840 0.0472
390.0000 1.6562 0.0536
395.0000 1.6750 0.0540
400.0000 1.6781 0.0540
405.0000 1.7005 0.0542
410.0000 1.7067 0.0545
415.0000 1.7372 0.0549
420.0000 1.7372 0.0549
425.0000 1.7860 0.0552
430.0000 1.8022 0.0552
435.0000 1.8257 0.0557
440.0000 1.9506 0.0587
445.0000 1.9556 0.0589
450.0000 1.9675 0.0589
455.0000 2.0284 0.0619
460.0000 2.0467 0.0622
465.0000 2.0555 0.0621
470.0000 2.0731 0.0625
475.0000 2.1554 0.0689
480.0000 2.2027 0.0761
485.0000 2.2119 0.0760
490.0000 2.2516 0.0757
495.0000 2.2688 0.0757
500.0000 2.2854 0.0754
505.0000 2.3075 0.0754
510.0000 2.3188 0.0752
515.0000 2.3580 0.0761
520.0000 2.3834 0.0770
525.0000 2.4017 0.0774
530.0000 2.4496 0.0771
535.0000 2.4562 0.0771
540.0000 2.4727 0.0774
545.0000 2.4873 0.0773
550.0000 2.4923 0.0777
555.0000 2.5402 0.0790
560.0000 2.5554 0.0793
565.0000 2.5720 0.0793
570.0000 2.5833 0.0795
575.0000 2.5949 0.0794
580.0000 2.6139 0.0798
585.0000 2.6356 0.0800
590.0000 2.6879 0.0850
595.0000 2.7176 0.0852
600.0000 2.7385 0.0854
605.0000 2.8434 0.1051
610.0000 2.8669 0.1057
615.0000 2.8756 0.1057
620.0000 2.9021 0.1058
625.0000 2.9111 0.1058
630.0000 2.9615 0.1066
635.0000 2.9791 0.1061
640.0000 3.0291 0.1090
645.0000 3.0500 0.1094
650.0000 3.1164 0.1208
655.0000 3.1389 0.1214
660.0000 3.1526 0.1210
665.0000 3.1807 0.1215
670.0000 3.2264 0.1248
675.0000 3.2503 0.1250
680.0000 3.2652 0.1254
685.0000 3.2904 0.1253
690.0000 3.3270 0.1263
695.0000 3.3303 0.1265
700.0000 3.3549 0.1268
705.0000 3.3638 0.1268
710.0000 3.3936 0.1270
715.0000 3.4033 0.1266
720.0000 3.4239 0.1271
725.0000 3.4287 0.1270
730.0000 3.5699 0.1450
735.0000 3.6953 0.1672
740.0000 3.6953 0.1672
745.0000 3.7483 0.1805
750.0000 3.7905 0.1971
755.0000 3.8107 0.1972
760.0000 3.8494 0.2024
765.0000 3.8626 0.2030
770.0000 3.8674 0.2032
775.0000 3.8803 0.2032
780.0000 3.9153 0.2053
785.0000 3.9245 0.2050
790.0000 3.9776 0.2130
795.0000 3.9902 0.2127
800.0000 4.0640 0.2147
805.0000 4.1097 0.2241
810.0000 4.1961 0.2225
815.0000 4.2194 0.2237
820.0000 4.2234 0.2236
825.0000 4.2422 0.2237
830.0000 4.2515 0.2237
835.0000 4.2779 0.2233
840.0000 4.2921 0.2235
845.0000 4.3433 0.2414
850.0000 4.3900 0.2471
855.0000 4.3977 0.2469
860.0000 4.4082 0.2471
865.0000 4.4599 0.2546
870.0000 4.5213 0.2680
875.0000 4.6137 0.2893
880.0000 4.6827 0.2887
885.0000 4.6886 0.2889
890.0000 4.7401 0.2927
895.0000 4.7447 0.2923
900.0000 4.7692 0.2919
905.0000 4.7769 0.2912
910.0000 4.8061 0.2905
915.0000 4.8157 0.2908
920.0000 4.8264 0.2908
925.0000 4.8339 0.2909
930.0000 4.8725 0.3090
935.0000 4.9174 0.3071
940.0000 4.9326 0.3069
945.0000 4.9577 0.3074
950.0000 4.9665 0.3074
955.0000 5.0099 0.3147
960.0000 5.0248 0.3143
965.0000 5.0744 0.3196
970.0000 5.0825 0.3194
975.0000 5.1688 0.3323
980.0000 5.1814 0.3321
985.0000 5.2192 0.3409
990.0000 5.2627 0.3402
995.0000 5.2929 0.3399
1000.0000 5.3083 0.3398
1005.0000 5.3694 0.3407
1010.0000 5.3840 0.3404
1015.0000 5.3963 0.3401
1020.0000 5.4146 0.3403
1025.0000 5.4299 0.3401
1030.0000 5.4344 0.3401
1035.0000 5.4988 0.3440
1040.0000 5.5482 0.3496
1045.0000 5.5594 0.3498
1050.0000 5.5715 0.3500
1055.0000 5.5802 0.3500
1060.0000 5.5898 0.3497
1065.0000 5.7043 0.3758
1070.0000 5.7832 0.4157
1075.0000 5.8246 0.4349
1080.0000 5.8313 0.4348
1085.0000 5.9182 0.4542
1090.0000 6.0175 0.4857
1095.0000 6.0633 0.4823
1100.0000 6.0787 0.4830
1105.0000 6.0884 0.4830
1110.0000 6.1022 0.4830
1115.0000 6.1679 0.4961
1120.0000 6.1749 0.4959
1125.0000 6.1871 0.4968
1130.0000 6.1975 0.4969
1135.0000 6.2224 0.4980
1140.0000 6.2250 0.4978
1145.0000 6.2679 0.5068
1150.0000 6.2967 0.5060
1155.0000 6.3148 0.5061
1160.0000 6.3535 0.5068
1165.0000 6.3700 0.5064
1170.0000 6.4160 0.5059
1175.0000 6.4269 0.5054
1180.0000 6.4487 0.5041
1185.0000 6.4675 0.5030
1190.0000 6.4804 0.5026
1195.0000 6.5151 0.5021
1200.0000 6.5376 0.5014
1205.0000 6.5630 0.5009
1210.0000 6.6673 0.5263
1215.0000 6.6764 0.5265
1220.0000 6.7116 0.5263
1225.0000 6.7291 0.5259
1230.0000 6.7453 0.5252
1235.0000 6.7746 0.5265
1240.0000 6.7988 0.5270
1245.0000 6.8509 0.5406
1250.0000 6.8995 0.5798
1255.0000 6.9566 0.5816
1260.0000 6.9749 0.5813
1265.0000 7.0037 0.5815
1270.0000 7.0608 0.5913
1275.0000 7.1223 0.6277
1280.0000 7.1489 0.6277
1285.0000 7.1926 0.6240
1290.0000 7.1973 0.6238
1295.0000 7.2259 0.6240
1300.0000 7.2301 0.6238
1305.0000 7.2471 0.6243
1310.0000 7.2646 0.6240
1315.0000 7.2777 0.6239
1320.0000 7.2912 0.6232
1325.0000 7.2999 0.6232
1330.0000 7.3037 0.6232
1335.0000 7.3165 0.6229
1340.0000 7.3555 0.6214
1345.0000 7.3933 0.6458
1350.0000 7.4040 0.6463
1355.0000 7.4198 0.6462
1360.0000 7.4658 0.6580
1365.0000 7.4807 0.6587
1370.0000 7.4896 0.6587
1375.0000 7.5331 0.6673
1380.0000 7.5436 0.6674
1385.0000 7.5713 0.6679
1390.0000 7.6289 0.6701
1395.0000 7.7105 0.6846
1400.0000 7.7805 0.6982
1405.0000 7.8789 0.7333
1410.0000 7.9169 0.7471
1415.0000 8.0110 0.7945
1420.0000 8.0416 0.8172
1425.0000 8.1394 0.8526
1430.0000 8.1454 0.8525
1435.0000 8.1665 0.8534
1440.0000 8.1799 0.8526
1445.0000 8.2720 0.8786
1450.0000 8.2825 0.8780
1455.0000 8.2866 0.8781
1460.0000 8.3060 0.8785
1465.0000 8.3249 0.8774
1470.0000 8.3943 0.8788
1475.0000 8.4884 0.8917
1480.0000 8.5635 0.9051
1485.0000 8.6901 0.9753
1490.0000 8.7919 1.0134
1495.0000 8.8433 1.0085
1500.0000 8.8747 1.0077
1505.0000 8.9056 1.0078
1510.0000 8.9172 1.0079
1515.0000 8.9481 1.0078
1520.0000 8.9656 1.0068
1525.0000 9.0217 1.0023
1530.0000 9.0361 1.0018
1535.0000 9.0587 0.9999
1540.0000 9.0887 0.9994
1545.0000 9.1315 1.0045
1550.0000 9.1521 1.0043
1555.0000 9.1792 1.0045
1560.0000 9.2026 1.0031
1565.0000 9.2432 1.0020
1570.0000 9.2544 1.0006
1575.0000 9.2915 0.9987
1580.0000 9.3338 0.9978
1585.0000 9.3509 0.9968
1590.0000 9.3674 0.9964
1595.0000 9.3978 0.9916
1600.0000 9.4186 0.9918
1605.0000 9.4632 1.0272
1610.0000 9.5157 1.0249
1615.0000 9.5269 1.0250
1620.0000 9.5618 1.0250
1625.0000 9.5699 1.0253
1630.0000 9.5984 1.0253
1635.0000 9.6295 1.0253
1640.0000 9.6535 1.0258
1645.0000 9.6842 1.0263
1650.0000 9.7107 1.0272
1655.0000 9.7344 1.0280
1660.0000 9.7835 1.0294
1665.0000 9.7939 1.0301
1670.0000 9.8399 1.0266
1675.0000 9.8725 1.0289
1680.0000 9.8937 1.0309
1685.0000 9.9579 1.0373
1690.0000 10.0160 1.0424
1695.0000 10.0429 1.0459
1700.0000 10.0549 1.0476
1705.0000 10.1452 1.0509
1710.0000 10.2220 1.0540
1715.0000 10.2413 1.0543
1720.0000 10.2710 1.0573
1725.0000 10.2974 1.0593
1730.0000 10.3259 1.0615
1735.0000 10.3443 1.0632
1740.0000 10.3657 1.0667
1745.0000 10.3916 1.0687
1750.0000 10.4166 1.0682
1755.0000 10.4384 1.0696
1760.0000 10.4530 1.0702
1765.0000 10.5312 1.0944
1770.0000 10.5538 1.0939
1775.0000 10.5812 1.0963
1780.0000 10.6243 1.1025
1785.0000 10.6663 1.0995
1790.0000 10.7366 1.1070
1795.0000 10.7670 1.1066
1800.0000 10.7916 1.1071
1805.0000 10.8540 1.1198
1810.0000 10.8636 1.1207
1815.0000 10.9020 1.1220
1820.0000 10.9141 1.1231
1825.0000 10.9440 1.1247
1830.0000 10.9933 1.1215
1835.0000 11.0219 1.1213
1840.0000 11.0342 1.1207
1845.0000 11.0633 1.1199
1850.0000 11.1162 1.1375
1855.0000 11.2119 1.1524
1860.0000 11.2463 1.1518
1865.0000 11.2714 1.1508
1870.0000 11.2945 1.1519
1875.0000 11.3244 1.1520
1880.0000 11.3601 1.1551
1885.0000 11.3954 1.1576
1890.0000 11.4573 1.1617
1895.0000 11.4960 1.1651
1900.0000 11.5497 1.1684
1905.0000 11.5911 1.1696
1910.0000 11.6451 1.1783
1915.0000 11.6778 1.1782
1920.0000 11.7396 1.1824
1925.0000 11.7865 1.1813
1930.0000 11.8189 1.1798
1935.0000 11.8836 1.1903
1940.0000 11.9606 1.1871
1945.0000 11.9918 1.1887
1950.0000 12.0821 1.1939
1955.0000 12.0931 1.1946
1960.0000 12.0964 1.1941
1965.0000 12.1562 1.1894
1970.0000 12.1691 1.1888
1975.0000 12.2095 1.1904
1980.0000 12.2557 1.2151
1985.0000 12.2829 1.2170
1990.0000 12.3222 1.2206
1995.0000 12.3797 1.2273
2000.0000 12.4136 1.2307
2005.0000 12.4344 1.2347
2010.0000 12.5277 1.2794
2015.0000 12.6298 1.3096
2020.0000 12.6726 1.3093
2025.0000 12.7258 1.3104
2030.0000 12.8265 1.3601
2035.0000 12.8616 1.3634
2040.0000 12.8807 1.3667
2045.0000 12.9068 1.3656
2050.0000 12.9258 1.3642
2055.0000 12.9836 1.3748
2060.0000 12.9943 1.3740
2065.0000 13.0194 1.3750
2070.0000 13.0786 1.3932
2075.0000 13.1357 1.3958
2080.0000 13.1501 1.3960
2085.0000 13.1733 1.3991
2090.0000 13.1855 1.4028
2095.0000 13.2221 1.4041
2100.0000 13.3562 1.4619
2105.0000 13.3809 1.4615
2110.0000 13.4146 1.4592
2115.0000 13.4671 1.4673
2120.0000 13.5183 1.5086
2125.0000 13.5264 1.5077
2130.0000 13.5424 1.5078
2135.0000 13.5642 1.5069
2140.0000 13.6135 1.5073
2145.0000 13.6316 1.5079
2150.0000 13.6464 1.5065
2155.0000 13.7045 1.5170
2160.0000 13.7215 1.5175
2165.0000 13.7429 1.5185
2170.0000 13.7946 1.5275
2175.0000 13.8152 1.5278
2180.0000 13.8376 1.5297
2185.0000 13.8547 1.5297
2190.0000 13.8842 1.5304
2195.0000 13.8938 1.5311
2200.0000 13.9230 1.5326
2205.0000 13.9481 1.5325
2210.0000 14.0085 1.5750
2215.0000 14.0378 1.5770
2220.0000 14.0591 1.5755
2225.0000 14.0790 1.5753
2230.0000 14.0823 1.5751
2235.0000 14.1550 1.6219
2240.0000 14.2196 1.6275
2245.0000 14.2458 1.6289
2250.0000 14.2661 1.6294
2255.0000 14.2835 1.6302
2260.0000 14.3064 1.6318
2265.0000 14.3212 1.6307
2270.0000 14.3757 1.6262
2275.0000 14.3865 1.6261
2280.0000 14.4124 1.6252
2285.0000 14.4322 1.6267
2290.0000 14.4783 1.6351
2295.0000 14.4876 1.6353
2300.0000 14.5086 1.6341
2305.0000 14.5152 1.6334
2310.0000 14.5502 1.6528
2315.0000 14.5634 1.6522
2320.0000 14.5699 1.6540
2325.0000 14.5831 1.6539
2330.0000 14.6432 1.6926
2335.0000 14.7027 1.7116
2340.0000 14.7106 1.7112
2345.0000 14.7794 1.7156
2350.0000 14.7954 1.7147
2355.0000 14.8102 1.7165
2360.0000 14.8284 1.7151
2365.0000 14.8462 1.7149
2370.0000 14.8781 1.7175
2375.0000 15.0174 1.7283
2380.0000 15.1213 1.7526
2385.0000 15.1447 1.7554
2390.0000 15.1667 1.7568
2395.0000 15.1860 1.7556
2400.0000 15.2222 1.7580
2405.0000 15.2535 1.7629
2410.0000 15.2921 1.7683
2415.0000 15.3199 1.7710
2420.0000 15.3552 1.7785
2425.0000 15.3872 1.7812
2430.0000 15.4165 1.7890
2435.0000 15.4412 1.7904
2440.0000 15.4666 1.7953
2445.0000 15.5408 1.8503
2450.0000 15.5548 1.8525
2455.0000 15.6057 1.8637
2460.0000 15.6228 1.8653
2465.0000 15.6307 1.8650
2470.0000 15.6376 1.8642
2475.0000 15.6578 1.8651
2480.0000 15.6768 1.8637
2485.0000 15.6912 1.8643
2490.0000 15.7001 1.8639
2495.0000 15.7267 1.8673
2500.0000 15.7450 1.8676
2505.0000 15.7809 1.8695
2510.0000 15.7923 1.8683
2515.0000 15.8232 1.8756
2520.0000 15.8417 1.8747
2525.0000 15.8467 1.8739
2530.0000 15.8630 1.8747
2535.0000 15.8717 1.8738
2540.0000 15.8858 1.8731
2545.0000 15.9034 1.8715
2550.0000 15.9101 1.8735
2555.0000 15.9474 1.8715
2560.0000 15.9474 1.8715
2565.0000 15.9975 1.8835
2570.0000 16.0064 1.8845
2575.0000 16.0578 1.8851
2580.0000 16.1029 1.8940
2585.0000 16.1348 1.8953
2590.0000 16.1518 1.8949
2595.0000 16.2370 1.8999
2600.0000 16.2829 1.9042
2605.0000 16.2947 1.9034
2610.0000 16.3066 1.9035
2615.0000 16.3440 1.9060
2620.0000 16.4334 1.9007
2625.0000 16.4496 1.9008
2630.0000 16.5651 1.9346
2635.0000 16.5939 1.9377
2640.0000 16.5939 1.9377
2645.0000 16.6085 1.9365
2650.0000 16.6256 1.9360
2655.0000 16.6451 1.9339
2660.0000 16.7439 1.9521
2665.0000 16.7505 1.9516
2670.0000 16.7638 1.9531
2675.0000 16.7673 1.9525
2680.0000 16.8525 1.9696
2685.0000 16.8608 1.9690
2690.0000 16.9204 1.9790
2695.0000 16.9463 1.9784
2700.0000 16.9543 1.9776
2705.0000 16.9932 1.9750
2710.0000 17.0404 2.0036
2715.0000 17.0827 2.0397
2720.0000 17.1016 2.0392
2725.0000 17.1064 2.0392
2730.0000 17.1211 2.0390
2735.0000 17.1341 2.0379
2740.0000 17.1524 2.0363
2745.0000 17.2108 2.0366
2750.0000 17.2233 2.0386
2755.0000 17.2697 2.0303
2760.0000 17.2896 2.0310
2765.0000 17.3083 2.0285
2770.0000 17.3493 2.0315
2775.0000 17.3825 2.0380
2780.0000 17.4453 2.0294
2785.0000 17.4669 2.0293
2790.0000 17.4768 2.0287
2795.0000 17.4944 2.0303
2800.0000 17.5194 2.0288
2805.0000 17.5415 2.0268
2810.0000 17.5626 2.0244
2815.0000 17.5776 2.0249
2820.0000 17.5909 2.0237
2825.0000 17.6053 2.0225
2830.0000 17.6472 2.0271
2835.0000 17.6755 2.0257
2840.0000 17.7010 2.0278
2845.0000 17.7465 2.0242
2850.0000 17.7739 2.0246
2855.0000 17.8043 2.0218
2860.0000 17.8884 2.0725
2865.0000 17.9857 2.1213
2870.0000 18.0905 2.1511
2875.0000 18.1065 2.1532
2880.0000 18.1209 2.1515
2885.0000 18.1349 2.1495
2890.0000 18.1904 2.1474
2895.0000 18.1998 2.1467
2900.0000 18.2196 2.1504
2905.0000 18.2733 2.1629
2910.0000 18.2896 2.1624
2915.0000 18.3827 2.1772
2920.0000 18.3972 2.1767
2925.0000 18.4263 2.1802
2930.0000 18.4453 2.1810
2935.0000 18.4943 2.1932
2940.0000 18.5765 2.2040
2945.0000 18.5830 2.2033
2950.0000 18.6014 2.2033
2955.0000 18.6160 2.2027
2960.0000 18.6343 2.2035
2965.0000 18.6522 2.2009
2970.0000 18.6762 2.1978
2975.0000 18.7468 2.2074
2980.0000 18.7750 2.2053
2985.0000 18.7986 2.2026
2990.0000 18.8133 2.2011
2995.0000 18.8245 2.2028
3000.0000 18.8288 2.2026
3005.0000 18.8550 2.2055
3010.0000 18.8943 2.2070
3015.0000 18.9334 2.2052
3020.0000 18.9702 2.2067
3025.0000 19.0129 2.2080
3030.0000 19.0250 2.2124
3035.0000 19.0802 2.2148
3040.0000 19.1089 2.2163
3045.0000 19.1368 2.2235
3050.0000 19.1610 2.2253
3055.0000 19.1770 2.2325
3060.0000 19.2432 2.2354
3065.0000 19.2942 2.2284
3070.0000 19.3130 2.2297
3075.0000 19.3683 2.2492
3080.0000 19.3836 2.2487
3085.0000 19.3986 2.2478
3090.0000 19.4394 2.2454
3095.0000 19.4906 2.2537
3100.0000 19.4949 2.2554
3105.0000 19.5039 2.2551
3110.0000 19.5123 2.2554
3115.0000 19.5601 2.2501
3120.0000 19.5798 2.2490
3125.0000 19.6207 2.2506
3130.0000 19.6356 2.2491
3135.0000 19.6477 2.2486
3140.0000 19.6987 2.2528
3145.0000 19.7071 2.2546
3150.0000 19.7228 2.2529
3155.0000 19.7463 2.2525
3160.0000 19.7574 2.2518
3165.0000 19.7687 2.2513
3170.0000 19.8351 2.2522
3175.0000 19.8429 2.2521
3180.0000 19.9010 2.2772
3185.0000 19.9107 2.2781
3190.0000 19.9315 2.2755
3195.0000 19.9430 2.2748
3200.0000 19.9892 2.2805
3205.0000 20.0030 2.2788
3210.0000 20.0427 2.2892
3215.0000 20.0545 2.2883
3220.0000 20.0955 2.3165
3225.0000 20.1085 2.3148
3230.0000 20.1199 2.3142
3235.0000 20.1650 2.3220
3240.0000 20.1967 2.3244
3245.0000 20.2085 2.3262
3250.0000 20.2688 2.3403
3255.0000 20.2816 2.3436
3260.0000 20.3172 2.3453
3265.0000 20.3468 2.3460
3270.0000 20.3897 2.3481
3275.0000 20.4210 2.3486
3280.0000 20.4791 2.3652
3285.0000 20.5112 2.3711
3290.0000 20.5269 2.3734
3295.0000 20.5474 2.3737
3300.0000 20.5508 2.3735
3305.0000 20.6079 2.3805
3310.0000 20.6614 2.3939
3315.0000 20.7134 2.3847
3320.0000 20.7263 2.3843
3325.0000 20.7362 2.3839
3330.0000 20.7526 2.3831
3335.0000 20.7922 2.3885
3340.0000 20.8049 2.3879
3345.0000 20.8173 2.3905
3350.0000 20.8547 2.4030
3355.0000 20.8709 2.4022
3360.0000 20.8934 2.3991
3365.0000 20.9391 2.3992
3370.0000 21.0053 2.3973
3375.0000 21.0203 2.3945
3380.0000 21.0612 2.3963
3385.0000 21.0942 2.3994
3390.0000 21.1897 2.4026
3395.0000 21.1949 2.4031
3400.0000 21.2109 2.4018
3405.0000 21.2179 2.4027
3410.0000 21.2288 2.4028
3415.0000 21.2488 2.4026
3420.0000 21.2735 2.3998
3425.0000 21.2786 2.3997
3430.0000 21.2984 2.3982
3435.0000 21.2984 2.3982
3440.0000 21.3161 2.3987
3445.0000 21.3246 2.3977
3450.0000 21.3374 2.3968
3455.0000 21.3873 2.3836
3460.0000 21.3996 2.3852
3465.0000 21.4462 2.3949
3470.0000 21.4507 2.3956
3475.0000 21.4667 2.3941
3480.0000 21.5065 2.4067
3485.0000 21.5193 2.4049
3490.0000 21.5326 2.4041
3495.0000 21.5695 2.4128
3500.0000 21.5874 2.4118
3505.0000 21.5916 2.4124
3510.0000 21.6990 2.4295
3515.0000 21.7521 2.4465
3520.0000 21.8036 2.4642
3525.0000 21.8215 2.4635
3530.0000 21.8468 2.4747
3535.0000 21.8927 2.4892
3540.0000 21.9009 2.4893
3545.0000 21.9895 2.5157
3550.0000 22.0698 2.5603
3555.0000 22.0799 2.5588
3560.0000 22.1236 2.5722
3565.0000 22.1318 2.5729
3570.0000 22.1492 2.5706
3575.0000 22.1540 2.5711
3580.0000 22.2069 2.5831
3585.0000 22.2185 2.5832
3590.0000 22.2397 2.5836
3595.0000 22.2879 2.6204
3600.0000 22.3081 2.6215
3605.0000 22.3570 2.6351
3610.0000 22.3680 2.6349
3615.0000 22.3807 2.6332
3620.0000 22.4381 2.6423
3625.0000 22.4427 2.6415
3630.0000 22.4740 2.6391
3635.0000 22.4740 2.6391
3640.0000 22.5186 2.6491
3645.0000 22.5621 2.6419
3650.0000 22.5757 2.6430
3655.0000 22.6423 2.6604
3660.0000 22.6834 2.6719
3665.0000 22.7243 2.6734
3670.0000 22.7515 2.6739
3675.0000 22.7856 2.6768
3680.0000 22.8054 2.6784
3685.0000 22.8447 2.6827
3690.0000 22.8795 2.6825
3695.0000 22.9245 2.6855
3700.0000 22.9480 2.6872
3705.0000 22.9839 2.6872
3710.0000 23.0174 2.6871
3715.0000 23.0351 2.6894
3720.0000 23.0521 2.6910
3725.0000 23.0836 2.6904
3730.0000 23.1026 2.6883
3735.0000 23.1268 2.6909
3740.0000 23.1396 2.6913
3745.0000 23.1664 2.6958
3750.0000 23.2214 2.6904
3755.0000 23.2475 2.6931
3760.0000 23.2784 2.6927
3765.0000 23.3077 2.6932
3770.0000 23.3366 2.6929
3775.0000 23.3787 2.6926
3780.0000 23.3993 2.6889
3785.0000 23.4203 2.6860
3790.0000 23.4449 2.6856
3795.0000 23.4547 2.6849
3800.0000 23.4819 2.6838
3805.0000 23.5028 2.6832
3810.0000 23.5304 2.6828
3815.0000 23.5751 2.6714
3820.0000 23.6264 2.6918
3825.0000 23.6823 2.6811
3830.0000 23.6971 2.6801
3835.0000 23.7056 2.6795
3840.0000 23.7207 2.6792
3845.0000 23.8104 2.6977
3850.0000 23.8428 2.6982
3855.0000 23.8898 2.7102
3860.0000 23.9271 2.7201
3865.0000 23.9492 2.7227
3870.0000 23.9595 2.7221
3875.0000 23.9742 2.7240
3880.0000 23.9825 2.7236
3885.0000 23.9938 2.7229
3890.0000 24.0063 2.7235
3895.0000 24.0233 2.7237
3900.0000 24.0359 2.7231
3905.0000 24.0616 2.7177
3910.0000 24.0831 2.7140
3915.0000 24.0996 2.7161
3920.0000 24.1193 2.7145
3925.0000 24.1762 2.7195
3930.0000 24.1985 2.7192
3935.0000 24.2455 2.7467
3940.0000 24.2737 2.7437
3945.0000 24.2917 2.7452
3950.0000 24.3477 2.7518
3955.0000 24.3614 2.7512
3960.0000 24.3792 2.7535
3965.0000 24.4433 2.7965
3970.0000 24.4981 2.7921
3975.0000 24.5675 2.8101
3980.0000 24.5855 2.8101
3985.0000 24.5887 2.8090
3990.0000 24.6123 2.8076
3995.0000 24.6219 2.8070
4000.0000 24.6412 2.8072
4005.0000 24.6621 2.8077
4010.0000 24.6770 2.8089
4015.0000 24.6807 2.8083
4020.0000 24.7006 2.8126
4025.0000 24.7080 2.8121
4030.0000 24.7294 2.8130
4035.0000 24.7359 2.8127
4040.0000 24.7395 2.8123
4045.0000 24.7784 2.8107
4050.0000 24.7951 2.8070
4055.0000 24.8356 2.8053
4060.0000 24.8531 2.8025
4065.0000 24.8805 2.8061
4070.0000 24.9247 2.8031
4075.0000 24.9394 2.8019
4080.0000 24.9707 2.8051
4085.0000 24.9851 2.8069
4090.0000 25.0104 2.8069
4095.0000 25.0189 2.8090
4100.0000 25.0715 2.8520
4105.0000 25.0882 2.8506
4110.0000 25.1037 2.8483
4115.0000 25.1323 2.8504
4120.0000 25.1745 2.8659
4125.0000 25.1943 2.8664
4130.0000 25.2131 2.8642
4135.0000 25.2447 2.8731
4140.0000 25.2685 2.8736
4145.0000 25.2710 2.8734
4150.0000 25.2912 2.8742
4155.0000 25.2912 2.8742
4160.0000 25.3519 2.8896
4165.0000 25.3519 2.8896
4170.0000 25.3976 2.8933
4175.0000 25.4054 2.8933
4180.0000 25.4054 2.8933
4185.0000 25.4305 2.8944
4190.0000 25.4366 2.8928
4195.0000 25.5225 2.9214
4200.0000 25.5779 2.9508
4205.0000 25.6275 2.9663
4210.0000 25.6412 2.9668
4215.0000 25.6537 2.9661
4220.0000 25.7114 2.9582
4225.0000 25.7263 2.9597
4230.0000 25.7927 2.9803
4235.0000 25.8105 2.9791
4240.0000 25.8377 2.9768
4245.0000 25.8621 2.9754
4250.0000 25.9199 2.9686
4255.0000 25.9699 2.9651
4260.0000 26.0155 2.9731
4265.0000 26.0767 2.9675
4270.0000 26.0940 2.9666
4275.0000 26.1803 2.9933
4280.0000 26.2302 3.0125
4285.0000 26.2336 3.0122
4290.0000 26.2411 3.0115
4295.0000 26.2885 3.0096
4300.0000 26.3029 3.0088
4305.0000 26.3627 3.0278
4310.0000 26.4045 3.0255
4315.0000 26.4424 3.0218
4320.0000 26.4514 3.0204
4325.0000 26.4955 3.0186
4330.0000 26.5208 3.0149
4335.0000 26.5390 3.0123
4340.0000 26.5634 3.0120
4345.0000 26.5813 3.0088
4350.0000 26.6034 3.0025
4355.0000 26.6678 3.0514
4360.0000 26.7175 3.0649
4365.0000 26.7454 3.0658
4370.0000 26.7546 3.0649
4375.0000 26.7715 3.0654
4380.0000 26.7891 3.0637
4385.0000 26.8650 3.0959
4390.0000 26.8809 3.0951
4395.0000 26.9086 3.1113
4400.0000 26.9239 3.1082
4405.0000 26.9852 3.1216
4410.0000 27.0101 3.1181
4415.0000 27.0379 3.1214
4420.0000 27.0909 3.1154
4425.0000 27.1143 3.1164
4430.0000 27.1541 3.1248
4435.0000 27.2044 3.1387
4440.0000 27.2401 3.1421
4445.0000 27.2573 3.1495
4450.0000 27.2851 3.1499
4455.0000 27.3445 3.1543
4460.0000 27.3616 3.1548
4465.0000 27.4397 3.1784
4470.0000 27.4660 3.1845
4475.0000 27.4931 3.1940
4480.0000 27.5024 3.1965
4485.0000 27.5310 3.2030
4490.0000 27.5994 3.2116
4495.0000 27.6649 3.2085
4500.0000 27.6878 3.2188
4505.0000 27.7092 3.2226
4510.0000 27.7523 3.2321
4515.0000 27.8145 3.2339
4520.0000 27.8813 3.2612
4525.0000 27.9274 3.2806
4530.0000 27.9729 3.2961
4535.0000 27.9971 3.2988
4540.0000 28.0197 3.2998
4545.0000 28.0853 3.3148
4550.0000 28.1097 3.3142
4555.0000 28.1455 3.3206
4560.0000 28.1762 3.3198
4565.0000 28.2455 3.3070
4570.0000 28.2696 3.3038
4575.0000 28.2879 3.3045
4580.0000 28.3425 3.3006
4585.0000 28.4088 3.3085
4590.0000 28.4239 3.3075
4595.0000 28.4693 3.3252
4600.0000 28.5293 3.3388
4605.0000 28.5373 3.3374
4610.0000 28.5606 3.3369
4615.0000 28.5755 3.3345
4620.0000 28.5853 3.3347
4625.0000 28.5966 3.3339
4630.0000 28.6090 3.3348
4635.0000 28.6289 3.3330
4640.0000 28.7006 3.3716
4645.0000 28.8275 3.4512
4650.0000 28.8730 3.4776
4655.0000 28.8855 3.4830
4660.0000 28.9000 3.4849
4665.0000 28.9031 3.4843
4670.0000 28.9268 3.4875
4675.0000 28.9311 3.4863
4680.0000 28.9622 3.4907
4685.0000 28.9678 3.4917
4690.0000 29.0609 3.4925
4695.0000 29.0869 3.4947
4700.0000 29.1011 3.4982
4705.0000 29.1251 3.4970
4710.0000 29.1712 3.5333
4715.0000 29.1972 3.5358
4720.0000 29.1972 3.5358
4725.0000 29.2525 3.5353
4730.0000 29.2628 3.5347
4735.0000 29.3304 3.5500
4740.0000 29.3837 3.5464
4745.0000 29.3930 3.5451
4750.0000 29.4070 3.5452
4755.0000 29.4170 3.5438
4760.0000 29.4342 3.5412
4765.0000 29.4502 3.5363
4770.0000 29.5011 3.5465
4775.0000 29.5371 3.5395
4780.0000 29.5487 3.5373
4785.0000 29.5586 3.5377
4790.0000 29.5696 3.5388
4795.0000 29.5838 3.5395
4800.0000 29.5997 3.5387
4805.0000 29.6034 3.5383
4810.0000 29.6254 3.5374
4815.0000 29.6714 3.5346
4820.0000 29.6909 3.5338
4825.0000 29.7081 3.5316
4830.0000 29.7202 3.5314
4835.0000 29.7795 3.5359
4840.0000 29.8227 3.5372
4845.0000 29.8310 3.5363
4850.0000 29.8793 3.5855
4855.0000 29.9502 3.6304
4860.0000 29.9669 3.6283
4865.0000 29.9875 3.6304
4870.0000 30.0121 3.6321
4875.0000 30.0267 3.6337
4880.0000 30.0876 3.6743
4885.0000 30.1566 3.6810
4890.0000 30.1728 3.6842
4895.0000 30.1965 3.6884
4900.0000 30.2626 3.7282
4905.0000 30.3556 3.7683
4910.0000 30.4327 3.8167
4915.0000 30.4631 3.8058
4920.0000 30.5014 3.8136
4925.0000 30.5551 3.8336
4930.0000 30.5972 3.8431
4935.0000 30.6887 3.8620
4940.0000 30.7526 3.8739
4945.0000 30.7948 3.8790
4950.0000 30.8781 3.9301
4955.0000 30.8659 3.8741
4960.0000 30.8892 3.8789
4965.0000 30.9490 3.9130
4970.0000 31.0055 3.9124
4975.0000 31.0287 3.9003
4980.0000 31.0511 3.9056
4985.0000 31.1678 3.9562
4990.0000 31.2307 3.9907
4995.0000 31.2674 3.9958
5000.0000 31.3132 4.0246
5005.0000 31.4828 4.1528
5010.0000 31.4937 4.1575
5015.0000 31.5078 4.1608
5020.0000 31.5852 4.2027
5025.0000 31.6667 4.2475
5030.0000 31.7307 4.2695
5035.0000 31.7409 4.2151
5040.0000 31.8485 4.2940
5045.0000 31.8198 4.2514
5050.0000 31.8328 4.2511
5055.0000 31.8828 4.2869
5060.0000 31.8868 4.2869
5065.0000 31.9203 4.2864
5070.0000 31.9575 4.2979
5075.0000 31.9783 4.2980
5080.0000 32.0228 4.3193
5085.0000 32.1205 4.3540
5090.0000 32.1251 4.3558
5095.0000 32.1876 4.3749
5100.0000 32.1991 4.3766
5105.0000 32.1991 4.3766
5110.0000 32.2539 4.4072
5115.0000 32.2539 4.4072
5120.0000 32.2848 4.4065
5125.0000 32.3208 4.4068
5130.0000 32.3789 4.4110
5135.0000 32.3933 4.4090
5140.0000 32.4474 4.4288
5145.0000 32.5756 4.4932
5150.0000 32.5944 4.4919
5155.0000 32.6771 4.5389
5160.0000 32.6827 4.5407
5165.0000 32.6952 4.5383
5170.0000 32.7084 4.5405
5175.0000 32.8035 4.6077
5180.0000 32.8108 4.6091
5185.0000 32.8194 4.6090
5190.0000 32.8454 4.6203
5195.0000 32.8533 4.6185
5200.0000 32.8778 4.6142
5205.0000 32.9329 4.6430
5210.0000 32.9086 4.5905
5215.0000 32.9520 4.6279
5220.0000 32.9772 4.6254
5225.0000 32.9837 4.6242
5230.0000 33.0098 4.6261
5235.0000 33.0423 4.6268
5240.0000 33.1187 4.6249
5245.0000 33.1759 4.6264
5250.0000 33.2095 4.6277
5255.0000 33.2248 4.6299
5260.0000 33.2514 4.6362
5265.0000 33.2959 4.6582
5270.0000 33.3153 4.6571
5275.0000 33.3376 4.6633
5280.0000 33.3420 4.6652
5285.0000 33.3656 4.6680
5290.0000 33.3749 4.6704
5295.0000 33.4204 4.6956
5300.0000 33.4316 4.6939
5305.0000 33.4351 4.6926
5310.0000 33.5016 4.7458
5315.0000 33.5147 4.7471
5320.0000 33.5451 4.7501
5325.0000 33.5647 4.7520
5330.0000 33.5829 4.7544
5335.0000 33.5980 4.7563
5340.0000 33.6224 4.7609
5345.0000 33.6397 4.7667
5350.0000 33.6899 4.7723
5355.0000 33.7152 4.7779
5360.0000 33.7537 4.7840
5365.0000 33.8032 4.8004
5370.0000 33.8362 4.8130
5375.0000 33.8535 4.8164
5380.0000 33.9134 4.8264
5385.0000 33.9230 4.8298
5390.0000 33.9915 4.8610
5395.0000 34.0186 4.8702
5400.0000 34.0727 4.9136
5405.0000 34.0762 4.8904
5410.0000 34.1007 4.9063
5415.0000 34.1327 4.9112
5420.0000 34.1466 4.9180
5425.0000 34.1733 4.9269
5430.0000 34.1937 4.9288
5435.0000 34.2138 4.9244
5440.0000 34.2589 4.9538
5445.0000 34.2965 4.9707
5450.0000 34.3227 4.9772
5455.0000 34.3280 4.9756
5460.0000 34.3836 5.0153
5465.0000 34.3917 5.0182
5470.0000 34.4433 5.0416
5475.0000 34.4847 5.0742
5480.0000 34.5195 5.0813
5485.0000 34.5299 5.0824
5490.0000 34.5756 5.0909
5495.0000 34.6066 5.0919
5500.0000 34.6208 5.0889
5505.0000 34.6711 5.1015
5510.0000 34.7549 5.1355
5515.0000 34.8354 5.1533
5520.0000 34.9131 5.2115
5525.0000 35.0040 5.2057
5530.0000 35.0613 5.2074
5535.0000 35.0760 5.2056
5540.0000 35.0854 5.2046
5545.0000 35.1926 5.2713
5550.0000 35.2278 5.2819
5555.0000 35.2529 5.2813
5560.0000 35.2620 5.2798
5565.0000 35.3276 5.2920
5570.0000 35.3774 5.3233
5575.0000 35.4010 5.3266
5580.0000 35.4532 5.3309
5585.0000 35.4786 5.3316
5590.0000 35.5419 5.3247
5595.0000 35.5944 5.3451
5600.0000 35.6261 5.3509
5605.0000 35.6363 5.3574
5610.0000 35.7171 5.3977
5615.0000 35.7344 5.4083
5620.0000 35.7561 5.3844
5625.0000 35.7706 5.3944
5630.0000 35.8002 5.4125
5635.0000 35.8301 5.4266
5640.0000 35.8559 5.4433
5645.0000 35.9518 5.4860
5650.0000 36.0068 5.5320
5655.0000 36.0866 5.5798
5660.0000 36.1363 5.6101
5665.0000 36.1910 5.6571
5670.0000 36.2125 5.6677
5675.0000 36.2272 5.6806
5680.0000 36.2469 5.6938
5685.0000 36.2900 5.7326
5690.0000 36.3125 5.7443
5695.0000 36.3328 5.7571
5700.0000 36.3514 5.7682
5705.0000 36.3709 5.7773
5710.0000 36.4270 5.8007
5715.0000 36.4536 5.8093
5720.0000 36.4734 5.8077
5725.0000 36.4519 5.7627
5730.0000 36.4813 5.7608
5735.0000 36.4995 5.7579
5740.0000 36.5563 5.7580
5745.0000 36.6082 5.7599
5750.0000 36.6311 5.7612
5755.0000 36.6259 5.7329
5760.0000 36.6671 5.7682
5765.0000 36.6907 5.7701
5770.0000 36.7081 5.7696
5775.0000 36.7872 5.8159
5780.0000 36.8255 5.8131
5785.0000 36.8502 5.8146
5790.0000 36.8324 5.7659
5795.0000 36.8363 5.7703
5800.0000 36.8952 5.7897
5805.0000 36.8992 5.7891
5810.0000 36.9251 5.7838
5815.0000 36.9649 5.7852
5820.0000 37.0178 5.8089
5825.0000 37.0736 5.8280
5830.0000 37.1236 5.8619
5835.0000 37.1861 5.8669
5840.0000 37.1928 5.8695
5845.0000 37.2225 5.8717
5850.0000 37.2731 5.8793
5855.0000 37.2948 5.8826
5860.0000 37.3001 5.8853
5865.0000 37.3080 5.8844
5870.0000 37.3955 5.9560
5875.0000 37.4295 5.9840
5880.0000 37.5223 6.0445
5885.0000 37.5927 6.0537
5890.0000 37.6068 6.0516
5895.0000 37.6962 6.0982
5900.0000 37.7167 6.0932
5905.0000 37.7421 6.0889
5910.0000 37.7769 6.0834
5915.0000 37.8367 6.0970
5920.0000 37.8586 6.0965
5925.0000 37.8824 6.0934
5930.0000 37.9641 6.1092
5935.0000 38.0317 6.1493
5940.0000 38.0732 6.1434
5945.0000 38.0818 6.1414
5950.0000 38.1148 6.1478
5955.0000 38.1286 6.1445
5960.0000 38.1603 6.1436
5965.0000 38.1773 6.1476
5970.0000 38.1964 6.1479
5975.0000 38.2215 6.1516
5980.0000 38.2396 6.1533
5985.0000 38.2746 6.1519
5990.0000 38.2989 6.1465
5995.0000 38.3448 6.1414
6000.0000 38.3754 6.1379
6005.0000 38.3990 6.1349
6010.0000 38.4259 6.1316
6015.0000 38.4520 6.1292
6020.0000 38.4989 6.1240
6025.0000 38.5536 6.1576
6030.0000 38.6513 6.2076
6035.0000 38.6887 6.2088
6040.0000 38.7353 6.2078
6045.0000 38.7743 6.2100
6050.0000 38.7924 6.2150
6055.0000 38.8322 6.2156
6060.0000 38.8527 6.2240
6065.0000 38.8838 6.2278
6070.0000 38.9121 6.2403
6075.0000 38.9424 6.2452
6080.0000 38.9776 6.2496
6085.0000 39.0382 6.2510
6090.0000 39.0826 6.2652
6095.0000 39.1548 6.3322
6100.0000 39.2063 6.3451
6105.0000 39.2341 6.3573
6110.0000 39.2783 6.3697
6115.0000 39.2560 6.3309
6120.0000 39.2875 6.3364
6125.0000 39.3120 6.3325
6130.0000 39.3315 6.3351
6135.0000 39.3474 6.3390
6140.0000 39.3655 6.3391
6145.0000 39.3904 6.3421
6150.0000 39.3946 6.3414
6155.0000 39.4125 6.3420
6160.0000 39.4459 6.3536
6165.0000 39.4627 6.3541
6170.0000 39.4678 6.3603
6175.0000 39.4738 6.3591
6180.0000 39.4929 6.3567
6185.0000 39.5046 6.3522
6190.0000 39.5174 6.3520
6195.0000 39.5174 6.3520
6200.0000 39.5524 6.3490
6205.0000 39.5555 6.3483
6210.0000 39.5891 6.3476
6215.0000 39.5826 6.2947
6220.0000 39.6222 6.2860
6225.0000 39.6693 6.3142
6230.0000 39.6791 6.3104
6235.0000 39.7186 6.3058
6240.0000 39.7362 6.3004
6245.0000 39.7792 6.2929
6250.0000 39.7969 6.2879
6255.0000 39.8127 6.2652
6260.0000 39.8346 6.2694
6265.0000 39.8629 6.2665
6270.0000 39.8839 6.2721
6275.0000 39.9284 6.2701
6280.0000 39.9372 6.2698
6285.0000 39.9787 6.2715
6290.0000 40.0090 6.2826
6295.0000 40.0235 6.2846
6300.0000 40.0543 6.2822
6305.0000 40.1128 6.2895
6310.0000 40.1500 6.2949
6315.0000 40.1999 6.3098
6320.0000 40.2029 6.2922
6325.0000 40.2369 6.3001
6330.0000 40.2644 6.3056
6335.0000 40.3008 6.3178
6340.0000 40.3165 6.3170
6345.0000 40.3366 6.3312
6350.0000 40.3582 6.3361
6355.0000 40.4466 6.3505
6360.0000 40.4679 6.3535
6365.0000 40.4922 6.3586
6370.0000 40.6133 6.4336
6375.0000 40.6515 6.4453
6380.0000 40.6634 6.4430
6385.0000 40.6712 6.4440
6390.0000 40.7733 6.4717
6395.0000 40.7819 6.4693
6400.0000 40.7962 6.4745
6405.0000 40.8061 6.4689
6410.0000 40.8613 6.4953
6415.0000 40.9253 6.5266
6420.0000 40.9356 6.5200
6425.0000 40.9372 6.5116
6430.0000 40.9384 6.5070
6435.0000 40.9668 6.5165
6440.0000 40.9731 6.5129
6445.0000 41.0358 6.5270
6450.0000 41.0401 6.5254
6455.0000 41.1142 6.5389
6460.0000 41.1564 6.5565
6465.0000 41.2204 6.5935
6470.0000 41.2371 6.5884
6475.0000 41.2493 6.5853
6480.0000 41.2688 6.5906
6485.0000 41.3361 6.6082
6490.0000 41.3568 6.6119
6495.0000 41.3601 6.6113
6500.0000 41.3858 6.6085
6505.0000 41.3947 6.6076
6510.0000 41.4471 6.6416
6515.0000 41.4659 6.6396
6520.0000 41.4788 6.6363
6525.0000 41.5037 6.6394
6530.0000 41.5189 6.6372
6535.0000 41.6076 6.6534
6540.0000 41.6362 6.6493
6545.0000 41.6572 6.6506
6550.0000 41.7001 6.6727
6555.0000 41.7447 6.6760
6560.0000 41.7530 6.6773
6565.0000 41.8503 6.7322
6570.0000 41.8683 6.7372
6575.0000 41.8919 6.7403
6580.0000 41.9068 6.7410
6585.0000 41.9116 6.7423
6590.0000 41.9566 6.7605
6595.0000 41.9958 6.7784
6600.0000 42.0174 6.7780
6605.0000 42.0586 6.8034
6610.0000 42.0676 6.8021
6615.0000 42.0850 6.8069
6620.0000 42.0978 6.8032
6625.0000 42.1228 6.8045
6630.0000 42.1315 6.8022
6635.0000 42.1465 6.7988
6640.0000 42.1663 6.7999
6645.0000 42.1775 6.7977
6650.0000 42.2490 6.8209
6655.0000 42.2670 6.8158
6660.0000 42.3213 6.8186
6665.0000 42.3413 6.8155
6670.0000 42.3487 6.8143
6675.0000 42.3405 6.7829
6680.0000 42.4031 6.8064
6685.0000 42.4184 6.8092
6690.0000 42.3633 6.7281
6695.0000 42.3925 6.7278
6700.0000 42.4076 6.7249
6705.0000 42.4259 6.7199
6710.0000 42.4575 6.7189
6715.0000 42.5003 6.7097
6720.0000 42.5303 6.7104
6725.0000 42.5493 6.7080
6730.0000 42.5974 6.7501
6735.0000 42.6228 6.7487
6740.0000 42.6309 6.7481
6745.0000 42.6087 6.6935
6750.0000 42.6181 6.6922
6755.0000 42.6261 6.6914
6760.0000 42.6900 6.6839
6765.0000 42.7338 6.6759
6770.0000 42.7567 6.6817
6775.0000 42.8079 6.7039
6780.0000 42.8351 6.7081
6785.0000 42.8460 6.7082
6790.0000 42.8784 6.7122
6795.0000 42.8950 6.7097
6800.0000 42.9224 6.7103
6805.0000 42.9346 6.7102
6810.0000 43.0207 6.7136
6815.0000 43.0277 6.7127
6820.0000 43.0858 6.7123
6825.0000 43.1390 6.7430
6830.0000 43.1756 6.7535
6835.0000 43.1923 6.7554
6840.0000 43.2048 6.7534
6845.0000 43.2572 6.7564
6850.0000 43.2616 6.7556
6855.0000 43.2747 6.7551
6860.0000 43.2924 6.7536
6865.0000 43.3100 6.7504
6870.0000 43.3778 6.7692
6875.0000 43.3925 6.7673
6880.0000 43.4168 6.7653
6885.0000 43.4651 6.8037
6890.0000 43.4909 6.8019
6895.0000 43.5030 6.8021
6900.0000 43.5187 6.8057
6905.0000 43.5905 6.8434
6910.0000 43.5842 6.8306
6915.0000 43.6504 6.8254
6920.0000 43.6981 6.8473
6925.0000 43.7346 6.8600
6930.0000 43.7839 6.8339
6935.0000 43.8337 6.8276
6940.0000 43.8482 6.8310
6945.0000 43.8737 6.8336
6950.0000 43.9106 6.8291
6955.0000 43.9667 6.8652
6960.0000 43.9846 6.8631
6965.0000 43.9960 6.8624
6970.0000 44.0510 6.8920
6975.0000 44.0660 6.8778
6980.0000 44.0833 6.8778
6985.0000 44.0927 6.8773
6990.0000 44.1344 6.8886
6995.0000 44.1434 6.8816
7000.0000 44.1581 6.8870
7005.0000 44.2003 6.9193
7010.0000 44.2151 6.9230
7015.0000 44.2301 6.9273
7020.0000 44.2409 6.9262
7025.0000 44.2600 6.9214
7030.0000 44.2345 6.8954
7035.0000 44.2605 6.8927
7040.0000 44.2417 6.8573
7045.0000 44.2854 6.8851
7050.0000 44.2952 6.8843
7055.0000 44.2952 6.8843
7060.0000 44.3151 6.8816
7065.0000 44.2931 6.8468
7070.0000 44.2640 6.8044
7075.0000 44.2741 6.8035
7080.0000 44.3170 6.8399
7085.0000 44.3393 6.8371
7090.0000 44.3491 6.8372
7095.0000 44.3700 6.8343
7100.0000 44.3836 6.8391
7105.0000 44.4122 6.8201
7110.0000 44.4305 6.8202
7115.0000 44.4634 6.8222
7120.0000 44.5227 6.8364
7125.0000 44.5396 6.8304
7130.0000 44.5807 6.8653
7135.0000 44.6199 6.8908
7140.0000 44.6948 6.9246
7145.0000 44.7033 6.9234
7150.0000 44.6860 6.8887
7155.0000 44.6745 6.8623
7160.0000 44.7003 6.8655
7165.0000 44.7276 6.8729
7170.0000 44.7619 6.8781
7175.0000 44.7865 6.8785
7180.0000 44.8156 6.8783
7185.0000 44.8574 6.8912
7190.0000 44.9669 6.8965
7195.0000 45.0000 6.8979
7200.0000 45.0425 6.9269
7205.0000 45.0811 6.9229
7210.0000 45.2116 6.9583
7215.0000 45.2919 7.0022
7220.0000 45.3471 7.0308
7225.0000 45.3295 6.9895
7230.0000 45.3005 6.9573
7235.0000 45.3207 6.9621
7240.0000 45.3654 6.9590
7245.0000 45.4291 6.9327
7250.0000 45.5199 6.9569
7255.0000 45.5504 6.9527
7260.0000 45.5615 6.9527
7265.0000 45.5971 6.9650
7270.0000 45.6315 6.9783
7275.0000 45.6489 6.9778
7280.0000 45.7112 7.0210
7285.0000 45.7855 7.0472
7290.0000 45.8381 7.0524
7295.0000 45.9309 7.1148
7300.0000 45.9672 7.1119
7305.0000 45.9955 7.1061
7310.0000 45.9934 7.0637
7315.0000 46.0123 7.0674
7320.0000 46.0340 7.0685
7325.0000 46.0939 7.0788
7330.0000 46.0722 7.0486
7335.0000 46.1007 7.0470
7340.0000 46.1243 7.0469
7345.0000 46.1430 7.0481
7350.0000 46.1655 7.0484
7355.0000 46.1838 7.0481
7360.0000 46.1957 7.0509
7365.0000 46.1939 7.0493
7370.0000 46.1784 7.0193
7375.0000 46.1965 7.0179
7380.0000 46.2077 7.0166
7385.0000 46.2272 7.0199
7390.0000 46.2853 7.0205
7395.0000 46.3074 7.0205
7400.0000 46.2827 6.9768
7405.0000 46.3128 6.9752
7410.0000 46.3357 6.9762
7415.0000 46.3571 6.9780
7420.0000 46.3780 6.9740
7425.0000 46.4095 6.9786
7430.0000 46.4619 6.9956
7435.0000 46.5163 7.0211
7440.0000 46.6110 7.0589
7445.0000 46.6261 7.0532
7450.0000 46.6348 7.0538
7455.0000 46.6587 7.0480
7460.0000 46.6606 7.0327
7465.0000 46.6908 7.0353
7470.0000 46.7438 7.0501
7475.0000 46.7420 7.0442
7480.0000 46.7981 7.0681
7485.0000 46.8007 7.0670
7490.0000 46.9493 7.1281
7495.0000 47.0022 7.1308
7500.0000 47.0863 7.1389
7505.0000 47.1634 7.1506
7510.0000 47.1839 7.1441
7515.0000 47.2367 7.1474
7520.0000 47.2523 7.1455
7525.0000 47.3458 7.1923
7530.0000 47.3603 7.1922
7535.0000 47.3743 7.1880
7540.0000 47.4159 7.1801
7545.0000 47.5257 7.1866
7550.0000 47.5189 7.1506
7555.0000 47.5263 7.1559
7560.0000 47.5756 7.1642
7565.0000 47.5896 7.1630
7570.0000 47.6007 7.1651
7575.0000 47.6341 7.1648
7580.0000 47.6811 7.1872
7585.0000 47.7029 7.1784
7590.0000 47.7156 7.1772
7595.0000 47.7357 7.1723
7600.0000 47.7618 7.1676
7605.0000 47.8287 7.1786
7610.0000 47.8972 7.2096
7615.0000 47.9441 7.2323
7620.0000 47.9561 7.2299
7625.0000 48.0344 7.2691
7630.0000 48.0895 7.2850
7635.0000 48.1474 7.2991
7640.0000 48.2030 7.3208
7645.0000 48.2925 7.3873
7650.0000 48.3592 7.4072
7655.0000 48.3828 7.4093
7660.0000 48.4036 7.4125
7665.0000 48.4184 7.4138
7670.0000 48.4245 7.4133
7675.0000 48.4431 7.4083
7680.0000 48.4927 7.4205
7685.0000 48.5095 7.4196
7690.0000 48.5170 7.4192
7695.0000 48.5518 7.4311
7700.0000 48.5679 7.4354
7705.0000 48.6835 7.4868
7710.0000 48.7028 7.4904
7715.0000 48.7782 7.5210
7720.0000 48.8010 7.5246
7725.0000 48.8172 7.5312
7730.0000 48.8778 7.5487
7735.0000 48.8927 7.5603
7740.0000 48.9221 7.5668
7745.0000 48.9422 7.5700
7750.0000 49.0204 7.6124
7755.0000 49.0570 7.6235
7760.0000 49.0684 7.6212
7765.0000 49.1271 7.6308
7770.0000 49.2009 7.6704
7775.0000 49.2219 7.6638
7780.0000 49.2430 7.6522
7785.0000 49.3061 7.6772
7790.0000 49.3190 7.6759
7795.0000 49.3296 7.6761
7800.0000 49.4077 7.7127
7805.0000 49.4469 7.7360
7810.0000 49.5394 7.7899
7815.0000 49.5622 7.7962
7820.0000 49.6131 7.8123
7825.0000 49.6247 7.8071
7830.0000 49.6583 7.7927
7835.0000 49.6703 7.7851
7840.0000 49.6871 7.7825
7845.0000 49.6901 7.7660
7850.0000 49.6949 7.7571
7855.0000 49.7057 7.7614
7860.0000 49.7266 7.7614
7865.0000 49.7335 7.7654
7870.0000 49.7509 7.7655
7875.0000 49.7564 7.7661
7880.0000 49.7564 7.7661
7885.0000 49.7829 7.7630
7890.0000 49.7891 7.7575
7895.0000 49.8175 7.7517
7900.0000 49.8442 7.7492
7905.0000 49.8802 7.7436
7910.0000 49.9031 7.7385
7915.0000 49.9457 7.7524
7920.0000 49.9623 7.7569
7925.0000 50.0130 7.7925
7930.0000 50.0473 7.7912
7935.0000 50.0539 7.7856
7940.0000 50.1030 7.8067
7945.0000 50.1182 7.8107
7950.0000 50.1363 7.8043
7955.0000 50.1653 7.8082
7960.0000 50.1850 7.8056
7965.0000 50.2150 7.8070
7970.0000 50.2715 7.8404
7975.0000 50.3462 7.8598
7980.0000 50.4269 7.8796
7985.0000 50.4434 7.8783
7990.0000 50.4602 7.8772
7995.0000 50.4721 7.8828
8000.0000 50.5167 7.8872
8005.0000 50.5540 7.8965
8010.0000 50.6499 7.9574
8015.0000 50.6724 7.9493
8020.0000 50.6886 7.9484
8025.0000 50.7222 7.9712
8030.0000 50.7339 7.9676
8035.0000 50.7766 7.9841
8040.0000 50.7910 7.9869
8045.0000 50.7951 7.9871
8050.0000 50.8630 8.0107
8055.0000 50.8536 7.9775
8060.0000 50.8866 7.9688
8065.0000 50.9127 7.9591
8070.0000 50.9315 7.9532
8075.0000 50.8813 7.8909
8080.0000 50.9032 7.8747
8085.0000 50.9127 7.8755
8090.0000 50.9341 7.8684
8095.0000 51.0045 7.9052
8100.0000 51.0122 7.9078
8105.0000 51.0278 7.9089
8110.0000 51.0379 7.9126
8115.0000 51.0996 7.9402
8120.0000 51.1129 7.9392
8125.0000 51.1753 7.9408
8130.0000 51.3616 8.0296
8135.0000 51.4523 8.0705
8140.0000 51.5468 8.0916
8145.0000 51.6227 8.0859
8150.0000 51.6853 8.1057
8155.0000 51.7553 8.1243
8160.0000 51.7859 8.1306
8165.0000 51.8205 8.1312
8170.0000 51.8381 8.1339
8175.0000 51.8460 8.1332
8180.0000 51.8584 8.1314
8185.0000 51.8720 8.1289
8190.0000 51.8934 8.1234
8195.0000 51.9049 8.1242
8200.0000 51.9251 8.1193
8205.0000 51.9384 8.1157
8210.0000 51.9559 8.1173
8215.0000 52.0148 8.1446
8220.0000 52.0288 8.1309
8225.0000 52.0475 8.1351
8230.0000 52.0608 8.1320
8235.0000 52.1365 8.1767
8240.0000 52.1508 8.1801
8245.0000 52.1299 8.1605
8250.0000 52.1441 8.1556
8255.0000 52.1725 8.1654
8260.0000 52.1441 8.1300
8265.0000 52.1637 8.1289
8270.0000 52.2119 8.1543
8275.0000 52.1780 8.1178
8280.0000 52.1971 8.1152
8285.0000 52.2389 8.1360
8290.0000 52.2922 8.1612
8295.0000 52.3626 8.1687
8300.0000 52.3869 8.1694
8305.0000 52.4042 8.1645
8310.0000 52.4136 8.1625
8315.0000 52.4406 8.1639
8320.0000 52.5161 8.2088
8325.0000 52.5778 8.2372
8330.0000 52.5561 8.2103
8335.0000 52.6270 8.2478
8340.0000 52.6449 8.2401
8345.0000 52.6674 8.2388
8350.0000 52.6812 8.2382
8355.0000 52.6689 8.2148
8360.0000 52.6651 8.2059
8365.0000 52.6859 8.2084
8370.0000 52.6927 8.2092
8375.0000 52.7017 8.2081
8380.0000 52.7729 8.2463
8385.0000 52.7932 8.2477
8390.0000 52.8086 8.2466
8395.0000 52.8122 8.2455
8400.0000 52.8302 8.2462
8405.0000 52.8642 8.2703
8410.0000 52.8360 8.2414
8415.0000 52.8514 8.2420
8420.0000 52.8574 8.2456
8425.0000 52.8889 8.2545
8430.0000 52.9147 8.2749
8435.0000 52.9618 8.2961
8440.0000 52.9685 8.2970
8445.0000 52.9798 8.2940
8450.0000 53.0062 8.2906
8455.0000 52.9493 8.2200
8460.0000 53.0483 8.2558
8465.0000 53.0209 8.2189
8470.0000 53.0412 8.2121
8475.0000 53.1221 8.2391
8480.0000 53.1464 8.2332
8485.0000 53.1724 8.2315
8490.0000 53.2128 8.2463
8495.0000 53.2298 8.2531
8500.0000 53.2161 8.2374
8505.0000 53.2600 8.2452
8510.0000 53.2770 8.2439
8515.0000 53.2838 8.2422
8520.0000 53.3108 8.2504
8525.0000 53.3216 8.2503
8530.0000 53.2967 8.2208
8535.0000 53.3061 8.2198
8540.0000 53.3205 8.2185
8545.0000 53.3265 8.2119
8550.0000 53.3893 8.2481
8555.0000 53.4366 8.2775
8560.0000 53.4448 8.2766
8565.0000 53.4636 8.2783
8570.0000 53.4744 8.2778
8575.0000 53.5004 8.2700
8580.0000 53.5090 8.2689
8585.0000 53.5205 8.2619
8590.0000 53.5325 8.2576
8595.0000 53.5358 8.2331
8600.0000 53.5461 8.2353
8605.0000 53.5739 8.2371
8610.0000 53.6223 8.2713
8615.0000 53.6382 8.2708
8620.0000 53.6636 8.2700
8625.0000 53.6855 8.2649
8630.0000 53.7209 8.2619
8635.0000 53.7672 8.2780
8640.0000 53.8299 8.2677
8645.0000 53.8638 8.2700
8650.0000 53.8723 8.2589
8655.0000 53.9007 8.2618
8660.0000 53.9109 8.2654
8665.0000 53.9380 8.2619
8670.0000 53.9458 8.2614
8675.0000 53.9643 8.2619
8680.0000 54.0286 8.2995
8685.0000 54.0511 8.3079
8690.0000 54.0787 8.3175
8695.0000 54.0954 8.3238
8700.0000 54.1048 8.3235
8705.0000 54.1210 8.3248
8710.0000 54.1288 8.3226
8715.0000 54.1123 8.2987
8720.0000 54.1134 8.2952
8725.0000 54.0650 8.2443
8730.0000 54.0914 8.2459
8735.0000 54.1018 8.2510
8740.0000 54.1396 8.2723
8745.0000 54.1501 8.2695
8750.0000 54.1579 8.2663
8755.0000 54.1897 8.2599
8760.0000 54.1356 8.2034
8765.0000 54.1547 8.2079
8770.0000 54.1628 8.2138
8775.0000 54.1744 8.2122
8780.0000 54.2276 8.2536
8785.0000 54.2341 8.2519
8790.0000 54.2210 8.2355
8795.0000 54.2292 8.2337
8800.0000 54.2389 8.2372
8805.0000 54.2443 8.2357
8810.0000 54.3026 8.2712
8815.0000 54.3131 8.2705
8820.0000 54.3621 8.3023
8825.0000 54.3247 8.2648
8830.0000 54.3350 8.2685
8835.0000 54.3632 8.2814
8840.0000 54.3822 8.2855
8845.0000 54.4687 8.3449
8850.0000 54.5189 8.3714
8855.0000 54.5236 8.3696
8860.0000 54.5303 8.3639
8865.0000 54.5411 8.3621
8870.0000 54.5563 8.3629
8875.0000 54.5793 8.3571
8880.0000 54.5879 8.3518
8885.0000 54.6109 8.3489
8890.0000 54.6254 8.3512
8895.0000 54.6308 8.3531
8900.0000 54.6544 8.3506
8905.0000 54.5620 8.2748
8910.0000 54.6216 8.3121
8915.0000 54.6301 8.3167
8920.0000 54.6493 8.3190
8925.0000 54.6495 8.3049
8930.0000 54.7048 8.3431
8935.0000 54.7220 8.3506
8940.0000 54.7263 8.3505
8945.0000 54.6860 8.3163
8950.0000 54.7060 8.3133
8955.0000 54.7403 8.2974
8960.0000 54.7771 8.2894
8965.0000 54.7858 8.2892
8970.0000 54.7885 8.2866
8975.0000 54.8301 8.3110
8980.0000 54.8380 8.3140
8985.0000 54.8525 8.3169
8990.0000 54.8640 8.3107
8995.0000 54.8988 8.3173
9000.0000 54.9072 8.3158
9005.0000 54.9858 8.3550
9010.0000 55.0042 8.3485
9015.0000 55.0542 8.3661
9020.0000 55.0293 8.3390
9025.0000 55.0439 8.3447
9030.0000 55.0197 8.3190
9035.0000 55.0419 8.3296
9040.0000 55.0510 8.3307
9045.0000 55.0556 8.3296
9050.0000 55.0707 8.3320
9055.0000 55.1299 8.3554
9060.0000 55.1454 8.3552
9065.0000 55.1942 8.3896
9070.0000 55.1600 8.3574
9075.0000 55.1983 8.3761
9080.0000 55.2335 8.3891
9085.0000 55.2175 8.3603
9090.0000 55.1876 8.3289
9095.0000 55.2022 8.3379
9100.0000 55.2109 8.3349
9105.0000 55.2140 8.3350
9110.0000 55.2392 8.3362
9115.0000 55.2524 8.3363
9120.0000 55.3220 8.3754
9125.0000 55.3853 8.4116
9130.0000 55.4008 8.4161
9135.0000 55.4047 8.4147
9140.0000 55.4270 8.4133
9145.0000 55.3944 8.3741
9150.0000 55.4102 8.3733
9155.0000 55.4188 8.3705
9160.0000 55.4464 8.3871
9165.0000 55.4659 8.3712
9170.0000 55.5021 8.3947
9175.0000 55.4968 8.3652
9180.0000 55.5132 8.3709
9185.0000 55.5796 8.3993
9190.0000 55.6249 8.3984
9195.0000 55.7049 8.4461
9200.0000 55.7246 8.4466
9205.0000 55.7014 8.4206
9210.0000 55.7109 8.4154
9215.0000 55.6946 8.3820
9220.0000 55.7103 8.3816
9225.0000 55.6705 8.3328
9230.0000 55.6933 8.3431
9235.0000 55.6982 8.3356
9240.0000 55.6894 8.3210
9245.0000 55.7308 8.3474
9250.0000 55.8238 8.4108
9255.0000 55.8290 8.4097
9260.0000 55.8872 8.4361
9265.0000 55.8912 8.4352
9270.0000 55.9095 8.4321
9275.0000 55.9183 8.4339
9280.0000 55.9342 8.4312
9285.0000 55.9548 8.4347
9290.0000 55.9947 8.4477
9295.0000 55.9514 8.3851
9300.0000 55.9892 8.3876
9305.0000 56.0191 8.3828
9310.0000 56.0293 8.3828
9315.0000 56.1451 8.4496
9320.0000 56.1591 8.4454
9325.0000 56.1819 8.4328
9330.0000 56.2033 8.4238
9335.0000 56.2492 8.4458
9340.0000 56.2643 8.4427
9345.0000 56.2828 8.4387
9350.0000 56.3058 8.4370
9355.0000 56.3061 8.4233
9360.0000 56.3337 8.4194
9365.0000 56.3594 8.4253
9370.0000 56.3803 8.4205
9375.0000 56.3931 8.4196
9380.0000 56.4058 8.4229
9385.0000 56.4348 8.4226
9390.0000 56.4636 8.4259
9395.0000 56.4727 8.4299
9400.0000 56.4815 8.4266
9405.0000 56.4904 8.4265
9410.0000 56.5051 8.4303
9415.0000 56.5497 8.4482
9420.0000 56.5468 8.4364
9425.0000 56.5852 8.4590
9430.0000 56.5987 8.4602
9435.0000 56.5772 8.4313
9440.0000 56.5602 8.4169
9445.0000 56.6195 8.4468
9450.0000 56.6136 8.4102
9455.0000 56.6425 8.4093
9460.0000 56.6635 8.4073
9465.0000 56.6001 8.3426
9470.0000 56.6613 8.3682
9475.0000 56.7140 8.3937
9480.0000 56.7289 8.3865
9485.0000 56.7495 8.3859
9490.0000 56.7704 8.3846
9495.0000 56.7800 8.3860
9500.0000 56.8304 8.4140
9505.0000 56.8235 8.4025
9510.0000 56.8346 8.4021
9515.0000 56.8200 8.3802
9520.0000 56.7915 8.3576
9525.0000 56.8328 8.3410
9530.0000 56.9250 8.3568
9535.0000 56.9797 8.3681
9540.0000 57.0444 8.3920
9545.0000 57.0344 8.3713
9550.0000 57.0543 8.3735
9555.0000 57.0739 8.3717
9560.0000 57.1019 8.3851
9565.0000 57.1152 8.3916
9570.0000 57.1181 8.3910
9575.0000 57.1566 8.3857
9580.0000 57.1642 8.3875
9585.0000 57.2134 8.4055
9590.0000 57.2180 8.4082
9595.0000 57.2323 8.4088
9600.0000 57.2419 8.4105
9605.0000 57.2932 8.4439
9610.0000 57.2997 8.4299
9615.0000 57.3055 8.4314
9620.0000 57.3188 8.4179
9625.0000 57.3710 8.4509
9630.0000 57.4489 8.4799
9635.0000 57.4967 8.5069
9640.0000 57.5104 8.5082
9645.0000 57.5188 8.5075
9650.0000 57.5151 8.4997
9655.0000 57.5342 8.5003
9660.0000 57.5676 8.5272
9665.0000 57.6254 8.5478
9670.0000 57.5739 8.4998
9675.0000 57.6000 8.5047
9680.0000 57.6043 8.4825
9685.0000 57.6616 8.4951
9690.0000 57.6708 8.4883
9695.0000 57.6945 8.4923
9700.0000 57.6951 8.4895
9705.0000 57.7150 8.4874
9710.0000 57.7299 8.4915
9715.0000 57.7540 8.4939
9720.0000 57.7209 8.4650
9725.0000 57.7423 8.4724
9730.0000 57.7619 8.4796
9735.0000 57.7850 8.4792
9740.0000 57.8066 8.4820
9745.0000 57.8747 8.5149
9750.0000 57.8885 8.5134
9755.0000 57.9071 8.5002
9760.0000 57.9249 8.4947
9765.0000 57.9175 8.4801
9770.0000 57.9370 8.4751
9775.0000 58.0015 8.5149
9780.0000 58.0229 8.5167
9785.0000 57.9731 8.4732
9790.0000 57.9960 8.4729
9795.0000 58.0574 8.4975
9800.0000 58.1406 8.5396
9805.0000 58.1612 8.5371
9810.0000 58.1732 8.5380
9815.0000 58.1888 8.5334
9820.0000 58.1869 8.5211
9825.0000 58.1956 8.5085
9830.0000 58.2055 8.5098
9835.0000 58.2312 8.5167
9840.0000 58.2910 8.5260
9845.0000 58.3560 8.5445
9850.0000 58.3822 8.5358
9855.0000 58.3969 8.5410
9860.0000 58.3757 8.5172
9865.0000 58.3959 8.5216
9870.0000 58.4128 8.5238
9875.0000 58.4322 8.5294
9880.0000 58.4489 8.5290
9885.0000 58.4706 8.5231
9890.0000 58.4969 8.5247
9895.0000 58.5288 8.5149
9900.0000 58.5800 8.5227
9905.0000 58.5989 8.5116
9910.0000 58.6399 8.5141
9915.0000 58.6548 8.5090
9920.0000 58.6867 8.5132
9925.0000 58.7208 8.5111
9930.0000 58.6983 8.4762
9935.0000 58.7398 8.4809
9940.0000 58.7670 8.4753
9945.0000 58.7969 8.4833
9950.0000 58.8609 8.5046
9955.0000 58.8775 8.5052
9960.0000 58.8918 8.5088
9965.0000 58.8766 8.4830
9970.0000 58.8867 8.4804
9975.0000 58.9101 8.4813
9980.0000 58.9147 8.4802
9985.0000 58.9577 8.4958
9990.0000 58.9751 8.4909
9995.0000 58.9980 8.4885
10000.0000 59.0148 8.4780
10005.0000 59.0352 8.4735
10010.0000 59.0618 8.4763
10015.0000 59.0881 8.4705
10020.0000 59.1096 8.4724
10025.0000 59.1221 8.4698
10030.0000 59.1547 8.4683
10035.0000 59.1816 8.4661
10040.0000 59.2460 8.4912
10045.0000 59.3085 8.5127
10050.0000 59.3202 8.5112
10055.0000 59.3435 8.5148
10060.0000 59.3488 8.5157
10065.0000 59.3617 8.5171
10070.0000 59.3719 8.5202
10075.0000 59.3777 8.5236
10080.0000 59.4072 8.5216
10085.0000 59.4484 8.5499
10090.0000 59.4602 8.5531
10095.0000 59.4372 8.5264
10100.0000 59.4598 8.5207
10105.0000 59.5127 8.5449
10110.0000 59.5349 8.5453
10115.0000 59.5560 8.5535
10120.0000 59.5541 8.5480
10125.0000 59.6186 8.5818
10130.0000 59.6412 8.5745
10135.0000 59.7006 8.6009
10140.0000 59.6890 8.5787
10145.0000 59.7008 8.5874
10150.0000 59.7182 8.5995
10155.0000 59.7349 8.6017
10160.0000 59.7824 8.6250
10165.0000 59.8027 8.6251
10170.0000 59.8202 8.6182
10175.0000 59.8872 8.6441
10180.0000 59.8946 8.6391
10185.0000 59.9088 8.6363
10190.0000 59.9581 8.6512
10195.0000 60.0147 8.6751
10200.0000 60.0439 8.6697
10205.0000 60.0629 8.6708
10210.0000 60.0505 8.6485
10215.0000 60.0944 8.6607
10220.0000 60.1006 8.6524
10225.0000 60.1575 8.6736
10230.0000 60.1791 8.6706
10235.0000 60.2063 8.6662
10240.0000 60.2234 8.6655
10245.0000 60.2787 8.6799
10250.0000 60.3058 8.6839
10255.0000 60.3367 8.6763
10260.0000 60.3623 8.6777
10265.0000 60.3861 8.6755
10270.0000 60.4163 8.6757
10275.0000 60.3450 8.5926
10280.0000 60.4181 8.6085
10285.0000 60.4463 8.6009
10290.0000 60.4787 8.5939
10295.0000 60.5075 8.5780
10300.0000 60.5415 8.5677
10305.0000 60.5846 8.5693
10310.0000 60.6125 8.5737
10315.0000 60.6380 8.5748
10320.0000 60.6583 8.5751
10325.0000 60.6944 8.5743
10330.0000 60.7570 8.6033
10335.0000 60.7816 8.5851
10340.0000 60.7997 8.5871
10345.0000 60.8323 8.5939
10350.0000 60.8549 8.5971
10355.0000 60.8800 8.5987
10360.0000 60.9083 8.6050
10365.0000 60.9285 8.6085
10370.0000 60.9468 8.6102
10375.0000 60.9575 8.6047
10380.0000 60.9965 8.6152
10385.0000 60.9888 8.5862
10390.0000 61.0504 8.5978
10395.0000 61.0576 8.5684
10400.0000 61.0805 8.5574
10405.0000 61.0679 8.5286
10410.0000 61.0845 8.5334
10415.0000 61.1361 8.5597
10420.0000 61.1490 8.5600
10425.0000 61.1729 8.5592
10430.0000 61.2013 8.5629
10435.0000 61.2188 8.5634
10440.0000 61.2341 8.5730
10445.0000 61.1960 8.5322
10450.0000 61.2205 8.5372
10455.0000 61.2443 8.5363
10460.0000 61.2617 8.5390
10465.0000 61.2781 8.5467
10470.0000 61.3255 8.5677
10475.0000 61.3100 8.5527
10480.0000 61.3404 8.5596
10485.0000 61.3564 8.5633
10490.0000 61.3793 8.5705
10495.0000 61.4082 8.5752
10500.0000 61.4291 8.5773
10505.0000 61.4589 8.5756
10510.0000 61.4703 8.5680
10515.0000 61.4866 8.5719
10520.0000 61.5100 8.5784
10525.0000 61.5259 8.5753
10530.0000 61.5416 8.5782
10535.0000 61.5638 8.5697
10540.0000 61.6164 8.5864
10545.0000 61.6438 8.5822
10550.0000 61.6556 8.5804
10555.0000 61.6733 8.5835
10560.0000 61.6823 8.5854
10565.0000 61.7168 8.5993
10570.0000 61.8186 8.6503
10575.0000 61.8309 8.6381
10580.0000 61.9090 8.6813
10585.0000 61.9899 8.7051
10590.0000 62.0433 8.7360
10595.0000 62.0614 8.7391
10600.0000 62.1186 8.7693
10605.0000 62.1708 8.7894
10610.0000 62.1866 8.7867
10615.0000 62.1685 8.7608
10620.0000 62.1776 8.7582
10625.0000 62.1846 8.7607
10630.0000 62.1632 8.7414
10635.0000 62.1911 8.7576
10640.0000 62.0925 8.6827
10645.0000 62.1066 8.6882
10650.0000 62.1173 8.6790
10655.0000 62.1413 8.6717
10660.0000 62.1572 8.6703
10665.0000 62.1690 8.6732
10670.0000 62.1846 8.6710
10675.0000 62.1993 8.6653
10680.0000 62.2055 8.6650
10685.0000 62.2054 8.6593
10690.0000 62.2232 8.6520
10695.0000 62.2300 8.6519
10700.0000 62.2484 8.6527
10705.0000 62.2992 8.6561
10710.0000 62.3336 8.6640
10715.0000 62.3517 8.6608
10720.0000 62.3919 8.6829
10725.0000 62.3876 8.6720
10730.0000 62.4218 8.6709
10735.0000 62.4272 8.6666
10740.0000 62.4433 8.6622
10745.0000 62.4544 8.6605
10750.0000 62.4681 8.6601
10755.0000 62.4798 8.6607
10760.0000 62.5087 8.6636
10765.0000 62.5075 8.6552
10770.0000 62.5633 8.6849
10775.0000 62.5781 8.6830
10780.0000 62.6031 8.6832
10785.0000 62.6206 8.6773
10790.0000 62.6498 8.6666
10795.0000 62.6855 8.6644
10800.0000 62.7060 8.6600
10805.0000 62.7212 8.6562
10810.0000 62.7392 8.6532
10815.0000 62.7505 8.6571
10820.0000 62.7857 8.6521
10825.0000 62.8108 8.6464
10830.0000 62.8020 8.6174
10835.0000 62.8257 8.6117
10840.0000 62.8487 8.6093
10845.0000 62.8607 8.6080
10850.0000 62.8693 8.6063
10855.0000 62.8802 8.6047
10860.0000 62.8920 8.6091
10865.0000 62.8918 8.6068
10870.0000 62.9036 8.6047
10875.0000 62.9201 8.6102
10880.0000 62.9231 8.6020
10885.0000 62.9324 8.6034
10890.0000 62.9718 8.6216
10895.0000 62.9855 8.6114
10900.0000 62.9984 8.6077
10905.0000 63.0011 8.6075
10910.0000 62.9809 8.5828
10915.0000 62.9734 8.5745
10920.0000 62.9865 8.5748
10925.0000 63.0055 8.5750
10930.0000 63.0497 8.5957
10935.0000 63.0423 8.5867
10940.0000 63.0887 8.6098
10945.0000 63.0996 8.6120
10950.0000 63.1014 8.5980
10955.0000 63.1197 8.5931
10960.0000 63.1310 8.5933
10965.0000 63.1474 8.5977
10970.0000 63.1652 8.6039
10975.0000 63.1829 8.6060
10980.0000 63.2463 8.6279
10985.0000 63.2292 8.6065
10990.0000 63.2877 8.6200
10995.0000 63.3089 8.6213
11000.0000 63.3206 8.6174
11005.0000 63.3401 8.6167
11010.0000 63.3981 8.6425
11015.0000 63.4163 8.6412
11020.0000 63.4193 8.6397
11025.0000 63.3910 8.6139
11030.0000 63.4034 8.6138
11035.0000 63.4511 8.6374
11040.0000 63.4945 8.6427
11045.0000 63.5025 8.6442
11050.0000 63.5084 8.6439
11055.0000 63.5205 8.6458
11060.0000 63.5661 8.6632
11065.0000 63.5870 8.6615
11070.0000 63.6267 8.6726
11075.0000 63.6426 8.6789
11080.0000 63.6619 8.6805
11085.0000 63.6771 8.6807
11090.0000 63.6989 8.6791
11095.0000 63.7102 8.6736
11100.0000 63.6884 8.6554
11105.0000 63.6996 8.6545
11110.0000 63.7350 8.6710
11115.0000 63.7427 8.6653
11120.0000 63.7625 8.6742
11125.0000 63.7695 8.6746
11130.0000 63.7284 8.6459
11135.0000 63.7355 8.6468
11140.0000 63.6977 8.6182
11145.0000 63.7133 8.6169
11150.0000 63.7771 8.6408
11155.0000 63.8293 8.6609
11160.0000 63.8474 8.6543
11165.0000 63.8831 8.6437
11170.0000 63.8557 8.6121
11175.0000 63.8824 8.6212
11180.0000 63.9016 8.6263
11185.0000 63.9407 8.6473
11190.0000 63.9472 8.6455
11195.0000 63.9516 8.6420
11200.0000 63.9864 8.6334
11205.0000 63.9952 8.6265
11210.0000 64.0131 8.6298
11215.0000 64.0248 8.6341
11220.0000 64.0530 8.6296
11225.0000 64.0651 8.6293
11230.0000 64.0876 8.6305
11235.0000 64.1042 8.6273
11240.0000 64.0640 8.5961
11245.0000 64.1537 8.6401
11250.0000 64.1524 8.6356
11255.0000 64.1508 8.6245
11260.0000 64.1157 8.5972
11265.0000 64.1416 8.5872
11270.0000 64.1186 8.5573
11275.0000 64.1541 8.5474
11280.0000 64.1975 8.5432
11285.0000 64.2340 8.5369
11290.0000 64.2625 8.5387
11295.0000 64.3076 8.5325
11300.0000 64.3543 8.5254
11305.0000 64.4167 8.5290
11310.0000 64.4461 8.5276
11315.0000 64.4653 8.5179
11320.0000 64.4913 8.5124
11325.0000 64.4911 8.5122
11330.0000 64.4987 8.4985
11335.0000 64.5188 8.5046
11340.0000 64.5294 8.5029
11345.0000 64.5376 8.4998
11350.0000 64.5971 8.5302
11355.0000 64.5806 8.5148
11360.0000 64.5862 8.5077
11365.0000 64.6003 8.5038
11370.0000 64.6201 8.4994
11375.0000 64.6407 8.4917
11380.0000 64.6784 8.5000
11385.0000 64.7471 8.5026
11390.0000 64.7766 8.4956
11395.0000 64.8149 8.4816
11400.0000 64.8368 8.4704
11405.0000 64.8853 8.4843
11410.0000 64.9286 8.5088
11415.0000 64.9453 8.5006
11420.0000 64.9954 8.5126
11425.0000 65.0283 8.5196
11430.0000 65.1221 8.5640
11435.0000 65.1257 8.5643
11440.0000 65.1445 8.5639
11445.0000 65.1934 8.5809
11450.0000 65.1969 8.5790
11455.0000 65.2390 8.5960
11460.0000 65.2597 8.5934
11465.0000 65.2617 8.5859
11470.0000 65.2974 8.5829
11475.0000 65.3219 8.5869
11480.0000 65.3411 8.5765
11485.0000 65.3578 8.5691
11490.0000 65.4593 8.6143
11495.0000 65.4870 8.6141
11500.0000 65.5246 8.6216
11505.0000 65.5349 8.6237
11510.0000 65.5722 8.6441
11515.0000 65.5790 8.6435
11520.0000 65.5930 8.6484
11525.0000 65.6387 8.6690
11530.0000 65.6544 8.6742
11535.0000 65.6599 8.6734
11540.0000 65.6727 8.6729
11545.0000 65.6460 8.6440
11550.0000 65.6597 8.6353
11555.0000 65.6885 8.6295
11560.0000 65.7195 8.6353
11565.0000 65.7906 8.6632
11570.0000 65.8205 8.6698
11575.0000 65.8331 8.6582
11580.0000 65.8131 8.6404
11585.0000 65.8151 8.6324
11590.0000 65.8559 8.6395
11595.0000 65.8421 8.6302
11600.0000 65.8810 8.6445
11605.0000 65.9119 8.6576
11610.0000 65.8930 8.6417
11615.0000 65.9353 8.6613
11620.0000 65.9492 8.6576
11625.0000 65.9532 8.6488
11630.0000 65.9070 8.6157
11635.0000 65.9494 8.6283
11640.0000 65.9607 8.6300
11645.0000 65.9800 8.6315
11650.0000 65.9918 8.6298
11655.0000 66.0018 8.6174
11660.0000 66.0177 8.6103
11665.0000 66.0344 8.6107
11670.0000 66.0588 8.6099
11675.0000 66.0839 8.6093
11680.0000 66.0906 8.5976
11685.0000 66.1183 8.5990
11690.0000 66.1459 8.5986
11695.0000 66.1878 8.5966
11700.0000 66.2473 8.6180
11705.0000 66.2717 8.6124
11710.0000 66.2876 8.6111
11715.0000 66.3307 8.6259
11720.0000 66.4017 8.6533
11725.0000 66.3508 8.6047
11730.0000 66.3696 8.5933
11735.0000 66.3749 8.5884
11740.0000 66.3912 8.5871
11745.0000 66.4192 8.5891
11750.0000 66.4371 8.5868
11755.0000 66.4667 8.5842
11760.0000 66.4126 8.5360
11765.0000 66.4336 8.5322
11770.0000 66.4696 8.5369
11775.0000 66.5015 8.5310
11780.0000 66.5291 8.5317
11785.0000 66.5588 8.5263
11790.0000 66.6090 8.5383
11795.0000 66.6314 8.5416
11800.0000 66.6694 8.5396
11805.0000 66.6859 8.5418
11810.0000 66.7140 8.5348
11815.0000 66.7446 8.5327
11820.0000 66.7156 8.5108
11825.0000 66.6692 8.4780
11830.0000 66.6831 8.4790
11835.0000 66.6999 8.4786
11840.0000 66.7113 8.4774
11845.0000 66.7257 8.4799
11850.0000 66.7646 8.4845
11855.0000 66.7837 8.4914
11860.0000 66.8118 8.5027
11865.0000 66.8471 8.5003
11870.0000 66.8551 8.4989
11875.0000 66.8891 8.4969
11880.0000 66.8914 8.4919
11885.0000 66.9345 8.4919
11890.0000 66.9831 8.5078
11895.0000 67.0169 8.5096
11900.0000 67.0720 8.5304
11905.0000 67.0539 8.5159
11910.0000 67.0749 8.5161
11915.0000 67.0929 8.5179
11920.0000 67.1988 8.5415
11925.0000 67.2147 8.5365
11930.0000 67.2574 8.5276
11935.0000 67.2746 8.5319
11940.0000 67.3039 8.5400
11945.0000 67.3109 8.5395
11950.0000 67.3750 8.5727
11955.0000 67.3811 8.5724
11960.0000 67.3849 8.5652
11965.0000 67.3749 8.5506
11970.0000 67.3946 8.5539
11975.0000 67.3820 8.5320
11980.0000 67.3956 8.5344
11985.0000 67.4001 8.5294
11990.0000 67.4191 8.5252
11995.0000 67.4623 8.5178
12000.0000 67.4640 8.5159
12005.0000 67.2862 8.4567
12010.0000 67.2018 8.4543
12015.0000 67.1360 8.4260
12020.0000 67.1490 8.4288
12025.0000 67.1512 8.4282
12030.0000 67.2244 8.4588
12035.0000 67.2324 8.4518
12040.0000 67.2514 8.4526
12045.0000 67.2122 8.4316
12050.0000 67.2453 8.4408
12055.0000 67.2491 8.4427
12060.0000 67.2419 8.4607
12065.0000 67.1460 8.4263
12070.0000 67.0387 8.4411
12075.0000 66.9596 8.4109
12080.0000 66.9491 8.4037
12085.0000 66.9602 8.4049
12090.0000 66.9602 8.4049
12095.0000 66.9788 8.4092
12100.0000 67.0247 8.4333
12105.0000 67.0720 8.4563
12110.0000 67.0914 8.4586
12115.0000 67.1524 8.4872
12120.0000 67.1341 8.4950
12125.0000 66.9726 8.4330
12130.0000 66.8860 8.4435
12135.0000 66.8537 8.4346
12140.0000 66.7667 8.3879
12145.0000 66.7648 8.3883
12150.0000 66.7756 8.3917
12155.0000 66.7841 8.3882
12160.0000 66.7618 8.3709
12165.0000 66.7651 8.3695
12170.0000 66.7822 8.3747
12175.0000 66.8066 8.3846
12180.0000 66.7842 8.3692
12185.0000 66.5789 8.3160
12190.0000 66.4978 8.3137
12195.0000 66.4407 8.3126
12200.0000 66.4109 8.3091
12205.0000 66.4280 8.3140
12210.0000 66.4243 8.3116
12215.0000 66.4466 8.3189
12220.0000 66.4397 8.3159
12225.0000 66.4549 8.3145
12230.0000 66.4720 8.3128
12235.0000 66.4876 8.3141
12240.0000 66.4501 8.3349
12245.0000 66.2491 8.2821
12250.0000 66.1601 8.3016
12255.0000 66.0761 8.2654
12260.0000 66.1179 8.2860
12265.0000 66.2314 8.3405
12270.0000 66.2425 8.3445
12275.0000 66.2873 8.3697
12280.0000 66.3258 8.3899
12285.0000 66.3668 8.3976
12290.0000 66.3714 8.3899
12295.0000 66.3986 8.3923
12300.0000 66.3983 8.3957
12305.0000 66.2663 8.3666
12310.0000 66.1330 8.3413
12315.0000 66.0292 8.3011
12320.0000 66.0093 8.2941
12325.0000 65.9942 8.2794
12330.0000 66.0128 8.2810
12335.0000 66.0513 8.2960
12340.0000 66.0647 8.2933
12345.0000 66.0831 8.2995
12350.0000 66.1093 8.2982
12355.0000 66.1133 8.2886
12360.0000 66.1068 8.2940
12365.0000 66.0499 8.2890
12370.0000 65.9430 8.2999
12375.0000 65.8691 8.2857
12380.0000 65.8070 8.2780
12385.0000 65.8166 8.2789
12390.0000 65.8329 8.2833
12395.0000 65.8458 8.2830
12400.0000 65.8630 8.2752
12405.0000 65.8664 8.2750
12410.0000 65.8859 8.2791
12415.0000 65.9300 8.2927
12420.0000 65.9276 8.2981
12425.0000 65.8316 8.2583
12430.0000 65.7523 8.2750
12435.0000 65.6474 8.2489
12440.0000 65.6378 8.2535
12445.0000 65.6685 8.2699
12450.0000 65.6733 8.2719
12455.0000 65.6899 8.2775
12460.0000 65.6639 8.2591
12465.0000 65.6723 8.2591
12470.0000 65.6613 8.2242
12475.0000 65.6685 8.2117
12480.0000 65.6918 8.2042
12485.0000 65.4636 8.0966
12490.0000 65.3768 8.1009
12495.0000 65.3497 8.0934
12500.0000 65.3572 8.0988
12505.0000 65.3518 8.0960
12510.0000 65.3141 8.0735
12515.0000 65.3242 8.0738
12520.0000 65.3364 8.0784
12525.0000 65.3503 8.0807
12530.0000 65.3586 8.0830
12535.0000 65.3719 8.0845
12540.0000 65.3698 8.0816
12545.0000 65.3414 8.0983
12550.0000 65.2728 8.0965
12555.0000 65.2265 8.0844
12560.0000 65.2182 8.0817
12565.0000 65.2126 8.0759
12570.0000 65.2284 8.0800
12575.0000 65.2393 8.0852
12580.0000 65.2867 8.1063
12585.0000 65.3046 8.1094
12590.0000 65.3471 8.1202
12595.0000 65.3585 8.1200
12600.0000 65.3411 8.1321
12605.0000 65.2410 8.0950
12610.0000 65.1267 8.0606
12615.0000 65.0686 8.0517
12620.0000 65.0284 8.0413
12625.0000 65.0628 8.0484
12630.0000 65.1381 8.0843
12635.0000 65.1782 8.0990
12640.0000 65.2254 8.1246
12645.0000 65.2194 8.1166
12650.0000 65.2376 8.1234
12655.0000 65.2821 8.1393
12660.0000 65.2478 8.1371
12665.0000 65.1406 8.1118
12670.0000 65.1076 8.1327
12675.0000 65.0514 8.1216
12680.0000 65.0384 8.1379
12685.0000 65.0750 8.1471
12690.0000 65.1092 8.1498
12695.0000 65.1266 8.1472
12700.0000 65.1619 8.1501
12705.0000 65.1425 8.1345
12710.0000 65.1296 8.1222
12715.0000 65.1581 8.1358
12720.0000 65.1538 8.1249
12725.0000 65.0308 8.0881
12730.0000 64.9250 8.0764
12735.0000 64.8529 8.0685
12740.0000 64.8356 8.0590
12745.0000 64.8531 8.0526
12750.0000 64.8356 8.0313
12755.0000 64.8631 8.0247
12760.0000 64.8699 8.0215
12765.0000 64.8922 8.0148
12770.0000 64.9118 8.0176
12775.0000 64.9276 8.0120
12780.0000 64.9343 8.0189
12785.0000 64.8489 7.9705
12790.0000 64.8120 7.9682
12795.0000 64.7426 7.9549
12800.0000 64.7036 7.9496
12805.0000 64.7858 7.9697
12810.0000 64.8073 7.9699
12815.0000 64.8319 7.9689
12820.0000 64.8448 7.9680
12825.0000 64.8589 7.9705
12830.0000 64.8883 7.9735
12835.0000 64.9363 7.9996
12840.0000 64.9351 8.0178
12845.0000 64.6874 7.9262
12850.0000 64.6240 7.9358
12855.0000 64.5952 7.9367
12860.0000 64.5800 7.9291
12865.0000 64.5800 7.9291
12870.0000 64.5833 7.9280
12875.0000 64.5986 7.9320
12880.0000 64.6071 7.9292
12885.0000 64.6785 7.9575
12890.0000 64.6843 7.9549
12895.0000 64.6949 7.9543
12900.0000 64.6996 7.9667
12905.0000 64.5385 7.9177
12910.0000 64.4515 7.9587
12915.0000 64.3565 7.9446
12920.0000 64.3792 7.9657
12925.0000 64.3698 7.9564
12930.0000 64.3862 7.9592
12935.0000 64.3924 7.9578
12940.0000 64.4112 7.9617
12945.0000 64.4112 7.9617
12950.0000 64.4385 7.9715
12955.0000 64.4209 7.9599
12960.0000 64.4097 7.9752
12965.0000 64.1571 7.8701
12970.0000 64.1203 7.8765
12975.0000 64.0695 7.8874
12980.0000 64.0144 7.8760
12985.0000 64.0326 7.8765
12990.0000 64.0419 7.8744
12995.0000 64.0956 7.8896
13000.0000 64.1026 7.8926
13005.0000 64.1150 7.8967
13010.0000 64.1308 7.8950
13015.0000 64.1435 7.8912
13020.0000 64.1378 7.8965
13025.0000 63.8064 7.8194
13030.0000 63.7441 7.8023
13035.0000 63.7143 7.7897
13040.0000 63.7108 7.7853
13045.0000 63.7132 7.7779
13050.0000 63.7261 7.7747
13055.0000 63.7524 7.7748
13060.0000 63.7565 7.7736
13065.0000 63.7814 7.7773
13070.0000 63.7848 7.7767
13075.0000 63.7948 7.7782
13080.0000 63.7966 7.7864
13085.0000 63.6945 7.7445
13090.0000 63.6764 7.7669
13095.0000 63.6036 7.7399
13100.0000 63.5505 7.7387
13105.0000 63.5557 7.7356
13110.0000 63.5595 7.7358
13115.0000 63.6131 7.7648
13120.0000 63.6750 7.7759
13125.0000 63.6805 7.7747
13130.0000 63.6839 7.7748
13135.0000 63.7002 7.7779
13140.0000 63.6915 7.7934
13145.0000 63.6101 7.7670
13150.0000 63.5284 7.7681
13155.0000 63.5035 7.7829
13160.0000 63.4632 7.7818
13165.0000 63.4674 7.7816
13170.0000 63.4800 7.7831
13175.0000 63.4850 7.7791
13180.0000 63.5232 7.7712
13185.0000 63.5371 7.7667
13190.0000 63.5546 7.7651
13195.0000 63.5709 7.7653
13200.0000 63.5680 7.7681
13205.0000 63.4389 7.7229
13210.0000 63.3333 7.7078
13215.0000 63.2828 7.6951
13220.0000 63.2223 7.6866
13225.0000 63.2056 7.6762
13230.0000 63.2078 7.6720
13235.0000 63.2489 7.6916
13240.0000 63.2683 7.6964
13245.0000 63.3357 7.7307
13250.0000 63.4031 7.7564
13255.0000 63.4205 7.7566
13260.0000 63.3897 7.7392
13265.0000 63.2749 7.7151
13270.0000 63.2049 7.7225
13275.0000 63.1580 7.7066
13280.0000 63.0780 7.7106
13285.0000 63.0997 7.7123
13290.0000 63.0898 7.7105
13295.0000 63.1058 7.7130
13300.0000 63.1160 7.7186
13305.0000 63.1235 7.7165
13310.0000 63.1530 7.7232
13315.0000 63.1632 7.7207
13320.0000 63.1805 7.7262
13325.0000 63.0860 7.6991
13330.0000 63.0329 7.6965
13335.0000 63.0031 7.6940
13340.0000 62.9845 7.6939
13345.0000 63.0180 7.6972
13350.0000 63.0144 7.6966
13355.0000 63.0370 7.7024
13360.0000 63.0499 7.7061
13365.0000 63.0689 7.7080
13370.0000 63.1164 7.7300
13375.0000 63.1224 7.7275
13380.0000 63.1203 7.7423
13385.0000 62.9416 7.7379
13390.0000 62.8819 7.7098
13395.0000 62.8393 7.6993
13400.0000 62.8531 7.7105
13405.0000 62.8515 7.6953
13410.0000 62.9328 7.7213
13415.0000 62.9563 7.7164
13420.0000 62.9694 7.7168
13425.0000 62.9784 7.7169
13430.0000 62.9940 7.7175
13435.0000 63.0626 7.7317
13440.0000 63.0729 7.7404
13445.0000 63.0392 7.7273
13450.0000 63.0636 7.7675
13455.0000 63.0535 7.8038
13460.0000 63.0501 7.8271
13465.0000 63.1435 7.8784
13470.0000 63.1794 7.9005
13475.0000 63.1889 7.9012
13480.0000 63.2060 7.9054
13485.0000 63.1869 7.8877
13490.0000 63.2155 7.8931
13495.0000 63.2269 7.8974
13500.0000 63.2123 7.9100
13505.0000 63.0901 7.8752
13510.0000 63.0452 7.8926
13515.0000 62.9647 7.8730
13520.0000 62.9183 7.8761
13525.0000 62.9322 7.8796
13530.0000 62.9320 7.8790
13535.0000 62.9512 7.8862
13540.0000 62.9558 7.8852
13545.0000 62.9991 7.9047
13550.0000 63.0103 7.9077
13555.0000 63.0271 7.9126
13560.0000 63.0431 7.9234
13565.0000 62.9916 7.9216
13570.0000 62.9213 7.9167
13575.0000 62.8549 7.9050
13580.0000 62.8058 7.9118
13585.0000 62.7714 7.8942
13590.0000 62.7867 7.8975
13595.0000 62.7996 7.8963
13600.0000 62.8280 7.9018
13605.0000 62.8719 7.9145
13610.0000 62.8954 7.9218
13615.0000 62.9142 7.9215
13620.0000 62.9329 7.9190
13625.0000 62.7734 7.9139
13630.0000 62.7139 7.8935
13635.0000 62.6872 7.8851
13640.0000 62.7484 7.9199
13645.0000 62.7759 7.9165
13650.0000 62.7819 7.9198
13655.0000 62.7915 7.9197
13660.0000 62.8042 7.9245
13665.0000 62.8142 7.9272
13670.0000 62.9270 7.9711
13675.0000 63.1318 8.0269
13680.0000 63.2372 8.0480
13685.0000 63.0354 8.0327
13690.0000 62.9447 8.0104
13695.0000 62.8601 7.9832
13700.0000 62.8347 8.0068
13705.0000 62.8333 8.0010
13710.0000 62.7803 7.9661
13715.0000 62.8120 7.9678
13720.0000 62.8980 8.0019
13725.0000 62.9532 8.0247
13730.0000 62.9689 8.0242
13735.0000 62.9841 8.0215
13740.0000 63.0093 8.0201
13745.0000 62.8595 7.9678
13750.0000 62.8076 7.9604
13755.0000 62.7290 7.9560
13760.0000 62.6768 7.9425
13765.0000 62.6630 7.9303
13770.0000 62.6587 7.9305
13775.0000 62.6774 7.9358
13780.0000 62.7028 7.9466
13785.0000 62.7279 7.9503
13790.0000 62.7917 7.9832
13795.0000 62.8194 7.9899
13800.0000 62.8360 7.9972
13805.0000 62.7323 8.0028
13810.0000 62.6065 8.0019
13815.0000 62.5596 7.9853
13820.0000 62.5763 7.9801
13825.0000 62.5471 7.9502
13830.0000 62.5876 7.9626
13835.0000 62.6161 7.9690
13840.0000 62.6407 7.9707
13845.0000 62.6603 7.9732
13850.0000 62.6917 7.9910
13855.0000 62.7467 8.0214
13860.0000 62.7628 8.0208
13865.0000 62.6266 7.9968
13870.0000 62.5097 7.9619
13875.0000 62.4434 7.9531
13880.0000 62.3937 7.9521
13885.0000 62.4887 7.9784
13890.0000 62.5779 8.0072
13895.0000 62.6895 8.0545
13900.0000 62.7530 8.0910
13905.0000 62.8075 8.1107
13910.0000 62.7819 8.0819
13915.0000 62.8054 8.0876
13920.0000 62.8078 8.0895
13925.0000 62.7724 8.0786
13930.0000 62.7058 8.0662
13935.0000 62.7504 8.0917
13940.0000 62.7946 8.1209
13945.0000 62.8023 8.1119
13950.0000 62.8182 8.1144
13955.0000 62.8532 8.1292
13960.0000 62.8589 8.1160
13965.0000 62.8438 8.0976
13970.0000 62.9041 8.1220
13975.0000 62.9206 8.1223
13980.0000 62.8808 8.1013
13985.0000 62.7811 8.1118
13990.0000 62.7476 8.1228
13995.0000 62.7426 8.1551
14000.0000 62.7250 8.1546
14005.0000 62.7646 8.1690
14010.0000 62.8218 8.2006
14015.0000 62.8486 8.2161
14020.0000 62.8653 8.2204
14025.0000 62.8928 8.2344
14030.0000 62.9027 8.2335
14035.0000 62.9634 8.2606
14040.0000 62.9572 8.2587
14045.0000 62.7771 8.1794
14050.0000 62.7792 8.2094
14055.0000 62.7311 8.2027
14060.0000 62.6540 8.1898
14065.0000 62.6508 8.1811
14070.0000 62.6625 8.1890
14075.0000 62.6236 8.1599
14080.0000 62.6361 8.1629
14085.0000 62.6404 8.1627
14090.0000 62.6610 8.1738
14095.0000 62.6610 8.1738
14100.0000 62.6815 8.1804
14105.0000 62.5487 8.1495
14110.0000 62.5074 8.1526
14115.0000 62.4754 8.1469
14120.0000 62.4283 8.1468
14125.0000 62.4244 8.1363
14130.0000 62.4037 8.1098
14135.0000 62.4322 8.1071
14140.0000 62.4874 8.1409
14145.0000 62.4676 8.1175
14150.0000 62.4872 8.0896
14155.0000 62.4510 8.0544
14160.0000 62.4336 8.0602
14165.0000 62.3570 8.0374
14170.0000 62.3255 8.0383
14175.0000 62.3116 8.0537
14180.0000 62.2904 8.0533
14185.0000 62.2937 8.0571
14190.0000 62.3016 8.0571
14195.0000 62.2890 8.0448
14200.0000 62.3105 8.0495
14205.0000 62.3656 8.0700
14210.0000 62.3895 8.0779
14215.0000 62.3895 8.0779
14220.0000 62.3703 8.0849
14225.0000 62.3087 8.0801
14230.0000 62.2901 8.0823
14235.0000 62.2301 8.0735
14240.0000 62.2014 8.0720
14245.0000 62.2266 8.0673
14250.0000 62.2243 8.0630
14255.0000 62.2519 8.0675
14260.0000 62.2606 8.0609
14265.0000 62.2723 8.0610
14270.0000 62.2959 8.0665
14275.0000 62.2959 8.0665
14280.0000 62.3042 8.0902
14285.0000 62.1686 8.0641
14290.0000 62.1163 8.0708
14295.0000 62.0700 8.0638
14300.0000 62.0266 8.0674
14305.0000 62.0658 8.0871
14310.0000 62.0603 8.0853
14315.0000 62.0818 8.0876
14320.0000 62.0872 8.0909
14325.0000 62.1336 8.1152
14330.0000 62.1558 8.1228
14335.0000 62.1697 8.1270
14340.0000 62.1792 8.1291
14345.0000 62.1099 8.1015
14350.0000 62.0624 8.1123
14355.0000 62.0131 8.1035
14360.0000 62.0087 8.0986
14365.0000 62.0152 8.1006
14370.0000 62.1042 8.1555
14375.0000 62.0731 8.1326
14380.0000 62.0793 8.1324
14385.0000 62.0822 8.1312
14390.0000 62.1101 8.1359
14395.0000 62.1117 8.1336
14400.0000 62.1206 8.1400
14405.0000 62.0242 8.1196
14410.0000 62.0033 8.1199
14415.0000 61.9433 8.1099
14420.0000 61.9305 8.1016
14425.0000 61.9808 8.1053
14430.0000 61.9845 8.1052
14435.0000 62.0028 8.1104
14440.0000 62.0160 8.1115
14445.0000 62.0307 8.1050
14450.0000 62.0479 8.0981
14455.0000 62.0549 8.0918
14460.0000 62.0844 8.0909
14465.0000 61.9623 8.0896
14470.0000 61.9313 8.0846
14475.0000 61.9034 8.0854
14480.0000 61.8904 8.0737
14485.0000 61.8684 8.0468
14490.0000 61.8923 8.0425
14495.0000 61.9089 8.0377
14500.0000 61.9299 8.0408
14505.0000 61.9498 8.0370
14510.0000 61.9944 8.0548
14515.0000 62.0114 8.0524
14520.0000 62.0262 8.0537
14525.0000 61.9627 8.0160
14530.0000 61.9092 7.9890
14535.0000 61.8494 7.9619
14540.0000 61.8242 7.9524
14545.0000 61.8222 7.9372
14550.0000 61.8514 7.9422
14555.0000 61.8730 7.9353
14560.0000 61.8914 7.9348
14565.0000 61.9008 7.9357
14570.0000 61.9153 7.9392
14575.0000 61.9227 7.9364
14580.0000 61.9671 7.9591
14585.0000 61.8648 7.9253
14590.0000 61.7470 7.8995
14595.0000 61.7400 7.8980
14600.0000 61.7086 7.8833
14605.0000 61.7257 7.8839
14610.0000 61.7363 7.8817
14615.0000 61.7370 7.8757
14620.0000 61.7611 7.8703
14625.0000 61.7699 7.8704
14630.0000 61.8332 7.8913
14635.0000 61.8402 7.8899
14640.0000 61.8620 7.8911
14645.0000 61.8407 7.9044
14650.0000 61.7762 7.9034
14655.0000 61.7564 7.8966
14660.0000 61.7439 7.9009
14665.0000 61.7443 7.8897
14670.0000 61.7587 7.8897
14675.0000 61.7637 7.8830
14680.0000 61.7766 7.8837
14685.0000 61.7961 7.8810
14690.0000 61.8174 7.8811
14695.0000 61.8822 7.8814
14700.0000 61.9006 7.8974
14705.0000 61.9040 7.8807
14710.0000 61.8333 7.8691
14715.0000 61.7813 7.8504
14720.0000 61.7639 7.8508
14725.0000 61.7407 7.8377
14730.0000 61.7666 7.8440
14735.0000 61.8219 7.8617
14740.0000 61.8425 7.8671
14745.0000 61.8398 7.8626
14750.0000 61.8894 7.8802
14755.0000 61.8903 7.8808
14760.0000 61.9087 7.8946
14765.0000 61.8082 7.8586
14770.0000 61.7901 7.8603
14775.0000 61.7411 7.8383
14780.0000 61.6914 7.8061
14785.0000 61.7013 7.8094
14790.0000 61.7054 7.8095
14795.0000 61.7225 7.8110
14800.0000 61.7279 7.8079
14805.0000 61.7616 7.8052
14810.0000 61.7698 7.7999
14815.0000 61.7885 7.8012
14820.0000 61.7896 7.8101
14825.0000 61.8026 7.7793
14830.0000 61.7676 7.7821
14835.0000 61.7260 7.7687
14840.0000 61.7098 7.7743
14845.0000 61.7025 7.7609
14850.0000 61.7233 7.7613
14855.0000 61.7547 7.7806
14860.0000 61.7755 7.7856
14865.0000 61.7860 7.7854
14870.0000 61.8254 7.8043
14875.0000 61.8332 7.8066
14880.0000 61.8399 7.8121
14885.0000 61.7355 7.7887
14890.0000 61.6254 7.7620
14895.0000 61.5597 7.7406
14900.0000 61.5359 7.7387
14905.0000 61.5422 7.7266
14910.0000 61.5615 7.7322
14915.0000 61.5726 7.7372
14920.0000 61.5908 7.7393
14925.0000 61.6078 7.7390
14930.0000 61.6221 7.7364
14935.0000 61.6328 7.7363
14940.0000 61.6365 7.7363
14945.0000 61.6215 7.7365
14950.0000 61.5471 7.7205
14955.0000 61.5329 7.7312
14960.0000 61.5216 7.7304
14965.0000 61.5285 7.7284
14970.0000 61.5440 7.7308
14975.0000 61.5523 7.7344
14980.0000 61.5679 7.7341
14985.0000 61.5898 7.7395
14990.0000 61.5866 7.7320
14995.0000 61.6452 7.7623
15000.0000 61.7034 7.7836
15005.0000 61.6508 7.7725
15010.0000 61.6417 7.7797
15015.0000 61.5707 7.7560
15020.0000 61.5416 7.7581
15025.0000 61.5512 7.7639
15030.0000 61.5726 7.7638
15035.0000 61.6374 7.8036
15040.0000 61.6567 7.8102
15045.0000 61.6688 7.8150
15050.0000 61.6763 7.8156
15055.0000 61.7095 7.8286
15060.0000 61.7051 7.8320
15065.0000 61.6466 7.8181
15070.0000 61.6141 7.8174
15075.0000 61.5874 7.8110
15080.0000 61.5707 7.8097
15085.0000 61.5614 7.8009
15090.0000 61.5698 7.8025
15095.0000 61.5291 7.7739
15100.0000 61.5397 7.7738
15105.0000 61.5027 7.7453
15110.0000 61.5164 7.7491
15115.0000 61.5676 7.7597
15120.0000 61.5783 7.7630
15125.0000 61.5672 7.7624
15130.0000 61.5305 7.7766
15135.0000 61.4599 7.7602
15140.0000 61.4211 7.7526
15145.0000 61.4422 7.7658
15150.0000 61.4232 7.7492
15155.0000 61.4307 7.7501
15160.0000 61.4405 7.7549
15165.0000 61.4449 7.7554
15170.0000 61.5014 7.7760
15175.0000 61.5057 7.7760
15180.0000 61.5238 7.7811
15185.0000 61.5835 7.8340
15190.0000 61.5469 7.8553
15195.0000 61.4463 7.8203
15200.0000 61.4012 7.8133
15205.0000 61.3936 7.8057
15210.0000 61.4325 7.8273
15215.0000 61.4171 7.8124
15220.0000 61.4491 7.8318
15225.0000 61.4699 7.8433
15230.0000 61.4750 7.8450
15235.0000 61.4786 7.8454
15240.0000 61.5016 7.8521
15245.0000 61.4815 7.8618
15250.0000 61.4623 7.8605
15255.0000 61.3945 7.8411
15260.0000 61.3741 7.8384
15265.0000 61.3614 7.8239
15270.0000 61.3703 7.8283
15275.0000 61.3902 7.8340
15280.0000 61.3990 7.8352
15285.0000 61.4185 7.8395
15290.0000 61.4581 7.8534
15295.0000 61.5249 7.8632
15300.0000 61.5319 7.8694
15305.0000 61.2748 7.8513
15310.0000 61.1530 7.8232
15315.0000 61.1090 7.8216
15320.0000 61.0904 7.8288
15325.0000 61.0844 7.8234
15330.0000 61.1588 7.8332
15335.0000 61.1515 7.8292
15340.0000 61.1605 7.8288
15345.0000 61.2242 7.8622
15350.0000 61.2293 7.8594
15355.0000 61.2563 7.8668
15360.0000 61.2503 7.8715
15365.0000 61.0656 7.8456
15370.0000 61.0396 7.8687
15375.0000 60.9952 7.8608
15380.0000 60.9625 7.8606
15385.0000 60.9332 7.8468
15390.0000 60.9980 7.8659
15395.0000 61.0675 7.9069
15400.0000 61.0855 7.9089
15405.0000 61.0983 7.9068
15410.0000 61.1024 7.9071
15415.0000 61.1245 7.9132
15420.0000 61.1271 7.9134
15425.0000 61.0368 7.8699
15430.0000 60.9695 7.8704
15435.0000 60.9288 7.8633
15440.0000 60.8901 7.8591
15445.0000 60.9225 7.8724
15450.0000 60.9351 7.8716
15455.0000 60.9499 7.8703
15460.0000 60.9845 7.8728
15465.0000 60.9870 7.8715
15470.0000 60.9979 7.8662
15475.0000 61.0074 7.8670
15480.0000 61.0191 7.8747
15485.0000 60.8309 7.8383
15490.0000 60.7648 7.8442
15495.0000 60.7384 7.8485
15500.0000 60.7100 7.8352
15505.0000 60.7128 7.8285
15510.0000 60.7511 7.8464
15515.0000 60.7622 7.8512
15520.0000 60.7695 7.8459
15525.0000 60.7944 7.8481
15530.0000 60.8075 7.8480
15535.0000 60.8299 7.8470
15540.0000 60.8480 7.8493
15545.0000 60.7386 7.7931
15550.0000 60.6380 7.7492
15555.0000 60.5828 7.7461
15560.0000 60.5714 7.7494
15565.0000 60.5719 7.7463
15570.0000 60.5909 7.7395
15575.0000 60.6345 7.7350
15580.0000 60.6524 7.7319
15585.0000 60.6859 7.7233
15590.0000 60.6970 7.7228
15595.0000 60.7614 7.7396
15600.0000 60.8182 7.7713
15605.0000 60.7672 7.7707
15610.0000 60.6815 7.7497
15615.0000 60.6325 7.7523
15620.0000 60.5946 7.7583
15625.0000 60.6004 7.7565
15630.0000 60.6122 7.7589
15635.0000 60.6561 7.7560
15640.0000 60.6800 7.7570
15645.0000 60.6910 7.7519
15650.0000 60.7229 7.7586
15655.0000 60.7670 7.7444
15660.0000 60.8073 7.7427
15665.0000 60.6735 7.6965
15670.0000 60.6808 7.6901
15675.0000 60.6678 7.6762
15680.0000 60.6388 7.6675
15685.0000 60.6378 7.6541
15690.0000 60.6506 7.6479
15695.0000 60.6867 7.6503
15700.0000 60.7067 7.6495
15705.0000 60.7233 7.6581
15710.0000 60.7608 7.6658
15715.0000 60.7790 7.6626
15720.0000 60.7846 7.6622
15725.0000 60.7855 7.6564
15730.0000 60.7449 7.6539
15735.0000 60.7420 7.6483
15740.0000 60.7332 7.6452
15745.0000 60.7376 7.6423
15750.0000 60.7680 7.6287
15755.0000 60.8263 7.6415
15760.0000 60.8504 7.6458
15765.0000 60.8791 7.6356
15770.0000 60.9367 7.6562
15775.0000 60.9961 7.6799
15780.0000 61.0268 7.6752
15785.0000 60.9736 7.7045
15790.0000 60.9673 7.7346
15795.0000 60.9249 7.7269
15800.0000 60.9136 7.7211
15805.0000 60.9179 7.7172
15810.0000 60.9487 7.7235
15815.0000 60.9688 7.7297
15820.0000 61.0326 7.7443
15825.0000 61.0762 7.7544
15830.0000 61.1123 7.7604
15835.0000 61.1659 7.7795
15840.0000 61.1795 7.7884
15845.0000 61.0377 7.7274
15850.0000 60.9879 7.7177
15855.0000 60.9894 7.7117
15860.0000 61.0042 7.7188
15865.0000 61.0065 7.7227
15870.0000 61.0377 7.7283
15875.0000 61.0861 7.7497
15880.0000 61.1002 7.7495
15885.0000 61.1460 7.7593
15890.0000 61.2019 7.7839
15895.0000 61.2422 7.8080
15900.0000 61.2735 7.8265
15905.0000 61.1408 7.7902
15910.0000 61.1001 7.8000
15915.0000 61.1190 7.8086
15920.0000 61.0683 7.8169
15925.0000 61.0781 7.8271
15930.0000 61.0969 7.8362
15935.0000 61.1092 7.8311
15940.0000 61.0945 7.8040
15945.0000 61.1125 7.8124
15950.0000 61.1474 7.8227
15955.0000 61.1631 7.8260
15960.0000 61.1790 7.8375
15965.0000 61.0616 7.8290
15970.0000 61.0333 7.8338
15975.0000 61.0226 7.8312
15980.0000 60.9616 7.8277
15985.0000 60.9701 7.8328
15990.0000 60.9609 7.8199
15995.0000 60.9596 7.8170
16000.0000 61.0055 7.8442
16005.0000 61.0092 7.8441
16010.0000 61.0224 7.8464
16015.0000 60.9873 7.8224
16020.0000 61.0041 7.8253
16025.0000 60.9815 7.8328
16030.0000 60.8666 7.8095
16035.0000 60.8532 7.8059
16040.0000 60.7704 7.7804
16045.0000 60.7846 7.7822
16050.0000 60.7942 7.7776
16055.0000 60.8725 7.8014
16060.0000 60.8893 7.8020
16065.0000 60.9098 7.8048
16070.0000 60.9169 7.8031
16075.0000 60.9463 7.8085
16080.0000 60.9425 7.8153
16085.0000 60.9131 7.8078
16090.0000 60.8345 7.7871
16095.0000 60.8101 7.7858
16100.0000 60.7704 7.7871
16105.0000 60.8061 7.7801
16110.0000 60.8207 7.7831
16115.0000 60.8186 7.7828
16120.0000 60.8320 7.7877
16125.0000 60.8866 7.8055
16130.0000 60.9169 7.8143
16135.0000 60.9652 7.8272
16140.0000 60.9794 7.8366
16145.0000 60.9400 7.8193
16150.0000 60.9382 7.8181
16155.0000 60.9474 7.8169
16160.0000 60.8480 7.8024
16165.0000 60.8573 7.8042
16170.0000 60.8571 7.8053
16175.0000 60.8539 7.8045
16180.0000 60.8901 7.8175
16185.0000 60.8766 7.8059
16190.0000 60.9022 7.8148
16195.0000 60.9022 7.8148
16200.0000 60.9107 7.8060
16205.0000 60.7699 7.7467
16210.0000 60.7115 7.7226
16215.0000 60.7039 7.7304
16220.0000 60.6778 7.7301
16225.0000 60.7030 7.7316
16230.0000 60.6895 7.7235
16235.0000 60.7132 7.7232
16240.0000 60.7132 7.7232
16245.0000 60.7677 7.7432
16250.0000 60.7731 7.7458
16255.0000 60.7787 7.7500
16260.0000 60.8465 7.7703
16265.0000 60.8587 7.8200
16270.0000 60.8507 7.8539
16275.0000 60.8259 7.8431
16280.0000 60.8342 7.8653
16285.0000 60.8460 7.8690
16290.0000 60.8856 7.8873
16295.0000 60.9356 7.9144
16300.0000 60.9511 7.9193
16305.0000 60.9567 7.9207
16310.0000 60.9906 7.9213
16315.0000 60.9999 7.9187
16320.0000 60.9658 7.8936
16325.0000 60.8756 7.8857
16330.0000 60.8166 7.8709
16335.0000 60.8057 7.8697
16340.0000 60.7570 7.8697
16345.0000 60.7725 7.8775
16350.0000 60.8338 7.9177
16355.0000 60.8450 7.9190
16360.0000 60.8590 7.9196
16365.0000 60.9001 7.9430
16370.0000 60.9072 7.9459
16375.0000 61.0285 7.9929
16380.0000 61.0424 7.9937
16385.0000 60.8194 7.9867
16390.0000 60.7829 7.9802
16395.0000 60.7834 7.9869
16400.0000 60.7544 7.9743
16405.0000 60.7548 7.9747
16410.0000 60.7611 7.9689
16415.0000 60.7811 7.9720
16420.0000 60.8229 7.9854
16425.0000 60.8136 7.9753
16430.0000 60.8171 7.9747
16435.0000 60.8269 7.9751
16440.0000 60.8498 7.9793
16445.0000 60.7570 7.9414
16450.0000 60.5937 7.9195
16455.0000 60.5563 7.9127
16460.0000 60.5159 7.9089
16465.0000 60.5463 7.9228
16470.0000 60.5503 7.9180
16475.0000 60.5763 7.9228
16480.0000 60.5942 7.9330
16485.0000 60.6078 7.9328
16490.0000 60.6320 7.9344
16495.0000 60.6372 7.9378
16500.0000 60.6547 7.9428
16505.0000 60.4638 7.8681
16510.0000 60.3633 7.8443
16515.0000 60.3291 7.8375
16520.0000 60.2718 7.8325
16525.0000 60.2740 7.8310
16530.0000 60.3779 7.8667
16535.0000 60.3802 7.8684
16540.0000 60.4254 7.8831
16545.0000 60.4370 7.8835
16550.0000 60.4488 7.8890
16555.0000 60.4587 7.8907
16560.0000 60.4345 7.8871
16565.0000 60.3470 7.8480
16570.0000 60.2760 7.8312
16575.0000 60.2119 7.8232
16580.0000 60.1657 7.8143
16585.0000 60.1396 7.7929
16590.0000 60.1431 7.7986
16595.0000 60.1492 7.8029
16600.0000 60.1730 7.8128
16605.0000 60.1797 7.8167
16610.0000 60.2180 7.8219
16615.0000 60.2731 7.8350
16620.0000 60.3031 7.8399
16625.0000 60.2547 7.8279
16630.0000 60.2337 7.8166
16635.0000 60.2190 7.8248
16640.0000 60.2323 7.8403
16645.0000 60.2102 7.8280
16650.0000 60.2113 7.8157
16655.0000 60.2359 7.8146
16660.0000 60.2899 7.8407
16665.0000 60.3070 7.8406
16670.0000 60.3403 7.8468
16675.0000 60.3520 7.8468
16680.0000 60.3771 7.8537
16685.0000 60.2746 7.8895
16690.0000 60.2411 7.8874
16695.0000 60.2396 7.8657
16700.0000 60.1942 7.8154
16705.0000 60.2225 7.8207
16710.0000 60.2551 7.8244
16715.0000 60.2967 7.8038
16720.0000 60.3877 7.8359
16725.0000 60.4234 7.8359
16730.0000 60.4392 7.8364
16735.0000 60.4569 7.8387
16740.0000 60.4880 7.8399
16745.0000 60.4708 7.8879
16750.0000 60.3912 7.8782
16755.0000 60.4087 7.9064
16760.0000 60.3415 7.8948
16765.0000 60.3659 7.9031
16770.0000 60.3481 7.8935
16775.0000 60.3512 7.8936
16780.0000 60.3591 7.8953
16785.0000 60.3732 7.8960
16790.0000 60.3767 7.8969
16795.0000 60.3870 7.8970
16800.0000 60.4270 7.8697
16805.0000 60.3978 7.8577
16810.0000 60.3731 7.8244
16815.0000 60.3934 7.7854
16820.0000 60.4212 7.7606
16825.0000 60.4571 7.7487
16830.0000 60.4581 7.7489
16835.0000 60.4749 7.7546
16840.0000 60.4942 7.7585
16845.0000 60.5203 7.7699
16850.0000 60.5295 7.7739
16855.0000 60.5380 7.7747
16860.0000 60.5278 7.7605
16865.0000 60.5230 7.7550
16870.0000 60.5262 7.7614
16875.0000 60.4725 7.7606
16880.0000 60.4271 7.7428
16885.0000 60.4286 7.7437
16890.0000 60.4918 7.7412
16895.0000 60.5151 7.7503
16900.0000 60.5202 7.7512
16905.0000 60.5622 7.7592
16910.0000 60.5753 7.7581
16915.0000 60.5995 7.7494
16920.0000 60.6327 7.7743
16925.0000 60.4528 7.7470
16930.0000 60.4606 7.7651
16935.0000 60.4116 7.7655
16940.0000 60.3946 7.7649
16945.0000 60.4004 7.7656
16950.0000 60.4016 7.7610
16955.0000 60.4009 7.7619
16960.0000 60.4046 7.7625
16965.0000 60.4155 7.7622
16970.0000 60.4238 7.7607
16975.0000 60.5125 7.8028
16980.0000 60.5829 7.8146
16985.0000 60.4373 7.7681
16990.0000 60.3235 7.7683
16995.0000 60.2897 7.7677
17000.0000 60.2882 7.7886
17005.0000 60.2892 7.7798
17010.0000 60.2985 7.7833
17015.0000 60.3129 7.7913
17020.0000 60.3259 7.7863
17025.0000 60.3520 7.7910
17030.0000 60.3611 7.7930
17035.0000 60.4145 7.8104
17040.0000 60.4182 7.8115
17045.0000 60.2338 7.7606
17050.0000 60.1750 7.7639
17055.0000 60.2107 7.7853
17060.0000 60.1516 7.7728
17065.0000 60.1543 7.7646
17070.0000 60.1806 7.7640
17075.0000 60.1800 7.7586
17080.0000 60.2010 7.7662
17085.0000 60.2180 7.7769
17090.0000 60.2222 7.7771
17095.0000 60.2376 7.7855
17100.0000 60.2005 7.7670
17105.0000 60.0664 7.7364
17110.0000 59.9839 7.6998
17115.0000 59.9811 7.7034
17120.0000 59.9468 7.6948
17125.0000 59.9744 7.7018
17130.0000 59.9799 7.7013
17135.0000 59.9921 7.7033
17140.0000 60.0483 7.7325
17145.0000 60.0933 7.7431
17150.0000 60.1248 7.7506
17155.0000 60.1397 7.7449
17160.0000 60.1628 7.7496
17165.0000 59.9560 7.6438
17170.0000 59.9339 7.6143
17175.0000 59.9536 7.6290
17180.0000 59.9240 7.6140
17185.0000 60.0396 7.6458
17190.0000 60.0868 7.6571
17195.0000 60.1079 7.6601
17200.0000 60.1137 7.6611
17205.0000 60.1323 7.6662
17210.0000 60.1494 7.6683
17215.0000 60.1600 7.6711
17220.0000 60.1775 7.6770
17225.0000 60.2243 7.7064
17230.0000 60.2017 7.6947
17235.0000 60.1823 7.6972
17240.0000 60.1615 7.6945
17245.0000 60.1477 7.6899
17250.0000 60.1484 7.6834
17255.0000 60.1715 7.6873
17260.0000 60.1851 7.6874
17265.0000 60.2016 7.6862
17270.0000 60.2447 7.6983
17275.0000 60.2593 7.6960
17280.0000 60.2831 7.7038
17285.0000 60.2392 7.6921
17290.0000 60.2470 7.7111
17295.0000 60.2577 7.7198
17300.0000 60.2410 7.7187
17305.0000 60.2404 7.7141
17310.0000 60.2442 7.7064
17315.0000 60.3012 7.7097
17320.0000 60.3162 7.7039
17325.0000 60.3385 7.6919
17330.0000 60.3590 7.6849
17335.0000 60.3730 7.6796
17340.0000 60.4008 7.6832
17345.0000 60.3614 7.6494
17350.0000 60.3296 7.6572
17355.0000 60.2905 7.6379
17360.0000 60.2652 7.6340
17365.0000 60.2702 7.6360
17370.0000 60.2580 7.6323
17375.0000 60.2646 7.6397
17380.0000 60.2689 7.6414
17385.0000 60.2848 7.6452
17390.0000 60.2953 7.6500
17395.0000 60.3363 7.6687
17400.0000 60.3432 7.6703
17405.0000 60.3122 7.6558
17410.0000 60.2441 7.6247
17415.0000 60.2548 7.6276
17420.0000 60.3093 7.6678
17425.0000 60.3854 7.6996
17430.0000 60.3796 7.6951
17435.0000 60.3965 7.7020
17440.0000 60.4131 7.7084
17445.0000 60.4294 7.7167
17450.0000 60.4487 7.7202
17455.0000 60.4701 7.7243
17460.0000 60.5409 7.7515
17465.0000 60.4677 7.7440
17470.0000 60.4767 7.7526
17475.0000 60.4338 7.7427
17480.0000 60.3964 7.7374
17485.0000 60.4031 7.7347
17490.0000 60.3672 7.6961
17495.0000 60.4079 7.7091
17500.0000 60.4434 7.7219
17505.0000 60.4799 7.7345
17510.0000 60.4928 7.7381
17515.0000 60.5235 7.7485
17520.0000 60.5291 7.7499
17525.0000 60.5246 7.7635
17530.0000 60.4183 7.7293
17535.0000 60.4168 7.7466
17540.0000 60.3856 7.7338
17545.0000 60.3566 7.7209
17550.0000 60.3474 7.7197
17555.0000 60.3504 7.7184
17560.0000 60.3980 7.7419
17565.0000 60.4029 7.7425
17570.0000 60.4053 7.7433
17575.0000 60.4069 7.7093
17580.0000 60.4519 7.7036
17585.0000 60.4912 7.7284
17590.0000 60.4491 7.7186
17595.0000 60.3684 7.6729
17600.0000 60.3562 7.6753
17605.0000 60.3561 7.6689
17610.0000 60.4399 7.6843
17615.0000 60.4400 7.6846
17620.0000 60.4522 7.6863
17625.0000 60.4626 7.6896
17630.0000 60.4764 7.6917
17635.0000 60.4893 7.6985
17640.0000 60.5616 7.7259
17645.0000 60.4709 7.7426
17650.0000 60.5231 7.8038
17655.0000 60.5186 7.8003
17660.0000 60.4800 7.7928
17665.0000 60.4800 7.7826
17670.0000 60.5395 7.7953
17675.0000 60.5532 7.7960
17680.0000 60.5844 7.7974
17685.0000 60.6021 7.8050
17690.0000 60.6346 7.8128
17695.0000 60.6846 7.8166
17700.0000 60.7466 7.8291
17705.0000 60.7824 7.8503
17710.0000 60.6348 7.8017
17715.0000 60.6069 7.8021
17720.0000 60.5528 7.8070
17725.0000 60.6138 7.8399
17730.0000 60.5888 7.8299
17735.0000 60.5916 7.8316
17740.0000 60.6022 7.8386
17745.0000 60.6154 7.8369
17750.0000 60.6379 7.8450
17755.0000 60.6423 7.8453
17760.0000 60.6223 7.8226
17765.0000 60.5670 7.8057
17770.0000 60.5015 7.7807
17775.0000 60.4561 7.7722
17780.0000 60.4621 7.7926
17785.0000 60.4491 7.7820
17790.0000 60.4382 7.7823
17795.0000 60.4409 7.7830
17800.0000 60.4570 7.7841
17805.0000 60.3912 7.7253
17810.0000 60.4180 7.7225
17815.0000 60.4257 7.7196
17820.0000 60.4539 7.7293
17825.0000 60.2454 7.6639
17830.0000 60.1940 7.6489
17835.0000 60.1327 7.6480
17840.0000 60.1090 7.6440
17845.0000 60.0994 7.6393
17850.0000 60.1310 7.6489
17855.0000 60.1341 7.6532
17860.0000 60.1388 7.6544
17865.0000 60.1591 7.6590
17870.0000 60.1627 7.6598
17875.0000 60.1741 7.6636
17880.0000 60.1605 7.6699
17885.0000 60.0946 7.6549
17890.0000 60.0410 7.6702
17895.0000 60.0041 7.6665
17900.0000 59.9834 7.6633
17905.0000 59.9869 7.6537
17910.0000 60.0249 7.6740
17915.0000 60.1044 7.6904
17920.0000 60.1086 7.6896
17925.0000 60.1710 7.7260
17930.0000 60.1622 7.7175
17935.0000 60.1681 7.7186
17940.0000 60.1711 7.7329
17945.0000 60.1538 7.7124
17950.0000 60.1257 7.7125
17955.0000 60.1291 7.7206
17960.0000 60.1113 7.7169
17965.0000 60.1337 7.7115
17970.0000 60.1281 7.7107
17975.0000 60.1898 7.7187
17980.0000 60.2495 7.7343
17985.0000 60.2647 7.7358
17990.0000 60.2865 7.7275
17995.0000 60.3550 7.7475
18000.0000 60.3807 7.7561
18005.0000 60.2422 7.7345
18010.0000 60.0393 7.6769
18015.0000 60.0179 7.6801
18020.0000 59.9794 7.6805
18025.0000 59.9946 7.6858
18030.0000 60.0037 7.6858
18035.0000 60.0060 7.6849
18040.0000 60.0150 7.6895
18045.0000 60.0309 7.6948
18050.0000 60.0420 7.6991
18055.0000 60.1158 7.7264
18060.0000 60.1121 7.7390
18065.0000 59.9266 7.6864
18070.0000 59.8542 7.6451
18075.0000 59.8322 7.6494
18080.0000 59.8419 7.6667
18085.0000 59.8258 7.6598
18090.0000 59.8245 7.6510
18095.0000 59.8627 7.6739
18100.0000 59.8592 7.6639
18105.0000 59.8668 7.6690
18110.0000 59.8843 7.6706
18115.0000 59.8821 7.6643
18120.0000 59.9167 7.6686
18125.0000 59.9481 7.6778
18130.0000 59.9299 7.6923
18135.0000 59.9073 7.6899
18140.0000 59.8670 7.6873
18145.0000 59.8820 7.6928
18150.0000 59.8641 7.6888
18155.0000 59.8712 7.6943
18160.0000 59.8842 7.6971
18165.0000 59.8902 7.6967
18170.0000 59.9082 7.7003
18175.0000 59.9168 7.7026
18180.0000 59.9293 7.7154
18185.0000 59.7756 7.6564
18190.0000 59.8197 7.6638
18195.0000 59.7856 7.6496
18200.0000 59.7045 7.6260
18205.0000 59.7753 7.6732
18210.0000 59.7549 7.6643
18215.0000 59.7575 7.6657
18220.0000 59.7617 7.6669
18225.0000 59.8333 7.6670
18230.0000 59.9225 7.6868
18235.0000 59.9716 7.6954
18240.0000 60.0153 7.6800
18245.0000 59.7842 7.6246
18250.0000 59.6551 7.5776
18255.0000 59.6456 7.5768
18260.0000 59.6603 7.5789
18265.0000 59.6691 7.5803
18270.0000 59.7041 7.5959
18275.0000 59.7208 7.5998
18280.0000 59.7420 7.6050
18285.0000 59.7537 7.6007
18290.0000 59.7788 7.6059
18295.0000 59.8050 7.6184
18300.0000 59.8208 7.6258
18305.0000 59.8205 7.6100
18310.0000 59.7576 7.5990
18315.0000 59.7181 7.5897
18320.0000 59.6925 7.5831
18325.0000 59.6685 7.5779
18330.0000 59.6725 7.5734
18335.0000 59.7005 7.5773
18340.0000 59.7562 7.5883
18345.0000 59.8305 7.6040
18350.0000 59.8845 7.6302
18355.0000 59.9438 7.6457
18360.0000 60.0269 7.6677
18365.0000 59.7267 7.5960
18370.0000 59.6966 7.5920
18375.0000 59.7127 7.6188
18380.0000 59.6846 7.6095
18385.0000 59.7021 7.6266
18390.0000 59.6920 7.6173
18395.0000 59.7707 7.6575
18400.0000 59.8092 7.6798
18405.0000 59.8223 7.6833
18410.0000 59.8289 7.6864
18415.0000 59.9291 7.7373
18420.0000 59.9364 7.7505
18425.0000 59.8615 7.7480
18430.0000 59.7994 7.7341
18435.0000 59.8058 7.7583
18440.0000 59.7664 7.7560
18445.0000 59.7937 7.7596
18450.0000 59.7882 7.7465
18455.0000 59.7928 7.7460
18460.0000 59.8270 7.7559
18465.0000 59.8725 7.7739
18470.0000 59.8981 7.7816
18475.0000 59.9187 7.7883
18480.0000 59.9675 7.7972
18485.0000 59.8303 7.7715
18490.0000 59.7981 7.7600
18495.0000 59.7924 7.7593
18500.0000 59.7616 7.7609
18505.0000 59.7366 7.7538
18510.0000 59.7260 7.7480
18515.0000 59.7297 7.7475
18520.0000 59.7430 7.7539
18525.0000 59.7519 7.7547
18530.0000 59.7952 7.7787
18535.0000 59.8306 7.8041
18540.0000 59.8804 7.8321
18545.0000 59.6274 7.8364
18550.0000 59.4238 7.7558
18555.0000 59.3969 7.7706
18560.0000 59.3794 7.7629
18565.0000 59.3817 7.7712
18570.0000 59.3391 7.7493
18575.0000 59.3513 7.7553
18580.0000 59.3548 7.7547
18585.0000 59.3823 7.7634
18590.0000 59.3887 7.7642
18595.0000 59.3998 7.7680
18600.0000 59.4168 7.7815
18605.0000 59.3990 7.7897
18610.0000 59.3014 7.7830
18615.0000 59.2304 7.7921
18620.0000 59.2510 7.8244
18625.0000 59.2400 7.8174
18630.0000 59.2900 7.8401
18635.0000 59.3297 7.8641
18640.0000 59.3821 7.8812
18645.0000 59.4775 7.8630
18650.0000 59.5547 7.8465
18655.0000 59.5738 7.8568
18660.0000 59.5599 7.8765
18665.0000 59.4820 7.9074
18670.0000 59.4060 7.9138
18675.0000 59.4054 7.9095
18680.0000 59.3644 7.9177
18685.0000 59.3431 7.9132
18690.0000 59.3794 7.9236
18695.0000 59.4532 7.9615
18700.0000 59.5146 7.9953
18705.0000 59.5719 8.0280
18710.0000 59.5714 8.0269
18715.0000 59.5829 8.0310
18720.0000 59.5711 8.0568
18725.0000 59.5162 8.0955
18730.0000 59.4659 8.0768
18735.0000 59.4270 8.0558
18740.0000 59.4979 8.0950
18745.0000 59.4909 8.0977
18750.0000 59.4864 8.0879
18755.0000 59.4844 8.0892
18760.0000 59.5043 8.0877
18765.0000 59.5548 8.0948
18770.0000 59.5601 8.0955
18775.0000 59.5722 8.0968
18780.0000 59.5745 8.0993
18785.0000 59.5656 8.0997
18790.0000 59.5176 8.1159
18795.0000 59.3972 8.0618
18800.0000 59.3098 8.0476
18805.0000 59.2760 8.0391
18810.0000 59.2747 8.0303
18815.0000 59.2757 8.0314
18820.0000 59.2849 8.0324
18825.0000 59.3008 8.0390
18830.0000 59.3342 8.0585
18835.0000 59.3413 8.0589
18840.0000 59.3472 8.0587
18845.0000 59.2891 8.0454
18850.0000 59.2161 8.0148
18855.0000 59.1963 8.0247
18860.0000 59.1765 8.0251
18865.0000 59.1550 8.0173
18870.0000 59.1698 7.9999
18875.0000 59.1719 8.0011
18880.0000 59.2267 8.0209
18885.0000 59.2503 8.0261
18890.0000 59.2735 8.0301
18895.0000 59.2892 8.0337
18900.0000 59.3342 8.0657
18905.0000 59.2681 8.0631
18910.0000 59.2245 8.0489
18915.0000 59.1978 8.0496
18920.0000 59.1395 8.0450
18925.0000 59.1983 8.0753
18930.0000 59.2208 8.0537
18935.0000 59.2404 8.0581
18940.0000 59.2858 8.0759
18945.0000 59.3190 8.0688
18950.0000 59.3570 8.0728
18955.0000 59.3725 8.0763
18960.0000 59.3927 8.0914
18965.0000 59.3635 8.0886
18970.0000 59.2005 8.0305
18975.0000 59.1569 8.0302
18980.0000 59.1198 8.0177
18985.0000 59.2006 8.0552
18990.0000 59.2424 8.0831
18995.0000 59.2520 8.0853
19000.0000 59.2710 8.0944
19005.0000 59.2782 8.0946
19010.0000 59.2874 8.0923
19015.0000 59.3082 8.0960
19020.0000 59.3149 8.0953
19025.0000 59.2160 8.0774
19030.0000 59.0777 8.0247
19035.0000 59.0936 8.0524
19040.0000 59.0957 8.0455
19045.0000 59.1867 8.0311
19050.0000 59.2132 8.0462
19055.0000 59.2312 8.0443
19060.0000 59.2984 8.0812
19065.0000 59.3102 8.0816
19070.0000 59.3254 8.0893
19075.0000 59.3394 8.0878
19080.0000 59.3601 8.0911
19085.0000 59.3172 8.1034
19090.0000 59.2495 8.0545
19095.0000 59.2166 8.0605
19100.0000 59.1801 8.0770
19105.0000 59.2126 8.0549
19110.0000 59.2218 8.0491
19115.0000 59.2306 8.0467
19120.0000 59.2414 8.0447
19125.0000 59.2621 8.0540
19130.0000 59.2719 8.0582
19135.0000 59.3000 8.0737
19140.0000 59.3695 8.1143
19145.0000 59.3531 8.1204
19150.0000 59.3161 8.1425
19155.0000 59.2646 8.1430
19160.0000 59.2338 8.1479
19165.0000 59.2504 8.1624
19170.0000 59.2725 8.1821
19175.0000 59.2960 8.1935
19180.0000 59.2859 8.1854
19185.0000 59.3055 8.1805
19190.0000 59.3220 8.1807
19195.0000 59.3723 8.1761
19200.0000 59.3771 8.1667
19205.0000 59.2585 8.1688
19210.0000 59.1842 8.1438
19215.0000 59.1589 8.1404
19220.0000 59.1225 8.1295
19225.0000 59.1091 8.1252
19230.0000 59.0944 8.1141
19235.0000 59.0960 8.1152
19240.0000 59.1599 8.1231
19245.0000 59.1943 8.1451
19250.0000 59.1947 8.1093
19255.0000 59.2343 8.1212
19260.0000 59.2676 8.1251
19265.0000 59.2257 8.0922
19270.0000 59.1459 8.0559
19275.0000 59.1021 8.0612
19280.0000 59.0855 8.0439
19285.0000 59.0854 8.0355
19290.0000 59.1093 8.0211
19295.0000 59.1457 8.0340
19300.0000 59.1536 8.0342
19305.0000 59.1869 8.0508
19310.0000 59.2008 8.0567
19315.0000 59.2172 8.0627
19320.0000 59.2700 8.1095
19325.0000 59.0997 8.0851
19330.0000 58.9769 8.0615
19335.0000 58.9092 8.0639
19340.0000 58.8538 8.0550
19345.0000 58.8477 8.0512
19350.0000 58.9017 8.0775
19355.0000 58.9557 8.0997
19360.0000 58.9634 8.1025
19365.0000 58.9777 8.1070
19370.0000 58.9809 8.0797
19375.0000 59.0047 8.0873
19380.0000 59.0378 8.1107
19385.0000 59.0507 8.1169
19390.0000 59.0229 8.1187
19395.0000 59.0345 8.1141
19400.0000 58.9833 8.0927
19405.0000 58.9601 8.0841
19410.0000 58.9185 8.0619
19415.0000 58.9281 8.0664
19420.0000 58.9486 8.0698
19425.0000 59.0010 8.0816
19430.0000 59.0140 8.0870
19435.0000 59.0548 8.1102
19440.0000 59.0706 8.1187
19445.0000 59.0451 8.1023
19450.0000 58.9980 8.0916
19455.0000 58.9820 8.0952
19460.0000 58.9241 8.0630
19465.0000 58.9366 8.0810
19470.0000 58.9369 8.0726
19475.0000 58.9493 8.0699
19480.0000 58.9849 8.0643
19485.0000 59.0571 8.0891
19490.0000 59.1662 8.1068
19495.0000 59.2611 8.1263
19500.0000 59.3578 8.1646
19505.0000 59.2943 8.1746
19510.0000 59.1061 8.0938
19515.0000 59.1469 8.0953
19520.0000 59.1215 8.0967
19525.0000 59.1687 8.1100
19530.0000 59.1433 8.0993
19535.0000 59.1765 8.1045
19540.0000 59.2186 8.1032
19545.0000 59.2392 8.1003
19550.0000 59.2661 8.1042
19555.0000 59.3114 8.1182
19560.0000 59.3892 8.1648
19565.0000 59.4290 8.1846
19570.0000 59.4370 8.1891
19575.0000 59.4613 8.1808
19580.0000 59.3738 8.1690
19585.0000 59.3840 8.1616
19590.0000 59.3933 8.1596
19595.0000 59.4077 8.1561
19600.0000 59.4404 8.1549
19605.0000 59.4610 8.1518
19610.0000 59.4930 8.1542
19615.0000 59.5146 8.1484
19620.0000 59.5707 8.1641
19625.0000 59.3995 8.1185
19630.0000 59.3347 8.0121
19635.0000 59.3229 8.0099
19640.0000 59.2689 7.9981
19645.0000 59.2695 7.9978
19650.0000 59.2517 7.9846
19655.0000 59.2488 7.9783
19660.0000 59.2619 7.9825
19665.0000 59.2848 7.9856
19670.0000 59.2879 7.9858
19675.0000 59.3231 7.9925
19680.0000 59.3440 7.9890
19685.0000 59.1690 7.9389
19690.0000 59.1410 7.9434
19695.0000 59.1129 7.9442
19700.0000 59.0931 7.9367
19705.0000 59.0923 7.9347
19710.0000 59.0917 7.9165
19715.0000 59.1126 7.9177
19720.0000 59.1390 7.9264
19725.0000 59.1630 7.9290
19730.0000 59.1983 7.9430
19735.0000 59.2164 7.9490
19740.0000 59.2435 7.9603
19745.0000 59.1031 7.9436
19750.0000 59.0669 7.9420
19755.0000 59.0763 7.9665
19760.0000 59.0317 7.9545
19765.0000 59.0523 7.9542
19770.0000 59.0960 7.9785
19775.0000 59.1309 8.0005
19780.0000 59.1420 8.0023
19785.0000 59.1341 7.9858
19790.0000 59.1540 7.9803
19795.0000 59.2199 8.0212
19800.0000 59.2517 8.0542
19805.0000 59.2785 8.0563
19810.0000 59.1143 8.0041
19815.0000 59.1273 8.0124
19820.0000 59.0384 7.9868
19825.0000 58.9863 7.9543
19830.0000 58.9548 7.9304
19835.0000 58.9702 7.9378
19840.0000 58.9695 7.9164
19845.0000 58.9909 7.9222
19850.0000 59.0700 7.9293
19855.0000 59.0785 7.9265
19860.0000 59.1328 7.9332
19865.0000 59.0986 7.9304
19870.0000 59.1162 7.9379
19875.0000 59.1429 7.9462
19880.0000 59.0372 7.9311
19885.0000 59.0053 7.9097
19890.0000 59.0581 7.9163
19895.0000 59.1197 7.9410
19900.0000 59.1480 7.9325
19905.0000 59.1667 7.9358
19910.0000 59.1765 7.9371
19915.0000 59.2197 7.9487
19920.0000 59.2793 7.9695
19925.0000 59.1910 7.9351
19930.0000 59.1307 7.9229
19935.0000 59.1131 7.9116
19940.0000 59.0769 7.8930
19945.0000 59.0412 7.8691
19950.0000 59.0776 7.8851
19955.0000 59.0845 7.8811
19960.0000 59.1057 7.8889
19965.0000 59.1208 7.8848
19970.0000 59.1350 7.8894
19975.0000 59.1577 7.8958
19980.0000 59.1672 7.9054
19985.0000 59.0619 7.8960
19990.0000 58.9816 7.8716
19995.0000 58.9670 7.8560
20000.0000 58.9090 7.8626
20005.0000 58.9817 7.8407
20010.0000 59.0558 7.8026
20015.0000 59.1727 7.8174
20020.0000 59.2224 7.8121
20025.0000 59.2344 7.8172
20030.0000 59.2444 7.8195
20035.0000 59.2526 7.8220
20040.0000 59.2644 7.8305
20045.0000 59.3085 7.8429
20050.0000 59.2569 7.8308
20055.0000 59.2312 7.8325
20060.0000 59.1462 7.8441
20065.0000 59.1033 7.8312
20070.0000 59.1281 7.8382
20075.0000 59.1851 7.8699
20080.0000 59.1949 7.8594
20085.0000 59.2503 7.8681
20090.0000 59.2847 7.8734
20095.0000 59.3448 7.8920
20100.0000 59.3542 7.9065
20105.0000 59.1496 7.8740
20110.0000 59.0705 7.8543
20115.0000 59.0875 7.8660
20120.0000 59.0697 7.8760
20125.0000 59.0722 7.8674
20130.0000 59.1525 7.8850
20135.0000 59.1573 7.8814
20140.0000 59.1808 7.8722
20145.0000 59.2162 7.8585
20150.0000 59.2449 7.8556
20155.0000 59.3616 7.9219
20160.0000 59.5175 7.9774
20165.0000 59.4378 7.9241
20170.0000 59.4536 7.9379
20175.0000 59.4470 7.9301
20180.0000 59.3903 7.9117
20185.0000 59.3982 7.9211
20190.0000 59.3732 7.9123
20195.0000 59.3751 7.9084
20200.0000 59.4154 7.9277
20205.0000 59.4284 7.9326
20210.0000 59.4410 7.9347
20215.0000 59.4793 7.9580
20220.0000 59.5335 7.9692
20225.0000 59.4572 7.9516
20230.0000 59.3201 7.8993
20235.0000 59.2899 7.9008
20240.0000 59.2602 7.8926
20245.0000 59.2403 7.8791
20250.0000 59.2351 7.8825
20255.0000 59.2530 7.8826
20260.0000 59.2410 7.8686
20265.0000 59.2611 7.8657
20270.0000 59.2817 7.8641
20275.0000 59.3605 7.9034
20280.0000 59.3607 7.9007
20285.0000 59.3540 7.9007
20290.0000 59.2791 7.9111
20295.0000 59.2917 7.9184
20300.0000 59.2723 7.9254
20305.0000 59.2983 7.9412
20310.0000 59.2907 7.9345
20315.0000 59.3012 7.9166
20320.0000 59.3338 7.9182
20325.0000 59.3567 7.9239
20330.0000 59.3759 7.9288
20335.0000 59.3922 7.9335
20340.0000 59.4159 7.9411
20345.0000 59.3968 7.9356
20350.0000 59.3792 7.9257
20355.0000 59.4149 7.9499
20360.0000 59.3643 7.9476
20365.0000 59.4168 7.9642
20370.0000 59.4115 7.9623
20375.0000 59.4178 7.9634
20380.0000 59.4755 7.9737
20385.0000 59.5433 7.9903
20390.0000 59.5887 7.9991
20395.0000 59.7314 8.0414
20400.0000 59.8140 8.0878
20405.0000 59.7554 8.0542
20410.0000 59.7073 8.0792
20415.0000 59.6500 8.0611
20420.0000 59.6001 8.0560
20425.0000 59.6061 8.0580
20430.0000 59.5959 8.0486
20435.0000 59.5912 8.0448
20440.0000 59.6354 8.0622
20445.0000 59.6606 8.0680
20450.0000 59.6741 8.0709
20455.0000 59.7076 8.0650
20460.0000 59.7860 8.0876
20465.0000 59.7552 8.0625
20470.0000 59.7808 8.0890
20475.0000 59.7884 8.0948
20480.0000 59.7678 8.1203
20485.0000 59.7260 8.1014
20490.0000 59.7868 8.1168
20495.0000 59.7858 8.1102
20500.0000 59.7764 8.0889
20505.0000 59.8260 8.1001
20510.0000 59.8987 8.1313
20515.0000 59.9096 8.1273
20520.0000 59.9839 8.1483
20525.0000 59.9543 8.1250
20530.0000 59.9010 8.0989
20535.0000 59.9176 8.1069
20540.0000 59.9173 8.1314
20545.0000 59.8960 8.1224
20550.0000 59.9015 8.1272
20555.0000 59.9063 8.1275
20560.0000 59.9236 8.1369
20565.0000 59.9353 8.1144
20570.0000 59.9715 8.1164
20575.0000 60.0098 8.1196
20580.0000 60.0517 8.1363
20585.0000 60.0739 8.1695
20590.0000 60.1376 8.1858
20595.0000 60.0761 8.1621
20600.0000 60.0221 8.1521
20605.0000 60.0472 8.1697
20610.0000 60.0169 8.1592
20615.0000 60.0783 8.1738
20620.0000 60.1092 8.1773
20625.0000 60.1504 8.1911
20630.0000 60.1807 8.2009
20635.0000 60.2263 8.2162
20640.0000 60.2509 8.2228
20645.0000 60.2808 8.2345
20650.0000 60.2576 8.2355
20655.0000 60.2720 8.2524
20660.0000 60.2149 8.2411
20665.0000 60.2219 8.2381
20670.0000 60.2463 8.2216
20675.0000 60.3142 8.2588
20680.0000 60.3493 8.2701
20685.0000 60.3613 8.2727
20690.0000 60.2910 8.2183
20695.0000 60.3458 8.2431
20700.0000 60.3593 8.2432
20705.0000 60.2971 8.2592
20710.0000 60.2265 8.2386
20715.0000 60.1537 8.2161
20720.0000 60.1185 8.2198
20725.0000 60.1338 8.2347
20730.0000 60.1245 8.2345
20735.0000 60.1299 8.2325
20740.0000 60.1382 8.2350
20745.0000 60.2036 8.2763
20750.0000 60.2854 8.2819
20755.0000 60.3221 8.2792
20760.0000 60.4017 8.3095
20765.0000 60.4130 8.3112
20770.0000 60.4282 8.3244
20775.0000 60.3469 8.2867
20780.0000 60.3226 8.2896
20785.0000 60.3336 8.2837
20790.0000 60.4895 8.3595
20795.0000 60.5857 8.4111
20800.0000 60.6875 8.4577
20805.0000 60.7334 8.4627
20810.0000 60.7917 8.4662
20815.0000 60.8688 8.4863
20820.0000 60.9100 8.5013
20825.0000 60.7035 8.5424
20830.0000 60.6775 8.4854
20835.0000 60.6989 8.4851
20840.0000 60.7227 8.4981
20845.0000 60.7908 8.5281
20850.0000 60.8290 8.5511
20855.0000 60.9382 8.5801
20860.0000 60.9397 8.5772
20865.0000 61.0451 8.5978
20870.0000 61.1214 8.6239
20875.0000 61.1825 8.6509
20880.0000 61.2282 8.6731
20885.0000 61.1487 8.6299
20890.0000 61.0157 8.6109
20895.0000 61.0061 8.6333
20900.0000 60.9545 8.6187
20905.0000 61.0295 8.6662
20910.0000 61.0414 8.6730
20915.0000 61.0965 8.6973
20920.0000 61.1535 8.7130
20925.0000 61.2099 8.7362
20930.0000 61.2797 8.7648
20935.0000 61.3474 8.8028
20940.0000 61.4421 8.8646
20945.0000 61.2718 8.7641
20950.0000 61.1927 8.7436
20955.0000 61.2176 8.7626
20960.0000 61.1453 8.7629
20965.0000 61.1773 8.7948
20970.0000 61.1977 8.7926
20975.0000 61.2180 8.7923
20980.0000 61.1967 8.7756
20985.0000 61.2768 8.8127
20990.0000 61.2469 8.7924
20995.0000 61.2595 8.7982
21000.0000 61.2846 8.8183
21005.0000 61.2105 8.8473
21010.0000 61.2534 8.8714
21015.0000 61.2367 8.8776
21020.0000 61.1914 8.8676
21025.0000 61.1438 8.8335
21030.0000 61.1389 8.8350
21035.0000 61.1887 8.8640
21040.0000 61.2016 8.8685
21045.0000 61.2172 8.8759
21050.0000 61.2330 8.8773
21055.0000 61.2720 8.8980
21060.0000 61.2710 8.9007
21065.0000 61.2392 8.9032
21070.0000 61.1997 8.9057
21075.0000 61.2106 8.9086
21080.0000 61.1713 8.9131
21085.0000 61.1978 8.9518
21090.0000 61.1791 8.9502
21095.0000 61.2197 8.9729
21100.0000 61.2354 8.9754
21105.0000 61.2468 8.9711
21110.0000 61.2760 8.9705
21115.0000 61.2881 8.9702
21120.0000 61.2716 8.9532
21125.0000 61.1659 8.9005
21130.0000 61.1264 8.9122
21135.0000 61.1166 8.9234
21140.0000 61.0689 8.9055
21145.0000 61.0760 8.9049
21150.0000 61.1121 8.9061
21155.0000 61.1730 8.9199
21160.0000 61.2332 8.8933
21165.0000 61.2725 8.8872
21170.0000 61.2963 8.8830
21175.0000 61.3227 8.8935
21180.0000 61.4101 8.9364
21185.0000 61.2476 8.8906
21190.0000 61.2093 8.8758
21195.0000 61.1623 8.8326
21200.0000 61.0697 8.8078
21205.0000 61.0396 8.7884
21210.0000 61.0206 8.7831
21215.0000 61.0389 8.7896
21220.0000 61.0315 8.7834
21225.0000 61.0486 8.7869
21230.0000 61.0486 8.7869
21235.0000 61.0574 8.7869
21240.0000 61.0587 8.7925
21245.0000 61.0157 8.7758
21250.0000 60.9648 8.7609
21255.0000 60.9442 8.7605
21260.0000 60.9538 8.7746
21265.0000 60.9309 8.7653
21270.0000 60.9686 8.7909
21275.0000 61.0091 8.8088
21280.0000 61.0248 8.8101
21285.0000 61.0826 8.8272
21290.0000 61.1485 8.8644
21295.0000 61.1910 8.8703
21300.0000 61.1744 8.8508
21305.0000 61.1903 8.8403
21310.0000 61.1189 8.8177
21315.0000 61.0891 8.7875
21320.0000 61.1136 8.8224
21325.0000 61.1678 8.8316
21330.0000 61.1704 8.8333
21335.0000 61.2047 8.8589
21340.0000 61.2249 8.8651
21345.0000 61.2377 8.8683
21350.0000 61.2182 8.8457
21355.0000 61.2338 8.7790
21360.0000 61.2527 8.7388
21365.0000 61.1993 8.6785
21370.0000 61.1973 8.7002
21375.0000 61.1787 8.7099
21380.0000 61.1156 8.7118
21385.0000 61.1035 8.6992
21390.0000 61.1244 8.6898
21395.0000 61.1226 8.6819
21400.0000 61.1475 8.6799
21405.0000 61.1646 8.6759
21410.0000 61.1832 8.6739
21415.0000 61.1892 8.6726
21420.0000 61.2022 8.6907
21425.0000 61.2162 8.6998
21430.0000 61.0735 8.6480
21435.0000 61.0787 8.6903
21440.0000 61.0073 8.6852
21445.0000 60.9766 8.6785
21450.0000 60.9682 8.6781
21455.0000 60.9572 8.6714
21460.0000 60.9728 8.6792
21465.0000 60.9898 8.6833
21470.0000 61.0073 8.6919
21475.0000 61.0167 8.6909
21480.0000 61.0702 8.7271
21485.0000 60.9615 8.6898
21490.0000 60.8384 8.6337
21495.0000 60.8551 8.6296
21500.0000 60.8243 8.6264
21505.0000 60.8143 8.6206
21510.0000 60.8184 8.6194
21515.0000 60.8186 8.6241
21520.0000 60.8400 8.6317
21525.0000 60.8685 8.6365
21530.0000 60.8874 8.6416
21535.0000 60.8919 8.6416
21540.0000 60.9038 8.6503
21545.0000 60.7972 8.6025
21550.0000 60.7464 8.5836
21555.0000 60.7782 8.5760
21560.0000 60.7201 8.5925
21565.0000 60.7002 8.5829
21570.0000 60.6917 8.5803
21575.0000 60.7016 8.5830
21580.0000 60.7059 8.5805
21585.0000 60.7171 8.5866
21590.0000 60.7504 8.5849
21595.0000 60.7654 8.5846
21600.0000 60.7842 8.5844
21605.0000 60.7573 8.5646
21610.0000 60.5564 8.4673
21615.0000 60.5743 8.4761
21620.0000 60.5241 8.4702
21625.0000 60.5050 8.4676
21630.0000 60.5465 8.4940
21635.0000 60.5440 8.4901
21640.0000 60.5526 8.4874
21645.0000 60.5311 8.4688
21650.0000 60.5777 8.4678
21655.0000 60.6118 8.4830
21660.0000 60.6514 8.5013
21665.0000 60.6578 8.5113
21670.0000 60.5100 8.4671
21675.0000 60.5566 8.4997
21680.0000 60.5067 8.4958
21685.0000 60.4714 8.4813
21690.0000 60.4591 8.4797
21695.0000 60.4633 8.4801
21700.0000 60.4776 8.4829
21705.0000 60.4962 8.4814
21710.0000 60.5652 8.5094
21715.0000 60.5849 8.5003
21720.0000 60.6826 8.5549
21725.0000 60.5608 8.4898
21730.0000 60.4348 8.4548
21735.0000 60.4154 8.4722
21740.0000 60.3341 8.4548
21745.0000 60.3000 8.4553
21750.0000 60.2541 8.4437
21755.0000 60.2665 8.4424
21760.0000 60.3126 8.4517
21765.0000 60.3293 8.4450
21770.0000 60.4768 8.5172
21775.0000 60.4948 8.5086
21780.0000 60.5568 8.5060
21785.0000 60.4784 8.4708
21790.0000 60.4434 8.4598
21795.0000 60.4370 8.4615
21800.0000 60.4012 8.4494
21805.0000 60.3726 8.4470
21810.0000 60.3829 8.4553
21815.0000 60.4141 8.4665
21820.0000 60.4224 8.4649
21825.0000 60.4481 8.4721
21830.0000 60.4724 8.4768
21835.0000 60.4928 8.4824
21840.0000 60.6217 8.4962
21845.0000 60.6321 8.5122
21850.0000 60.6717 8.5727
21855.0000 60.7168 8.5981
21860.0000 60.6791 8.6026
21865.0000 60.6605 8.5951
21870.0000 60.7216 8.5929
21875.0000 60.7833 8.5947
21880.0000 60.8699 8.5799
21885.0000 60.8881 8.5737
21890.0000 60.9653 8.6119
21895.0000 60.9800 8.6180
21900.0000 60.9908 8.6247
21905.0000 60.9836 8.6284
21910.0000 60.9621 8.6131
21915.0000 60.9676 8.6166
21920.0000 60.9486 8.6435
21925.0000 60.9239 8.6407
21930.0000 60.8851 8.6186
21935.0000 60.8954 8.6213
21940.0000 60.8968 8.6201
21945.0000 60.9122 8.6234
21950.0000 60.9238 8.6229
21955.0000 60.9676 8.6189
21960.0000 60.9715 8.6374
21965.0000 60.9698 8.6343
21970.0000 60.9615 8.6351
21975.0000 60.9604 8.6371
21980.0000 61.0158 8.6734
21985.0000 61.0123 8.6688
21990.0000 61.0032 8.6608
21995.0000 61.0063 8.6526
22000.0000 61.0241 8.6337
22005.0000 61.0750 8.6646
22010.0000 61.0936 8.6688
22015.0000 61.1054 8.6736
22020.0000 61.1162 8.6755
22025.0000 61.1267 8.6730
22030.0000 61.0798 8.6655
22035.0000 61.0318 8.6459
22040.0000 60.9790 8.6281
22045.0000 60.9540 8.6170
22050.0000 60.9282 8.6139
22055.0000 60.9317 8.6164
22060.0000 60.9258 8.6162
22065.0000 60.9423 8.6160
22070.0000 61.0359 8.6305
22075.0000 61.1556 8.6707
22080.0000 61.1830 8.6933
22085.0000 61.0465 8.6319
22090.0000 60.8827 8.5623
22095.0000 60.8439 8.5512
22100.0000 60.9098 8.5821
22105.0000 60.8849 8.5520
22110.0000 60.8912 8.5361
22115.0000 60.8946 8.5325
22120.0000 60.9488 8.5442
22125.0000 60.9468 8.5243
22130.0000 60.9542 8.4989
22135.0000 60.9721 8.4950
22140.0000 60.9985 8.4833
22145.0000 60.9921 8.4765
22150.0000 61.0123 8.5090
22155.0000 60.9978 8.5120
22160.0000 60.9380 8.4921
22165.0000 60.9365 8.4842
22170.0000 60.9316 8.4714
22175.0000 60.9525 8.4696
22180.0000 60.8928 8.4138
22185.0000 60.9569 8.4411
22190.0000 60.9810 8.4356
22195.0000 61.0034 8.4302
22200.0000 61.0318 8.4224
22205.0000 61.0086 8.3983
22210.0000 61.0513 8.4158
22215.0000 61.0538 8.4167
22220.0000 60.9935 8.3867
22225.0000 60.9354 8.3639
22230.0000 60.9153 8.3522
22235.0000 60.9676 8.3722
22240.0000 60.9414 8.3521
22245.0000 60.9632 8.3552
22250.0000 60.9632 8.3552
22255.0000 60.9796 8.3588
22260.0000 60.9911 8.3629
22265.0000 61.0035 8.3869
22270.0000 60.9898 8.3950
22275.0000 60.9257 8.3701
22280.0000 60.8509 8.3547
22285.0000 60.8004 8.3330
22290.0000 60.8132 8.3314
22295.0000 60.8159 8.3293
22300.0000 60.8374 8.3464
22305.0000 60.8627 8.3543
22310.0000 60.8765 8.3589
22315.0000 60.8985 8.3605
22320.0000 60.9264 8.3743
22325.0000 60.8986 8.3565
22330.0000 60.8273 8.3603
22335.0000 60.7887 8.3574
22340.0000 60.7685 8.3664
22345.0000 60.7704 8.3798
22350.0000 60.7326 8.3698
22355.0000 60.7175 8.3616
22360.0000 60.7527 8.3709
22365.0000 60.7469 8.3619
22370.0000 60.7608 8.3702
22375.0000 60.7745 8.3720
22380.0000 60.7691 8.3769
22385.0000 60.6263 8.3594
22390.0000 60.5272 8.3558
22395.0000 60.5079 8.3672
22400.0000 60.4845 8.3811
22405.0000 60.4822 8.3837
22410.0000 60.4577 8.3712
22415.0000 60.4476 8.3588
22420.0000 60.4499 8.3570
22425.0000 60.4622 8.3592
22430.0000 60.4701 8.3566
22435.0000 60.5282 8.3840
22440.0000 60.5351 8.3858
22445.0000 60.6018 8.4118
22450.0000 60.6252 8.4285
22455.0000 60.5722 8.4113
22460.0000 60.5215 8.4007
22465.0000 60.4846 8.3799
22470.0000 60.4791 8.3809
22475.0000 60.4580 8.3770
22480.0000 60.4710 8.3801
22485.0000 60.4870 8.3888
22490.0000 60.4901 8.3886
22495.0000 60.5470 8.4186
22500.0000 60.5596 8.4238
22505.0000 60.3484 8.3365
22510.0000 60.3903 8.3617
22515.0000 60.3774 8.3643
22520.0000 60.3276 8.3461
22525.0000 60.2967 8.3374
22530.0000 60.3001 8.3412
22535.0000 60.3188 8.3479
22540.0000 60.3026 8.3432
22545.0000 60.3163 8.3435
22550.0000 60.3283 8.3477
22555.0000 60.3091 8.3252
22560.0000 60.3126 8.3342
22565.0000 60.3345 8.3584
22570.0000 60.2595 8.3774
22575.0000 60.2749 8.3789
22580.0000 60.2328 8.3751
22585.0000 60.2128 8.3499
22590.0000 60.2000 8.3422
22595.0000 60.2206 8.3428
22600.0000 60.2133 8.3342
22605.0000 60.2293 8.3376
22610.0000 60.2405 8.3337
22615.0000 60.2655 8.3343
22620.0000 60.2787 8.3303
22625.0000 60.2930 8.3297
22630.0000 60.1301 8.2780
22635.0000 60.0892 8.2663
22640.0000 60.1127 8.2841
22645.0000 60.1360 8.3029
22650.0000 60.1988 8.3383
22655.0000 60.2444 8.3454
22660.0000 60.2223 8.3361
22665.0000 60.2315 8.3382
22670.0000 60.2392 8.3386
22675.0000 60.2566 8.3435
22680.0000 60.2892 8.3620
22685.0000 60.2920 8.4068
22690.0000 60.1162 8.3354
22695.0000 60.1475 8.3496
22700.0000 60.1130 8.3478
22705.0000 60.0966 8.3477
22710.0000 60.0986 8.3521
22715.0000 60.0948 8.3497
22720.0000 60.1169 8.3603
22725.0000 60.1268 8.3641
22730.0000 60.1474 8.3672
22735.0000 60.1552 8.3714
22740.0000 60.2344 8.4140
22745.0000 60.1987 8.3914
22750.0000 60.1234 8.3579
22755.0000 60.1254 8.3593
22760.0000 60.0440 8.3393
22765.0000 60.0296 8.3326
22770.0000 60.0564 8.3454
22775.0000 60.0346 8.3091
22780.0000 60.0156 8.3004
22785.0000 60.0511 8.2977
22790.0000 60.1163 8.2977
22795.0000 60.1253 8.2951
22800.0000 60.1454 8.2890
22805.0000 60.1485 8.2989
22810.0000 60.1726 8.2983
22815.0000 60.2927 8.3646
22820.0000 60.2933 8.3512
22825.0000 60.3379 8.3682
22830.0000 60.3848 8.3585
22835.0000 60.4628 8.3644
22840.0000 60.4454 8.3454
22845.0000 60.4491 8.3451
22850.0000 60.4551 8.3475
22855.0000 60.4650 8.3510
22860.0000 60.4510 8.3508
22865.0000 60.3636 8.3049
22870.0000 60.3326 8.2872
22875.0000 60.3058 8.2754
22880.0000 60.2610 8.2714
22885.0000 60.2058 8.2515
22890.0000 60.1812 8.2516
22895.0000 60.1920 8.2497
22900.0000 60.1890 8.2451
22905.0000 60.2116 8.2459
22910.0000 60.2250 8.2483
22915.0000 60.2409 8.2464
22920.0000 60.2685 8.2419
22925.0000 60.2795 8.2538
22930.0000 60.2574 8.2434
22935.0000 60.2684 8.2426
22940.0000 60.2499 8.2361
22945.0000 60.2289 8.2208
22950.0000 60.2350 8.2214
22955.0000 60.2204 8.2008
22960.0000 60.2125 8.1988
22965.0000 60.2373 8.2021
22970.0000 60.2412 8.2022
22975.0000 60.2554 8.2075
22980.0000 60.2838 8.2313
22985.0000 60.3057 8.2365
22990.0000 60.2877 8.1939
22995.0000 60.2953 8.1841
23000.0000 60.2328 8.1739
23005.0000 60.1984 8.1607
23010.0000 60.2569 8.1811
23015.0000 60.2736 8.1701
23020.0000 60.3154 8.1831
23025.0000 60.3423 8.1813
23030.0000 60.3691 8.1824
23035.0000 60.3770 8.1875
23040.0000 60.3951 8.1869
23045.0000 60.3183 8.1430
23050.0000 60.2922 8.1498
23055.0000 60.3197 8.1618
23060.0000 60.2624 8.1386
23065.0000 60.2097 8.1121
23070.0000 60.1939 8.1127
23075.0000 60.2061 8.1064
23080.0000 60.2108 8.1011
23085.0000 60.2186 8.0959
23090.0000 60.2351 8.0923
23095.0000 60.2469 8.0956
23100.0000 60.3076 8.1235
23105.0000 60.3281 8.1406
23110.0000 60.2551 8.1178
23115.0000 60.2478 8.1102
23120.0000 60.2683 8.1068
23125.0000 60.2496 8.0945
23130.0000 60.2779 8.1053
23135.0000 60.2888 8.1098
23140.0000 60.3125 8.1232
23145.0000 60.3160 8.1239
23150.0000 60.3329 8.1282
23155.0000 60.3364 8.1292
23160.0000 60.3433 8.1380
23165.0000 60.2439 8.0997
23170.0000 60.2535 8.1099
23175.0000 60.2414 8.1072
23180.0000 60.2332 8.1233
23185.0000 60.1754 8.1042
23190.0000 60.1612 8.1066
23195.0000 60.1529 8.0927
23200.0000 60.1573 8.0887
23205.0000 60.1828 8.0925
23210.0000 60.1910 8.0926
23215.0000 60.2188 8.1005
23220.0000 60.2221 8.1051
23225.0000 60.1605 8.0726
23230.0000 60.1223 8.0801
23235.0000 60.1161 8.0810
23240.0000 60.0616 8.0824
23245.0000 60.0664 8.0840
23250.0000 60.0691 8.0922
23255.0000 60.1167 8.1068
23260.0000 60.1181 8.1102
23265.0000 60.1351 8.1094
23270.0000 60.1800 8.1191
23275.0000 60.2354 8.1413
23280.0000 60.2663 8.1635
23285.0000 60.2502 8.1491
23290.0000 60.1357 8.1133
23295.0000 60.1086 8.1019
23300.0000 60.0880 8.1088
23305.0000 60.0702 8.0781
23310.0000 60.0414 8.0626
23315.0000 60.0875 8.0843
23320.0000 60.1060 8.0917
23325.0000 60.1231 8.0897
23330.0000 60.1680 8.1095
23335.0000 60.1816 8.1102
23340.0000 60.1921 8.1126
23345.0000 60.1774 8.1110
23350.0000 60.1605 8.1037
23355.0000 60.1678 8.1147
23360.0000 60.1292 8.1133
23365.0000 60.0573 8.0849
23370.0000 60.0395 8.0790
23375.0000 60.0401 8.0796
23380.0000 60.0389 8.0754
23385.0000 60.0185 8.0606
23390.0000 60.0366 8.0634
23395.0000 60.0417 8.0666
23400.0000 60.0559 8.0711
23405.0000 59.9541 8.0458
23410.0000 59.7921 7.9626
23415.0000 59.8010 7.9611
23420.0000 59.7786 7.9532
23425.0000 59.7815 7.9508
23430.0000 59.8050 7.9635
23435.0000 59.8527 7.9867
23440.0000 59.8118 7.9736
23445.0000 59.8784 7.9903
23450.0000 59.8826 7.9923
23455.0000 59.9510 8.0269
23460.0000 59.9632 8.0364
23465.0000 60.0281 8.0486
23470.0000 60.0294 8.0607
23475.0000 60.0946 8.0932
23480.0000 60.0669 8.0984
23485.0000 60.0350 8.0964
23490.0000 60.0643 8.1010
23495.0000 60.0805 8.1038
23500.0000 60.1115 8.1107
23505.0000 60.1298 8.1174
23510.0000 60.1421 8.1188
23515.0000 60.1705 8.1254
23520.0000 60.1830 8.1268
23525.0000 60.0837 8.1484
23530.0000 60.0743 8.1678
23535.0000 60.0235 8.1504
23540.0000 60.0067 8.1419
23545.0000 59.9847 8.1392
23550.0000 60.0382 8.1664
23555.0000 60.0488 8.1715
23560.0000 60.0676 8.1780
23565.0000 60.0770 8.1758
23570.0000 60.1447 8.2151
23575.0000 60.1474 8.2079
23580.0000 60.1725 8.2145
23585.0000 60.1007 8.2181
23590.0000 60.0701 8.2045
23595.0000 60.0782 8.2080
23600.0000 60.0488 8.2073
23605.0000 60.0166 8.1892
23610.0000 60.0037 8.1921
23615.0000 60.0225 8.1983
23620.0000 60.0266 8.2024
23625.0000 60.0766 8.2064
23630.0000 60.0764 8.2018
23635.0000 60.0964 8.2072
23640.0000 60.1070 8.2176
23645.0000 60.0318 8.2225
23650.0000 59.8583 8.1682
23655.0000 59.8631 8.1724
23660.0000 59.8278 8.1661
23665.0000 59.7746 8.1450
23670.0000 59.7566 8.1404
23675.0000 59.8035 8.1592
23680.0000 59.7973 8.1493
23685.0000 59.8031 8.1497
23690.0000 59.8165 8.1553
23695.0000 59.8219 8.1564
23700.0000 59.8537 8.1579
23705.0000 59.8217 8.1354
23710.0000 59.7960 8.1398
23715.0000 59.7641 8.1218
23720.0000 59.7235 8.1267
23725.0000 59.7098 8.1314
23730.0000 59.7371 8.1582
23735.0000 59.7677 8.1598
23740.0000 59.7744 8.1625
23745.0000 59.8358 8.1814
23750.0000 59.8902 8.1762
23755.0000 59.9063 8.1812
23760.0000 59.9346 8.1946
23765.0000 59.9454 8.2021
23770.0000 59.8684 8.1406
23775.0000 59.8684 8.1265
23780.0000 59.8953 8.1411
23785.0000 59.9468 8.1702
23790.0000 59.8934 8.1335
23795.0000 59.9206 8.1281
23800.0000 59.9374 8.1211
23805.0000 59.9702 8.1190
23810.0000 59.9838 8.1202
23815.0000 60.0139 8.1287
23820.0000 60.0417 8.1389
23825.0000 59.9960 8.1117
23830.0000 59.9753 8.1205
23835.0000 59.9802 8.1405
23840.0000 59.9319 8.1409
23845.0000 59.9141 8.1405
23850.0000 59.8527 8.1084
23855.0000 59.8620 8.1082
23860.0000 59.8342 8.1025
23865.0000 59.8516 8.1026
23870.0000 59.9190 8.1187
23875.0000 59.9491 8.1220
23880.0000 60.0136 8.1387
23885.0000 60.0264 8.1350
23890.0000 59.8334 8.0709
23895.0000 59.7269 8.0230
23900.0000 59.6648 7.9829
23905.0000 59.6716 7.9830
23910.0000 59.6739 7.9849
23915.0000 59.6808 7.9841
23920.0000 59.7587 8.0071
23925.0000 59.9058 8.0708
23930.0000 59.9129 8.0699
23935.0000 59.9256 8.0707
23940.0000 60.0062 8.1134
23945.0000 59.8980 8.1214
23950.0000 59.9828 8.1506
23955.0000 60.0107 8.1616
23960.0000 60.0517 8.2071
23965.0000 60.0016 8.2000
23970.0000 60.0388 8.2292
23975.0000 60.0410 8.2284
23980.0000 60.0390 8.2304
23985.0000 60.0453 8.2287
23990.0000 60.1204 8.2637
23995.0000 60.2105 8.3040
24000.0000 60.2273 8.3150
24005.0000 60.2478 8.3200
24010.0000 60.2307 8.3133
24015.0000 60.2485 8.3104
24020.0000 60.2158 8.3051
24025.0000 60.1908 8.2703
24030.0000 60.1806 8.2614
24035.0000 60.1885 8.2544
24040.0000 60.1912 8.2489
24045.0000 60.1740 8.2240
24050.0000 60.2321 8.2389
24055.0000 60.2421 8.2396
24060.0000 60.2598 8.2434
24065.0000 60.2049 8.2382
24070.0000 60.1738 8.2362
24075.0000 60.1881 8.2376
24080.0000 60.2041 8.2412
24085.0000 60.1499 8.2182
24090.0000 60.1400 8.2150
24095.0000 60.1466 8.2156
24100.0000 60.1662 8.2154
24105.0000 60.1808 8.2197
24110.0000 60.2177 8.2336
24115.0000 60.2369 8.2322
24120.0000 60.2592 8.2296
24125.0000 60.2695 8.2297
24130.0000 60.1936 8.1970
24135.0000 60.1970 8.1946
24140.0000 60.2106 8.2127
24145.0000 60.1625 8.1893
24150.0000 60.1283 8.1863
24155.0000 60.1264 8.1744
24160.0000 60.0994 8.1610
24165.0000 60.1183 8.1654
24170.0000 60.1765 8.1694
24175.0000 60.2058 8.1714
24180.0000 60.2452 8.1743
24185.0000 60.1319 8.1489
24190.0000 60.0699 8.1353
24195.0000 60.0613 8.1319
24200.0000 60.0449 8.1289
24205.0000 60.0849 8.1392
24210.0000 60.0857 8.1458
24215.0000 60.1430 8.1697
24220.0000 60.1193 8.1552
24225.0000 60.1422 8.1627
24230.0000 60.2343 8.2117
24235.0000 60.2540 8.2174
24240.0000 60.2730 8.2153
24245.0000 60.2928 8.2046
24250.0000 60.2464 8.1770
24255.0000 60.2649 8.1746
24260.0000 60.2411 8.1788
24265.0000 60.2165 8.1641
24270.0000 60.2048 8.1688
24275.0000 60.2076 8.1675
24280.0000 60.2064 8.1611
24285.0000 60.2248 8.1640
24290.0000 60.3178 8.2072
24295.0000 60.3371 8.1995
24300.0000 60.3677 8.2155
24305.0000 60.3638 8.2016
24310.0000 60.2758 8.2003
24315.0000 60.2932 8.2135
24320.0000 60.3359 8.2555
24325.0000 60.3346 8.2492
24330.0000 60.3999 8.2865
24335.0000 60.3808 8.2469
24340.0000 60.4367 8.2521
24345.0000 60.5034 8.2883
24350.0000 60.5103 8.2904
24355.0000 60.4871 8.2639
24360.0000 60.5025 8.2715
24365.0000 60.4697 8.2525
24370.0000 60.3765 8.2292
24375.0000 60.3241 8.2097
24380.0000 60.2837 8.2035
24385.0000 60.2436 8.1892
24390.0000 60.2358 8.1873
24395.0000 60.2364 8.1873
24400.0000 60.2400 8.1894
24405.0000 60.2437 8.1870
24410.0000 60.2621 8.1944
24415.0000 60.2804 8.1891
24420.0000 60.2797 8.1941
24425.0000 60.1859 8.1373
24430.0000 60.0562 8.0830
24435.0000 59.9472 8.0538
24440.0000 59.9321 8.0549
24445.0000 59.8754 8.0417
24450.0000 59.8533 8.0404
24455.0000 59.8540 8.0403
24460.0000 59.8527 8.0458
24465.0000 59.8527 8.0458
24470.0000 59.9071 8.0591
24475.0000 59.9127 8.0557
24480.0000 59.9420 8.0773
24485.0000 59.8913 8.0406
24490.0000 59.8585 8.0320
24495.0000 59.8567 8.0419
24500.0000 59.8413 8.0402
24505.0000 59.8201 8.0375
24510.0000 59.8413 8.0668
24515.0000 59.8607 8.0838
24520.0000 59.8637 8.0775
24525.0000 59.8702 8.0772
24530.0000 59.9324 8.0878
24535.0000 59.9356 8.0856
24540.0000 60.0291 8.1430
24545.0000 60.0333 8.1403
24550.0000 59.9594 8.1235
24555.0000 59.9117 8.0937
24560.0000 59.8486 8.0721
24565.0000 59.7922 8.0653
24570.0000 59.7875 8.0681
24575.0000 59.7288 8.0144
24580.0000 59.7668 8.0328
24585.0000 59.8655 8.0781
24590.0000 59.8832 8.0842
24595.0000 59.9400 8.1141
24600.0000 59.9682 8.1267
24605.0000 59.9819 8.1294
24610.0000 60.0331 8.1700
24615.0000 59.9627 8.1376
24620.0000 59.8843 8.1228
24625.0000 59.8511 8.1183
24630.0000 59.9079 8.1298
24635.0000 59.9181 8.1309
24640.0000 59.9529 8.1567
24645.0000 60.0561 8.1808
24650.0000 60.1060 8.1953
24655.0000 60.1182 8.1936
24660.0000 60.1442 8.1986
24665.0000 60.0915 8.1761
24670.0000 60.1019 8.1880
24675.0000 60.0005 8.1485
24680.0000 59.9486 8.1301
24685.0000 60.0107 8.1800
24690.0000 60.0110 8.1831
24695.0000 60.0179 8.1790
24700.0000 59.9875 8.1575
24705.0000 60.0187 8.1654
24710.0000 60.0421 8.1740
24715.0000 60.0910 8.1926
24720.0000 60.1345 8.2091
24725.0000 60.1187 8.1945
24730.0000 60.1377 8.2048
24735.0000 60.1208 8.2069
24740.0000 60.0814 8.1964
24745.0000 60.0439 8.1893
24750.0000 60.0591 8.2081
24755.0000 60.0640 8.2125
24760.0000 60.0696 8.2135
24765.0000 60.0839 8.2188
24770.0000 60.0960 8.2203
24775.0000 60.1251 8.2310
24780.0000 60.0828 8.2084
24785.0000 60.0731 8.2021
24790.0000 60.0741 8.2156
24795.0000 60.0947 8.2282
24800.0000 60.0536 8.2256
24805.0000 60.0592 8.2290
24810.0000 60.0033 8.1983
24815.0000 60.0605 8.2323
24820.0000 60.1115 8.2721
24825.0000 60.1265 8.2808
24830.0000 60.1687 8.2991
24835.0000 60.1827 8.3064
24840.0000 60.2131 8.3177
24845.0000 60.1686 8.3076
24850.0000 60.2036 8.3131
24855.0000 60.2196 8.3247
24860.0000 60.3190 8.3595
24865.0000 60.2614 8.3350
24870.0000 60.2531 8.3336
24875.0000 60.1779 8.2784
24880.0000 60.1656 8.2796
24885.0000 60.1821 8.2841
24890.0000 60.2282 8.2960
24895.0000 60.2466 8.2936
24900.0000 60.2745 8.2951
24905.0000 60.2340 8.2760
24910.0000 60.2326 8.2797
24915.0000 60.2469 8.2891
24920.0000 60.2138 8.2820
24925.0000 60.1634 8.2674
24930.0000 60.1436 8.2675
24935.0000 60.1611 8.2731
24940.0000 60.1541 8.2723
24945.0000 60.1832 8.2812
24950.0000 60.2214 8.2997
24955.0000 60.3435 8.3534
24960.0000 60.4187 8.3977
24965.0000 60.3677 8.4117
24970.0000 60.3633 8.4188
24975.0000 60.3545 8.4184
24980.0000 60.3131 8.4052
24985.0000 60.2997 8.4015
24990.0000 60.3011 8.3999
24995.0000 60.2897 8.3954
25000.0000 60.3099 8.4051
25005.0000 60.3198 8.4052
25010.0000 60.4371 8.4418
25015.0000 60.4766 8.4657
25020.0000 60.4539 8.4589
25025.0000 60.4273 8.4320
25030.0000 60.4134 8.4475
25035.0000 60.4173 8.4514
25040.0000 60.3594 8.4279
25045.0000 60.3103 8.4272
25050.0000 60.3037 8.4226
25055.0000 60.2967 8.4216
25060.0000 60.2984 8.4208
25065.0000 60.3427 8.4404
25070.0000 60.3621 8.4421
25075.0000 60.3684 8.4463
25080.0000 60.3773 8.4495
25085.0000 60.3534 8.4494
25090.0000 60.3006 8.4688
25095.0000 60.4468 8.5382
25100.0000 60.4342 8.5413
25105.0000 60.3485 8.5146
25110.0000 60.3420 8.5114
25115.0000 60.3306 8.5071
25120.0000 60.4249 8.5378
25125.0000 60.4345 8.5417
25130.0000 60.4580 8.5489
25135.0000 60.4698 8.5481
25140.0000 60.5175 8.5630
25145.0000 60.4982 8.5497
25150.0000 60.4224 8.5293
25155.0000 60.3458 8.5090
25160.0000 60.3009 8.5049
25165.0000 60.2511 8.5072
25170.0000 60.2874 8.5134
25175.0000 60.2932 8.5172
25180.0000 60.2544 8.5028
25185.0000 60.2634 8.5047
25190.0000 60.2842 8.5076
25195.0000 60.2903 8.5077
25200.0000 60.3104 8.5178
25205.0000 60.2804 8.4952
25210.0000 60.2856 8.5037
25215.0000 60.2672 8.5042
25220.0000 60.2862 8.5541
25225.0000 60.2559 8.5416
25230.0000 60.1824 8.5301
25235.0000 60.1853 8.5332
25240.0000 60.1616 8.5205
25245.0000 60.1787 8.5270
25250.0000 60.1501 8.5057
25255.0000 60.1612 8.5115
25260.0000 60.1720 8.5151
25265.0000 60.1589 8.5020
25270.0000 60.0956 8.4881
25275.0000 60.0061 8.4494
25280.0000 59.9813 8.4400
25285.0000 59.9350 8.4320
25290.0000 59.9216 8.4322
25295.0000 59.9572 8.4420
25300.0000 59.9568 8.4384
25305.0000 59.9726 8.4474
25310.0000 59.9758 8.4470
25315.0000 60.0283 8.4676
25320.0000 60.0393 8.4706
25325.0000 59.9711 8.4713
25330.0000 59.9657 8.4831
25335.0000 59.9620 8.4873
25340.0000 59.9033 8.4716
25345.0000 59.8763 8.4724
25350.0000 59.8745 8.4670
25355.0000 59.9051 8.4868
25360.0000 59.9011 8.4856
25365.0000 59.9054 8.4868
25370.0000 59.9105 8.4861
25375.0000 59.8940 8.4732
25380.0000 59.8667 8.4424
25385.0000 59.7817 8.4169
25390.0000 59.6956 8.3775
25395.0000 59.6723 8.3824
25400.0000 59.6352 8.3671
25405.0000 59.5914 8.3684
25410.0000 59.5599 8.3654
25415.0000 59.5560 8.3568
25420.0000 59.5429 8.3472
25425.0000 59.5696 8.3509
25430.0000 59.5986 8.3572
25435.0000 59.6028 8.3584
25440.0000 59.6156 8.3712
25445.0000 59.5789 8.3629
25450.0000 59.4303 8.3543
25455.0000 59.4163 8.3522
25460.0000 59.3691 8.3366
25465.0000 59.3294 8.3267
25470.0000 59.3407 8.3339
25475.0000 59.3267 8.3242
25480.0000 59.2857 8.3121
25485.0000 59.3345 8.3310
25490.0000 59.3768 8.3590
25495.0000 59.3966 8.3620
25500.0000 59.4090 8.3689
25505.0000 59.4151 8.3635
25510.0000 59.3895 8.3609
25515.0000 59.3270 8.3255
25520.0000 59.3270 8.3130
25525.0000 59.3409 8.2975
25530.0000 59.3327 8.2993
25535.0000 59.3392 8.2954
25540.0000 59.3553 8.2966
25545.0000 59.4271 8.3374
25550.0000 59.4303 8.3316
25555.0000 59.4828 8.3616
25560.0000 59.5028 8.3674
25565.0000 59.5070 8.3590
25570.0000 59.4684 8.3397
25575.0000 59.4902 8.3471
25580.0000 59.5041 8.3560
25585.0000 59.4804 8.3684
25590.0000 59.5099 8.4039
25595.0000 59.5071 8.4006
25600.0000 59.5150 8.4008
25605.0000 59.5251 8.4004
25610.0000 59.5417 8.4068
25615.0000 59.5584 8.4085
25620.0000 59.5648 8.4100
25625.0000 59.4131 8.3644
25630.0000 59.4737 8.4167
25635.0000 59.3977 8.3929
25640.0000 59.3469 8.3804
25645.0000 59.3305 8.3767
25650.0000 59.3272 8.3678
25655.0000 59.3489 8.3578
25660.0000 59.3332 8.3414
25665.0000 59.3677 8.3385
25670.0000 59.3917 8.3309
25675.0000 59.4098 8.3299
25680.0000 59.4248 8.3281
25685.0000 59.4480 8.3210
25690.0000 59.3802 8.2722
25695.0000 59.3857 8.2745
25700.0000 59.3623 8.2709
25705.0000 59.2987 8.2569
25710.0000 59.2686 8.2538
25715.0000 59.2672 8.2401
25720.0000 59.2857 8.2260
25725.0000 59.3614 8.2473
25730.0000 59.3821 8.2457
25735.0000 59.4343 8.2409
25740.0000 59.4531 8.2294
25745.0000 59.3744 8.2034
25750.0000 59.3148 8.1892
25755.0000 59.2645 8.1563
25760.0000 59.2396 8.1453
25765.0000 59.1845 8.1231
25770.0000 59.1791 8.1264
25775.0000 59.1667 8.1206
25780.0000 59.1579 8.1122
25785.0000 59.2768 8.1800
25790.0000 59.3312 8.2112
25795.0000 59.3536 8.2213
25800.0000 59.3603 8.2279
25805.0000 59.3698 8.2289
25810.0000 59.2226 8.1559
25815.0000 59.1356 8.1241
25820.0000 59.0964 8.0998
25825.0000 59.1003 8.0914
25830.0000 59.1353 8.1031
25835.0000 59.1331 8.0983
25840.0000 59.0989 8.0788
25845.0000 59.1600 8.0991
25850.0000 59.2320 8.1370
25855.0000 59.3346 8.1938
25860.0000 59.3498 8.1949
25865.0000 59.3574 8.2105
25870.0000 59.3212 8.2370
25875.0000 59.2774 8.2114
25880.0000 59.2636 8.2108
25885.0000 59.2371 8.1909
25890.0000 59.2575 8.2087
25895.0000 59.2770 8.2042
25900.0000 59.2643 8.1983
25905.0000 59.2719 8.2008
25910.0000 59.2803 8.2014
25915.0000 59.3203 8.2227
25920.0000 59.3741 8.2582
25925.0000 59.3126 8.2493
25930.0000 59.2353 8.2489
25935.0000 59.1105 8.1930
25940.0000 59.1626 8.2261
25945.0000 59.1791 8.2817
25950.0000 59.1007 8.2541
25955.0000 59.1280 8.2624
25960.0000 59.1045 8.2481
25965.0000 59.1197 8.2518
25970.0000 59.1271 8.2539
25975.0000 59.1750 8.2551
25980.0000 59.1588 8.2356
25985.0000 59.1722 8.2629
25990.0000 59.1797 8.2718
25995.0000 59.1357 8.2514
26000.0000 59.1240 8.2458
26005.0000 59.1055 8.2424
26010.0000 59.0673 8.2272
26015.0000 59.0613 8.2250
26020.0000 59.0737 8.2253
26025.0000 59.0895 8.2283
26030.0000 59.1065 8.2305
26035.0000 59.1242 8.2374
26040.0000 59.1254 8.2460
26045.0000 59.0206 8.2018
26050.0000 59.0185 8.2073
26055.0000 58.9804 8.2014
26060.0000 58.9533 8.2334
26065.0000 58.9236 8.2234
26070.0000 58.9035 8.2366
26075.0000 58.8910 8.2319
26080.0000 58.8360 8.1952
26085.0000 58.9358 8.2565
26090.0000 58.9664 8.2717
26095.0000 58.9985 8.2783
26100.0000 59.0151 8.2886
26105.0000 58.9586 8.2560
26110.0000 58.9528 8.2629
26115.0000 58.9420 8.2726
26120.0000 58.8937 8.2812
26125.0000 58.8528 8.2731
26130.0000 58.8749 8.2829
26135.0000 58.8355 8.2494
26140.0000 58.8053 8.2392
26145.0000 58.8326 8.2352
26150.0000 58.8770 8.2414
26155.0000 58.9073 8.2488
26160.0000 58.9070 8.2576
26165.0000 58.9211 8.2577
26170.0000 58.8968 8.2580
26175.0000 58.9100 8.2660
26180.0000 58.9200 8.2913
26185.0000 58.9003 8.2552
26190.0000 58.8852 8.2592
26195.0000 58.9189 8.2851
26200.0000 58.8875 8.2491
26205.0000 58.8974 8.2388
26210.0000 58.9161 8.2368
26215.0000 58.9726 8.2700
26220.0000 58.9772 8.2810
26225.0000 58.9026 8.2363
26230.0000 58.8106 8.2044
26235.0000 58.7848 8.2007
26240.0000 58.7449 8.1937
26245.0000 58.7308 8.1868
26250.0000 58.6619 8.1575
26255.0000 58.6934 8.1713
26260.0000 58.6828 8.1668
26265.0000 58.7150 8.1842
26270.0000 58.7548 8.2131
26275.0000 58.7587 8.2101
26280.0000 58.7896 8.2159
26285.0000 58.6735 8.2288
26290.0000 58.6359 8.2123
26295.0000 58.5446 8.1480
26300.0000 58.5383 8.1579
26305.0000 58.5039 8.1575
26310.0000 58.4867 8.1651
26315.0000 58.4925 8.1658
26320.0000 58.4683 8.1531
26325.0000 58.4950 8.1600
26330.0000 58.5114 8.1546
26335.0000 58.6063 8.1749
26340.0000 58.6191 8.1708
26345.0000 58.5955 8.1456
26350.0000 58.6369 8.1493
26355.0000 58.6487 8.1428
26360.0000 58.6392 8.1405
26365.0000 58.5778 8.1193
26370.0000 58.5950 8.1355
26375.0000 58.5960 8.1296
26380.0000 58.5670 8.1119
26385.0000 58.5845 8.1100
26390.0000 58.5978 8.1003
26395.0000 58.6186 8.1013
26400.0000 58.6223 8.1071
26405.0000 58.6716 8.1283
26410.0000 58.6395 8.1152
26415.0000 58.5687 8.0771
26420.0000 58.5834 8.0789
26425.0000 58.6048 8.0985
26430.0000 58.5383 8.0804
26435.0000 58.5242 8.0765
26440.0000 58.5226 8.0721
26445.0000 58.5267 8.0731
26450.0000 58.5423 8.0780
26455.0000 58.5446 8.0754
26460.0000 58.5642 8.0776
26465.0000 58.4877 8.0304
26470.0000 58.4445 8.0285
26475.0000 58.4597 8.0389
26480.0000 58.4494 8.0445
26485.0000 58.4357 8.0512
26490.0000 58.3724 8.0385
26495.0000 58.3553 8.0322
26500.0000 58.3503 8.0331
26505.0000 58.3842 8.0496
26510.0000 58.3904 8.0540
26515.0000 58.4099 8.0622
26520.0000 58.4207 8.0620
26525.0000 58.3022 7.9861
26530.0000 58.3265 8.0108
26535.0000 58.3552 8.0257
26540.0000 58.3682 8.0397
26545.0000 58.3627 8.0498
26550.0000 58.3335 8.0535
26555.0000 58.3278 8.0515
26560.0000 58.2995 8.0393
26565.0000 58.3353 8.0495
26570.0000 58.3808 8.0704
26575.0000 58.4175 8.0821
26580.0000 58.4494 8.0973
26585.0000 58.3671 8.1043
26590.0000 58.3403 8.1296
26595.0000 58.1961 8.0308
26600.0000 58.1661 8.0331
26605.0000 58.1150 8.0063
26610.0000 58.0949 8.0146
26615.0000 58.1236 7.9987
26620.0000 58.1192 7.9969
26625.0000 58.1362 8.0012
26630.0000 58.2003 7.9832
26635.0000 58.2113 7.9839
26640.0000 58.2155 7.9845
26645.0000 58.2012 7.9757
26650.0000 58.1714 7.9669
26655.0000 58.1525 7.9499
26660.0000 58.1386 7.9740
26665.0000 58.0885 7.9601
26670.0000 58.0733 7.9642
26675.0000 58.0610 7.9622
26680.0000 58.0365 7.9527
26685.0000 58.0835 7.9801
26690.0000 58.0835 7.9801
26695.0000 58.0991 7.9836
26700.0000 58.1102 7.9893
26705.0000 58.0257 8.0123
26710.0000 57.9835 8.0168
26715.0000 58.0158 8.0414
26720.0000 57.9286 8.0047
26725.0000 57.8825 7.9841
26730.0000 57.9262 8.0326
26735.0000 57.9344 8.0440
26740.0000 57.9456 8.0357
26745.0000 57.9734 8.0427
26750.0000 57.9894 8.0404
26755.0000 58.0121 8.0463
26760.0000 58.0175 8.0458
26765.0000 57.9814 8.0343
26770.0000 57.9203 8.0161
26775.0000 57.9122 8.0208
26780.0000 57.9073 8.0402
26785.0000 57.8735 8.0264
26790.0000 57.8492 8.0294
26795.0000 57.8482 8.0310
26800.0000 57.8377 8.0266
26805.0000 57.8537 8.0277
26810.0000 57.8663 8.0242
26815.0000 57.8717 8.0250
26820.0000 57.8940 8.0222
26825.0000 57.8307 7.9916
26830.0000 57.7897 7.9817
26835.0000 57.7915 7.9858
26840.0000 57.7797 7.9821
26845.0000 57.7721 7.9738
26850.0000 57.7716 7.9703
26855.0000 57.7696 7.9664
26860.0000 57.7834 7.9643
26865.0000 57.8854 7.9761
26870.0000 57.9563 7.9885
26875.0000 57.9756 7.9908
26880.0000 57.9937 7.9972
26885.0000 57.8503 7.9727
26890.0000 57.8193 7.9728
26895.0000 57.8295 7.9755
26900.0000 57.8492 8.0087
26905.0000 57.8209 7.9996
26910.0000 57.7853 8.0028
26915.0000 57.7425 7.9761
26920.0000 57.7737 8.0077
26925.0000 57.7788 8.0068
26930.0000 57.7941 8.0056
26935.0000 57.8009 8.0088
26940.0000 57.8743 8.0511
26945.0000 57.8127 8.0265
26950.0000 57.6186 7.9702
26955.0000 57.5514 7.9358
26960.0000 57.5462 7.9444
26965.0000 57.5162 7.9346
26970.0000 57.5180 7.9445
26975.0000 57.5552 7.9619
26980.0000 57.5376 7.9530
26985.0000 57.5989 7.9885
26990.0000 57.6162 7.9926
26995.0000 57.6314 8.0016
27000.0000 57.6455 8.0114
27005.0000 57.6673 8.0182
27010.0000 57.6319 8.0420
27015.0000 57.6502 8.0635
27020.0000 57.5848 8.0466
27025.0000 57.5824 8.0481
27030.0000 57.5439 8.0444
27035.0000 57.5744 8.0478
27040.0000 57.5401 8.0323
27045.0000 57.6504 8.0804
27050.0000 57.6596 8.0828
27055.0000 57.6789 8.0821
27060.0000 57.6885 8.0858
27065.0000 57.6089 8.0992
27070.0000 57.5323 8.1255
27075.0000 57.5267 8.1145
27080.0000 57.4973 8.1139
27085.0000 57.4713 8.1025
27090.0000 57.4357 8.1068
27095.0000 57.4311 8.1038
27100.0000 57.4430 8.1019
27105.0000 57.4520 8.1038
27110.0000 57.5208 8.1238
27115.0000 57.5276 8.1247
27120.0000 57.5308 8.1250
27125.0000 57.4069 8.1183
27130.0000 57.3355 8.0803
27135.0000 57.2730 8.0429
27140.0000 57.2744 8.0425
27145.0000 57.2376 8.0317
27150.0000 57.2303 8.0315
27155.0000 57.2180 8.0286
27160.0000 57.2228 8.0260
27165.0000 57.2517 8.0395
27170.0000 57.2831 8.0490
27175.0000 57.3241 8.0564
27180.0000 57.3612 8.0673
27185.0000 57.4057 8.0889
27190.0000 57.3649 8.1096
27195.0000 57.3725 8.1212
27200.0000 57.3590 8.1219
27205.0000 57.3040 8.0996
27210.0000 57.3036 8.1134
27215.0000 57.3268 8.1227
27220.0000 57.3208 8.1225
27225.0000 57.4171 8.1830
27230.0000 57.4387 8.1935
27235.0000 57.4548 8.2012
27240.0000 57.4753 8.2124
27245.0000 57.5002 8.2160
27250.0000 57.4195 8.1770
27255.0000 57.4280 8.1760
27260.0000 57.4173 8.1614
27265.0000 57.4031 8.1462
27270.0000 57.3752 8.1379
27275.0000 57.3712 8.1270
27280.0000 57.3719 8.1155
27285.0000 57.3846 8.1128
27290.0000 57.4504 8.1198
27295.0000 57.4655 8.1188
27300.0000 57.4724 8.1380
27305.0000 57.4741 8.1458
27310.0000 57.4356 8.1198
27315.0000 57.4184 8.1036
27320.0000 57.4018 8.0962
27325.0000 57.3361 8.0604
27330.0000 57.3169 8.0487
27335.0000 57.3088 8.0451
27340.0000 57.3097 8.0457
27345.0000 57.3264 8.0513
27350.0000 57.3061 8.0280
27355.0000 57.3254 8.0378
27360.0000 57.3459 8.0545
27365.0000 57.3533 8.0559
27370.0000 57.2910 8.0413
27375.0000 57.2255 7.9963
27380.0000 57.2021 7.9986
27385.0000 57.2733 8.0345
27390.0000 57.2546 8.0304
27395.0000 57.2511 8.0314
27400.0000 57.2293 8.0318
27405.0000 57.2711 8.0530
27410.0000 57.2697 8.0518
27415.0000 57.2826 8.0587
27420.0000 57.2875 8.0601
27425.0000 57.2402 8.0281
27430.0000 57.1787 8.0309
27435.0000 57.0760 8.0006
27440.0000 57.0510 8.0003
27445.0000 57.0261 7.9886
27450.0000 56.9948 7.9912
27455.0000 57.0025 7.9919
27460.0000 57.0044 7.9919
27465.0000 57.0139 7.9957
27470.0000 57.0284 8.0042
27475.0000 57.0379 8.0052
27480.0000 57.0379 8.0052
27485.0000 57.0647 8.0104
27490.0000 57.0519 8.0088
27495.0000 57.0863 8.0351
27500.0000 57.0480 8.0228
27505.0000 56.9962 8.0011
27510.0000 56.9834 8.0073
27515.0000 56.9658 8.0049
27520.0000 56.9684 8.0053
27525.0000 56.9745 8.0066
27530.0000 57.0766 8.0471
27535.0000 57.0933 8.0496
27540.0000 57.1123 8.0574
27545.0000 57.1084 8.0755
27550.0000 57.1163 8.0887
27555.0000 57.1199 8.0912
27560.0000 57.1176 8.0994
27565.0000 57.0405 8.0714
27570.0000 57.0502 8.0648
27575.0000 57.0623 8.0684
27580.0000 57.0635 8.0696
27585.0000 57.0752 8.0771
27590.0000 57.0905 8.0780
27595.0000 57.0961 8.0817
27600.0000 57.1114 8.0971
27605.0000 57.1333 8.1028
27610.0000 57.1093 8.0770
27615.0000 57.1193 8.0859
27620.0000 57.2577 8.1645
27625.0000 57.1751 8.1230
27630.0000 57.1525 8.1231
27635.0000 57.1361 8.1229
27640.0000 57.1359 8.1096
27645.0000 57.1446 8.1064
27650.0000 57.1631 8.1144
27655.0000 57.1937 8.1358
27660.0000 57.2138 8.1426
27665.0000 57.2135 8.1377
27670.0000 57.2119 8.1400
27675.0000 57.2243 8.1346
27680.0000 57.2817 8.1632
27685.0000 57.2496 8.1470
27690.0000 57.2314 8.1522
27695.0000 57.1943 8.1125
27700.0000 57.1686 8.0983
27705.0000 57.1793 8.1011
27710.0000 57.1910 8.1018
27715.0000 57.1604 8.0768
27720.0000 57.2250 8.1178
27725.0000 57.2267 8.1227
27730.0000 57.2512 8.1368
27735.0000 57.2089 8.1113
27740.0000 57.2376 8.1531
27745.0000 57.1377 8.1000
27750.0000 57.1130 8.1004
27755.0000 57.1452 8.1252
27760.0000 57.1713 8.1286
27765.0000 57.1744 8.1223
27770.0000 57.1987 8.1291
27775.0000 57.2147 8.1312
27780.0000 57.2413 8.1396
27785.0000 57.1581 8.0913
27790.0000 57.1378 8.0958
27795.0000 57.0424 8.0591
27800.0000 57.0364 8.0675
27805.0000 57.0021 8.0608
27810.0000 56.9459 8.0655
27815.0000 56.9837 8.0869
27820.0000 56.9658 8.0805
27825.0000 56.9880 8.0903
27830.0000 57.0055 8.0949
27835.0000 57.0513 8.1142
27840.0000 57.0764 8.1277
27845.0000 57.0303 8.1107
27850.0000 57.0157 8.1230
27855.0000 56.9755 8.1270
27860.0000 56.9717 8.1415
27865.0000 56.9404 8.1258
27870.0000 56.9094 8.1268
27875.0000 56.9151 8.1284
27880.0000 56.9070 8.1281
27885.0000 56.9188 8.1274
27890.0000 56.9381 8.1321
27895.0000 56.9467 8.1338
27900.0000 56.9562 8.1329
27905.0000 56.9515 8.1259
27910.0000 56.8110 8.0409
27915.0000 56.8008 8.0469
27920.0000 56.7848 8.0475
27925.0000 56.7648 8.0354
27930.0000 56.7383 8.0353
27935.0000 56.8187 8.0746
27940.0000 56.7900 8.0637
27945.0000 56.8183 8.0652
27950.0000 56.7945 8.0458
27955.0000 56.8041 8.0472
27960.0000 56.8180 8.0503
27965.0000 56.7784 8.0419
27970.0000 56.7788 8.0440
27975.0000 56.7094 8.0328
27980.0000 56.7026 8.0345
27985.0000 56.7103 8.0340
27990.0000 56.7354 8.0538
27995.0000 56.7175 8.0412
28000.0000 56.7301 8.0447
28005.0000 56.7459 8.0457
28010.0000 56.7577 8.0481
28015.0000 56.7931 8.0592
28020.0000 56.8098 8.0638
28025.0000 56.7877 8.0362
28030.0000 56.7223 8.0043
28035.0000 56.6918 7.9873
28040.0000 56.6641 7.9814
28045.0000 56.6085 7.9507
28050.0000 56.6465 7.9846
28055.0000 56.6639 8.0003
28060.0000 56.6435 7.9896
28065.0000 56.6415 7.9879
28070.0000 56.6498 7.9898
28075.0000 56.6766 8.0030
28080.0000 56.6770 8.0085
28085.0000 56.7075 8.0205
28090.0000 56.6230 8.0086
28095.0000 56.6456 8.0136
28100.0000 56.5683 7.9945
28105.0000 56.5577 7.9893
28110.0000 56.6017 8.0037
28115.0000 56.5968 8.0040
28120.0000 56.5990 7.9977
28125.0000 56.6362 8.0102
28130.0000 56.6664 8.0247
28135.0000 56.6707 8.0265
28140.0000 56.6838 8.0347
28145.0000 56.6504 8.0315
28150.0000 56.5882 8.0133
28155.0000 56.6013 8.0357
28160.0000 56.6479 8.0620
28165.0000 56.6597 8.0714
28170.0000 56.6390 8.0836
28175.0000 56.6414 8.0868
28180.0000 56.6202 8.0836
28185.0000 56.6094 8.0631
28190.0000 56.6739 8.0829
28195.0000 56.7460 8.1097
28200.0000 56.7814 8.1209
28205.0000 56.8649 8.1370
28210.0000 56.8696 8.1490
28215.0000 56.8371 8.1431
28220.0000 56.8563 8.1479
28225.0000 56.8514 8.1441
28230.0000 56.8204 8.1428
28235.0000 56.8068 8.1466
28240.0000 56.8089 8.1451
28245.0000 56.8355 8.1574
28250.0000 56.8505 8.1576
28255.0000 56.8752 8.1562
28260.0000 56.9708 8.2050
28265.0000 57.0294 8.2371
28270.0000 56.9697 8.2154
28275.0000 56.9608 8.2169
28280.0000 56.8918 8.1928
28285.0000 56.8781 8.1782
28290.0000 56.8678 8.1668
28295.0000 56.8834 8.1860
28300.0000 56.9109 8.1931
28305.0000 56.9358 8.2015
28310.0000 56.9436 8.2066
28315.0000 56.9560 8.2109
28320.0000 56.9789 8.2216
28325.0000 56.9227 8.2409
28330.0000 56.8823 8.2354
28335.0000 56.8555 8.2446
28340.0000 56.8587 8.2690
28345.0000 56.8303 8.2496
28350.0000 56.7991 8.2406
28355.0000 56.8047 8.2450
28360.0000 56.7960 8.2357
28365.0000 56.8460 8.2398
28370.0000 56.9376 8.2616
28375.0000 56.9999 8.2683
28380.0000 57.0134 8.2675
28385.0000 56.9416 8.2764
28390.0000 56.9133 8.2719
28395.0000 56.8683 8.2668
28400.0000 56.8882 8.2768
28405.0000 56.8840 8.2736
28410.0000 56.8447 8.2772
28415.0000 56.8568 8.2876
28420.0000 56.8375 8.2810
28425.0000 56.8620 8.2922
28430.0000 56.8817 8.3074
28435.0000 56.9078 8.3123
28440.0000 56.9078 8.3123
28445.0000 56.9271 8.3170
28450.0000 56.8565 8.3281
28455.0000 56.7729 8.3141
28460.0000 56.7574 8.3288
28465.0000 56.7433 8.3120
28470.0000 56.7422 8.2883
28475.0000 56.7178 8.2843
28480.0000 56.7176 8.2827
28485.0000 56.7224 8.2829
28490.0000 56.7363 8.2845
28495.0000 56.7452 8.2841
28500.0000 56.7527 8.2804
28505.0000 56.6980 8.2629
28510.0000 56.6105 8.2238
28515.0000 56.5515 8.2170
28520.0000 56.5288 8.2193
28525.0000 56.5090 8.2041
28530.0000 56.4661 8.2088
28535.0000 56.4770 8.1797
28540.0000 56.4496 8.1506
28545.0000 56.4608 8.1510
28550.0000 56.4752 8.1515
28555.0000 56.4935 8.1527
28560.0000 56.5156 8.1582
28565.0000 56.4915 8.1598
28570.0000 56.4106 8.1253
28575.0000 56.4314 8.1455
28580.0000 56.4278 8.1398
28585.0000 56.4293 8.1245
28590.0000 56.4018 8.1253
28595.0000 56.4053 8.1274
28600.0000 56.3900 8.1204
28605.0000 56.4155 8.1251
28610.0000 56.4499 8.1519
28615.0000 56.5363 8.1297
28620.0000 56.5497 8.1349
28625.0000 56.5465 8.1229
28630.0000 56.6354 8.1712
28635.0000 56.6974 8.2024
28640.0000 56.7022 8.2016
28645.0000 56.6558 8.1798
28650.0000 56.6274 8.1838
28655.0000 56.6308 8.1803
28660.0000 56.6005 8.1332
28665.0000 56.6165 8.1356
28670.0000 56.6460 8.1260
28675.0000 56.6811 8.1217
28680.0000 56.7633 8.1560
28685.0000 56.8183 8.1859
28690.0000 56.6813 8.1190
28695.0000 56.7278 8.1530
28700.0000 56.8025 8.1840
28705.0000 56.7908 8.1791
28710.0000 56.7321 8.1618
28715.0000 56.7242 8.1566
28720.0000 56.7362 8.1565
28725.0000 56.8263 8.1826
28730.0000 56.8353 8.1813
28735.0000 56.8967 8.2045
28740.0000 56.9217 8.2059
28745.0000 56.7949 8.2054
28750.0000 56.6712 8.1685
28755.0000 56.6922 8.1734
28760.0000 56.6490 8.1844
28765.0000 56.6346 8.1719
28770.0000 56.6161 8.1721
28775.0000 56.6910 8.1497
28780.0000 56.6834 8.1400
28785.0000 56.6986 8.1401
28790.0000 56.7440 8.1654
28795.0000 56.7106 8.1337
28800.0000 56.7620 8.1516
28805.0000 56.6823 8.1751
28810.0000 56.6562 8.1647
28815.0000 56.6436 8.1742
28820.0000 56.6353 8.1795
28825.0000 56.6713 8.1672
28830.0000 56.7163 8.1797
28835.0000 56.7138 8.1741
28840.0000 56.7147 8.1636
28845.0000 56.7297 8.1611
28850.0000 56.7851 8.1762
28855.0000 56.7966 8.1718
28860.0000 56.8124 8.1693
28865.0000 56.8622 8.1708
28870.0000 56.8888 8.2001
28875.0000 56.8517 8.1905
28880.0000 56.8694 8.2091
28885.0000 56.8599 8.2118
28890.0000 56.8335 8.2035
28895.0000 56.8583 8.2238
28900.0000 56.8494 8.2205
28905.0000 56.8743 8.2348
28910.0000 56.8902 8.2441
28915.0000 56.9072 8.2521
28920.0000 56.9271 8.2575
28925.0000 56.9487 8.2930
28930.0000 56.8199 8.2375
28935.0000 56.8109 8.2522
28940.0000 56.8109 8.2708
28945.0000 56.7701 8.2548
28950.0000 56.7355 8.2436
28955.0000 56.6988 8.2502
28960.0000 56.6869 8.2470
28965.0000 56.6986 8.2409
28970.0000 56.7663 8.2479
28975.0000 56.7872 8.2567
28980.0000 56.7962 8.2582
28985.0000 56.7433 8.2586
28990.0000 56.6453 8.1927
28995.0000 56.5614 8.1904
29000.0000 56.5569 8.1986
29005.0000 56.5391 8.1917
29010.0000 56.5095 8.1776
29015.0000 56.5237 8.1652
29020.0000 56.5215 8.1560
29025.0000 56.5518 8.1687
29030.0000 56.6076 8.1554
29035.0000 56.6306 8.1540
29040.0000 56.6628 8.1531
29045.0000 56.6973 8.1975
29050.0000 56.5793 8.1996
29055.0000 56.6296 8.2083
29060.0000 56.6219 8.2248
29065.0000 56.7042 8.2359
29070.0000 56.6988 8.2338
29075.0000 56.6737 8.2504
29080.0000 56.6633 8.2366
29085.0000 56.7448 8.2836
29090.0000 56.7580 8.2796
29095.0000 56.8075 8.2897
29100.0000 56.8179 8.3031
29105.0000 56.7098 8.2686
29110.0000 56.5871 8.1965
29115.0000 56.5672 8.2010
29120.0000 56.6168 8.2148
29125.0000 56.6039 8.2088
29130.0000 56.5758 8.2011
29135.0000 56.5763 8.2023
29140.0000 56.5908 8.1974
29145.0000 56.6515 8.2177
29150.0000 56.6936 8.2218
29155.0000 56.7081 8.2285
29160.0000 56.7401 8.2438
29165.0000 56.7544 8.2566
29170.0000 56.7765 8.2591
29175.0000 56.7118 8.2524
29180.0000 56.6904 8.2626
29185.0000 56.6634 8.2462
29190.0000 56.6331 8.2397
29195.0000 56.6163 8.2216
29200.0000 56.6267 8.2202
29205.0000 56.6487 8.2235
29210.0000 56.6662 8.2232
29215.0000 56.6859 8.2191
29220.0000 56.6918 8.2078
29225.0000 56.5706 8.2512
29230.0000 56.5632 8.2769
29235.0000 56.5180 8.2495
29240.0000 56.5125 8.2622
29245.0000 56.5086 8.2585
29250.0000 56.5005 8.2685
29255.0000 56.4808 8.2658
29260.0000 56.4741 8.2647
29265.0000 56.4712 8.2620
29270.0000 56.4894 8.2688
29275.0000 56.5061 8.2743
29280.0000 56.5224 8.2831
29285.0000 56.5957 8.3101
29290.0000 56.6040 8.3093
29295.0000 56.6310 8.3086
29300.0000 56.6065 8.3151
29305.0000 56.6396 8.3082
29310.0000 56.6013 8.3007
29315.0000 56.6722 8.3307
29320.0000 56.7125 8.3361
29325.0000 56.7190 8.3419
29330.0000 56.7490 8.3595
29335.0000 56.8109 8.3923
29340.0000 56.8279 8.3876
29345.0000 56.7826 8.4090
29350.0000 56.6170 8.3680
29355.0000 56.5411 8.3987
29360.0000 56.5339 8.3957
29365.0000 56.5236 8.3912
29370.0000 56.4765 8.3738
29375.0000 56.4543 8.3698
29380.0000 56.4291 8.3638
29385.0000 56.4437 8.3561
29390.0000 56.4597 8.3598
29395.0000 56.4790 8.3660
29400.0000 56.5331 8.3610
29405.0000 56.4903 8.3696
29410.0000 56.4516 8.3584
29415.0000 56.3661 8.3254
29420.0000 56.3559 8.3354
29425.0000 56.3534 8.3246
29430.0000 56.3217 8.3221
29435.0000 56.3093 8.3198
29440.0000 56.3334 8.3388
29445.0000 56.3660 8.3284
29450.0000 56.3839 8.3165
29455.0000 56.4114 8.3113
29460.0000 56.4652 8.3276
29465.0000 56.4585 8.3268
29470.0000 56.4046 8.3069
29475.0000 56.4070 8.2992
29480.0000 56.3807 8.3142
29485.0000 56.3247 8.2918
29490.0000 56.3337 8.2356
29495.0000 56.3080 8.2201
29500.0000 56.2914 8.2164
29505.0000 56.2797 8.2056
29510.0000 56.3291 8.2158
29515.0000 56.3421 8.2105
29520.0000 56.3568 8.2174
29525.0000 56.4005 8.2141
29530.0000 56.4227 8.2142
29535.0000 56.4059 8.2074
29540.0000 56.4359 8.2250
29545.0000 56.4126 8.2169
29550.0000 56.3685 8.2089
29555.0000 56.3649 8.2038
29560.0000 56.4008 8.2114
29565.0000 56.4003 8.2044
29570.0000 56.3905 8.1978
29575.0000 56.4348 8.2010
29580.0000 56.4786 8.2296
29585.0000 56.4507 8.2430
29590.0000 56.4227 8.2545
29595.0000 56.4291 8.2604
29600.0000 56.4117 8.2653
29605.0000 56.3916 8.2521
29610.0000 56.4371 8.2880
29615.0000 56.4948 8.3324
29620.0000 56.4837 8.3211
29625.0000 56.4624 8.3061
29630.0000 56.4783 8.3093
29635.0000 56.4863 8.3097
29640.0000 56.5060 8.3067
29645.0000 56.5019 8.2894
29650.0000 56.3611 8.2021
29655.0000 56.4014 8.1959
29660.0000 56.3980 8.2008
29665.0000 56.4248 8.2360
29670.0000 56.4316 8.2491
29675.0000 56.3951 8.2401
29680.0000 56.4000 8.2416
29685.0000 56.4310 8.2597
29690.0000 56.4392 8.2616
29695.0000 56.4763 8.2656
29700.0000 56.4758 8.2781
29705.0000 56.4208 8.2747
29710.0000 56.3821 8.2509
29715.0000 56.3865 8.2659
29720.0000 56.3427 8.2491
29725.0000 56.3750 8.2480
29730.0000 56.4001 8.2750
29735.0000 56.3986 8.2780
29740.0000 56.4298 8.2927
29745.0000 56.4247 8.2889
29750.0000 56.4713 8.2900
29755.0000 56.4946 8.2956
29760.0000 56.5315 8.3084
29765.0000 56.5288 8.3217
29770.0000 56.4615 8.2973
29775.0000 56.4208 8.3067
29780.0000 56.4068 8.3167
29785.0000 56.4063 8.3434
29790.0000 56.4286 8.3657
29795.0000 56.4046 8.3658
29800.0000 56.4154 8.3696
29805.0000 56.4459 8.3837
29810.0000 56.4656 8.3933
29815.0000 56.4383 8.3556
29820.0000 56.4310 8.3305
29825.0000 56.3983 8.3291
29830.0000 56.3520 8.3443
29835.0000 56.3685 8.3508
29840.0000 56.3000 8.3220
29845.0000 56.2741 8.3133
29850.0000 56.2447 8.3095
29855.0000 56.2824 8.3223
29860.0000 56.2749 8.3140
29865.0000 56.2804 8.3165
29870.0000 56.2928 8.3185
29875.0000 56.3059 8.3215
29880.0000 56.3522 8.3265
29885.0000 56.3595 8.3276
29890.0000 56.2229 8.2823
29895.0000 56.1784 8.3106
29900.0000 56.2098 8.3013
29905.0000 56.1839 8.3006
29910.0000 56.1729 8.2949
29915.0000 56.1661 8.2896
29920.0000 56.1501 8.2818
29925.0000 56.1791 8.2912
29930.0000 56.2036 8.2934
29935.0000 56.2384 8.2983
29940.0000 56.2805 8.3217
29945.0000 56.3043 8.2998
29950.0000 56.2735 8.3079
29955.0000 56.2327 8.3248
29960.0000 56.2312 8.3294
29965.0000 56.2112 8.3273
29970.0000 56.1736 8.3369
29975.0000 56.1937 8.3337
29980.0000 56.1815 8.3317
29985.0000 56.1789 8.3258
29990.0000 56.1899 8.3313
29995.0000 56.2138 8.3346
30000.0000 56.2723 8.3594
30005.0000 56.3187 8.3800
30010.0000 56.3929 8.3763
30015.0000 56.4447 8.3402
30020.0000 56.4688 8.3552
30025.0000 56.4636 8.3560
30030.0000 56.4425 8.3546
30035.0000 56.4153 8.3460
30040.0000 56.4209 8.3465
30045.0000 56.4120 8.3381
30050.0000 56.3746 8.3067
30055.0000 56.4462 8.3511
30060.0000 56.4868 8.3498
30065.0000 56.5245 8.3838
30070.0000 56.5217 8.3880
30075.0000 56.5303 8.3928
30080.0000 56.5103 8.3606
30085.0000 56.5168 8.3716
30090.0000 56.4827 8.3710
30095.0000 56.4664 8.3676
30100.0000 56.5069 8.4006
30105.0000 56.5337 8.4064
30110.0000 56.5985 8.4268
30115.0000 56.6253 8.4289
30120.0000 56.6427 8.4282
30125.0000 56.6560 8.4256
30130.0000 56.5332 8.4044
30135.0000 56.4553 8.3637
30140.0000 56.4607 8.3704
30145.0000 56.4257 8.3600
30150.0000 56.4207 8.3572
30155.0000 56.3967 8.3322
30160.0000 56.4062 8.3251
30165.0000 56.4071 8.3164
30170.0000 56.4181 8.3114
30175.0000 56.4425 8.3099
30180.0000 56.4261 8.2894
30185.0000 56.4060 8.2802
30190.0000 56.3664 8.2773
30195.0000 56.3196 8.2484
30200.0000 56.3259 8.2744
30205.0000 56.2767 8.2385
30210.0000 56.2657 8.2332
30215.0000 56.2292 8.2222
30220.0000 56.2258 8.2175
30225.0000 56.2983 8.2311
30230.0000 56.2968 8.2220
30235.0000 56.2899 8.2082
30240.0000 56.2954 8.2090
30245.0000 56.3119 8.2109
30250.0000 56.2553 8.2379
30255.0000 56.2666 8.2672
30260.0000 56.2209 8.2514
30265.0000 56.2446 8.2714
30270.0000 56.2250 8.2597
30275.0000 56.2047 8.2599
30280.0000 56.1817 8.2495
30285.0000 56.1822 8.2362
30290.0000 56.2165 8.2412
30295.0000 56.2370 8.2492
30300.0000 56.2526 8.2585
30305.0000 56.1931 8.2411
30310.0000 56.0821 8.2027
30315.0000 56.1008 8.2185
30320.0000 56.0946 8.2266
30325.0000 56.1045 8.2384
30330.0000 56.0695 8.2518
30335.0000 56.0325 8.2454
30340.0000 56.0147 8.2429
30345.0000 56.0712 8.2631
30350.0000 56.0959 8.2707
30355.0000 56.1080 8.2781
30360.0000 56.1261 8.2736
30365.0000 56.0609 8.2435
30370.0000 55.9998 8.2077
30375.0000 55.9626 8.2184
30380.0000 55.9567 8.2251
30385.0000 55.9637 8.2254
30390.0000 55.9425 8.2220
30395.0000 55.9862 8.2358
30400.0000 55.9898 8.2432
30405.0000 55.9811 8.2329
30410.0000 55.9976 8.2380
30415.0000 55.9963 8.2360
30420.0000 56.0105 8.2407
30425.0000 56.0501 8.2280
30430.0000 55.9480 8.1990
30435.0000 55.9435 8.2070
30440.0000 56.0276 8.2512
30445.0000 56.0303 8.2431
30450.0000 55.9916 8.2362
30455.0000 56.0240 8.2522
30460.0000 56.0406 8.2636
30465.0000 56.0513 8.2515
30470.0000 56.0808 8.2526
30475.0000 56.1103 8.2563
30480.0000 56.1581 8.2790
30485.0000 56.1357 8.2849
30490.0000 56.0587 8.2520
30495.0000 56.0542 8.2540
30500.0000 56.0680 8.2613
30505.0000 56.0376 8.2521
30510.0000 56.0150 8.2491
30515.0000 55.9898 8.2449
30520.0000 56.0140 8.2457
30525.0000 56.0464 8.2257
30530.0000 56.0605 8.2265
30535.0000 56.0731 8.2262
30540.0000 56.0831 8.2297
30545.0000 56.0304 8.1891
30550.0000 55.9657 8.1724
30555.0000 55.9775 8.1721
30560.0000 55.9727 8.1749
30565.0000 55.9457 8.1636
30570.0000 55.9107 8.1640
30575.0000 55.9062 8.1717
30580.0000 55.9671 8.2170
30585.0000 55.9685 8.2155
30590.0000 55.9952 8.2122
30595.0000 56.0109 8.2169
30600.0000 56.0409 8.2309
30605.0000 56.0098 8.2419
30610.0000 55.9849 8.2571
30615.0000 55.9528 8.2652
30620.0000 55.9968 8.2992
30625.0000 56.0409 8.2999
30630.0000 56.0173 8.2943
30635.0000 56.0111 8.3093
30640.0000 56.0122 8.3126
30645.0000 56.0223 8.3049
30650.0000 56.0440 8.3081
30655.0000 56.0888 8.3002
30660.0000 56.1083 8.3113
30665.0000 56.0988 8.3059
30670.0000 56.0387 8.2785
30675.0000 56.0801 8.3100
30680.0000 56.0905 8.3234
30685.0000 56.0715 8.3202
30690.0000 56.1185 8.3570
30695.0000 56.0964 8.3599
30700.0000 56.1344 8.3548
30705.0000 56.1916 8.3573
30710.0000 56.2373 8.3787
30715.0000 56.2886 8.4079
30720.0000 56.2919 8.4311
30725.0000 56.3433 8.4646
30730.0000 56.2689 8.4649
30735.0000 56.2599 8.4680
30740.0000 56.2711 8.4764
30745.0000 56.2467 8.4767
30750.0000 56.2272 8.4787
30755.0000 56.2167 8.4829
30760.0000 56.1892 8.4755
30765.0000 56.1908 8.4741
30770.0000 56.2457 8.5089
30775.0000 56.2666 8.5174
30780.0000 56.2743 8.5261
30785.0000 56.2506 8.5194
30790.0000 56.2151 8.4958
30795.0000 56.1695 8.4889
30800.0000 56.1751 8.4930
30805.0000 56.1366 8.4876
30810.0000 56.0908 8.4751
30815.0000 56.0383 8.4411
30820.0000 56.0448 8.4358
30825.0000 56.0591 8.4311
30830.0000 56.0825 8.4287
30835.0000 56.1016 8.4329
30840.0000 56.1164 8.4409
30845.0000 56.1313 8.4452
30850.0000 56.1277 8.4458
30855.0000 56.1114 8.4467
30860.0000 56.1072 8.4588
30865.0000 56.0549 8.4415
30870.0000 56.0602 8.4275
30875.0000 56.0446 8.4225
30880.0000 56.0412 8.4180
30885.0000 56.0517 8.4195
30890.0000 56.0625 8.4242
30895.0000 56.0928 8.4363
30900.0000 56.1099 8.4425
30905.0000 56.1335 8.4379
30910.0000 56.0410 8.4189
30915.0000 56.1389 8.4409
30920.0000 56.2115 8.4546
30925.0000 56.1875 8.4447
30930.0000 56.2669 8.4468
30935.0000 56.2687 8.4312
30940.0000 56.3008 8.4463
30945.0000 56.3188 8.4547
30950.0000 56.3217 8.4501
30955.0000 56.3506 8.4586
30960.0000 56.5077 8.5355
30965.0000 56.5929 8.5691
30970.0000 56.6085 8.5796
30975.0000 56.6538 8.6082
30980.0000 56.7551 8.6704
30985.0000 56.7197 8.6534
30990.0000 56.7335 8.6757
30995.0000 56.6381 8.6141
31000.0000 56.6494 8.6175
31005.0000 56.6405 8.6175
31010.0000 56.6668 8.6276
31015.0000 56.6787 8.6295
31020.0000 56.7458 8.6801
31025.0000 56.6776 8.6715
31030.0000 56.4835 8.5531
31035.0000 56.4398 8.5217
31040.0000 56.4048 8.5144
31045.0000 56.3834 8.5145
31050.0000 56.3544 8.5159
31055.0000 56.3399 8.5143
31060.0000 56.3392 8.5076
31065.0000 56.3485 8.5054
31070.0000 56.3653 8.5093
31075.0000 56.3724 8.5105
31080.0000 56.3746 8.5173
31085.0000 56.3053 8.5690
31090.0000 56.1135 8.4619
31095.0000 56.1364 8.4610
31100.0000 56.1326 8.4699
31105.0000 56.1088 8.4783
31110.0000 56.0951 8.4736
31115.0000 56.1697 8.4845
31120.0000 56.2052 8.4691
31125.0000 56.2510 8.4600
31130.0000 56.3089 8.4816
31135.0000 56.3663 8.5092
31140.0000 56.3908 8.5153
31145.0000 56.4054 8.5109
31150.0000 56.2651 8.4455
31155.0000 56.3196 8.4807
31160.0000 56.3220 8.4886
31165.0000 56.3333 8.4816
31170.0000 56.3482 8.5020
31175.0000 56.3328 8.5014
31180.0000 56.3647 8.4861
31185.0000 56.3774 8.4894
31190.0000 56.3879 8.4866
31195.0000 56.3927 8.4868
31200.0000 56.4382 8.5097
31205.0000 56.4479 8.5034
31210.0000 56.3805 8.4849
31215.0000 56.3761 8.4876
31220.0000 56.3801 8.4929
31225.0000 56.3299 8.4598
31230.0000 56.3460 8.4950
31235.0000 56.4318 8.5464
31240.0000 56.3734 8.5032
31245.0000 56.3758 8.5052
31250.0000 56.3766 8.5037
31255.0000 56.3859 8.5054
31260.0000 56.3975 8.5149
31265.0000 56.3769 8.5008
31270.0000 56.3902 8.5071
31275.0000 56.3680 8.5151
31280.0000 56.3992 8.4937
31285.0000 56.3847 8.4873
31290.0000 56.3426 8.4712
31295.0000 56.3315 8.4693
31300.0000 56.3557 8.4825
31305.0000 56.3600 8.4793
31310.0000 56.3796 8.4789
31315.0000 56.4071 8.4767
31320.0000 56.4152 8.4741
31325.0000 56.3546 8.4832
31330.0000 56.2797 8.4966
31335.0000 56.1742 8.4617
31340.0000 56.1846 8.4766
31345.0000 56.1552 8.4795
31350.0000 56.1261 8.4806
31355.0000 56.0693 8.4555
31360.0000 56.0769 8.4611
31365.0000 56.0734 8.4672
31370.0000 56.0813 8.4706
31375.0000 56.0970 8.4741
31380.0000 56.1184 8.4803
31385.0000 56.0914 8.4593
31390.0000 56.1180 8.4681
31395.0000 56.0990 8.4719
31400.0000 56.0560 8.4603
31405.0000 56.0608 8.4615
31410.0000 56.0943 8.4939
31415.0000 56.0665 8.4901
31420.0000 56.0663 8.4955
31425.0000 56.0757 8.4924
31430.0000 56.0921 8.4950
31435.0000 56.1129 8.4933
31440.0000 56.1349 8.4920
31445.0000 56.0690 8.4401
31450.0000 55.9787 8.4005
31455.0000 55.9270 8.3650
31460.0000 55.9621 8.3798
31465.0000 55.9788 8.3816
31470.0000 55.9743 8.3894
31475.0000 55.9480 8.3755
31480.0000 55.9520 8.3795
31485.0000 55.9529 8.3845
31490.0000 55.9684 8.3861
31495.0000 55.9818 8.3880
31500.0000 55.9944 8.3870
31505.0000 56.0150 8.3911
31510.0000 55.9693 8.3759
31515.0000 55.8631 8.3504
31520.0000 55.8519 8.3529
31525.0000 55.8212 8.3403
31530.0000 55.7888 8.3322
31535.0000 55.7615 8.3333
31540.0000 55.7594 8.3281
31545.0000 55.7711 8.3324
31550.0000 55.8166 8.3650
31555.0000 55.8477 8.3579
31560.0000 55.8706 8.3723
31565.0000 55.8290 8.3834
31570.0000 55.7353 8.3363
31575.0000 55.6938 8.3276
31580.0000 55.6579 8.2927
31585.0000 55.6564 8.3250
31590.0000 55.6400 8.3333
31595.0000 55.5941 8.3480
31600.0000 55.5418 8.3215
31605.0000 55.5285 8.3191
31610.0000 55.5144 8.3087
31615.0000 55.5299 8.3168
31620.0000 55.5343 8.3194
31625.0000 55.5446 8.3240
31630.0000 55.3851 8.2967
31635.0000 55.3561 8.2894
31640.0000 55.3690 8.3029
31645.0000 55.3492 8.2879
31650.0000 55.3262 8.2959
31655.0000 55.2985 8.2863
31660.0000 55.3150 8.2792
31665.0000 55.3222 8.2795
31670.0000 55.3295 8.2714
31675.0000 55.4066 8.2716
31680.0000 55.4210 8.2643
31685.0000 55.3242 8.2330
31690.0000 55.2397 8.2335
31695.0000 55.2047 8.2523
31700.0000 55.1990 8.2509
31705.0000 55.2093 8.2432
31710.0000 55.1856 8.2354
31715.0000 55.1683 8.2376
31720.0000 55.2054 8.2601
31725.0000 55.2006 8.2578
31730.0000 55.2182 8.2520
31735.0000 55.2738 8.2652
31740.0000 55.2837 8.2656
31745.0000 55.2642 8.2771
31750.0000 55.1397 8.2371
31755.0000 55.1168 8.2336
31760.0000 55.1386 8.2321
31765.0000 55.1414 8.2261
31770.0000 55.1217 8.2195
31775.0000 55.1028 8.2130
31780.0000 55.1103 8.2166
31785.0000 55.1065 8.2176
31790.0000 55.1519 8.2006
31795.0000 55.2459 8.1877
31800.0000 55.2503 8.1892
31805.0000 55.2644 8.1969
31810.0000 55.2029 8.1705
31815.0000 55.1866 8.1715
31820.0000 55.1753 8.1826
31825.0000 55.1338 8.1823
31830.0000 55.0920 8.1641
31835.0000 55.0676 8.1673
31840.0000 55.0612 8.1615
31845.0000 55.0514 8.1669
31850.0000 55.0647 8.1675
31855.0000 55.0727 8.1706
31860.0000 55.0770 8.1757
31865.0000 55.1159 8.1971
31870.0000 55.1515 8.1929
31875.0000 55.0617 8.2092
31880.0000 55.1003 8.2186
31885.0000 55.0750 8.2179
31890.0000 55.0684 8.2086
31895.0000 55.0568 8.2216
31900.0000 55.0767 8.2376
31905.0000 55.0549 8.2224
31910.0000 55.0636 8.2254
31915.0000 55.0730 8.2273
31920.0000 55.0824 8.2311
31925.0000 55.0735 8.2465
31930.0000 55.0847 8.2486
31935.0000 55.1353 8.2267
31940.0000 55.1453 8.2286
31945.0000 55.1235 8.2160
31950.0000 55.1462 8.2094
31955.0000 55.1453 8.2073
31960.0000 55.1529 8.2127
31965.0000 55.1556 8.2133
31970.0000 55.1690 8.2179
31975.0000 55.1837 8.2233
31980.0000 55.1989 8.2275
31985.0000 55.1567 8.2565
31990.0000 55.1248 8.2387
31995.0000 55.1715 8.2465
32000.0000 55.1951 8.2418
32005.0000 55.1959 8.2385
32010.0000 55.1638 8.2308
32015.0000 55.1884 8.2491
32020.0000 55.1881 8.2500
32025.0000 55.1864 8.2473
32030.0000 55.3064 8.2788
32035.0000 55.3465 8.3050
32040.0000 55.3633 8.3185
32045.0000 55.1988 8.3388
32050.0000 54.9830 8.2272
32055.0000 54.9743 8.2244
32060.0000 55.0124 8.2445
32065.0000 54.9959 8.2392
32070.0000 54.9633 8.1980
32075.0000 54.9443 8.1987
32080.0000 54.9458 8.1974
32085.0000 54.9772 8.2193
32090.0000 54.9729 8.2142
32095.0000 55.0179 8.2463
32100.0000 55.0799 8.2690
32105.0000 55.1272 8.2656
32110.0000 55.1371 8.2627
32115.0000 55.0918 8.2716
32120.0000 55.0713 8.2633
32125.0000 55.0348 8.2518
32130.0000 55.0800 8.2645
32135.0000 55.1109 8.2886
32140.0000 55.1430 8.3076
32145.0000 55.1459 8.3048
32150.0000 55.1655 8.3066
32155.0000 55.1940 8.3109
32160.0000 55.2094 8.3174
32165.0000 55.2340 8.3407
32170.0000 55.1949 8.2982
32175.0000 55.1725 8.3181
32180.0000 55.1601 8.3207
32185.0000 55.1745 8.3242
32190.0000 55.1704 8.3367
32195.0000 55.1841 8.3180
32200.0000 55.2105 8.2862
32205.0000 55.1835 8.2811
32210.0000 55.2014 8.2887
32215.0000 55.2136 8.2873
32220.0000 55.2191 8.2918
32225.0000 55.2383 8.2984
32230.0000 55.0885 8.2324
32235.0000 55.0580 8.2180
32240.0000 55.0194 8.2007
32245.0000 55.0513 8.1726
32250.0000 55.0502 8.1470
32255.0000 55.0794 8.1694
32260.0000 55.1572 8.2157
32265.0000 55.1395 8.2087
32270.0000 55.1432 8.2053
32275.0000 55.1480 8.2076
32280.0000 55.1694 8.2109
32285.0000 55.1781 8.2090
32290.0000 55.1085 8.1679
32295.0000 55.0850 8.1499
32300.0000 55.0734 8.1512
32305.0000 55.0662 8.1539
32310.0000 55.0446 8.1533
32315.0000 55.0239 8.1397
32320.0000 55.0358 8.1386
32325.0000 55.0680 8.1299
32330.0000 55.1185 8.1309
32335.0000 55.2183 8.1770
32340.0000 55.2692 8.1980
32345.0000 55.3346 8.2377
32350.0000 55.3286 8.2477
32355.0000 55.3037 8.2482
32360.0000 55.3259 8.2574
32365.0000 55.2829 8.2541
32370.0000 55.2506 8.2443
32375.0000 55.2250 8.2329
32380.0000 55.2201 8.2263
32385.0000 55.2238 8.2062
32390.0000 55.2322 8.1960
32395.0000 55.2497 8.1974
32400.0000 55.2680 8.2057
32405.0000 55.2788 8.2422
32410.0000 55.1447 8.1615
32415.0000 55.1988 8.1594
32420.0000 55.2127 8.1696
32425.0000 55.2277 8.1685
32430.0000 55.2755 8.1532
32435.0000 55.2786 8.1457
32440.0000 55.2851 8.1490
32445.0000 55.2789 8.1495
32450.0000 55.2995 8.1580
32455.0000 55.3062 8.1635
32460.0000 55.3465 8.1542
32465.0000 55.3360 8.1362
32470.0000 55.3167 8.1106
32475.0000 55.2195 8.1146
32480.0000 55.2256 8.1291
32485.0000 55.2121 8.1184
32490.0000 55.2025 8.1160
32495.0000 55.2568 8.0919
32500.0000 55.2483 8.0858
32505.0000 55.2637 8.0850
32510.0000 55.2699 8.0817
32515.0000 55.3025 8.0863
32520.0000 55.4018 8.0988
32525.0000 55.4318 8.0994
32530.0000 55.4252 8.0899
32535.0000 55.4498 8.1002
32540.0000 55.4552 8.0978
32545.0000 55.4388 8.1052
32550.0000 55.4038 8.0961
32555.0000 55.4292 8.0809
32560.0000 55.4438 8.0773
32565.0000 55.4410 8.0700
32570.0000 55.4717 8.0752
32575.0000 55.4642 8.0680
32580.0000 55.4858 8.0671
32585.0000 55.4669 8.0753
32590.0000 55.4654 8.0624
32595.0000 55.5641 8.0957
32600.0000 55.6306 8.0994
32605.0000 55.6443 8.1169
32610.0000 55.6408 8.1196
32615.0000 55.6229 8.1233
32620.0000 55.6873 8.1358
32625.0000 55.7568 8.1521
32630.0000 55.7761 8.1595
32635.0000 55.8022 8.1620
32640.0000 55.8201 8.1682
32645.0000 55.8651 8.1805
32650.0000 55.7730 8.1447
32655.0000 55.7518 8.1471
32660.0000 55.7599 8.1565
32665.0000 55.7401 8.1525
32670.0000 55.7503 8.1553
32675.0000 55.7063 8.1487
32680.0000 55.6820 8.1203
32685.0000 55.7095 8.0959
32690.0000 55.7804 8.0892
32695.0000 55.7956 8.0915
32700.0000 55.8160 8.0996
32705.0000 55.7547 8.0707
32710.0000 55.7262 8.0605
32715.0000 55.6601 8.0388
32720.0000 55.6909 8.0429
32725.0000 55.7240 8.0300
32730.0000 55.7331 8.0305
32735.0000 55.6976 8.0117
32740.0000 55.7033 8.0034
32745.0000 55.7554 7.9903
32750.0000 55.7786 7.9955
32755.0000 55.7807 7.9834
32760.0000 55.8496 7.9833
32765.0000 55.9269 8.0220
32770.0000 55.9620 8.0460
32775.0000 55.8982 8.0393
32780.0000 55.8810 8.0614
32785.0000 55.8423 8.0366
32790.0000 55.8736 8.0170
32795.0000 55.8052 8.0052
32800.0000 55.8207 8.0123
32805.0000 55.8021 8.0029
32810.0000 55.8115 8.0037
32815.0000 55.8120 8.0036
32820.0000 55.8300 8.0088
32825.0000 55.8844 8.0001
32830.0000 55.8938 8.0030
32835.0000 55.8654 7.9981
32840.0000 55.8223 7.9775
32845.0000 55.8480 7.9957
32850.0000 55.8611 8.0192
32855.0000 55.8511 8.0344
32860.0000 55.8528 8.0282
32865.0000 55.8671 8.0343
32870.0000 55.8848 8.0375
32875.0000 55.9541 8.0665
32880.0000 56.0524 8.1113
32885.0000 56.0443 8.1164
32890.0000 56.0351 8.1157
32895.0000 56.0453 8.1262
32900.0000 56.1059 8.1658
32905.0000 56.1347 8.1791
32910.0000 56.1677 8.1971
32915.0000 56.1657 8.2057
32920.0000 56.2051 8.1929
32925.0000 56.2045 8.1876
32930.0000 56.2179 8.1970
32935.0000 56.2118 8.1928
32940.0000 56.3742 8.2081
32945.0000 56.4637 8.2051
32950.0000 56.4691 8.2041
32955.0000 56.4750 8.2007
32960.0000 56.4878 8.2065
32965.0000 56.4791 8.1964
32970.0000 56.4619 8.1888
32975.0000 56.4258 8.1915
32980.0000 56.4162 8.1907
32985.0000 56.4466 8.2054
32990.0000 56.4667 8.2055
32995.0000 56.4722 8.2066
33000.0000 56.5056 8.2097
33005.0000 56.5506 8.2028
33010.0000 56.5166 8.2056
33015.0000 56.4623 8.2149
33020.0000 56.4994 8.2208
33025.0000 56.5790 8.2351
33030.0000 56.6006 8.2388
33035.0000 56.7042 8.2910
33040.0000 56.7962 8.3433
33045.0000 56.8600 8.3592
33050.0000 56.8782 8.3707
33055.0000 56.8843 8.3724
33060.0000 56.8671 8.3560
33065.0000 56.8187 8.3421
33070.0000 56.7906 8.3163
33075.0000 56.7917 8.3126
33080.0000 56.8396 8.3205
33085.0000 56.8281 8.3167
33090.0000 56.8128 8.3137
33095.0000 56.7726 8.3052
33100.0000 56.7856 8.3089
33105.0000 56.8273 8.3342
33110.0000 56.8321 8.3311
33115.0000 56.8687 8.3218
33120.0000 56.8793 8.3201
33125.0000 56.8290 8.2955
33130.0000 56.8556 8.2931
33135.0000 56.8034 8.2966
33140.0000 56.8453 8.3150
33145.0000 56.7853 8.2976
33150.0000 56.7955 8.3115
33155.0000 56.7440 8.3005
33160.0000 56.8175 8.3582
33165.0000 56.8012 8.3468
33170.0000 56.7985 8.3425
33175.0000 56.8380 8.3584
33180.0000 56.8432 8.3594
33185.0000 56.8864 8.3622
33190.0000 56.7336 8.3320
33195.0000 56.7214 8.3395
33200.0000 56.7174 8.3388
33205.0000 56.6976 8.3366
33210.0000 56.7141 8.3195
33215.0000 56.6812 8.3167
33220.0000 56.7126 8.3174
33225.0000 56.7489 8.3302
33230.0000 56.7119 8.3023
33235.0000 56.7185 8.3004
33240.0000 56.7419 8.3064
33245.0000 56.8452 8.3355
33250.0000 56.8384 8.3313
33255.0000 56.8381 8.3326
33260.0000 56.8435 8.3310
33265.0000 56.8323 8.3322
33270.0000 56.8049 8.3231
33275.0000 56.7651 8.3243
33280.0000 56.7834 8.3263
33285.0000 56.7813 8.3251
33290.0000 56.7979 8.3301
33295.0000 56.7991 8.3285
33300.0000 56.8684 8.3519
33305.0000 56.7982 8.3102
33310.0000 56.7756 8.3120
33315.0000 56.6950 8.2955
33320.0000 56.6632 8.2782
33325.0000 56.6847 8.3005
33330.0000 56.6756 8.3142
33335.0000 56.7348 8.3490
33340.0000 56.7909 8.3721
33345.0000 56.8518 8.4079
33350.0000 56.8751 8.4115
33355.0000 56.8637 8.3881
33360.0000 56.8879 8.3980
33365.0000 56.9091 8.4050
33370.0000 56.7981 8.3849
33375.0000 56.8291 8.3965
33380.0000 56.8056 8.4000
33385.0000 56.7952 8.4060
33390.0000 56.7394 8.3928
33395.0000 56.7471 8.3962
33400.0000 56.8079 8.4188
33405.0000 56.8142 8.4252
33410.0000 56.8062 8.4247
33415.0000 56.8152 8.4260
33420.0000 56.8636 8.4345
33425.0000 56.8047 8.3987
33430.0000 56.8032 8.4010
33435.0000 56.8843 8.4007
33440.0000 56.8848 8.4049
33445.0000 56.8808 8.3990
33450.0000 56.8988 8.3879
33455.0000 56.8752 8.3861
33460.0000 56.8464 8.3744
33465.0000 56.8916 8.3898
33470.0000 56.9220 8.3798
33475.0000 56.9312 8.3798
33480.0000 56.9413 8.3823
33485.0000 56.9414 8.3524
33490.0000 56.9659 8.3584
33495.0000 57.0021 8.3563
33500.0000 57.0040 8.3589
33505.0000 57.0195 8.3661
33510.0000 57.0205 8.3900
33515.0000 57.0709 8.3925
33520.0000 57.1064 8.3847
33525.0000 57.2270 8.3531
33530.0000 57.2954 8.3650
33535.0000 57.3898 8.3491
33540.0000 57.4663 8.3518
33545.0000 57.4633 8.3416
33550.0000 57.5730 8.3839
33555.0000 57.6156 8.4022
33560.0000 57.6448 8.3913
33565.0000 57.6775 8.3932
33570.0000 57.6362 8.3579
33575.0000 57.6451 8.3451
33580.0000 57.7793 8.3334
33585.0000 57.8005 8.3326
33590.0000 57.8099 8.3353
33595.0000 57.8242 8.3281
33600.0000 57.8503 8.3368
33605.0000 57.8163 8.3004
33610.0000 57.8414 8.3112
33615.0000 57.8550 8.3265
33620.0000 57.8522 8.3343
33625.0000 57.9079 8.3485
33630.0000 57.8715 8.3433
33635.0000 57.8370 8.3189
33640.0000 57.8270 8.3177
33645.0000 57.9187 8.3741
33650.0000 57.9245 8.3788
33655.0000 57.9687 8.3930
33660.0000 58.0262 8.4210
33665.0000 57.9980 8.4207
33670.0000 58.0355 8.4472
33675.0000 57.9898 8.4414
33680.0000 58.0603 8.4444
33685.0000 58.0987 8.4602
33690.0000 58.0912 8.4651
33695.0000 58.0484 8.4603
33700.0000 58.1151 8.4665
33705.0000 58.1865 8.4806
33710.0000 58.1905 8.4785
33715.0000 58.2185 8.4744
33720.0000 58.2367 8.4775
33725.0000 58.1537 8.4535
33730.0000 58.2303 8.4689
33735.0000 58.2524 8.4800
33740.0000 58.2610 8.5047
33745.0000 58.3088 8.5251
33750.0000 58.2922 8.5327
33755.0000 58.2750 8.5240
33760.0000 58.2586 8.5184
33765.0000 58.2518 8.5096
33770.0000 58.2438 8.5063
33775.0000 58.2490 8.5035
33780.0000 58.2644 8.5044
33785.0000 58.2824 8.5081
33790.0000 58.2876 8.5200
33795.0000 58.2513 8.5390
33800.0000 58.2664 8.5431
33805.0000 58.2663 8.5381
33810.0000 58.2363 8.5155
33815.0000 58.2629 8.5138
33820.0000 58.2827 8.5190
33825.0000 58.2954 8.5214
33830.0000 58.3360 8.5484
33835.0000 58.3942 8.5719
33840.0000 58.4134 8.5667
33845.0000 58.4301 8.5743
33850.0000 58.2940 8.5241
33855.0000 58.2308 8.5221
33860.0000 58.2221 8.5341
33865.0000 58.2102 8.5328
33870.0000 58.2027 8.5184
33875.0000 58.1558 8.4898
33880.0000 58.1552 8.4908
33885.0000 58.1487 8.4875
33890.0000 58.1692 8.4871
33895.0000 58.1859 8.4850
33900.0000 58.2205 8.4895
33905.0000 58.1912 8.5076
33910.0000 58.1901 8.5237
33915.0000 58.1921 8.5332
33920.0000 58.1686 8.5229
33925.0000 58.2009 8.5327
33930.0000 58.1954 8.5440
33935.0000 58.1482 8.5352
33940.0000 58.1528 8.5345
33945.0000 58.1651 8.5353
33950.0000 58.1048 8.4958
33955.0000 58.1933 8.5475
33960.0000 58.2011 8.5584
33965.0000 58.1514 8.5527
33970.0000 58.0065 8.5305
33975.0000 58.0158 8.5355
33980.0000 57.9983 8.5029
33985.0000 58.0570 8.5244
33990.0000 58.0751 8.5209
33995.0000 58.0620 8.5041
34000.0000 58.0633 8.5024
34005.0000 58.1287 8.5007
34010.0000 58.1340 8.4982
34015.0000 58.2175 8.5489
34020.0000 58.2620 8.5715
34025.0000 58.3565 8.6167
34030.0000 58.3296 8.5972
34035.0000 58.2969 8.5935
34040.0000 58.2672 8.5793
34045.0000 58.2653 8.5713
34050.0000 58.2262 8.5635
34055.0000 58.2541 8.5753
34060.0000 58.2367 8.5714
34065.0000 58.2203 8.5608
34070.0000 58.2120 8.5559
34075.0000 58.2249 8.5591
34080.0000 58.2249 8.5591
34085.0000 58.2974 8.5863
34090.0000 58.3040 8.5890
34095.0000 58.2865 8.6051
34100.0000 58.3828 8.6621
34105.0000 58.3954 8.6674
34110.0000 58.3825 8.6408
34115.0000 58.3071 8.5966
34120.0000 58.3110 8.5969
34125.0000 58.3593 8.6148
34130.0000 58.3593 8.6148
34135.0000 58.4181 8.6340
34140.0000 58.4210 8.6400
34145.0000 58.4338 8.6578
34150.0000 58.3276 8.6155
34155.0000 58.1758 8.5614
34160.0000 58.2635 8.6256
34165.0000 58.3416 8.6840
34170.0000 58.3647 8.6891
34175.0000 58.3372 8.6811
34180.0000 58.3349 8.6799
34185.0000 58.3276 8.6757
34190.0000 58.3974 8.7169
34195.0000 58.4094 8.7190
34200.0000 58.4179 8.7169
34205.0000 58.4472 8.7226
34210.0000 58.4189 8.7030
34215.0000 58.4289 8.7070
34220.0000 58.4226 8.7010
34225.0000 58.3975 8.6791
34230.0000 58.3635 8.6709
34235.0000 58.3816 8.6868
34240.0000 58.3937 8.6859
34245.0000 58.4163 8.6922
34250.0000 58.4067 8.6870
34255.0000 58.4118 8.6881
34260.0000 58.4115 8.6931
34265.0000 58.3870 8.6668
34270.0000 58.3136 8.6780
34275.0000 58.2742 8.6576
34280.0000 58.3128 8.6801
34285.0000 58.3507 8.7105
34290.0000 58.3472 8.7165
34295.0000 58.3532 8.7285
34300.0000 58.3415 8.7290
34305.0000 58.3417 8.7285
34310.0000 58.3449 8.7286
34315.0000 58.3128 8.7008
34320.0000 58.3177 8.7047
34325.0000 58.3339 8.7135
34330.0000 58.3310 8.7176
34335.0000 58.4180 8.7598
34340.0000 58.4019 8.7590
34345.0000 58.4219 8.7532
34350.0000 58.3836 8.7427
34355.0000 58.3342 8.7314
34360.0000 58.3457 8.7354
34365.0000 58.3233 8.7170
34370.0000 58.3355 8.7130
34375.0000 58.3312 8.7009
34380.0000 58.3532 8.7058
34385.0000 58.3907 8.7314
34390.0000 58.3667 8.7318
34395.0000 58.3071 8.6949
34400.0000 58.2612 8.6945
34405.0000 58.3158 8.7266
34410.0000 58.2789 8.7162
34415.0000 58.2871 8.7041
34420.0000 58.2880 8.6882
34425.0000 58.3138 8.6955
34430.0000 58.3549 8.7147
34435.0000 58.3585 8.7161
34440.0000 58.4126 8.7465
34445.0000 58.3676 8.7405
34450.0000 58.3159 8.7208
34455.0000 58.2330 8.6699
34460.0000 58.2698 8.6942
34465.0000 58.2752 8.6988
34470.0000 58.3073 8.7186
34475.0000 58.3061 8.7272
34480.0000 58.3185 8.7292
34485.0000 58.3327 8.7289
34490.0000 58.3920 8.7656
34495.0000 58.4059 8.7703
34500.0000 58.3897 8.7636
34505.0000 58.4042 8.7684
34510.0000 58.3681 8.7665
34515.0000 58.3335 8.7634
34520.0000 58.3425 8.7789
34525.0000 58.2804 8.7347
34530.0000 58.2378 8.7419
34535.0000 58.1995 8.7206
34540.0000 58.2295 8.7177
34545.0000 58.2247 8.7094
34550.0000 58.2295 8.7093
34555.0000 58.2463 8.7116
34560.0000 58.2530 8.7164
34565.0000 58.1827 8.6723
34570.0000 58.1409 8.6803
34575.0000 58.1560 8.6843
34580.0000 58.1325 8.6746
34585.0000 58.1344 8.6783
34590.0000 58.1399 8.6899
34595.0000 58.1204 8.6865
34600.0000 58.0938 8.6677
34605.0000 58.0938 8.6677
34610.0000 58.1041 8.6702
34615.0000 58.1040 8.6656
34620.0000 58.1162 8.6665
34625.0000 58.1003 8.6920
34630.0000 58.0407 8.6663
34635.0000 58.0055 8.6687
34640.0000 57.9710 8.6641
34645.0000 57.9814 8.6672
34650.0000 57.9695 8.6780
34655.0000 57.9318 8.6811
34660.0000 57.9256 8.6760
34665.0000 57.9343 8.6691
34670.0000 57.9315 8.6638
34675.0000 57.9443 8.6646
34680.0000 57.9521 8.6642
34685.0000 57.8534 8.6205
34690.0000 57.7882 8.6126
34695.0000 57.7458 8.6088
34700.0000 57.7533 8.6253
34705.0000 57.7645 8.6316
34710.0000 57.7124 8.6321
34715.0000 57.6825 8.6195
34720.0000 57.6838 8.6103
34725.0000 57.6901 8.6054
34730.0000 57.6910 8.6006
34735.0000 57.7897 8.6036
34740.0000 57.8820 8.6006
34745.0000 57.7776 8.5469
34750.0000 57.7605 8.5577
34755.0000 57.7988 8.6129
34760.0000 57.8127 8.6250
34765.0000 57.7949 8.6113
34770.0000 57.8051 8.6289
34775.0000 57.8029 8.6435
34780.0000 57.8360 8.6583
34785.0000 57.8696 8.6343
34790.0000 57.9240 8.6480
34795.0000 57.9793 8.6553
34800.0000 58.0745 8.6932
34805.0000 58.1178 8.7135
34810.0000 58.0494 8.7047
34815.0000 58.0406 8.7283
34820.0000 58.0456 8.7305
34825.0000 58.0706 8.7518
34830.0000 58.0056 8.7221
34835.0000 57.9681 8.7141
34840.0000 57.8948 8.6911
34845.0000 57.9009 8.6955
34850.0000 57.8895 8.6865
34855.0000 57.9022 8.6832
34860.0000 57.9343 8.6902
34865.0000 58.0084 8.7144
34870.0000 58.0063 8.7161
34875.0000 58.0702 8.7672
34880.0000 58.0951 8.7783
34885.0000 58.1345 8.7912
34890.0000 58.0976 8.7590
34895.0000 58.1374 8.7601
34900.0000 58.1000 8.7300
34905.0000 58.1209 8.7207
34910.0000 58.2100 8.7640
34915.0000 58.2091 8.7475
34920.0000 58.2508 8.7894
34925.0000 58.2662 8.8328
34930.0000 58.3050 8.8648
34935.0000 58.3590 8.9029
34940.0000 58.4434 8.9528
34945.0000 58.4371 8.9429
34950.0000 58.4353 8.9352
34955.0000 58.4460 8.9472
34960.0000 58.4465 8.9526
34965.0000 58.4616 8.9481
34970.0000 58.5001 8.9580
34975.0000 58.5294 8.9654
34980.0000 58.5908 8.9731
34985.0000 58.6160 8.9732
34990.0000 58.5860 8.9474
34995.0000 58.5808 8.9411
35000.0000 58.6180 8.9432
35005.0000 58.6382 8.9400
35010.0000 58.6114 8.9079
35015.0000 58.5905 8.8987
35020.0000 58.6026 8.8996
35025.0000 58.6128 8.8943
35030.0000 58.5961 8.8698
35035.0000 58.6547 8.8564
35040.0000 58.6759 8.8588
35045.0000 58.6483 8.8787
35050.0000 58.6450 8.8832
35055.0000 58.5920 8.8742
35060.0000 58.5978 8.8764
35065.0000 58.6006 8.8719
35070.0000 58.5909 8.8676
35075.0000 58.5832 8.8648
35080.0000 58.5775 8.8597
35085.0000 58.5866 8.8598
35090.0000 58.5941 8.8619
35095.0000 58.6058 8.8660
35100.0000 58.6231 8.8672
35105.0000 58.6088 8.8643
35110.0000 58.5791 8.8435
35115.0000 58.5783 8.8411
35120.0000 58.5962 8.8492
35125.0000 58.5481 8.8155
35130.0000 58.5046 8.8163
35135.0000 58.4605 8.7971
35140.0000 58.4535 8.7964
35145.0000 58.4850 8.8164
35150.0000 58.4860 8.8155
35155.0000 58.5324 8.8415
35160.0000 58.5478 8.8463
35165.0000 58.5660 8.8532
35170.0000 58.6046 8.8845
35175.0000 58.6098 8.8893
35180.0000 58.5957 8.9029
35185.0000 58.5880 8.8995
35190.0000 58.5741 8.9074
35195.0000 58.5245 8.8899
35200.0000 58.5178 8.8871
35205.0000 58.4944 8.8770
35210.0000 58.5140 8.8933
35215.0000 58.5094 8.8865
35220.0000 58.5468 8.9157
35225.0000 58.5195 8.9037
35230.0000 58.5004 8.8891
35235.0000 58.4810 8.8735
35240.0000 58.4988 8.8812
35245.0000 58.5032 8.8807
35250.0000 58.4448 8.8586
35255.0000 58.4207 8.8478
35260.0000 58.4255 8.8501
35265.0000 58.4235 8.8481
35270.0000 58.4232 8.8498
35275.0000 58.4668 8.8728
35280.0000 58.4677 8.8917
35285.0000 58.4122 8.9179
35290.0000 58.3878 8.9245
35295.0000 58.3882 8.9439
35300.0000 58.3554 8.9301
35305.0000 58.3562 8.9261
35310.0000 58.3323 8.9185
35315.0000 58.3569 8.9476
35320.0000 58.3394 8.9423
35325.0000 58.3305 8.9398
35330.0000 58.2867 8.9041
35335.0000 58.3333 8.9373
35340.0000 58.3794 8.9642
35345.0000 58.3908 8.9594
35350.0000 58.4176 8.9741
35355.0000 58.3088 8.9473
35360.0000 58.3079 8.9518
35365.0000 58.3478 8.9586
35370.0000 58.3287 8.9602
35375.0000 58.2789 8.9422
35380.0000 58.2747 8.9399
35385.0000 58.2688 8.9395
35390.0000 58.2767 8.9411
35395.0000 58.2674 8.9372
35400.0000 58.2894 8.9405
35405.0000 58.2945 8.9372
35410.0000 58.3171 8.9370
35415.0000 58.2745 8.9036
35420.0000 58.2533 8.9135
35425.0000 58.2793 8.9190
35430.0000 58.2534 8.9230
35435.0000 58.2641 8.9020
35440.0000 58.3399 8.9420
35445.0000 58.3078 8.9308
35450.0000 58.3211 8.9327
35455.0000 58.3265 8.9300
35460.0000 58.3645 8.9528
35465.0000 58.3749 8.9516
35470.0000 58.3620 8.9669
35475.0000 58.3449 8.9692
35480.0000 58.3552 8.9720
35485.0000 58.3499 8.9632
35490.0000 58.3135 8.9611
35495.0000 58.2758 8.9625
35500.0000 58.2630 8.9573
35505.0000 58.2756 8.9598
35510.0000 58.2682 8.9523
35515.0000 58.2826 8.9581
35520.0000 58.2476 8.9408
35525.0000 58.2162 8.9102
35530.0000 58.1560 8.8972
35535.0000 58.1242 8.8678
35540.0000 58.1335 8.8669
35545.0000 58.1707 8.8890
35550.0000 58.1590 8.8930
35555.0000 58.1015 8.8690
35560.0000 58.0951 8.8686
35565.0000 58.1036 8.8728
35570.0000 58.1108 8.8610
35575.0000 58.1371 8.8605
35580.0000 58.1507 8.8505
35585.0000 58.0539 8.7816
35590.0000 57.9556 8.7772
35595.0000 57.8487 8.7272
35600.0000 57.9620 8.7701
35605.0000 57.9687 8.7644
35610.0000 57.9779 8.7788
35615.0000 57.9280 8.7576
35620.0000 57.9407 8.7587
35625.0000 57.9213 8.7521
35630.0000 57.9317 8.7582
35635.0000 57.9824 8.7903
35640.0000 57.9702 8.7728
35645.0000 57.9516 8.7606
35650.0000 57.9383 8.7828
35655.0000 57.9579 8.7866
35660.0000 57.9542 8.7826
35665.0000 57.9480 8.7697
35670.0000 57.9042 8.7774
35675.0000 57.8894 8.7659
35680.0000 57.8824 8.7564
35685.0000 57.8971 8.7761
35690.0000 57.8877 8.7637
35695.0000 57.8146 8.7031
35700.0000 57.8542 8.7074
35705.0000 57.8541 8.7317
35710.0000 57.8604 8.7409
35715.0000 57.9075 8.7487
35720.0000 57.9136 8.7481
35725.0000 57.9357 8.7511
35730.0000 57.9311 8.7514
35735.0000 57.8855 8.7413
35740.0000 57.8814 8.7307
35745.0000 57.8837 8.7313
35750.0000 57.8981 8.7292
35755.0000 57.9131 8.7245
35760.0000 57.9255 8.7213
35765.0000 57.9195 8.7220
35770.0000 57.9315 8.7332
35775.0000 57.8683 8.6974
35780.0000 57.8687 8.7076
35785.0000 57.8724 8.7086
35790.0000 57.8361 8.7133
35795.0000 57.7762 8.6839
35800.0000 57.7624 8.6755
35805.0000 57.7568 8.6692
35810.0000 57.7721 8.6726
35815.0000 57.7639 8.6757
35820.0000 57.7834 8.6761
35825.0000 57.7815 8.6825
35830.0000 57.7252 8.6758
35835.0000 57.7662 8.7002
35840.0000 57.7575 8.6934
35845.0000 57.7747 8.6960
35850.0000 57.7563 8.6980
35855.0000 57.7234 8.6702
35860.0000 57.7762 8.6880
35865.0000 57.8105 8.7170
35870.0000 57.8462 8.7186
35875.0000 57.8714 8.7383
35880.0000 57.8865 8.7436
35885.0000 57.7967 8.7103
35890.0000 57.8064 8.7319
35895.0000 57.7199 8.7331
35900.0000 57.6820 8.7270
35905.0000 57.6930 8.7295
35910.0000 57.6727 8.7344
35915.0000 57.6071 8.7002
35920.0000 57.6059 8.6942
35925.0000 57.6219 8.7006
35930.0000 57.6025 8.6895
35935.0000 57.5982 8.6924
35940.0000 57.6488 8.6661
35945.0000 57.6906 8.6550
35950.0000 57.6707 8.6629
35955.0000 57.7533 8.6513
35960.0000 57.7738 8.6672
35965.0000 57.7840 8.6753
35970.0000 57.7220 8.6520
35975.0000 57.7665 8.7000
35980.0000 57.7575 8.6909
35985.0000 57.7661 8.6987
35990.0000 57.7687 8.6914
35995.0000 57.8308 8.7233
36000.0000 57.8448 8.7332
36005.0000 57.8612 8.7388
36010.0000 57.9020 8.7639
36015.0000 57.8590 8.7563
36020.0000 57.8660 8.7609
36025.0000 57.8665 8.7649
36030.0000 57.8141 8.7672
36035.0000 57.7820 8.7604
36040.0000 57.7956 8.7756
36045.0000 57.8119 8.7832
36050.0000 57.7451 8.7367
36055.0000 57.7549 8.7474
36060.0000 57.7533 8.7459
36065.0000 57.7208 8.7235
36070.0000 57.6914 8.7062
36075.0000 57.6975 8.7467
36080.0000 57.6984 8.7553
36085.0000 57.6684 8.7290
36090.0000 57.7491 8.7651
36095.0000 57.7222 8.7679
36100.0000 57.6950 8.7477
36105.0000 57.7322 8.7725
36110.0000 57.7312 8.7593
36115.0000 57.7468 8.7747
36120.0000 57.7674 8.7788
36125.0000 57.7651 8.7770
36130.0000 57.7713 8.7775
36135.0000 57.6636 8.7838
36140.0000 57.6763 8.7899
36145.0000 57.6828 8.7923
36150.0000 57.6432 8.7953
36155.0000 57.6490 8.7889
36160.0000 57.6107 8.7668
36165.0000 57.6128 8.7661
36170.0000 57.6055 8.7652
36175.0000 57.5999 8.7566
36180.0000 57.6478 8.7644
36185.0000 57.6604 8.7591
36190.0000 57.6728 8.7567
36195.0000 57.6288 8.7345
36200.0000 57.6068 8.7418
36205.0000 57.6204 8.7525
36210.0000 57.5972 8.7622
36215.0000 57.5704 8.7514
36220.0000 57.5451 8.7326
36225.0000 57.6008 8.7724
36230.0000 57.5657 8.7499
36235.0000 57.5673 8.7541
36240.0000 57.5729 8.7547
36245.0000 57.5855 8.7558
36250.0000 57.5628 8.7479
36255.0000 57.5540 8.7435
36260.0000 57.5567 8.7419
36265.0000 57.5782 8.7345
36270.0000 57.5771 8.7311
36275.0000 57.5946 8.6979
36280.0000 57.6805 8.6909
36285.0000 57.6824 8.6907
36290.0000 57.7034 8.6864
36295.0000 57.6850 8.6695
36300.0000 57.7262 8.6916
36305.0000 57.6946 8.6716
36310.0000 57.6666 8.6965
36315.0000 57.6283 8.7151
36320.0000 57.6971 8.7181
36325.0000 57.7595 8.7001
36330.0000 57.7292 8.7094
36335.0000 57.7601 8.7377
36340.0000 57.7578 8.7150
36345.0000 57.7419 8.7123
36350.0000 57.7192 8.7002
36355.0000 57.7218 8.7091
36360.0000 57.7404 8.7154
36365.0000 57.6808 8.7162
36370.0000 57.6832 8.7207
36375.0000 57.6393 8.7345
36380.0000 57.6536 8.7324
36385.0000 57.7404 8.7427
36390.0000 57.7122 8.7378
36395.0000 57.7628 8.7323
36400.0000 57.7784 8.7348
36405.0000 57.7686 8.7282
36410.0000 57.7670 8.7285
36415.0000 57.7755 8.7355
36420.0000 57.7869 8.7413
36425.0000 57.8014 8.7452
36430.0000 57.7588 8.7242
36435.0000 57.7465 8.7168
36440.0000 57.7556 8.7192
36445.0000 57.7755 8.7309
36450.0000 57.7466 8.7359
36455.0000 57.7053 8.7268
36460.0000 57.7118 8.7168
36465.0000 57.6783 8.6925
36470.0000 57.6874 8.6825
36475.0000 57.6861 8.6834
36480.0000 57.7066 8.6882
36485.0000 57.7137 8.6860
36490.0000 57.7025 8.6793
36495.0000 57.7098 8.6847
36500.0000 57.6466 8.6762
36505.0000 57.6656 8.6741
36510.0000 57.6852 8.6802
36515.0000 57.6746 8.6755
36520.0000 57.7078 8.6866
36525.0000 57.7052 8.6781
36530.0000 57.7107 8.6782
36535.0000 57.7347 8.6658
36540.0000 57.7489 8.6734
36545.0000 57.7117 8.6789
36550.0000 57.7255 8.6867
36555.0000 57.6719 8.7119
36560.0000 57.6637 8.7182
36565.0000 57.6866 8.7287
36570.0000 57.6482 8.7332
36575.0000 57.6425 8.7358
36580.0000 57.5875 8.7101
36585.0000 57.5834 8.7115
36590.0000 57.5825 8.7084
36595.0000 57.6152 8.7326
36600.0000 57.6358 8.7412
36605.0000 57.6036 8.7207
36610.0000 57.5129 8.7080
36615.0000 57.5234 8.7083
36620.0000 57.4737 8.7061
36625.0000 57.4734 8.7118
36630.0000 57.4184 8.7091
36635.0000 57.4108 8.7066
36640.0000 57.4079 8.6936
36645.0000 57.4001 8.6940
36650.0000 57.4495 8.6843
36655.0000 57.4545 8.6853
36660.0000 57.4708 8.6892
36665.0000 57.4265 8.6634
36670.0000 57.4403 8.6526
36675.0000 57.3615 8.6014
36680.0000 57.3593 8.6058
36685.0000 57.3814 8.6089
36690.0000 57.3544 8.6168
36695.0000 57.3293 8.6081
36700.0000 57.2995 8.5889
36705.0000 57.3081 8.5952
36710.0000 57.3081 8.5952
36715.0000 57.3298 8.6011
36720.0000 57.3707 8.5902
36725.0000 57.3755 8.5930
36730.0000 57.3472 8.6124
36735.0000 57.3812 8.6436
36740.0000 57.3886 8.6681
36745.0000 57.4125 8.6803
36750.0000 57.3952 8.6827
36755.0000 57.3856 8.6821
36760.0000 57.3390 8.6629
36765.0000 57.3464 8.6647
36770.0000 57.3465 8.6630
36775.0000 57.3528 8.6617
36780.0000 57.4226 8.7156
36785.0000 57.3761 8.7058
36790.0000 57.3070 8.6895
36795.0000 57.3185 8.6974
36800.0000 57.3227 8.7004
36805.0000 57.3264 8.6964
36810.0000 57.3235 8.7091
36815.0000 57.3069 8.6982
36820.0000 57.2793 8.6814
36825.0000 57.2851 8.6868
36830.0000 57.2887 8.6867
36835.0000 57.2897 8.6870
36840.0000 57.3074 8.6916
36845.0000 57.3105 8.6923
36850.0000 57.2591 8.7039
36855.0000 57.2841 8.7152
36860.0000 57.2784 8.7162
36865.0000 57.2809 8.7267
36870.0000 57.2453 8.7249
36875.0000 57.2185 8.7128
36880.0000 57.2181 8.6989
36885.0000 57.2306 8.6994
36890.0000 57.2326 8.7000
36895.0000 57.2346 8.7013
36900.0000 57.2842 8.7368
36905.0000 57.2886 8.7376
36910.0000 57.2029 8.7657
36915.0000 57.1775 8.7534
36920.0000 57.1254 8.7125
36925.0000 57.1441 8.7201
36930.0000 57.1699 8.7414
36935.0000 57.2223 8.7742
36940.0000 57.2118 8.7701
36945.0000 57.2111 8.7661
36950.0000 57.2231 8.7793
36955.0000 57.2203 8.7766
36960.0000 57.2142 8.7637
36965.0000 57.2125 8.7625
36970.0000 57.2128 8.7782
36975.0000 57.1350 8.7359
36980.0000 57.1764 8.7566
36985.0000 57.1925 8.7661
36990.0000 57.2214 8.7567
36995.0000 57.2022 8.7506
37000.0000 57.1841 8.7403
37005.0000 57.1733 8.7385
37010.0000 57.1780 8.7424
37015.0000 57.2529 8.7781
37020.0000 57.2929 8.7947
37025.0000 57.2644 8.8001
37030.0000 57.2022 8.7826
37035.0000 57.1190 8.7414
37040.0000 57.1193 8.7470
37045.0000 57.1369 8.7541
37050.0000 57.0929 8.7549
37055.0000 57.1008 8.7750
37060.0000 57.0527 8.7437
37065.0000 57.0728 8.7401
37070.0000 57.1018 8.7457
37075.0000 57.1271 8.7509
37080.0000 57.1367 8.7600
37085.0000 57.1218 8.7452
37090.0000 57.0825 8.7369
37095.0000 57.1030 8.7470
37100.0000 57.1547 8.7569
37105.0000 57.1880 8.7646
37110.0000 57.2217 8.7938
37115.0000 57.2192 8.7755
37120.0000 57.1847 8.7587
37125.0000 57.1941 8.7607
37130.0000 57.2798 8.7459
37135.0000 57.2837 8.7479
37140.0000 57.2907 8.7538
37145.0000 57.3500 8.7918
37150.0000 57.3650 8.8013
37155.0000 57.3121 8.7861
37160.0000 57.3117 8.7886
37165.0000 57.3262 8.7975
37170.0000 57.3184 8.8038
37175.0000 57.2891 8.7983
37180.0000 57.2832 8.8037
37185.0000 57.2809 8.8075
37190.0000 57.3040 8.8190
37195.0000 57.3074 8.8214
37200.0000 57.3187 8.8357
37205.0000 57.3421 8.8746
37210.0000 57.3039 8.8492
37215.0000 57.2892 8.8393
37220.0000 57.3248 8.8521
37225.0000 57.3187 8.8640
37230.0000 57.3396 8.8881
37235.0000 57.3335 8.8901
37240.0000 57.2878 8.8632
37245.0000 57.3265 8.8874
37250.0000 57.3153 8.8798
37255.0000 57.3733 8.9221
37260.0000 57.3720 8.9183
37265.0000 57.3143 8.9007
37270.0000 57.2440 8.8530
37275.0000 57.1911 8.8157
37280.0000 57.1703 8.8170
37285.0000 57.1717 8.8104
37290.0000 57.1623 8.8175
37295.0000 57.1259 8.8027
37300.0000 57.1080 8.7959
37305.0000 57.1536 8.8073
37310.0000 57.1549 8.8064
37315.0000 57.1685 8.8139
37320.0000 57.2181 8.8343
37325.0000 57.2560 8.8592
37330.0000 57.2913 8.8848
37335.0000 57.2085 8.8512
37340.0000 57.2092 8.8544
37345.0000 57.2027 8.8628
37350.0000 57.1698 8.8645
37355.0000 57.1411 8.8491
37360.0000 57.1265 8.8489
37365.0000 57.1238 8.8417
37370.0000 57.1226 8.8396
37375.0000 57.1153 8.8350
37380.0000 57.1345 8.8454
37385.0000 57.2001 8.8507
37390.0000 57.0853 8.8444
37395.0000 57.0580 8.8326
37400.0000 57.0117 8.8244
37405.0000 57.0315 8.8299
37410.0000 57.0504 8.8446
37415.0000 57.0355 8.8380
37420.0000 57.0082 8.8266
37425.0000 57.0521 8.8620
37430.0000 57.0639 8.8600
37435.0000 57.0897 8.8679
37440.0000 57.1460 8.8981
37445.0000 57.1688 8.9063
37450.0000 57.1875 8.9141
37455.0000 57.1632 8.9261
37460.0000 57.1735 8.9374
37465.0000 57.1938 8.9467
37470.0000 57.1787 8.9559
37475.0000 57.1757 8.9605
37480.0000 57.2201 8.9876
37485.0000 57.2208 8.9858
37490.0000 57.2573 8.9915
37495.0000 57.2653 8.9959
37500.0000 57.2741 8.9954
37505.0000 57.2231 8.9706
37510.0000 57.1515 8.9558
37515.0000 57.1419 8.9437
37520.0000 57.1258 8.9350
37525.0000 57.1409 8.9408
37530.0000 57.1139 8.9434
37535.0000 57.2006 8.9603
37540.0000 57.1984 8.9593
37545.0000 57.1941 8.9549
37550.0000 57.1786 8.9483
37555.0000 57.1458 8.9161
37560.0000 57.1737 8.9245
37565.0000 57.2152 8.9455
37570.0000 57.2384 8.9519
37575.0000 57.2651 8.9649
37580.0000 57.2689 8.9639
37585.0000 57.3326 8.9764
37590.0000 57.3107 8.9741
37595.0000 57.3126 8.9647
37600.0000 57.2908 8.9484
37605.0000 57.2981 8.9471
37610.0000 57.2918 8.9349
37615.0000 57.2935 8.9320
37620.0000 57.3036 8.9331
37625.0000 57.2816 8.9207
37630.0000 57.2486 8.9429
37635.0000 57.2115 8.9827
37640.0000 57.1545 8.9553
37645.0000 57.1536 8.9558
37650.0000 57.1584 8.9533
37655.0000 57.1724 8.9623
37660.0000 57.1689 8.9619
37665.0000 57.2077 8.9829
37670.0000 57.1915 8.9707
37675.0000 57.2281 8.9567
37680.0000 57.2352 8.9575
37685.0000 57.2425 8.9539
37690.0000 57.1820 8.9299
37695.0000 57.1032 8.8955
37700.0000 57.1100 8.8981
37705.0000 57.1506 8.9075
37710.0000 57.1699 8.9184
37715.0000 57.1764 8.9410
37720.0000 57.1567 8.9343
37725.0000 57.2104 8.9658
37730.0000 57.2252 8.9634
37735.0000 57.2518 8.9711
37740.0000 57.2741 8.9758
37745.0000 57.2942 8.9828
37750.0000 57.2641 8.9615
37755.0000 57.0854 8.8919
37760.0000 57.0369 8.9079
37765.0000 57.0684 8.9139
37770.0000 57.0482 8.9267
37775.0000 57.0615 8.9208
37780.0000 57.0801 8.9288
37785.0000 57.0642 8.9222
37790.0000 57.1233 8.9483
37795.0000 57.1457 8.9593
37800.0000 57.1478 8.9699
37805.0000 57.1715 8.9755
37810.0000 57.1523 8.9772
37815.0000 57.1088 8.9803
37820.0000 57.1171 8.9785
37825.0000 57.1714 9.0135
37830.0000 57.1490 9.0112
37835.0000 57.2157 9.0439
37840.0000 57.1868 9.0345
37845.0000 57.2206 9.0545
37850.0000 57.2598 9.0211
37855.0000 57.2711 9.0086
37860.0000 57.2803 9.0113
37865.0000 57.2410 9.0220
37870.0000 57.2466 9.0358
37875.0000 57.2279 9.0657
37880.0000 57.2349 9.0746
37885.0000 57.2515 9.0841
37890.0000 57.2541 9.0824
37895.0000 57.2518 9.0723
37900.0000 57.2290 9.0594
37905.0000 57.2585 9.0802
37910.0000 57.3149 9.1031
37915.0000 57.3456 9.1266
37920.0000 57.3615 9.1312
37925.0000 57.3566 9.1271
37930.0000 57.3006 9.1291
37935.0000 57.3037 9.1298
37940.0000 57.3361 9.1457
37945.0000 57.4200 9.1766
37950.0000 57.4114 9.1713
37955.0000 57.4651 9.1585
37960.0000 57.4480 9.1416
37965.0000 57.4780 9.1408
37970.0000 57.5011 9.1396
37975.0000 57.5092 9.1393
37980.0000 57.5923 9.1493
37985.0000 57.5351 9.1022
37990.0000 57.5767 9.1153
37995.0000 57.5608 9.1321
38000.0000 57.5916 9.1506
38005.0000 57.6060 9.1525
38010.0000 57.6174 9.1617
38015.0000 57.6000 9.1567
38020.0000 57.5569 9.1238
38025.0000 57.5792 9.1265
38030.0000 57.5706 9.1152
38035.0000 57.5666 9.1092
38040.0000 57.5833 9.1068
38045.0000 57.6006 9.1105
38050.0000 57.6228 9.1126
38055.0000 57.5885 9.1028
38060.0000 57.6142 9.1154
38065.0000 57.6189 9.1119
38070.0000 57.6183 9.1204
38075.0000 57.5928 9.1079
38080.0000 57.5607 9.1009
38085.0000 57.5476 9.1000
38090.0000 57.5417 9.0957
38095.0000 57.5303 9.0934
38100.0000 57.5386 9.0863
38105.0000 57.5324 9.0763
38110.0000 57.4709 9.0271
38115.0000 57.5120 9.0477
38120.0000 57.5721 9.0520
38125.0000 57.6221 9.0541
38130.0000 57.5832 9.0569
38135.0000 57.5738 9.0542
38140.0000 57.5697 9.0523
38145.0000 57.5738 9.0481
38150.0000 57.5808 9.0487
38155.0000 57.5773 9.0485
38160.0000 57.5934 9.0547
38165.0000 57.5978 9.0534
38170.0000 57.6064 9.0595
38175.0000 57.6225 9.0586
38180.0000 57.6476 9.0700
38185.0000 57.6411 9.0612
38190.0000 57.6102 9.0683
38195.0000 57.5945 9.0704
38200.0000 57.5913 9.0706
38205.0000 57.6021 9.0740
38210.0000 57.5902 9.0678
38215.0000 57.5912 9.0704
38220.0000 57.6652 9.1050
38225.0000 57.6819 9.1095
38230.0000 57.6819 9.1095
38235.0000 57.7004 9.1558
38240.0000 57.6633 9.1305
38245.0000 57.6546 9.1298
38250.0000 57.6511 9.1342
38255.0000 57.6522 9.1097
38260.0000 57.6925 9.1005
38265.0000 57.6692 9.0907
38270.0000 57.7040 9.0934
38275.0000 57.7665 9.1169
38280.0000 57.7807 9.1107
38285.0000 57.8591 9.0966
38290.0000 57.8066 9.1098
38295.0000 57.8203 9.1190
38300.0000 57.7724 9.1396
38305.0000 57.7812 9.1443
38310.0000 57.7591 9.1502
38315.0000 57.7332 9.1545
38320.0000 57.6771 9.1254
38325.0000 57.6757 9.1278
38330.0000 57.7249 9.1197
38335.0000 57.7234 9.1200
38340.0000 57.7342 9.1268
38345.0000 57.6996 9.1215
38350.0000 57.7278 9.1250
38355.0000 57.6574 9.1525
38360.0000 57.5952 9.1155
38365.0000 57.5805 9.1133
38370.0000 57.5576 9.1239
38375.0000 57.5122 9.1056
38380.0000 57.4957 9.0915
38385.0000 57.5869 9.1580
38390.0000 57.6061 9.1596
38395.0000 57.6052 9.1591
38400.0000 57.6013 9.1635
38405.0000 57.6074 9.1676
38410.0000 57.6120 9.1698
38415.0000 57.6613 9.1906
38420.0000 57.6374 9.1807
38425.0000 57.6410 9.1823
38430.0000 57.6933 9.2405
38435.0000 57.6489 9.2138
38440.0000 57.6140 9.1942
38445.0000 57.6016 9.1813
38450.0000 57.6367 9.2061
38455.0000 57.6382 9.2090
38460.0000 57.6395 9.2126
38465.0000 57.6494 9.2142
38470.0000 57.6153 9.2030
38475.0000 57.5841 9.2346
38480.0000 57.5819 9.2466
38485.0000 57.5929 9.2506
38490.0000 57.5791 9.2553
38495.0000 57.5670 9.2550
38500.0000 57.5699 9.2437
38505.0000 57.5681 9.2325
38510.0000 57.5972 9.2318
38515.0000 57.5991 9.2173
38520.0000 57.5817 9.1914
38525.0000 57.5386 9.1499
38530.0000 57.5406 9.1463
38535.0000 57.5274 9.1155
38540.0000 57.5633 9.1181
38545.0000 57.6031 9.1079
38550.0000 57.6325 9.0956
38555.0000 57.6514 9.0902
38560.0000 57.7241 9.1173
38565.0000 57.7920 9.1284
38570.0000 57.8791 9.1812
38575.0000 57.9160 9.2106
38580.0000 57.9630 9.2362
38585.0000 57.9369 9.2322
38590.0000 57.9247 9.2520
38595.0000 57.8763 9.2393
38600.0000 57.7604 9.1724
38605.0000 57.7455 9.1619
38610.0000 57.7482 9.1688
38615.0000 57.7848 9.1699
38620.0000 57.8262 9.1270
38625.0000 57.8427 9.0866
38630.0000 57.9207 9.1039
38635.0000 57.9756 9.1057
38640.0000 58.0956 9.1372
38645.0000 58.1409 9.1509
38650.0000 58.0747 9.0842
38655.0000 57.9768 9.0466
38660.0000 58.0186 9.0559
38665.0000 58.0703 9.0778
38670.0000 58.0699 9.0860
38675.0000 58.0500 9.0774
38680.0000 58.0403 9.0684
38685.0000 58.0547 9.0704
38690.0000 58.0883 9.0759
38695.0000 58.1811 9.1138
38700.0000 58.1860 9.1166
38705.0000 58.3162 9.0637
38710.0000 58.2697 9.0348
38715.0000 58.2246 9.0141
38720.0000 58.2300 9.0119
38725.0000 58.2426 9.0200
38730.0000 58.2465 9.0355
38735.0000 58.2208 9.0337
38740.0000 58.1885 9.0244
38745.0000 58.1827 9.0224
38750.0000 58.1948 9.0225
38755.0000 58.2042 9.0172
38760.0000 58.2409 9.0315
38765.0000 58.1996 9.0276
38770.0000 58.2213 9.0441
38775.0000 58.1736 9.0243
38780.0000 58.1216 9.0133
38785.0000 58.1243 9.0132
38790.0000 58.1022 9.0201
38795.0000 58.0801 9.0058
38800.0000 58.0548 8.9991
38805.0000 58.0517 8.9942
38810.0000 58.0699 8.9978
38815.0000 58.1535 9.0196
38820.0000 58.1873 9.0374
38825.0000 58.1205 9.0265
38830.0000 58.1205 9.0265
38835.0000 58.0149 8.9844
38840.0000 58.0204 8.9909
38845.0000 58.0361 8.9895
38850.0000 58.0735 8.9936
38855.0000 58.1171 8.9959
38860.0000 58.0755 8.9777
38865.0000 58.0893 8.9743
38870.0000 58.1153 8.9792
38875.0000 58.1193 8.9837
38880.0000 58.1359 9.0037
38885.0000 58.1154 8.9836
38890.0000 58.1351 8.9876
38895.0000 58.1741 8.9981
38900.0000 58.2004 9.0188
38905.0000 58.2166 9.0080
38910.0000 58.2225 9.0045
38915.0000 58.1820 9.0041
38920.0000 58.1821 9.0037
38925.0000 58.1843 9.0072
38930.0000 58.2671 8.9845
38935.0000 58.2840 8.9892
38940.0000 58.2847 8.9880
38945.0000 58.1839 8.9588
38950.0000 58.2135 8.9722
38955.0000 58.1893 8.9623
38960.0000 58.2085 8.9610
38965.0000 58.2168 8.9627
38970.0000 58.2144 8.9735
38975.0000 58.1839 8.9793
38980.0000 58.1343 8.9628
38985.0000 58.1523 8.9859
38990.0000 58.1523 8.9837
38995.0000 58.2521 9.0351
39000.0000 58.2193 9.0127
39005.0000 58.2180 9.0100
39010.0000 58.2323 9.0041
39015.0000 58.2075 9.0033
39020.0000 58.2202 9.0056
39025.0000 58.2365 9.0008
39030.0000 58.2547 9.0029
39035.0000 58.2514 9.0075
39040.0000 58.2435 9.0028
39045.0000 58.2502 8.9996
39050.0000 58.2835 9.0054
39055.0000 58.2942 9.0087
39060.0000 58.3309 9.0322
39065.0000 58.3613 9.0560
39070.0000 58.3731 9.0537
39075.0000 58.4178 9.0723
39080.0000 58.4917 9.1157
39085.0000 58.5030 9.1191
39090.0000 58.5469 9.1540
39095.0000 58.5640 9.1678
39100.0000 58.5336 9.1581
39105.0000 58.5338 9.1517
39110.0000 58.5311 9.1320
39115.0000 58.5499 9.1305
39120.0000 58.5473 9.1242
39125.0000 58.5500 9.1099
39130.0000 58.5331 9.0882
39135.0000 58.4183 9.0367
39140.0000 58.3900 9.0153
39145.0000 58.4000 9.0166
39150.0000 58.3681 9.0275
39155.0000 58.3937 9.0342
39160.0000 58.4334 9.0673
39165.0000 58.3981 9.0462
39170.0000 58.4029 9.0502
39175.0000 58.4083 9.0515
39180.0000 58.4010 9.0435
39185.0000 58.3995 9.0528
39190.0000 58.4493 9.0824
39195.0000 58.4103 9.0704
39200.0000 58.4819 9.0822
39205.0000 58.4619 9.0579
39210.0000 58.5105 9.0411
39215.0000 58.4913 9.0282
39220.0000 58.5137 9.0349
39225.0000 58.5020 9.0312
39230.0000 58.5263 9.0454
39235.0000 58.5128 9.0487
39240.0000 58.5579 9.0780
39245.0000 58.5435 9.0786
39250.0000 58.4584 9.0484
39255.0000 58.3763 9.0133
39260.0000 58.2186 8.9447
39265.0000 58.2162 8.9428
39270.0000 58.1980 8.9480
39275.0000 58.1624 8.9400
39280.0000 58.1437 8.9330
39285.0000 58.1862 8.9567
39290.0000 58.1805 8.9469
39295.0000 58.1792 8.9461
39300.0000 58.2155 8.9604
39305.0000 58.1893 8.9512
39310.0000 58.0916 8.9497
39315.0000 57.9907 8.9318
39320.0000 58.0079 8.9330
39325.0000 58.0050 8.9307
39330.0000 57.9774 8.9385
39335.0000 57.9643 8.9337
39340.0000 58.0052 8.8989
39345.0000 58.0077 8.8970
39350.0000 58.0157 8.8886
39355.0000 58.0661 8.8956
39360.0000 58.0690 8.8911
39365.0000 58.1151 8.8963
39370.0000 58.1001 8.8775
39375.0000 58.0045 8.8383
39380.0000 57.9418 8.8213
39385.0000 57.9275 8.8272
39390.0000 57.9267 8.8204
39395.0000 57.8936 8.7983
39400.0000 57.9209 8.8075
39405.0000 57.9289 8.8039
39410.0000 57.9760 8.8224
39415.0000 57.9641 8.8168
39420.0000 57.9807 8.8098
39425.0000 57.9324 8.8340
39430.0000 57.8733 8.8440
39435.0000 57.7726 8.8238
39440.0000 57.7757 8.8266
39445.0000 57.7801 8.8248
39450.0000 57.7879 8.8494
39455.0000 57.7757 8.8425
39460.0000 57.7569 8.8357
39465.0000 57.7497 8.8260
39470.0000 57.8516 8.8514
39475.0000 57.8659 8.8553
39480.0000 57.8759 8.8674
39485.0000 57.8517 8.8770
39490.0000 57.8361 8.8740
39495.0000 57.7536 8.8482
39500.0000 57.7542 8.8471
39505.0000 57.7885 8.8547
39510.0000 57.8209 8.8918
39515.0000 57.7984 8.8887
39520.0000 57.8237 8.9035
39525.0000 57.8103 8.8960
39530.0000 57.8198 8.8991
39535.0000 57.9081 8.9485
39540.0000 57.9214 8.9632
39545.0000 57.9253 8.9640
39550.0000 57.9302 8.9647
39555.0000 57.8798 8.9594
39560.0000 57.8115 8.8813
39565.0000 57.8743 8.8784
39570.0000 57.9365 8.8579
39575.0000 57.8908 8.8374
39580.0000 57.9049 8.8390
39585.0000 57.8999 8.8316
39590.0000 57.9223 8.8380
39595.0000 57.9171 8.8357
39600.0000 57.9100 8.8312
39605.0000 57.8846 8.8289
39610.0000 57.8678 8.8344
39615.0000 57.7246 8.8025
39620.0000 57.7294 8.8042
39625.0000 57.7339 8.8051
39630.0000 57.7159 8.8133
39635.0000 57.6807 8.8032
39640.0000 57.6489 8.7948
39645.0000 57.6362 8.7904
39650.0000 57.6754 8.7959
39655.0000 57.6629 8.7911
39660.0000 57.6732 8.7925
39665.0000 57.6845 8.7939
39670.0000 57.6046 8.7742
39675.0000 57.5697 8.7528
39680.0000 57.5731 8.7529
39685.0000 57.5532 8.7626
39690.0000 57.5471 8.7657
39695.0000 57.5620 8.7635
39700.0000 57.6036 8.7814
39705.0000 57.6162 8.7844
39710.0000 57.6297 8.7927
39715.0000 57.6113 8.7912
39720.0000 57.6589 8.8146
39725.0000 57.6302 8.8000
39730.0000 57.6481 8.8020
39735.0000 57.6416 8.8099
39740.0000 57.6543 8.8139
39745.0000 57.6648 8.8151
39750.0000 57.6497 8.8178
39755.0000 57.6603 8.8275
39760.0000 57.6955 8.8380
39765.0000 57.6757 8.8309
39770.0000 57.6758 8.8271
39775.0000 57.6845 8.8346
39780.0000 57.6817 8.8314
39785.0000 57.6879 8.8088
39790.0000 57.6581 8.7898
39795.0000 57.3528 8.6680
39800.0000 57.3383 8.6669
39805.0000 57.3404 8.6692
39810.0000 57.3397 8.6768
39815.0000 57.3002 8.6701
39820.0000 57.2946 8.6683
39825.0000 57.2735 8.6650
39830.0000 57.2759 8.6591
39835.0000 57.2715 8.6547
39840.0000 57.2325 8.6276
39845.0000 57.1364 8.5837
39850.0000 57.2043 8.6115
39855.0000 57.1826 8.5886
39860.0000 57.2229 8.5975
39865.0000 57.2487 8.6166
39870.0000 57.2410 8.6289
39875.0000 57.2690 8.6453
39880.0000 57.2648 8.6518
39885.0000 57.2599 8.6507
39890.0000 57.2502 8.6501
39895.0000 57.3531 8.7172
39900.0000 57.3376 8.7124
39905.0000 57.3611 8.7168
39910.0000 57.3664 8.7171
39915.0000 57.2703 8.6856
39920.0000 57.3473 8.7343
39925.0000 57.3857 8.7653
39930.0000 57.3192 8.7370
39935.0000 57.3245 8.7286
39940.0000 57.3429 8.7374
39945.0000 57.3350 8.7229
39950.0000 57.3451 8.7210
39955.0000 57.3866 8.7490
39960.0000 57.4333 8.7738
39965.0000 57.4970 8.7935
39970.0000 57.5399 8.8089
39975.0000 57.5489 8.8167
39980.0000 57.5963 8.8475
39985.0000 57.6089 8.8522
39990.0000 57.5898 8.8507
39995.0000 57.5770 8.8535
40000.0000 57.5380 8.8439
40005.0000 57.5869 8.8668
40010.0000 57.6470 8.8974
40015.0000 57.6338 8.8510
40020.0000 57.6488 8.8537
40025.0000 57.5729 8.8499
40030.0000 57.6630 8.9070
40035.0000 57.6157 8.8975
40040.0000 57.5657 8.8638
40045.0000 57.6280 8.8743
40050.0000 57.6261 8.8822
40055.0000 57.6150 8.8885
40060.0000 57.6116 8.8698
40065.0000 57.6030 8.8657
40070.0000 57.7223 8.9065
40075.0000 57.7134 8.9023
40080.0000 57.7259 8.9031
40085.0000 57.7314 8.9018
40090.0000 57.7211 8.8898
40095.0000 57.7386 8.8925
40100.0000 57.7349 8.8871
40105.0000 57.7279 8.8805
40110.0000 57.7560 8.9077
40115.0000 57.7733 8.9189
40120.0000 57.7049 8.8872
40125.0000 57.6672 8.8565
40130.0000 57.6592 8.8532
40135.0000 57.6680 8.8562
40140.0000 57.6904 8.8630
40145.0000 57.7401 8.8860
40150.0000 57.7059 8.8692
40155.0000 57.6671 8.8620
40160.0000 57.6757 8.8768
40165.0000 57.6758 8.8693
40170.0000 57.7264 8.9080
40175.0000 57.7156 8.9048
40180.0000 57.6706 8.8960
40185.0000 57.6981 8.8720
40190.0000 57.7139 8.8733
40195.0000 57.7136 8.8766
40200.0000 57.7264 8.8790
40205.0000 57.6657 8.8859
40210.0000 57.6817 8.8870
40215.0000 57.6327 8.8786
40220.0000 57.6035 8.8627
40225.0000 57.6123 8.8767
40230.0000 57.5973 8.8890
40235.0000 57.6125 8.8916
40240.0000 57.5987 8.8921
40245.0000 57.6052 8.8887
40250.0000 57.6128 8.8770
40255.0000 57.6291 8.8752
40260.0000 57.6295 8.8709
40265.0000 57.5930 8.8559
40270.0000 57.5454 8.8539
40275.0000 57.3959 8.7971
40280.0000 57.4128 8.8062
40285.0000 57.4307 8.8148
40290.0000 57.4247 8.8273
40295.0000 57.3824 8.8258
40300.0000 57.3707 8.8211
40305.0000 57.3694 8.8137
40310.0000 57.3372 8.7775
40315.0000 57.3594 8.7792
40320.0000 57.3610 8.7731
40325.0000 57.2971 8.7554
40330.0000 57.3603 8.7691
40335.0000 57.3984 8.7851
40340.0000 57.4029 8.7862
40345.0000 57.4140 8.7911
40350.0000 57.4220 8.7950
40355.0000 57.4108 8.7982
40360.0000 57.3937 8.7955
40365.0000 57.3899 8.7906
40370.0000 57.3842 8.7901
40375.0000 57.4054 8.7937
40380.0000 57.4102 8.7955
40385.0000 57.3720 8.8103
40390.0000 57.3364 8.8356
40395.0000 57.2947 8.8267
40400.0000 57.2546 8.8078
40405.0000 57.2351 8.8022
40410.0000 57.2310 8.8151
40415.0000 57.2108 8.8061
40420.0000 57.1740 8.8020
40425.0000 57.1868 8.8064
40430.0000 57.1970 8.8089
40435.0000 57.2193 8.8153
40440.0000 57.2179 8.8174
40445.0000 57.2236 8.8181
40450.0000 57.2338 8.8236
40455.0000 57.2526 8.8314
40460.0000 57.2400 8.8254
40465.0000 57.2331 8.8212
40470.0000 57.2422 8.8231
40475.0000 57.2278 8.8257
40480.0000 57.2033 8.8205
40485.0000 57.2436 8.8276
40490.0000 57.3046 8.8329
40495.0000 57.3389 8.8434
40500.0000 57.3499 8.8550
40505.0000 57.3501 8.8529
40510.0000 57.3624 8.8590
40515.0000 57.2445 8.8347
40520.0000 57.2782 8.8428
40525.0000 57.2828 8.8467
40530.0000 57.2975 8.8495
40535.0000 57.2758 8.8444
40540.0000 57.2636 8.8431
40545.0000 57.2985 8.8441
40550.0000 57.3507 8.8486
40555.0000 57.3587 8.8467
40560.0000 57.3756 8.8481
40565.0000 57.3552 8.8581
40570.0000 57.3204 8.8731
40575.0000 57.1919 8.7934
40580.0000 57.1294 8.7889
40585.0000 57.1155 8.7874
40590.0000 57.1356 8.7676
40595.0000 57.1931 8.7269
40600.0000 57.1684 8.7212
40605.0000 57.2777 8.7097
40610.0000 57.2528 8.6920
40615.0000 57.2591 8.6931
40620.0000 57.3182 8.7316
40625.0000 57.3281 8.7392
40630.0000 57.3827 8.7717
40635.0000 57.4204 8.8063
40640.0000 57.4125 8.8204
40645.0000 57.4007 8.8123
40650.0000 57.4153 8.8490
40655.0000 57.4327 8.8562
40660.0000 57.4050 8.8564
40665.0000 57.3995 8.8559
40670.0000 57.4018 8.8511
40675.0000 57.4360 8.8656
40680.0000 57.4433 8.8698
40685.0000 57.4241 8.8675
40690.0000 57.4808 8.8668
40695.0000 57.3611 8.8092
40700.0000 57.3833 8.8186
40705.0000 57.3939 8.8244
40710.0000 57.4085 8.8249
40715.0000 57.4048 8.8180
40720.0000 57.3923 8.8148
40725.0000 57.3737 8.7778
40730.0000 57.3903 8.7857
40735.0000 57.4089 8.7925
40740.0000 57.4835 8.8266
40745.0000 57.4427 8.8456
40750.0000 57.4922 8.8557
40755.0000 57.4463 8.8101
40760.0000 57.4641 8.8113
40765.0000 57.4637 8.8031
40770.0000 57.4539 8.8123
40775.0000 57.4425 8.8134
40780.0000 57.3991 8.7997
40785.0000 57.4141 8.7924
40790.0000 57.4462 8.7848
40795.0000 57.4444 8.7869
40800.0000 57.4473 8.7801
40805.0000 57.4740 8.7829
40810.0000 57.5077 8.8040
40815.0000 57.5089 8.7738
40820.0000 57.5249 8.7717
40825.0000 57.5893 8.7697
40830.0000 57.5640 8.7801
40835.0000 57.5323 8.7728
40840.0000 57.5337 8.7666
40845.0000 57.5610 8.7906
40850.0000 57.5590 8.7945
40855.0000 57.5662 8.7923
40860.0000 57.5724 8.7978
40865.0000 57.5446 8.7924
40870.0000 57.4774 8.7566
40875.0000 57.3503 8.6923
40880.0000 57.3685 8.6960
40885.0000 57.3730 8.6967
40890.0000 57.3882 8.6932
40895.0000 57.3749 8.7005
40900.0000 57.3358 8.6879
40905.0000 57.3333 8.6752
40910.0000 57.3391 8.6696
40915.0000 57.3527 8.6540
40920.0000 57.3211 8.6209
40925.0000 57.3178 8.6119
40930.0000 57.2636 8.5970
40935.0000 57.3304 8.6148
40940.0000 57.3088 8.6014
40945.0000 57.3104 8.5982
40950.0000 57.3247 8.6362
40955.0000 57.3180 8.6376
40960.0000 57.2799 8.6231
40965.0000 57.2702 8.6187
40970.0000 57.2904 8.6221
40975.0000 57.2756 8.6110
40980.0000 57.3004 8.6259
40985.0000 57.2990 8.6315
40990.0000 57.1813 8.5783
40995.0000 57.1227 8.5435
41000.0000 57.1425 8.5464
41005.0000 57.1903 8.5430
41010.0000 57.2746 8.5682
41015.0000 57.2956 8.5859
41020.0000 57.2953 8.5891
41025.0000 57.4152 8.6429
41030.0000 57.4909 8.6790
41035.0000 57.5212 8.6920
41040.0000 57.5034 8.6795
41045.0000 57.5582 8.7105
41050.0000 57.5630 8.7111
41055.0000 57.5257 8.6975
41060.0000 57.5494 8.7014
41065.0000 57.5473 8.7021
41070.0000 57.5456 8.7077
41075.0000 57.5473 8.7175
41080.0000 57.5278 8.7158
41085.0000 57.5038 8.7072
41090.0000 57.5066 8.7093
41095.0000 57.5200 8.7124
41100.0000 57.5710 8.7563
41105.0000 57.5104 8.6819
41110.0000 57.4821 8.6924
41115.0000 57.3899 8.6517
41120.0000 57.3255 8.6338
41125.0000 57.3391 8.6350
41130.0000 57.3487 8.6515
41135.0000 57.3603 8.6644
41140.0000 57.3296 8.6586
41145.0000 57.3198 8.6543
41150.0000 57.3221 8.6554
41155.0000 57.3508 8.6792
41160.0000 57.3383 8.6788
41165.0000 57.3227 8.6621
41170.0000 57.2848 8.6548
41175.0000 57.1952 8.6232
41180.0000 57.1816 8.6197
41185.0000 57.1863 8.6255
41190.0000 57.1940 8.6259
41195.0000 57.1985 8.6233
41200.0000 57.1951 8.6186
41205.0000 57.1682 8.6056
41210.0000 57.1664 8.6014
41215.0000 57.1596 8.5925
41220.0000 57.1914 8.6074
41225.0000 57.2542 8.6352
41230.0000 57.1616 8.6002
41235.0000 56.9520 8.5510
41240.0000 56.9303 8.5320
41245.0000 57.0157 8.5418
41250.0000 57.2008 8.5698
41255.0000 57.1774 8.5771
41260.0000 57.1325 8.5566
41265.0000 57.1412 8.5601
41270.0000 57.1646 8.5719
41275.0000 57.1591 8.5675
41280.0000 57.1748 8.5772
41285.0000 57.1787 8.6141
41290.0000 57.2721 8.6071
41295.0000 57.1889 8.5658
41300.0000 57.2687 8.5889
41305.0000 57.3400 8.6377
41310.0000 57.4836 8.7204
41315.0000 57.6140 8.7809
41320.0000 57.6009 8.7706
41325.0000 57.6614 8.7994
41330.0000 57.6820 8.7980
41335.0000 57.7719 8.8101
41340.0000 57.7862 8.8031
41345.0000 57.8260 8.8046
41350.0000 57.8537 8.8024
41355.0000 57.9142 8.8207
41360.0000 57.9533 8.8347
41365.0000 58.0276 8.8803
41370.0000 58.0536 8.9093
41375.0000 58.0069 8.9086
41380.0000 57.9845 8.8939
41385.0000 57.9569 8.8834
41390.0000 57.9685 8.8911
41395.0000 57.9632 8.8868
41400.0000 57.9514 8.8850
41405.0000 57.9510 8.8755
41410.0000 57.9157 8.8598
41415.0000 57.8478 8.8142
41420.0000 57.8522 8.8176
41425.0000 57.8316 8.8149
41430.0000 57.7938 8.7992
41435.0000 57.8099 8.8003
41440.0000 57.8196 8.8059
41445.0000 57.8276 8.8082
41450.0000 57.9095 8.8231
41455.0000 57.9051 8.8195
41460.0000 57.9560 8.8448
41465.0000 57.8875 8.7942
41470.0000 57.8573 8.7791
41475.0000 57.7139 8.7592
41480.0000 57.7360 8.7873
41485.0000 57.7318 8.7819
41490.0000 57.7224 8.7882
41495.0000 57.6932 8.7899
41500.0000 57.7182 8.8133
41505.0000 57.7105 8.8173
41510.0000 57.7195 8.8242
41515.0000 57.7438 8.8407
41520.0000 57.7333 8.8421
41525.0000 57.7512 8.8479
41530.0000 57.7268 8.8406
41535.0000 57.6626 8.8123
41540.0000 57.7086 8.7952
41545.0000 57.7809 8.8094
41550.0000 57.7856 8.8218
41555.0000 57.7895 8.8283
41560.0000 57.7969 8.8377
41565.0000 57.8141 8.8526
41570.0000 57.8383 8.8494
41575.0000 57.8274 8.8370
41580.0000 57.8274 8.8430
41585.0000 57.7846 8.8431
41590.0000 57.7260 8.8001
41595.0000 57.6318 8.7690
41600.0000 57.6375 8.7719
41605.0000 57.6433 8.7741
41610.0000 57.6918 8.7910
41615.0000 57.6864 8.8063
41620.0000 57.8055 8.8667
41625.0000 57.8667 8.8706
41630.0000 58.0200 8.8922
41635.0000 58.0701 8.9001
41640.0000 58.0561 8.8898
41645.0000 58.0278 8.8681
41650.0000 58.0054 8.8461
41655.0000 57.9992 8.8305
41660.0000 58.0175 8.8395
41665.0000 58.0597 8.8681
41670.0000 58.0535 8.8789
41675.0000 58.0445 8.8804
41680.0000 58.0336 8.8712
41685.0000 58.0348 8.8768
41690.0000 58.0668 8.9050
41695.0000 58.0554 8.8914
41700.0000 58.0456 8.8763
41705.0000 58.0481 8.8480
41710.0000 58.1108 8.8727
41715.0000 58.0881 8.8633
41720.0000 58.1409 8.8931
41725.0000 58.1024 8.8711
41730.0000 58.1186 8.8747
41735.0000 58.1112 8.8815
41740.0000 58.0371 8.8443
41745.0000 57.9984 8.8290
41750.0000 58.0121 8.8346
41755.0000 57.9941 8.8212
41760.0000 58.0133 8.8365
41765.0000 58.0280 8.8445
41770.0000 58.0073 8.8123
41775.0000 57.8295 8.7230
41780.0000 57.8330 8.7239
41785.0000 57.8324 8.7396
41790.0000 57.8108 8.7569
41795.0000 57.8145 8.7753
41800.0000 57.7851 8.7656
41805.0000 57.7748 8.7597
41810.0000 57.7967 8.7671
41815.0000 57.7990 8.7679
41820.0000 57.7727 8.7512
41825.0000 57.7463 8.7443
41830.0000 57.7516 8.7452
41835.0000 57.6078 8.7187
41840.0000 57.6210 8.7109
41845.0000 57.6386 8.7198
41850.0000 57.6334 8.7198
41855.0000 57.6728 8.7418
41860.0000 57.6370 8.7295
41865.0000 57.6238 8.7302
41870.0000 57.6191 8.7245
41875.0000 57.6503 8.7035
41880.0000 57.6361 8.6940
41885.0000 57.6688 8.7193
41890.0000 57.6892 8.7262
41895.0000 57.6789 8.7238
41900.0000 57.6581 8.7122
41905.0000 57.6854 8.7111
41910.0000 57.6881 8.7108
41915.0000 57.6530 8.7066
41920.0000 57.6296 8.6915
41925.0000 57.6365 8.6864
41930.0000 57.6908 8.6975
41935.0000 57.7350 8.6976
41940.0000 57.7627 8.7247
41945.0000 57.7797 8.7282
41950.0000 57.7797 8.7283
41955.0000 57.6634 8.6549
41960.0000 57.6703 8.6549
41965.0000 57.7398 8.6867
41970.0000 57.7314 8.6903
41975.0000 57.7187 8.6926
41980.0000 57.6840 8.6804
41985.0000 57.7156 8.6961
41990.0000 57.7711 8.7184
41995.0000 57.7687 8.7139
42000.0000 57.7650 8.7160
42005.0000 57.7303 8.6982
42010.0000 57.7569 8.7023
42015.0000 57.7661 8.6900
42020.0000 57.7552 8.6929
42025.0000 57.7907 8.7106
42030.0000 57.7853 8.7281
42035.0000 57.7634 8.7222
42040.0000 57.7809 8.7340
42045.0000 57.7576 8.7325
42050.0000 57.7926 8.7488
42055.0000 57.7901 8.7446
42060.0000 57.7937 8.7505
42065.0000 57.8163 8.7645
42070.0000 57.8366 8.7712
42075.0000 57.7597 8.7404
42080.0000 57.7631 8.7426
42085.0000 57.7578 8.7417
42090.0000 57.7326 8.7535
42095.0000 57.7780 8.7738
42100.0000 57.7491 8.7667
42105.0000 57.7616 8.7659
42110.0000 57.7456 8.7613
42115.0000 57.7389 8.7535
42120.0000 57.7208 8.7516
42125.0000 57.6242 8.6951
42130.0000 57.6229 8.6913
42135.0000 57.5238 8.6478
42140.0000 57.5461 8.6475
42145.0000 57.5490 8.6463
42150.0000 57.5402 8.6597
42155.0000 57.5532 8.6631
42160.0000 57.6351 8.6880
42165.0000 57.6197 8.6740
42170.0000 57.6137 8.6777
42175.0000 57.6700 8.7028
42180.0000 57.6801 8.7070
42185.0000 57.7047 8.7065
42190.0000 57.6689 8.6949
42195.0000 57.6483 8.7020
42200.0000 57.6561 8.7040
42205.0000 57.6649 8.7048
42210.0000 57.6456 8.6983
42215.0000 57.6232 8.7034
42220.0000 57.6600 8.7347
42225.0000 57.6676 8.7374
42230.0000 57.6763 8.7407
42235.0000 57.6793 8.7429
42240.0000 57.6733 8.7432
42245.0000 57.6148 8.7241
42250.0000 57.6332 8.7313
42255.0000 57.6372 8.7309
42260.0000 57.7110 8.7277
42265.0000 57.7552 8.7269
42270.0000 57.7414 8.7269
42275.0000 57.7766 8.7446
42280.0000 57.7657 8.7417
42285.0000 57.7641 8.7414
42290.0000 57.8458 8.7965
42295.0000 57.9043 8.8201
42300.0000 57.9072 8.8231
42305.0000 57.9353 8.8281
42310.0000 57.9649 8.8235
42315.0000 57.9024 8.7805
42320.0000 57.8862 8.7545
42325.0000 57.9160 8.7594
42330.0000 57.9175 8.7432
42335.0000 57.9181 8.7386
42340.0000 57.9120 8.7265
42345.0000 57.9468 8.7540
42350.0000 57.9896 8.7529
42355.0000 57.9850 8.7488
42360.0000 57.9952 8.7476
42365.0000 57.9736 8.7675
42370.0000 57.9386 8.7493
42375.0000 57.8694 8.7081
42380.0000 57.8769 8.7143
42385.0000 57.8943 8.7155
42390.0000 57.8678 8.7113
42395.0000 57.8584 8.7045
42400.0000 57.8656 8.7078
42405.0000 57.8612 8.7070
42410.0000 57.8548 8.7015
42415.0000 57.8704 8.7023
42420.0000 57.8781 8.7051
42425.0000 57.8822 8.7059
42430.0000 57.9029 8.7137
42435.0000 57.8202 8.6890
42440.0000 57.8276 8.6884
42445.0000 57.8349 8.6886
42450.0000 57.8377 8.6900
42455.0000 57.8322 8.6954
42460.0000 57.8295 8.6824
42465.0000 57.8312 8.7063
42470.0000 57.8645 8.7173
42475.0000 57.8651 8.7182
42480.0000 57.8639 8.7094
42485.0000 57.9216 8.7262
42490.0000 57.9261 8.7240
42495.0000 57.8704 8.7379
42500.0000 57.8951 8.7531
42505.0000 57.8827 8.7605
42510.0000 57.8676 8.7746
42515.0000 57.8832 8.7818
42520.0000 57.8624 8.7771
42525.0000 57.8412 8.7662
42530.0000 57.8465 8.7659
42535.0000 57.8526 8.7666
42540.0000 57.8855 8.7801
42545.0000 57.9284 8.8005
42550.0000 57.9395 8.8015
42555.0000 57.7937 8.7328
42560.0000 57.6996 8.7179
42565.0000 57.7038 8.7196
42570.0000 57.6958 8.7270
42575.0000 57.6582 8.7273
42580.0000 57.6292 8.7184
42585.0000 57.6145 8.7145
42590.0000 57.6147 8.7102
42595.0000 57.6018 8.7003
42600.0000 57.6070 8.7090
42605.0000 57.6456 8.7307
42610.0000 57.6288 8.7226
42615.0000 57.6970 8.7347
42620.0000 57.7782 8.7426
42625.0000 57.7773 8.7432
42630.0000 57.7226 8.7094
42635.0000 57.7374 8.7215
42640.0000 57.7140 8.7224
42645.0000 57.7435 8.7373
42650.0000 57.7428 8.7388
42655.0000 57.7505 8.7355
42660.0000 57.7717 8.7433
42665.0000 57.7019 8.7066
42670.0000 57.7457 8.7261
42675.0000 57.6490 8.6918
42680.0000 57.6698 8.7009
42685.0000 57.6640 8.7008
42690.0000 57.6664 8.7126
42695.0000 57.6550 8.7108
42700.0000 57.6372 8.7009
42705.0000 57.6001 8.6936
42710.0000 57.5852 8.6923
42715.0000 57.5901 8.6913
42720.0000 57.5831 8.6909
42725.0000 57.5397 8.6457
42730.0000 57.5802 8.6634
42735.0000 57.5211 8.6554
42740.0000 57.5219 8.6539
42745.0000 57.5154 8.6570
42750.0000 57.5349 8.6627
42755.0000 57.5582 8.6796
42760.0000 57.5692 8.6795
42765.0000 57.6493 8.7333
42770.0000 57.6420 8.7291
42775.0000 57.6393 8.7255
42780.0000 57.6249 8.7278
42785.0000 57.6798 8.7495
42790.0000 57.6425 8.7226
42795.0000 57.6753 8.7250
42800.0000 57.6903 8.7349
42805.0000 57.6835 8.7379
42810.0000 57.6762 8.7498
42815.0000 57.6440 8.7500
42820.0000 57.6765 8.7510
42825.0000 57.6713 8.7502
42830.0000 57.6386 8.7360
42835.0000 57.6671 8.7461
42840.0000 57.6563 8.7458
42845.0000 57.6727 8.7501
42850.0000 57.6798 8.7500
42855.0000 57.6552 8.7385
42860.0000 57.6764 8.7506
42865.0000 57.6741 8.7543
42870.0000 57.6792 8.7556
42875.0000 57.6932 8.7635
42880.0000 57.6629 8.7598
42885.0000 57.6843 8.7673
42890.0000 57.6723 8.7636
42895.0000 57.6708 8.7521
42900.0000 57.6708 8.7548
42905.0000 57.5919 8.7091
42910.0000 57.5993 8.7087
42915.0000 57.5087 8.7253
42920.0000 57.5051 8.7238
42925.0000 57.5100 8.7327
42930.0000 57.4944 8.7372
42935.0000 57.4821 8.7437
42940.0000 57.4936 8.7460
42945.0000 57.5159 8.7606
42950.0000 57.5280 8.7648
42955.0000 57.5162 8.7591
42960.0000 57.5961 8.7301
42965.0000 57.6791 8.7042
42970.0000 57.7811 8.7071
42975.0000 57.7774 8.7061
42980.0000 57.7942 8.7120
42985.0000 57.7941 8.7162
42990.0000 57.8350 8.7076
42995.0000 57.8321 8.7110
43000.0000 57.8009 8.6974
43005.0000 57.8295 8.6927
43010.0000 57.8167 8.6900
43015.0000 57.8156 8.6840
43020.0000 57.8269 8.6864
43025.0000 57.8395 8.6874
43030.0000 57.8582 8.6925
43035.0000 57.8155 8.6623
43040.0000 57.8726 8.6789
43045.0000 57.9175 8.7110
43050.0000 57.8959 8.6972
43055.0000 57.9042 8.7030
43060.0000 57.8821 8.6834
43065.0000 57.8659 8.6790
43070.0000 57.8585 8.6749
43075.0000 57.8840 8.6895
43080.0000 57.8988 8.6942
43085.0000 57.8424 8.6750
43090.0000 57.8569 8.6788
43095.0000 57.7965 8.6374
43100.0000 57.8129 8.6381
43105.0000 57.8727 8.6460
43110.0000 57.8667 8.6483
43115.0000 57.8507 8.6497
43120.0000 57.8207 8.6454
43125.0000 57.7985 8.6402
43130.0000 57.7905 8.6382
43135.0000 57.7968 8.6360
43140.0000 57.8378 8.6515
43145.0000 57.8875 8.6790
43150.0000 57.9049 8.6832
43155.0000 57.8894 8.6833
43160.0000 57.9601 8.7104
43165.0000 57.9856 8.7204
43170.0000 57.9820 8.7331
43175.0000 58.0583 8.7731
43180.0000 58.0415 8.7690
43185.0000 58.0427 8.7782
43190.0000 58.0687 8.7977
43195.0000 58.0725 8.8003
43200.0000 58.0969 8.8138
